order_id,customer_id,product_id,order_date,quantity,discount,status,revenue
1,264,15,2025-01-01 00:00:00.000000,21,0.24,Completed,15.96
2,424,29,2025-01-01 01:27:25.004500,7,0.17,Completed,5.81
3,369,4,2025-01-01 02:54:50.009000,7,0.0,Completed,7.0
4,236,18,2025-01-01 04:22:15.013501,27,0.01,Completed,26.73
5,83,50,2025-01-01 05:49:40.018001,8,0.29,Completed,5.68
6,42,49,2025-01-01 07:17:05.022502,73,0.04,Pending,70.08
7,425,44,2025-01-01 08:44:30.027002,28,0.12,Completed,24.64
8,101,39,2025-01-01 10:11:55.031503,79,0.28,Completed,56.879999999999995
9,6,16,2025-01-01 11:39:20.036003,66,0.06,Completed,62.04
10,180,11,2025-01-01 13:06:45.040504,71,0.25,Completed,53.25
18,454,18,2025-01-02 00:46:05.076507,14,0.21,Completed,11.06
19,229,20,2025-01-02 02:13:30.081008,44,0.08,Completed,40.480000000000004
20,377,48,2025-01-02 03:40:55.085508,46,0.28,Completed,33.12
25,198,14,2025-01-02 10:58:00.108010,80,0.07,Completed,74.39999999999999
26,70,33,2025-01-02 12:25:25.112511,5,0.22,Pending,3.9000000000000004
27,112,28,2025-01-02 13:52:50.117011,89,0.03,Pending,86.33
28,4,37,2025-01-02 15:20:15.121512,38,0.11,Completed,33.82
29,350,8,2025-01-02 16:47:40.126012,50,0.27,Pending,36.5
30,331,44,2025-01-02 18:15:05.130513,38,0.17,Pending,31.54
33,350,5,2025-01-02 22:37:20.144014,48,0.07,Completed,44.64
34,95,5,2025-01-03 00:04:45.148514,90,0.27,Completed,65.7
35,152,31,2025-01-03 01:32:10.153015,59,0.22,Completed,46.02
36,311,45,2025-01-03 02:59:35.157515,77,0.22,Completed,60.06
37,137,9,2025-01-03 04:27:00.162016,44,0.23,Pending,33.88
38,247,42,2025-01-03 05:54:25.166516,90,0.15,Pending,76.5
39,387,32,2025-01-03 07:21:50.171017,55,0.24,Pending,41.8
40,243,33,2025-01-03 08:49:15.175517,55,0.25,Completed,41.25
41,31,3,2025-01-03 10:16:40.180018,1,0.11,Completed,0.89
42,40,30,2025-01-03 11:44:05.184518,8,0.12,Pending,7.04
43,229,50,2025-01-03 13:11:30.189018,4,0.27,Completed,2.92
44,36,12,2025-01-03 14:38:55.193519,85,0.16,Completed,71.39999999999999
45,408,29,2025-01-03 16:06:20.198019,86,0.26,Pending,63.64
46,223,3,2025-01-03 17:33:45.202520,53,0.19,Completed,42.93
47,6,26,2025-01-03 19:01:10.207020,58,0.18,Completed,47.56
48,322,30,2025-01-03 20:28:35.211521,37,0.01,Completed,36.63
49,468,9,2025-01-03 21:56:00.216021,49,0.08,Completed,45.080000000000005
50,220,26,2025-01-03 23:23:25.220522,67,0.15,Completed,56.949999999999996
51,75,2,2025-01-04 00:50:50.225022,19,0.18,Completed,15.580000000000002
52,4,3,2025-01-04 02:18:15.229522,1,0.19,Completed,0.81
53,335,46,2025-01-04 03:45:40.234023,29,0.21,Pending,22.91
54,134,4,2025-01-04 05:13:05.238523,87,0.2,Completed,69.60000000000001
55,118,25,2025-01-04 06:40:30.243024,33,0.25,Completed,24.75
56,369,13,2025-01-04 08:07:55.247524,52,0.09,Completed,47.32
57,94,39,2025-01-04 09:35:20.252025,41,0.19,Completed,33.21
58,486,44,2025-01-04 11:02:45.256525,23,0.02,Cancelled,22.54
59,435,35,2025-01-04 12:30:10.261026,5,0.14,Completed,4.3
60,62,23,2025-01-04 13:57:35.265526,71,0.08,Completed,65.32000000000001
61,441,9,2025-01-04 15:25:00.270027,57,0.11,Completed,50.730000000000004
62,194,2,2025-01-04 16:52:25.274527,6,0.11,Completed,5.34
63,335,41,2025-01-04 18:19:50.279027,49,0.02,Pending,48.019999999999996
64,203,44,2025-01-04 19:47:15.283528,22,0.14,Pending,18.919999999999998
65,392,31,2025-01-04 21:14:40.288028,77,0.3,Completed,53.9
66,26,44,2025-01-04 22:42:05.292529,76,0.09,Pending,69.16
67,435,47,2025-01-05 00:09:30.297029,4,0.22,Completed,3.12
68,173,2,2025-01-05 01:36:55.301530,72,0.16,Completed,60.48
69,300,32,2025-01-05 03:04:20.306030,64,0.1,Completed,57.6
70,133,18,2025-01-05 04:31:45.310531,37,0.03,Completed,35.89
71,326,13,2025-01-05 05:59:10.315031,31,0.06,Completed,29.139999999999997
72,410,46,2025-01-05 07:26:35.319531,37,0.23,Pending,28.490000000000002
73,118,5,2025-01-05 08:54:00.324032,45,0.08,Completed,41.4
74,324,42,2025-01-05 10:21:25.328532,90,0.04,Completed,86.39999999999999
75,275,44,2025-01-05 11:48:50.333033,8,0.1,Completed,7.2
76,212,10,2025-01-05 13:16:15.337533,40,0.18,Completed,32.800000000000004
77,225,43,2025-01-05 14:43:40.342034,97,0.21,Completed,76.63000000000001
78,20,25,2025-01-05 16:11:05.346534,93,0.12,Completed,81.84
79,113,34,2025-01-05 17:38:30.351035,5,0.15,Completed,4.25
80,140,37,2025-01-05 19:05:55.355535,28,0.14,Completed,24.08
81,47,30,2025-01-05 20:33:20.360036,81,0.0,Completed,81.0
82,1,7,2025-01-05 22:00:45.364536,87,0.12,Completed,76.56
83,90,6,2025-01-05 23:28:10.369036,9,0.18,Completed,7.380000000000001
84,142,3,2025-01-06 00:55:35.373537,2,0.17,Completed,1.66
85,320,13,2025-01-06 02:23:00.378037,63,0.22,Cancelled,49.14
86,38,3,2025-01-06 03:50:25.382538,96,0.2,Completed,76.80000000000001
87,293,26,2025-01-06 05:17:50.387038,51,0.08,Completed,46.92
88,382,24,2025-01-06 06:45:15.391539,31,0.08,Completed,28.52
89,139,6,2025-01-06 08:12:40.396039,7,0.14,Completed,6.02
90,356,43,2025-01-06 09:40:05.400540,30,0.22,Completed,23.400000000000002
91,333,49,2025-01-06 11:07:30.405040,58,0.03,Completed,56.26
92,491,42,2025-01-06 12:34:55.409540,3,0.28,Completed,2.16
93,259,12,2025-01-06 14:02:20.414041,51,0.16,Completed,42.839999999999996
94,161,49,2025-01-06 15:29:45.418541,56,0.09,Pending,50.96
95,390,36,2025-01-06 16:57:10.423042,73,0.21,Completed,57.67
96,178,2,2025-01-06 18:24:35.427542,10,0.01,Pending,9.9
97,10,11,2025-01-06 19:52:00.432043,61,0.15,Pending,51.85
98,261,39,2025-01-06 21:19:25.436543,50,0.15,Completed,42.5
99,407,34,2025-01-06 22:46:50.441044,47,0.05,Pending,44.65
100,138,26,2025-01-07 00:14:15.445544,90,0.25,Completed,67.5
101,172,18,2025-01-07 01:41:40.450045,1,0.24,Cancelled,0.76
102,386,21,2025-01-07 03:09:05.454545,94,0.05,Completed,89.3
103,13,36,2025-01-07 04:36:30.459045,57,0.11,Completed,50.730000000000004
104,168,40,2025-01-07 06:03:55.463546,38,0.03,Completed,36.86
105,130,46,2025-01-07 07:31:20.468046,62,0.25,Completed,46.5
106,84,44,2025-01-07 08:58:45.472547,79,0.1,Completed,71.10000000000001
107,321,22,2025-01-07 10:26:10.477047,89,0.13,Pending,77.42999999999999
108,319,30,2025-01-07 11:53:35.481548,70,0.1,Pending,63.0
109,101,50,2025-01-07 13:21:00.486048,82,0.09,Completed,74.62
110,329,43,2025-01-07 14:48:25.490549,65,0.22,Completed,50.7
111,273,30,2025-01-07 16:15:50.495049,62,0.22,Completed,48.36
112,265,8,2025-01-07 17:43:15.499549,56,0.16,Pending,47.04
113,459,34,2025-01-07 19:10:40.504050,67,0.2,Completed,53.6
114,399,47,2025-01-07 20:38:05.508550,17,0.15,Pending,14.45
115,408,9,2025-01-07 22:05:30.513051,8,0.01,Completed,7.92
116,38,20,2025-01-07 23:32:55.517551,60,0.02,Completed,58.8
117,419,40,2025-01-08 01:00:20.522052,40,0.12,Completed,35.2
118,94,25,2025-01-08 02:27:45.526552,81,0.22,Completed,63.18
119,95,19,2025-01-08 03:55:10.531053,89,0.27,Completed,64.97
120,305,5,2025-01-08 05:22:35.535553,62,0.01,Completed,61.38
121,69,11,2025-01-08 06:50:00.540054,41,0.11,Completed,36.49
122,318,15,2025-01-08 08:17:25.544554,12,0.07,Completed,11.16
123,444,8,2025-01-08 09:44:50.549054,93,0.24,Completed,70.68
124,236,19,2025-01-08 11:12:15.553555,89,0.25,Completed,66.75
125,434,23,2025-01-08 12:39:40.558055,100,0.06,Completed,94.0
126,334,27,2025-01-08 14:07:05.562556,54,0.21,Completed,42.660000000000004
127,373,40,2025-01-08 15:34:30.567056,89,0.22,Completed,69.42
128,376,32,2025-01-08 17:01:55.571557,93,0.05,Completed,88.35
129,459,26,2025-01-08 18:29:20.576057,11,0.13,Completed,9.57
130,137,27,2025-01-08 19:56:45.580558,60,0.19,Pending,48.6
131,418,19,2025-01-08 21:24:10.585058,68,0.01,Completed,67.32
132,76,50,2025-01-08 22:51:35.589558,78,0.12,Pending,68.64
133,483,42,2025-01-09 00:19:00.594059,46,0.05,Cancelled,43.699999999999996
134,35,29,2025-01-09 01:46:25.598559,38,0.16,Completed,31.919999999999998
135,1,39,2025-01-09 03:13:50.603060,61,0.25,Completed,45.75
136,296,41,2025-01-09 04:41:15.607560,17,0.16,Completed,14.28
137,320,33,2025-01-09 06:08:40.612061,66,0.01,Completed,65.34
138,406,19,2025-01-09 07:36:05.616561,72,0.01,Completed,71.28
139,60,37,2025-01-09 09:03:30.621062,36,0.18,Completed,29.520000000000003
140,320,19,2025-01-09 10:30:55.625562,74,0.1,Completed,66.60000000000001
141,349,33,2025-01-09 11:58:20.630063,7,0.17,Pending,5.81
142,328,47,2025-01-09 13:25:45.634563,100,0.05,Completed,95.0
143,267,16,2025-01-09 14:53:10.639063,16,0.23,Completed,12.32
144,361,23,2025-01-09 16:20:35.643564,14,0.26,Completed,10.36
145,229,7,2025-01-09 17:48:00.648064,80,0.27,Completed,58.4
146,270,26,2025-01-09 19:15:25.652565,25,0.09,Completed,22.75
147,316,32,2025-01-09 20:42:50.657065,4,0.2,Completed,3.2
148,286,12,2025-01-09 22:10:15.661566,29,0.08,Completed,26.68
149,291,8,2025-01-09 23:37:40.666066,56,0.23,Completed,43.120000000000005
150,213,5,2025-01-10 01:05:05.670567,6,0.04,Completed,5.76
151,165,42,2025-01-10 02:32:30.675067,1,0.23,Completed,0.77
152,5,28,2025-01-10 03:59:55.679567,39,0.13,Pending,33.93
153,339,5,2025-01-10 05:27:20.684068,1,0.26,Completed,0.74
154,379,49,2025-01-10 06:54:45.688568,63,0.22,Completed,49.14
155,78,26,2025-01-10 08:22:10.693069,57,0.11,Completed,50.730000000000004
156,410,5,2025-01-10 09:49:35.697569,67,0.27,Completed,48.91
157,62,22,2025-01-10 11:17:00.702070,65,0.09,Completed,59.15
158,132,15,2025-01-10 12:44:25.706570,65,0.29,Completed,46.15
159,89,13,2025-01-10 14:11:50.711071,21,0.23,Cancelled,16.17
160,237,28,2025-01-10 15:39:15.715571,30,0.3,Completed,21.0
161,42,33,2025-01-10 17:06:40.720072,96,0.02,Completed,94.08
162,89,43,2025-01-10 18:34:05.724572,33,0.08,Completed,30.360000000000003
163,402,23,2025-01-10 20:01:30.729072,48,0.22,Completed,37.44
164,296,33,2025-01-10 21:28:55.733573,22,0.28,Completed,15.84
165,328,43,2025-01-10 22:56:20.738073,94,0.01,Completed,93.06
166,295,18,2025-01-11 00:23:45.742574,54,0.0,Completed,54.0
167,104,50,2025-01-11 01:51:10.747074,4,0.08,Completed,3.68
168,14,30,2025-01-11 03:18:35.751575,87,0.26,Completed,64.38
169,288,26,2025-01-11 04:46:00.756075,55,0.23,Completed,42.35
170,179,16,2025-01-11 06:13:25.760576,44,0.1,Completed,39.6
171,125,13,2025-01-11 07:40:50.765076,89,0.0,Completed,89.0
172,422,39,2025-01-11 09:08:15.769576,12,0.17,Completed,9.959999999999999
173,353,33,2025-01-11 10:35:40.774077,81,0.07,Pending,75.33
174,23,26,2025-01-11 12:03:05.778577,79,0.22,Pending,61.620000000000005
175,63,48,2025-01-11 13:30:30.783078,74,0.13,Completed,64.38
176,143,1,2025-01-11 14:57:55.787578,99,0.2,Completed,79.2
177,481,49,2025-01-11 16:25:20.792079,52,0.26,Completed,38.48
178,153,38,2025-01-11 17:52:45.796579,93,0.16,Pending,78.11999999999999
179,145,2,2025-01-11 19:20:10.801080,76,0.1,Pending,68.4
180,225,49,2025-01-11 20:47:35.805580,65,0.23,Completed,50.050000000000004
181,495,6,2025-01-11 22:15:00.810081,65,0.08,Completed,59.800000000000004
182,450,46,2025-01-11 23:42:25.814581,10,0.27,Completed,7.3
183,462,50,2025-01-12 01:09:50.819081,18,0.02,Completed,17.64
184,309,38,2025-01-12 02:37:15.823582,47,0.25,Cancelled,35.25
185,104,42,2025-01-12 04:04:40.828082,66,0.03,Completed,64.02
186,104,24,2025-01-12 05:32:05.832583,49,0.02,Completed,48.019999999999996
187,435,18,2025-01-12 06:59:30.837083,72,0.11,Completed,64.08
188,39,27,2025-01-12 08:26:55.841584,22,0.29,Completed,15.62
189,435,41,2025-01-12 09:54:20.846084,86,0.3,Completed,60.199999999999996
190,198,8,2025-01-12 11:21:45.850585,26,0.06,Completed,24.439999999999998
191,134,28,2025-01-12 12:49:10.855085,90,0.04,Completed,86.39999999999999
192,67,10,2025-01-12 14:16:35.859585,9,0.11,Completed,8.01
193,391,17,2025-01-12 15:44:00.864086,21,0.1,Cancelled,18.900000000000002
194,179,29,2025-01-12 17:11:25.868586,95,0.23,Pending,73.15
195,456,6,2025-01-12 18:38:50.873087,63,0.13,Completed,54.81
196,42,14,2025-01-12 20:06:15.877587,6,0.23,Completed,4.62
197,448,22,2025-01-12 21:33:40.882088,14,0.22,Completed,10.92
198,500,6,2025-01-12 23:01:05.886588,33,0.17,Completed,27.389999999999997
199,15,26,2025-01-13 00:28:30.891089,71,0.25,Pending,53.25
200,111,39,2025-01-13 01:55:55.895589,24,0.06,Completed,22.56
201,157,12,2025-01-13 03:23:20.900090,73,0.05,Pending,69.35
202,289,35,2025-01-13 04:50:45.904590,75,0.23,Completed,57.75
203,500,14,2025-01-13 06:18:10.909090,87,0.07,Completed,80.91
204,478,22,2025-01-13 07:45:35.913591,51,0.0,Completed,51.0
205,231,23,2025-01-13 09:13:00.918091,2,0.27,Pending,1.46
206,411,48,2025-01-13 10:40:25.922592,15,0.19,Completed,12.15
207,420,7,2025-01-13 12:07:50.927092,35,0.13,Cancelled,30.45
208,157,40,2025-01-13 13:35:15.931593,36,0.22,Completed,28.080000000000002
209,38,50,2025-01-13 15:02:40.936093,92,0.1,Completed,82.8
210,441,25,2025-01-13 16:30:05.940594,39,0.29,Completed,27.689999999999998
211,97,13,2025-01-13 17:57:30.945094,4,0.02,Completed,3.92
212,485,21,2025-01-13 19:24:55.949594,64,0.19,Completed,51.84
213,411,41,2025-01-13 20:52:20.954095,74,0.23,Completed,56.980000000000004
214,439,10,2025-01-13 22:19:45.958595,6,0.14,Completed,5.16
215,289,9,2025-01-13 23:47:10.963096,57,0.23,Completed,43.89
216,254,15,2025-01-14 01:14:35.967596,30,0.28,Completed,21.599999999999998
217,196,2,2025-01-14 02:42:00.972097,99,0.22,Completed,77.22
218,86,25,2025-01-14 04:09:25.976597,74,0.09,Completed,67.34
219,322,13,2025-01-14 05:36:50.981098,96,0.17,Cancelled,79.67999999999999
220,10,34,2025-01-14 07:04:15.985598,67,0.27,Completed,48.91
221,5,34,2025-01-14 08:31:40.990099,90,0.13,Completed,78.3
222,123,35,2025-01-14 09:59:05.994599,15,0.2,Completed,12.0
223,330,38,2025-01-14 11:26:30.999099,17,0.14,Completed,14.62
224,353,3,2025-01-14 12:53:56.003600,91,0.04,Completed,87.36
225,118,42,2025-01-14 14:21:21.008100,18,0.02,Completed,17.64
226,294,6,2025-01-14 15:48:46.012601,19,0.29,Completed,13.489999999999998
227,397,48,2025-01-14 17:16:11.017101,76,0.18,Completed,62.32000000000001
228,159,49,2025-01-14 18:43:36.021602,88,0.03,Completed,85.36
229,303,19,2025-01-14 20:11:01.026102,69,0.26,Completed,51.06
230,228,3,2025-01-14 21:38:26.030603,24,0.16,Completed,20.16
231,365,18,2025-01-14 23:05:51.035103,91,0.23,Completed,70.07000000000001
232,216,39,2025-01-15 00:33:16.039603,48,0.04,Completed,46.08
233,436,9,2025-01-15 02:00:41.044104,30,0.27,Cancelled,21.9
234,184,12,2025-01-15 03:28:06.048604,15,0.18,Completed,12.3
235,15,5,2025-01-15 04:55:31.053105,47,0.22,Completed,36.660000000000004
236,157,3,2025-01-15 06:22:56.057605,44,0.01,Pending,43.56
237,136,11,2025-01-15 07:50:21.062106,98,0.09,Pending,89.18
238,261,30,2025-01-15 09:17:46.066606,27,0.08,Completed,24.84
239,157,4,2025-01-15 10:45:11.071107,84,0.28,Pending,60.48
240,47,5,2025-01-15 12:12:36.075607,64,0.06,Completed,60.16
241,324,1,2025-01-15 13:40:01.080108,41,0.21,Pending,32.39
242,332,27,2025-01-15 15:07:26.084608,96,0.01,Completed,95.03999999999999
243,173,28,2025-01-15 16:34:51.089108,68,0.06,Completed,63.919999999999995
244,130,29,2025-01-15 18:02:16.093609,5,0.1,Completed,4.5
245,411,18,2025-01-15 19:29:41.098109,53,0.24,Cancelled,40.28
246,95,12,2025-01-15 20:57:06.102610,8,0.24,Completed,6.08
247,115,13,2025-01-15 22:24:31.107110,22,0.29,Completed,15.62
248,243,41,2025-01-15 23:51:56.111611,7,0.28,Completed,5.04
249,420,2,2025-01-16 01:19:21.116111,22,0.02,Completed,21.56
250,292,37,2025-01-16 02:46:46.120612,46,0.25,Completed,34.5
251,282,45,2025-01-16 04:14:11.125112,30,0.14,Completed,25.8
252,299,16,2025-01-16 05:41:36.129612,16,0.26,Completed,11.84
253,283,48,2025-01-16 07:09:01.134113,79,0.03,Completed,76.63
254,69,24,2025-01-16 08:36:26.138613,5,0.25,Completed,3.75
255,148,35,2025-01-16 10:03:51.143114,67,0.05,Completed,63.65
256,11,22,2025-01-16 11:31:16.147614,23,0.1,Cancelled,20.7
257,254,36,2025-01-16 12:58:41.152115,61,0.01,Completed,60.39
258,330,11,2025-01-16 14:26:06.156615,74,0.04,Completed,71.03999999999999
259,360,46,2025-01-16 15:53:31.161116,5,0.13,Completed,4.35
260,38,29,2025-01-16 17:20:56.165616,23,0.25,Completed,17.25
261,134,35,2025-01-16 18:48:21.170117,79,0.23,Completed,60.83
262,200,48,2025-01-16 20:15:46.174617,82,0.07,Completed,76.25999999999999
263,23,15,2025-01-16 21:43:11.179117,25,0.05,Completed,23.75
264,303,31,2025-01-16 23:10:36.183618,8,0.12,Completed,7.04
265,346,42,2025-01-17 00:38:01.188118,95,0.26,Completed,70.3
266,302,41,2025-01-17 02:05:26.192619,21,0.03,Completed,20.37
267,363,43,2025-01-17 03:32:51.197119,2,0.16,Pending,1.68
268,396,16,2025-01-17 05:00:16.201620,22,0.03,Completed,21.34
269,218,10,2025-01-17 06:27:41.206120,72,0.14,Completed,61.92
270,141,49,2025-01-17 07:55:06.210621,87,0.04,Pending,83.52
271,104,32,2025-01-17 09:22:31.215121,96,0.02,Completed,94.08
272,446,2,2025-01-17 10:49:56.219621,72,0.06,Completed,67.67999999999999
273,210,24,2025-01-17 12:17:21.224122,68,0.08,Completed,62.56
274,473,23,2025-01-17 13:44:46.228622,64,0.08,Completed,58.88
275,481,2,2025-01-17 15:12:11.233123,94,0.19,Completed,76.14
276,111,38,2025-01-17 16:39:36.237623,19,0.02,Completed,18.62
277,104,31,2025-01-17 18:07:01.242124,87,0.02,Completed,85.26
278,316,40,2025-01-17 19:34:26.246624,82,0.06,Completed,77.08
279,171,26,2025-01-17 21:01:51.251125,53,0.26,Completed,39.22
280,460,29,2025-01-17 22:29:16.255625,93,0.19,Completed,75.33
281,492,3,2025-01-17 23:56:41.260126,87,0.22,Completed,67.86
282,356,14,2025-01-18 01:24:06.264626,97,0.11,Completed,86.33
283,496,25,2025-01-18 02:51:31.269126,52,0.06,Cancelled,48.879999999999995
284,324,48,2025-01-18 04:18:56.273627,47,0.01,Completed,46.53
285,133,1,2025-01-18 05:46:21.278127,82,0.15,Completed,69.7
286,376,3,2025-01-18 07:13:46.282628,54,0.17,Completed,44.82
287,293,26,2025-01-18 08:41:11.287128,44,0.27,Pending,32.12
288,328,18,2025-01-18 10:08:36.291629,97,0.26,Pending,71.78
289,127,9,2025-01-18 11:36:01.296129,7,0.13,Pending,6.09
290,106,38,2025-01-18 13:03:26.300630,92,0.13,Completed,80.04
291,497,23,2025-01-18 14:30:51.305130,1,0.05,Completed,0.95
292,92,21,2025-01-18 15:58:16.309630,63,0.08,Completed,57.96
293,287,1,2025-01-18 17:25:41.314131,98,0.28,Completed,70.56
294,378,21,2025-01-18 18:53:06.318631,39,0.04,Completed,37.44
295,393,27,2025-01-18 20:20:31.323132,19,0.29,Completed,13.489999999999998
296,51,42,2025-01-18 21:47:56.327632,31,0.15,Completed,26.349999999999998
297,29,6,2025-01-18 23:15:21.332133,77,0.14,Pending,66.22
298,462,44,2025-01-19 00:42:46.336633,24,0.05,Completed,22.799999999999997
299,296,36,2025-01-19 02:10:11.341134,69,0.2,Completed,55.2
300,297,28,2025-01-19 03:37:36.345634,87,0.14,Completed,74.82
301,214,45,2025-01-19 05:05:01.350135,83,0.11,Completed,73.87
302,267,17,2025-01-19 06:32:26.354635,65,0.08,Completed,59.800000000000004
303,407,40,2025-01-19 07:59:51.359135,33,0.02,Completed,32.339999999999996
304,257,3,2025-01-19 09:27:16.363636,59,0.16,Completed,49.559999999999995
305,302,12,2025-01-19 10:54:41.368136,33,0.09,Completed,30.03
306,101,39,2025-01-19 12:22:06.372637,32,0.21,Completed,25.28
307,405,12,2025-01-19 13:49:31.377137,59,0.22,Completed,46.02
308,346,2,2025-01-19 15:16:56.381638,92,0.1,Pending,82.8
309,110,46,2025-01-19 16:44:21.386138,41,0.2,Pending,32.800000000000004
310,420,22,2025-01-19 18:11:46.390639,12,0.08,Completed,11.040000000000001
311,182,23,2025-01-19 19:39:11.395139,73,0.22,Completed,56.940000000000005
312,471,30,2025-01-19 21:06:36.399639,11,0.0,Completed,11.0
313,313,5,2025-01-19 22:34:01.404140,97,0.05,Completed,92.14999999999999
314,1,9,2025-01-20 00:01:26.408640,19,0.07,Pending,17.669999999999998
315,319,21,2025-01-20 01:28:51.413141,54,0.23,Completed,41.58
316,438,11,2025-01-20 02:56:16.417641,57,0.02,Completed,55.86
317,55,5,2025-01-20 04:23:41.422142,42,0.06,Completed,39.48
318,371,35,2025-01-20 05:51:06.426642,98,0.11,Completed,87.22
319,424,27,2025-01-20 07:18:31.431143,71,0.0,Completed,71.0
320,399,49,2025-01-20 08:45:56.435643,31,0.23,Completed,23.87
321,149,2,2025-01-20 10:13:21.440144,52,0.17,Completed,43.16
322,431,24,2025-01-20 11:40:46.444644,2,0.27,Completed,1.46
323,457,31,2025-01-20 13:08:11.449144,83,0.01,Completed,82.17
324,309,33,2025-01-20 14:35:36.453645,38,0.08,Pending,34.96
325,137,39,2025-01-20 16:03:01.458145,32,0.22,Completed,24.96
326,202,30,2025-01-20 17:30:26.462646,10,0.2,Completed,8.0
327,436,46,2025-01-20 18:57:51.467146,8,0.07,Completed,7.4399999999999995
328,313,37,2025-01-20 20:25:16.471647,90,0.18,Pending,73.80000000000001
329,117,28,2025-01-20 21:52:41.476147,94,0.24,Completed,71.44
330,154,31,2025-01-20 23:20:06.480648,75,0.01,Pending,74.25
331,425,11,2025-01-21 00:47:31.485148,20,0.22,Completed,15.600000000000001
332,291,23,2025-01-21 02:14:56.489648,20,0.08,Completed,18.400000000000002
333,63,2,2025-01-21 03:42:21.494149,9,0.28,Completed,6.4799999999999995
334,244,40,2025-01-21 05:09:46.498649,72,0.16,Cancelled,60.48
335,25,41,2025-01-21 06:37:11.503150,15,0.01,Completed,14.85
336,90,27,2025-01-21 08:04:36.507650,98,0.12,Completed,86.24
337,75,35,2025-01-21 09:32:01.512151,88,0.29,Completed,62.48
338,294,2,2025-01-21 10:59:26.516651,97,0.22,Completed,75.66
339,386,39,2025-01-21 12:26:51.521152,63,0.09,Cancelled,57.330000000000005
340,391,37,2025-01-21 13:54:16.525652,91,0.17,Completed,75.53
341,210,21,2025-01-21 15:21:41.530153,21,0.18,Pending,17.220000000000002
342,475,5,2025-01-21 16:49:06.534653,5,0.01,Completed,4.95
343,418,45,2025-01-21 18:16:31.539153,35,0.05,Completed,33.25
344,347,21,2025-01-21 19:43:56.543654,85,0.17,Completed,70.55
345,17,29,2025-01-21 21:11:21.548154,68,0.12,Completed,59.84
346,128,20,2025-01-21 22:38:46.552655,48,0.06,Completed,45.12
347,427,38,2025-01-22 00:06:11.557155,80,0.23,Completed,61.6
348,443,20,2025-01-22 01:33:36.561656,95,0.15,Completed,80.75
349,364,50,2025-01-22 03:01:01.566156,90,0.09,Pending,81.9
350,251,25,2025-01-22 04:28:26.570657,62,0.05,Completed,58.9
351,179,2,2025-01-22 05:55:51.575157,35,0.18,Completed,28.700000000000003
352,182,32,2025-01-22 07:23:16.579657,70,0.2,Pending,56.0
353,152,26,2025-01-22 08:50:41.584158,97,0.2,Completed,77.60000000000001
354,25,6,2025-01-22 10:18:06.588658,21,0.07,Completed,19.529999999999998
355,455,41,2025-01-22 11:45:31.593159,80,0.18,Completed,65.60000000000001
356,180,3,2025-01-22 13:12:56.597659,39,0.27,Completed,28.47
357,198,33,2025-01-22 14:40:21.602160,34,0.11,Pending,30.26
358,344,1,2025-01-22 16:07:46.606660,15,0.06,Completed,14.1
359,161,5,2025-01-22 17:35:11.611161,6,0.23,Completed,4.62
360,177,13,2025-01-22 19:02:36.615661,66,0.05,Completed,62.699999999999996
361,285,19,2025-01-22 20:30:01.620162,88,0.08,Completed,80.96000000000001
362,63,12,2025-01-22 21:57:26.624662,56,0.03,Completed,54.32
363,491,48,2025-01-22 23:24:51.629162,49,0.08,Completed,45.080000000000005
364,150,25,2025-01-23 00:52:16.633663,92,0.12,Completed,80.96
365,154,35,2025-01-23 02:19:41.638163,1,0.02,Pending,0.98
366,156,12,2025-01-23 03:47:06.642664,65,0.26,Completed,48.1
367,370,30,2025-01-23 05:14:31.647164,28,0.15,Completed,23.8
368,469,5,2025-01-23 06:41:56.651665,100,0.18,Completed,82.0
369,49,34,2025-01-23 08:09:21.656165,20,0.11,Completed,17.8
370,455,22,2025-01-23 09:36:46.660666,48,0.2,Completed,38.400000000000006
371,337,39,2025-01-23 11:04:11.665166,72,0.13,Completed,62.64
372,84,13,2025-01-23 12:31:36.669666,65,0.23,Completed,50.050000000000004
373,361,47,2025-01-23 13:59:01.674167,90,0.25,Pending,67.5
374,177,3,2025-01-23 15:26:26.678667,51,0.2,Completed,40.800000000000004
375,148,20,2025-01-23 16:53:51.683168,43,0.15,Pending,36.55
376,118,31,2025-01-23 18:21:16.687668,49,0.23,Cancelled,37.730000000000004
377,342,5,2025-01-23 19:48:41.692169,25,0.15,Completed,21.25
378,476,24,2025-01-23 21:16:06.696669,74,0.03,Pending,71.78
379,63,40,2025-01-23 22:43:31.701170,76,0.03,Completed,73.72
380,189,33,2025-01-24 00:10:56.705670,41,0.28,Completed,29.52
381,360,8,2025-01-24 01:38:21.710171,71,0.06,Completed,66.74
382,49,24,2025-01-24 03:05:46.714671,64,0.24,Completed,48.64
383,327,50,2025-01-24 04:33:11.719171,61,0.07,Pending,56.73
384,257,20,2025-01-24 06:00:36.723672,12,0.13,Completed,10.44
385,224,16,2025-01-24 07:28:01.728172,81,0.2,Completed,64.8
386,141,50,2025-01-24 08:55:26.732673,69,0.05,Completed,65.55
387,478,12,2025-01-24 10:22:51.737173,14,0.22,Completed,10.92
388,215,13,2025-01-24 11:50:16.741674,34,0.21,Completed,26.86
389,435,45,2025-01-24 13:17:41.746174,48,0.16,Pending,40.32
390,379,42,2025-01-24 14:45:06.750675,61,0.17,Pending,50.629999999999995
391,440,39,2025-01-24 16:12:31.755175,81,0.03,Completed,78.57
392,211,25,2025-01-24 17:39:56.759675,35,0.13,Completed,30.45
393,318,46,2025-01-24 19:07:21.764176,65,0.03,Completed,63.05
394,32,32,2025-01-24 20:34:46.768676,59,0.09,Completed,53.690000000000005
395,158,24,2025-01-24 22:02:11.773177,36,0.27,Completed,26.28
396,285,48,2025-01-24 23:29:36.777677,79,0.17,Pending,65.57
397,305,47,2025-01-25 00:57:01.782178,19,0.22,Completed,14.82
398,429,44,2025-01-25 02:24:26.786678,42,0.17,Completed,34.86
399,477,9,2025-01-25 03:51:51.791179,69,0.06,Completed,64.86
400,286,40,2025-01-25 05:19:16.795679,19,0.18,Completed,15.580000000000002
401,144,50,2025-01-25 06:46:41.800180,39,0.23,Completed,30.03
402,424,23,2025-01-25 08:14:06.804680,69,0.04,Cancelled,66.24
403,19,50,2025-01-25 09:41:31.809180,52,0.25,Completed,39.0
404,18,13,2025-01-25 11:08:56.813681,12,0.17,Completed,9.959999999999999
405,257,32,2025-01-25 12:36:21.818181,83,0.0,Completed,83.0
406,78,50,2025-01-25 14:03:46.822682,47,0.16,Pending,39.48
407,371,15,2025-01-25 15:31:11.827182,76,0.12,Completed,66.88
408,175,36,2025-01-25 16:58:36.831683,36,0.09,Completed,32.76
409,498,49,2025-01-25 18:26:01.836183,63,0.23,Completed,48.51
410,194,5,2025-01-25 19:53:26.840684,76,0.27,Completed,55.48
411,476,22,2025-01-25 21:20:51.845184,82,0.23,Completed,63.14
412,113,16,2025-01-25 22:48:16.849684,51,0.25,Pending,38.25
413,114,41,2025-01-26 00:15:41.854185,43,0.27,Completed,31.39
414,222,10,2025-01-26 01:43:06.858685,34,0.27,Completed,24.82
415,166,24,2025-01-26 03:10:31.863186,97,0.03,Completed,94.09
416,435,18,2025-01-26 04:37:56.867686,49,0.14,Completed,42.14
417,319,49,2025-01-26 06:05:21.872187,18,0.0,Completed,18.0
418,132,18,2025-01-26 07:32:46.876687,61,0.15,Completed,51.85
419,385,7,2025-01-26 09:00:11.881188,57,0.28,Completed,41.04
420,264,4,2025-01-26 10:27:36.885688,93,0.06,Completed,87.42
421,413,26,2025-01-26 11:55:01.890189,5,0.19,Pending,4.050000000000001
422,55,5,2025-01-26 13:22:26.894689,89,0.19,Completed,72.09
423,359,16,2025-01-26 14:49:51.899189,24,0.05,Pending,22.799999999999997
424,131,35,2025-01-26 16:17:16.903690,93,0.07,Completed,86.49
425,288,26,2025-01-26 17:44:41.908190,64,0.14,Completed,55.04
426,266,18,2025-01-26 19:12:06.912691,59,0.06,Completed,55.459999999999994
427,458,29,2025-01-26 20:39:31.917191,38,0.18,Completed,31.160000000000004
428,467,23,2025-01-26 22:06:56.921692,33,0.15,Completed,28.05
429,366,14,2025-01-26 23:34:21.926192,10,0.16,Completed,8.4
430,162,15,2025-01-27 01:01:46.930693,37,0.04,Completed,35.519999999999996
431,380,49,2025-01-27 02:29:11.935193,97,0.16,Completed,81.48
432,481,33,2025-01-27 03:56:36.939693,87,0.01,Completed,86.13
433,87,25,2025-01-27 05:24:01.944194,11,0.26,Pending,8.14
434,55,21,2025-01-27 06:51:26.948694,24,0.1,Completed,21.6
435,476,17,2025-01-27 08:18:51.953195,88,0.26,Completed,65.12
436,288,23,2025-01-27 09:46:16.957695,71,0.21,Completed,56.09
437,178,43,2025-01-27 11:13:41.962196,21,0.23,Completed,16.17
438,391,17,2025-01-27 12:41:06.966696,20,0.09,Completed,18.2
439,349,14,2025-01-27 14:08:31.971197,10,0.07,Completed,9.299999999999999
440,8,29,2025-01-27 15:35:56.975697,89,0.12,Pending,78.32000000000001
441,321,20,2025-01-27 17:03:21.980198,47,0.01,Completed,46.53
442,313,30,2025-01-27 18:30:46.984698,100,0.28,Completed,72.0
443,247,19,2025-01-27 19:58:11.989198,47,0.12,Completed,41.36
444,323,39,2025-01-27 21:25:36.993699,15,0.3,Pending,10.5
445,472,13,2025-01-27 22:53:01.998199,44,0.23,Completed,33.88
446,471,18,2025-01-28 00:20:27.002700,62,0.02,Completed,60.76
447,443,23,2025-01-28 01:47:52.007200,6,0.2,Completed,4.800000000000001
448,255,46,2025-01-28 03:15:17.011701,66,0.08,Completed,60.720000000000006
449,328,33,2025-01-28 04:42:42.016201,76,0.07,Completed,70.67999999999999
450,54,39,2025-01-28 06:10:07.020702,4,0.08,Completed,3.68
451,249,40,2025-01-28 07:37:32.025202,23,0.27,Completed,16.79
452,239,18,2025-01-28 09:04:57.029702,13,0.15,Pending,11.049999999999999
453,229,9,2025-01-28 10:32:22.034203,81,0.2,Completed,64.8
454,67,33,2025-01-28 11:59:47.038703,31,0.08,Completed,28.52
455,51,32,2025-01-28 13:27:12.043204,16,0.16,Completed,13.44
456,97,17,2025-01-28 14:54:37.047704,41,0.11,Completed,36.49
457,92,19,2025-01-28 16:22:02.052205,90,0.1,Completed,81.0
458,495,27,2025-01-28 17:49:27.056705,92,0.07,Completed,85.55999999999999
459,264,6,2025-01-28 19:16:52.061206,1,0.12,Pending,0.88
460,418,35,2025-01-28 20:44:17.065706,12,0.2,Completed,9.600000000000001
461,291,37,2025-01-28 22:11:42.070207,56,0.07,Completed,52.08
462,96,34,2025-01-28 23:39:07.074707,50,0.29,Completed,35.5
463,88,20,2025-01-29 01:06:32.079207,20,0.04,Completed,19.2
464,78,25,2025-01-29 02:33:57.083708,66,0.14,Completed,56.76
465,288,4,2025-01-29 04:01:22.088208,36,0.03,Completed,34.92
466,120,10,2025-01-29 05:28:47.092709,79,0.01,Completed,78.21
467,302,10,2025-01-29 06:56:12.097209,38,0.28,Pending,27.36
468,491,24,2025-01-29 08:23:37.101710,22,0.24,Completed,16.72
469,400,21,2025-01-29 09:51:02.106210,61,0.21,Completed,48.190000000000005
470,452,11,2025-01-29 11:18:27.110711,50,0.26,Completed,37.0
471,500,27,2025-01-29 12:45:52.115211,96,0.24,Pending,72.96000000000001
472,165,16,2025-01-29 14:13:17.119711,59,0.19,Completed,47.790000000000006
473,182,26,2025-01-29 15:40:42.124212,20,0.25,Cancelled,15.0
474,469,30,2025-01-29 17:08:07.128712,36,0.12,Completed,31.68
475,398,49,2025-01-29 18:35:32.133213,97,0.17,Pending,80.50999999999999
476,223,16,2025-01-29 20:02:57.137713,15,0.23,Completed,11.55
477,311,7,2025-01-29 21:30:22.142214,62,0.03,Completed,60.14
478,432,16,2025-01-29 22:57:47.146714,3,0.26,Cancelled,2.2199999999999998
479,466,35,2025-01-30 00:25:12.151215,93,0.05,Completed,88.35
480,7,16,2025-01-30 01:52:37.155715,91,0.26,Completed,67.34
481,330,40,2025-01-30 03:20:02.160216,5,0.09,Pending,4.55
482,263,12,2025-01-30 04:47:27.164716,56,0.1,Completed,50.4
483,161,35,2025-01-30 06:14:52.169216,31,0.02,Completed,30.38
484,151,49,2025-01-30 07:42:17.173717,86,0.27,Completed,62.78
485,85,21,2025-01-30 09:09:42.178217,35,0.05,Completed,33.25
486,147,50,2025-01-30 10:37:07.182718,71,0.19,Pending,57.510000000000005
487,112,43,2025-01-30 12:04:32.187218,70,0.19,Completed,56.7
488,381,36,2025-01-30 13:31:57.191719,26,0.08,Completed,23.92
489,403,48,2025-01-30 14:59:22.196219,1,0.3,Pending,0.7
490,36,17,2025-01-30 16:26:47.200720,83,0.02,Cancelled,81.34
491,285,32,2025-01-30 17:54:12.205220,7,0.18,Completed,5.74
492,188,41,2025-01-30 19:21:37.209720,36,0.14,Completed,30.96
493,82,6,2025-01-30 20:49:02.214221,76,0.07,Completed,70.67999999999999
494,2,24,2025-01-30 22:16:27.218721,84,0.05,Pending,79.8
495,385,27,2025-01-30 23:43:52.223222,87,0.22,Completed,67.86
496,303,20,2025-01-31 01:11:17.227722,25,0.27,Pending,18.25
497,197,25,2025-01-31 02:38:42.232223,94,0.03,Cancelled,91.17999999999999
498,404,2,2025-01-31 04:06:07.236723,59,0.06,Completed,55.459999999999994
499,11,9,2025-01-31 05:33:32.241224,61,0.3,Completed,42.699999999999996
500,234,28,2025-01-31 07:00:57.245724,29,0.0,Completed,29.0
501,386,38,2025-01-31 08:28:22.250225,95,0.15,Completed,80.75
502,195,3,2025-01-31 09:55:47.254725,18,0.15,Completed,15.299999999999999
503,471,20,2025-01-31 11:23:12.259225,41,0.08,Completed,37.72
504,119,6,2025-01-31 12:50:37.263726,19,0.2,Completed,15.200000000000001
505,396,39,2025-01-31 14:18:02.268226,4,0.28,Cancelled,2.88
506,20,33,2025-01-31 15:45:27.272727,65,0.14,Completed,55.9
507,261,1,2025-01-31 17:12:52.277227,41,0.22,Completed,31.98
508,293,37,2025-01-31 18:40:17.281728,15,0.19,Pending,12.15
509,422,6,2025-01-31 20:07:42.286228,54,0.14,Completed,46.44
510,256,45,2025-01-31 21:35:07.290729,64,0.01,Completed,63.36
511,222,34,2025-01-31 23:02:32.295229,72,0.22,Completed,56.160000000000004
512,393,47,2025-02-01 00:29:57.299729,15,0.11,Pending,13.35
513,226,15,2025-02-01 01:57:22.304230,79,0.07,Completed,73.47
514,53,45,2025-02-01 03:24:47.308730,50,0.28,Completed,36.0
515,428,26,2025-02-01 04:52:12.313231,22,0.23,Cancelled,16.94
516,355,14,2025-02-01 06:19:37.317731,18,0.29,Completed,12.78
517,500,7,2025-02-01 07:47:02.322232,80,0.08,Completed,73.60000000000001
518,342,46,2025-02-01 09:14:27.326732,2,0.25,Completed,1.5
519,364,31,2025-02-01 10:41:52.331233,36,0.18,Completed,29.520000000000003
520,280,24,2025-02-01 12:09:17.335733,20,0.29,Completed,14.2
521,81,31,2025-02-01 13:36:42.340234,16,0.28,Completed,11.52
522,202,29,2025-02-01 15:04:07.344734,67,0.29,Pending,47.57
523,158,42,2025-02-01 16:31:32.349234,30,0.29,Pending,21.299999999999997
524,120,32,2025-02-01 17:58:57.353735,55,0.0,Completed,55.0
525,59,17,2025-02-01 19:26:22.358235,66,0.22,Completed,51.480000000000004
526,494,14,2025-02-01 20:53:47.362736,99,0.08,Completed,91.08
527,215,40,2025-02-01 22:21:12.367236,26,0.21,Completed,20.54
528,128,36,2025-02-01 23:48:37.371737,57,0.29,Completed,40.47
529,224,48,2025-02-02 01:16:02.376237,69,0.01,Completed,68.31
530,209,24,2025-02-02 02:43:27.380738,2,0.17,Completed,1.66
531,370,45,2025-02-02 04:10:52.385238,56,0.22,Completed,43.68
532,115,27,2025-02-02 05:38:17.389738,84,0.08,Completed,77.28
533,209,25,2025-02-02 07:05:42.394239,62,0.07,Completed,57.66
534,14,32,2025-02-02 08:33:07.398739,34,0.02,Completed,33.32
535,9,18,2025-02-02 10:00:32.403240,98,0.03,Completed,95.06
536,40,46,2025-02-02 11:27:57.407740,56,0.2,Completed,44.800000000000004
537,450,18,2025-02-02 12:55:22.412241,55,0.15,Completed,46.75
538,237,37,2025-02-02 14:22:47.416741,20,0.01,Completed,19.8
539,281,26,2025-02-02 15:50:12.421242,50,0.29,Completed,35.5
540,359,9,2025-02-02 17:17:37.425742,25,0.2,Completed,20.0
541,201,35,2025-02-02 18:45:02.430243,84,0.15,Completed,71.39999999999999
542,246,8,2025-02-02 20:12:27.434743,25,0.08,Completed,23.0
543,278,20,2025-02-02 21:39:52.439243,53,0.2,Completed,42.400000000000006
544,235,42,2025-02-02 23:07:17.443744,14,0.11,Completed,12.46
545,494,22,2025-02-03 00:34:42.448244,60,0.21,Completed,47.400000000000006
546,4,19,2025-02-03 02:02:07.452745,43,0.2,Pending,34.4
547,154,30,2025-02-03 03:29:32.457245,62,0.03,Pending,60.14
548,442,28,2025-02-03 04:56:57.461746,76,0.27,Completed,55.48
549,29,35,2025-02-03 06:24:22.466246,69,0.15,Completed,58.65
550,109,43,2025-02-03 07:51:47.470747,63,0.12,Completed,55.44
551,98,11,2025-02-03 09:19:12.475247,2,0.29,Completed,1.42
552,215,31,2025-02-03 10:46:37.479747,54,0.13,Pending,46.98
553,293,49,2025-02-03 12:14:02.484248,16,0.22,Completed,12.48
554,75,48,2025-02-03 13:41:27.488748,55,0.2,Completed,44.0
555,326,39,2025-02-03 15:08:52.493249,94,0.05,Completed,89.3
556,146,36,2025-02-03 16:36:17.497749,43,0.3,Completed,30.099999999999998
557,128,30,2025-02-03 18:03:42.502250,61,0.14,Completed,52.46
558,341,23,2025-02-03 19:31:07.506750,38,0.12,Completed,33.44
559,42,19,2025-02-03 20:58:32.511251,45,0.28,Completed,32.4
560,356,12,2025-02-03 22:25:57.515751,51,0.16,Cancelled,42.839999999999996
561,41,15,2025-02-03 23:53:22.520252,42,0.21,Completed,33.18
562,422,31,2025-02-04 01:20:47.524752,24,0.25,Pending,18.0
563,34,43,2025-02-04 02:48:12.529252,30,0.07,Pending,27.9
564,17,37,2025-02-04 04:15:37.533753,37,0.05,Pending,35.15
565,165,37,2025-02-04 05:43:02.538253,53,0.02,Completed,51.94
566,153,15,2025-02-04 07:10:27.542754,63,0.27,Completed,45.99
567,486,29,2025-02-04 08:37:52.547254,11,0.06,Completed,10.34
568,378,50,2025-02-04 10:05:17.551755,78,0.09,Cancelled,70.98
569,76,43,2025-02-04 11:32:42.556255,23,0.09,Pending,20.93
570,87,26,2025-02-04 13:00:07.560756,80,0.09,Completed,72.8
571,117,44,2025-02-04 14:27:32.565256,50,0.2,Completed,40.0
572,362,2,2025-02-04 15:54:57.569756,85,0.29,Completed,60.349999999999994
573,342,20,2025-02-04 17:22:22.574257,55,0.1,Completed,49.5
574,469,15,2025-02-04 18:49:47.578757,55,0.12,Pending,48.4
575,27,4,2025-02-04 20:17:12.583258,4,0.23,Pending,3.08
576,313,22,2025-02-04 21:44:37.587758,97,0.13,Completed,84.39
577,287,50,2025-02-04 23:12:02.592259,54,0.28,Completed,38.879999999999995
578,134,38,2025-02-05 00:39:27.596759,61,0.15,Completed,51.85
579,219,23,2025-02-05 02:06:52.601260,78,0.1,Completed,70.2
580,168,26,2025-02-05 03:34:17.605760,83,0.29,Pending,58.93
581,98,11,2025-02-05 05:01:42.610261,5,0.13,Pending,4.35
582,268,28,2025-02-05 06:29:07.614761,100,0.07,Completed,93.0
583,237,2,2025-02-05 07:56:32.619261,95,0.05,Completed,90.25
584,309,8,2025-02-05 09:23:57.623762,18,0.3,Completed,12.6
585,455,29,2025-02-05 10:51:22.628262,44,0.23,Pending,33.88
586,394,11,2025-02-05 12:18:47.632763,31,0.12,Completed,27.28
587,173,37,2025-02-05 13:46:12.637263,94,0.25,Completed,70.5
588,401,18,2025-02-05 15:13:37.641764,21,0.16,Completed,17.64
589,410,50,2025-02-05 16:41:02.646264,47,0.1,Pending,42.300000000000004
590,469,14,2025-02-05 18:08:27.650765,30,0.22,Completed,23.400000000000002
591,476,10,2025-02-05 19:35:52.655265,55,0.22,Completed,42.9
592,190,35,2025-02-05 21:03:17.659765,68,0.15,Completed,57.8
593,122,9,2025-02-05 22:30:42.664266,69,0.01,Completed,68.31
594,46,35,2025-02-05 23:58:07.668766,41,0.02,Completed,40.18
595,64,11,2025-02-06 01:25:32.673267,45,0.24,Completed,34.2
596,130,44,2025-02-06 02:52:57.677767,74,0.25,Completed,55.5
597,310,12,2025-02-06 04:20:22.682268,91,0.2,Completed,72.8
598,363,3,2025-02-06 05:47:47.686768,80,0.25,Completed,60.0
599,193,39,2025-02-06 07:15:12.691269,30,0.22,Pending,23.400000000000002
600,307,14,2025-02-06 08:42:37.695769,77,0.27,Completed,56.21
601,181,28,2025-02-06 10:10:02.700270,100,0.05,Pending,95.0
602,292,11,2025-02-06 11:37:27.704770,85,0.12,Completed,74.8
603,371,39,2025-02-06 13:04:52.709270,45,0.14,Completed,38.7
604,282,25,2025-02-06 14:32:17.713771,45,0.09,Completed,40.95
605,29,21,2025-02-06 15:59:42.718271,79,0.22,Completed,61.620000000000005
606,149,10,2025-02-06 17:27:07.722772,84,0.27,Completed,61.32
607,267,43,2025-02-06 18:54:32.727272,84,0.12,Completed,73.92
608,296,15,2025-02-06 20:21:57.731773,45,0.28,Completed,32.4
609,11,19,2025-02-06 21:49:22.736273,55,0.16,Pending,46.199999999999996
610,164,48,2025-02-06 23:16:47.740774,59,0.16,Completed,49.559999999999995
611,113,22,2025-02-07 00:44:12.745274,5,0.18,Completed,4.1000000000000005
612,187,21,2025-02-07 02:11:37.749774,32,0.08,Completed,29.44
613,295,44,2025-02-07 03:39:02.754275,6,0.12,Pending,5.28
614,232,32,2025-02-07 05:06:27.758775,94,0.17,Completed,78.02
615,227,50,2025-02-07 06:33:52.763276,26,0.28,Completed,18.72
616,310,23,2025-02-07 08:01:17.767776,37,0.19,Completed,29.970000000000002
617,98,13,2025-02-07 09:28:42.772277,13,0.1,Cancelled,11.700000000000001
618,55,5,2025-02-07 10:56:07.776777,93,0.0,Completed,93.0
619,111,4,2025-02-07 12:23:32.781278,69,0.29,Cancelled,48.989999999999995
620,152,28,2025-02-07 13:50:57.785778,25,0.15,Completed,21.25
621,246,14,2025-02-07 15:18:22.790279,13,0.28,Completed,9.36
622,406,8,2025-02-07 16:45:47.794779,88,0.16,Completed,73.92
623,69,9,2025-02-07 18:13:12.799279,95,0.18,Completed,77.9
624,312,35,2025-02-07 19:40:37.803780,20,0.21,Completed,15.8
625,289,37,2025-02-07 21:08:02.808280,72,0.1,Completed,64.8
626,250,21,2025-02-07 22:35:27.812781,60,0.21,Completed,47.400000000000006
627,36,18,2025-02-08 00:02:52.817281,73,0.16,Completed,61.32
628,239,33,2025-02-08 01:30:17.821782,21,0.2,Completed,16.8
629,148,8,2025-02-08 02:57:42.826282,61,0.25,Completed,45.75
630,467,49,2025-02-08 04:25:07.830783,84,0.06,Completed,78.96
631,227,17,2025-02-08 05:52:32.835283,79,0.18,Completed,64.78
632,244,43,2025-02-08 07:19:57.839783,26,0.02,Completed,25.48
633,491,31,2025-02-08 08:47:22.844284,54,0.03,Completed,52.379999999999995
634,337,34,2025-02-08 10:14:47.848784,42,0.2,Pending,33.6
635,446,6,2025-02-08 11:42:12.853285,11,0.02,Completed,10.78
636,365,22,2025-02-08 13:09:37.857785,37,0.18,Completed,30.340000000000003
637,491,14,2025-02-08 14:37:02.862286,11,0.07,Completed,10.229999999999999
638,482,3,2025-02-08 16:04:27.866786,27,0.09,Completed,24.57
639,201,12,2025-02-08 17:31:52.871287,94,0.04,Completed,90.24
640,154,36,2025-02-08 18:59:17.875787,83,0.07,Pending,77.19
641,450,12,2025-02-08 20:26:42.880288,34,0.25,Completed,25.5
642,73,45,2025-02-08 21:54:07.884788,38,0.19,Completed,30.78
643,201,2,2025-02-08 23:21:32.889288,61,0.28,Completed,43.92
644,296,2,2025-02-09 00:48:57.893789,87,0.01,Completed,86.13
645,17,15,2025-02-09 02:16:22.898289,53,0.24,Completed,40.28
646,129,23,2025-02-09 03:43:47.902790,65,0.21,Pending,51.35
647,217,29,2025-02-09 05:11:12.907290,3,0.08,Pending,2.7600000000000002
648,61,17,2025-02-09 06:38:37.911791,67,0.22,Completed,52.260000000000005
649,427,32,2025-02-09 08:06:02.916291,28,0.21,Completed,22.12
650,104,7,2025-02-09 09:33:27.920792,14,0.14,Completed,12.04
651,42,30,2025-02-09 11:00:52.925292,52,0.21,Completed,41.08
652,25,28,2025-02-09 12:28:17.929792,30,0.13,Pending,26.1
653,39,14,2025-02-09 13:55:42.934293,58,0.1,Completed,52.2
654,291,44,2025-02-09 15:23:07.938793,54,0.14,Completed,46.44
655,131,30,2025-02-09 16:50:32.943294,69,0.27,Pending,50.37
656,498,17,2025-02-09 18:17:57.947794,15,0.12,Completed,13.2
657,229,32,2025-02-09 19:45:22.952295,38,0.12,Completed,33.44
658,108,46,2025-02-09 21:12:47.956795,78,0.18,Completed,63.96000000000001
659,172,6,2025-02-09 22:40:12.961296,14,0.23,Completed,10.780000000000001
660,435,24,2025-02-10 00:07:37.965796,57,0.22,Completed,44.46
661,478,6,2025-02-10 01:35:02.970297,59,0.01,Completed,58.41
662,102,27,2025-02-10 03:02:27.974797,8,0.21,Completed,6.32
663,354,18,2025-02-10 04:29:52.979297,72,0.14,Completed,61.92
664,12,24,2025-02-10 05:57:17.983798,19,0.16,Completed,15.959999999999999
665,275,37,2025-02-10 07:24:42.988298,32,0.17,Pending,26.56
666,101,24,2025-02-10 08:52:07.992799,95,0.22,Completed,74.10000000000001
667,44,38,2025-02-10 10:19:32.997299,29,0.25,Pending,21.75
668,443,34,2025-02-10 11:46:58.001800,41,0.19,Completed,33.21
669,305,40,2025-02-10 13:14:23.006300,75,0.17,Completed,62.25
670,445,47,2025-02-10 14:41:48.010801,45,0.11,Completed,40.05
671,17,15,2025-02-10 16:09:13.015301,13,0.04,Completed,12.48
672,330,11,2025-02-10 17:36:38.019801,27,0.29,Pending,19.169999999999998
673,57,22,2025-02-10 19:04:03.024302,19,0.14,Completed,16.34
674,311,24,2025-02-10 20:31:28.028802,26,0.17,Completed,21.58
675,497,1,2025-02-10 21:58:53.033303,53,0.23,Completed,40.81
676,303,18,2025-02-10 23:26:18.037803,51,0.02,Completed,49.98
677,12,44,2025-02-11 00:53:43.042304,37,0.26,Pending,27.38
678,318,12,2025-02-11 02:21:08.046804,9,0.24,Pending,6.84
679,80,43,2025-02-11 03:48:33.051305,92,0.23,Completed,70.84
680,216,28,2025-02-11 05:15:58.055805,96,0.01,Completed,95.03999999999999
681,339,40,2025-02-11 06:43:23.060306,52,0.16,Completed,43.68
682,264,7,2025-02-11 08:10:48.064806,54,0.02,Completed,52.92
683,479,23,2025-02-11 09:38:13.069306,3,0.17,Completed,2.4899999999999998
684,149,21,2025-02-11 11:05:38.073807,96,0.22,Completed,74.88
685,81,34,2025-02-11 12:33:03.078307,69,0.04,Completed,66.24
686,215,11,2025-02-11 14:00:28.082808,8,0.21,Completed,6.32
687,485,22,2025-02-11 15:27:53.087308,14,0.13,Completed,12.18
688,374,42,2025-02-11 16:55:18.091809,3,0.24,Completed,2.2800000000000002
689,464,35,2025-02-11 18:22:43.096309,24,0.16,Completed,20.16
690,198,29,2025-02-11 19:50:08.100810,13,0.1,Completed,11.700000000000001
691,200,42,2025-02-11 21:17:33.105310,43,0.1,Completed,38.7
692,25,28,2025-02-11 22:44:58.109810,29,0.27,Completed,21.169999999999998
693,466,18,2025-02-12 00:12:23.114311,72,0.14,Completed,61.92
694,89,14,2025-02-12 01:39:48.118811,51,0.12,Completed,44.88
695,268,18,2025-02-12 03:07:13.123312,42,0.01,Cancelled,41.58
696,143,28,2025-02-12 04:34:38.127812,31,0.11,Completed,27.59
697,59,24,2025-02-12 06:02:03.132313,63,0.25,Completed,47.25
698,410,8,2025-02-12 07:29:28.136813,26,0.23,Pending,20.02
699,489,42,2025-02-12 08:56:53.141314,18,0.07,Completed,16.74
700,365,45,2025-02-12 10:24:18.145814,82,0.12,Completed,72.16
701,26,8,2025-02-12 11:51:43.150315,57,0.06,Completed,53.58
702,47,4,2025-02-12 13:19:08.154815,7,0.29,Completed,4.97
703,288,27,2025-02-12 14:46:33.159315,48,0.18,Completed,39.36
704,266,36,2025-02-12 16:13:58.163816,80,0.23,Completed,61.6
705,16,5,2025-02-12 17:41:23.168316,60,0.21,Completed,47.400000000000006
706,199,33,2025-02-12 19:08:48.172817,33,0.26,Completed,24.419999999999998
707,401,49,2025-02-12 20:36:13.177317,3,0.28,Completed,2.16
708,407,34,2025-02-12 22:03:38.181818,4,0.01,Completed,3.96
709,282,30,2025-02-12 23:31:03.186318,100,0.29,Completed,71.0
710,469,8,2025-02-13 00:58:28.190819,4,0.26,Completed,2.96
711,86,39,2025-02-13 02:25:53.195319,42,0.11,Completed,37.38
712,250,47,2025-02-13 03:53:18.199819,9,0.25,Completed,6.75
713,391,26,2025-02-13 05:20:43.204320,51,0.22,Completed,39.78
714,270,37,2025-02-13 06:48:08.208820,17,0.24,Completed,12.92
715,335,34,2025-02-13 08:15:33.213321,17,0.07,Completed,15.809999999999999
716,117,7,2025-02-13 09:42:58.217821,97,0.19,Completed,78.57000000000001
717,7,40,2025-02-13 11:10:23.222322,20,0.01,Pending,19.8
718,137,28,2025-02-13 12:37:48.226822,14,0.25,Pending,10.5
719,371,39,2025-02-13 14:05:13.231323,22,0.29,Completed,15.62
720,176,39,2025-02-13 15:32:38.235823,52,0.2,Completed,41.6
721,328,28,2025-02-13 17:00:03.240324,27,0.15,Completed,22.95
722,498,14,2025-02-13 18:27:28.244824,43,0.22,Completed,33.54
723,315,50,2025-02-13 19:54:53.249324,3,0.1,Completed,2.7
724,215,38,2025-02-13 21:22:18.253825,88,0.19,Completed,71.28
725,477,4,2025-02-13 22:49:43.258325,94,0.22,Completed,73.32000000000001
726,82,42,2025-02-14 00:17:08.262826,8,0.04,Pending,7.68
727,223,18,2025-02-14 01:44:33.267326,86,0.04,Completed,82.56
728,478,44,2025-02-14 03:11:58.271827,89,0.21,Completed,70.31
729,372,48,2025-02-14 04:39:23.276327,10,0.13,Completed,8.7
730,423,25,2025-02-14 06:06:48.280828,29,0.27,Completed,21.169999999999998
731,483,7,2025-02-14 07:34:13.285328,40,0.09,Completed,36.4
732,402,38,2025-02-14 09:01:38.289828,65,0.01,Cancelled,64.35
733,443,28,2025-02-14 10:29:03.294329,21,0.19,Pending,17.01
734,490,5,2025-02-14 11:56:28.298829,24,0.21,Completed,18.96
735,103,3,2025-02-14 13:23:53.303330,73,0.17,Completed,60.589999999999996
736,273,44,2025-02-14 14:51:18.307830,60,0.2,Completed,48.0
737,14,31,2025-02-14 16:18:43.312331,26,0.16,Cancelled,21.84
738,159,47,2025-02-14 17:46:08.316831,9,0.21,Pending,7.11
739,152,42,2025-02-14 19:13:33.321332,20,0.01,Completed,19.8
740,483,20,2025-02-14 20:40:58.325832,56,0.11,Completed,49.84
741,108,19,2025-02-14 22:08:23.330333,99,0.06,Completed,93.05999999999999
742,188,48,2025-02-14 23:35:48.334833,36,0.03,Completed,34.92
743,301,11,2025-02-15 01:03:13.339333,36,0.07,Pending,33.48
744,98,40,2025-02-15 02:30:38.343834,73,0.06,Completed,68.61999999999999
745,131,3,2025-02-15 03:58:03.348334,22,0.29,Pending,15.62
746,293,23,2025-02-15 05:25:28.352835,1,0.09,Completed,0.91
747,171,7,2025-02-15 06:52:53.357335,69,0.07,Completed,64.17
748,424,23,2025-02-15 08:20:18.361836,73,0.25,Completed,54.75
749,474,7,2025-02-15 09:47:43.366336,37,0.13,Completed,32.19
750,183,46,2025-02-15 11:15:08.370837,83,0.13,Completed,72.21
751,471,34,2025-02-15 12:42:33.375337,72,0.13,Completed,62.64
752,364,42,2025-02-15 14:09:58.379837,96,0.12,Completed,84.48
753,39,19,2025-02-15 15:37:23.384338,13,0.1,Completed,11.700000000000001
754,15,9,2025-02-15 17:04:48.388838,84,0.09,Completed,76.44
755,376,48,2025-02-15 18:32:13.393339,100,0.26,Pending,74.0
756,497,18,2025-02-15 19:59:38.397839,43,0.05,Completed,40.85
757,4,41,2025-02-15 21:27:03.402340,37,0.05,Completed,35.15
758,349,48,2025-02-15 22:54:28.406840,94,0.17,Completed,78.02
759,470,45,2025-02-16 00:21:53.411341,74,0.1,Completed,66.60000000000001
760,409,42,2025-02-16 01:49:18.415841,95,0.13,Completed,82.65
761,397,25,2025-02-16 03:16:43.420342,25,0.24,Pending,19.0
762,210,14,2025-02-16 04:44:08.424842,93,0.27,Completed,67.89
763,161,44,2025-02-16 06:11:33.429342,88,0.24,Completed,66.88
764,16,25,2025-02-16 07:38:58.433843,21,0.07,Completed,19.529999999999998
765,493,19,2025-02-16 09:06:23.438343,41,0.29,Completed,29.11
766,426,39,2025-02-16 10:33:48.442844,73,0.11,Pending,64.97
767,108,15,2025-02-16 12:01:13.447344,42,0.05,Pending,39.9
768,382,16,2025-02-16 13:28:38.451845,42,0.15,Completed,35.699999999999996
769,450,27,2025-02-16 14:56:03.456345,2,0.22,Completed,1.56
770,311,40,2025-02-16 16:23:28.460846,68,0.02,Completed,66.64
771,227,10,2025-02-16 17:50:53.465346,8,0.19,Completed,6.48
772,170,4,2025-02-16 19:18:18.469846,96,0.26,Completed,71.03999999999999
773,34,19,2025-02-16 20:45:43.474347,61,0.08,Completed,56.120000000000005
774,414,28,2025-02-16 22:13:08.478847,14,0.21,Pending,11.06
775,251,21,2025-02-16 23:40:33.483348,77,0.12,Completed,67.76
776,247,47,2025-02-17 01:07:58.487848,21,0.12,Completed,18.48
777,269,14,2025-02-17 02:35:23.492349,24,0.08,Completed,22.080000000000002
778,141,33,2025-02-17 04:02:48.496849,50,0.19,Completed,40.5
779,274,48,2025-02-17 05:30:13.501350,82,0.11,Completed,72.98
780,416,10,2025-02-17 06:57:38.505850,45,0.25,Pending,33.75
781,96,19,2025-02-17 08:25:03.510351,64,0.29,Completed,45.44
782,227,30,2025-02-17 09:52:28.514851,64,0.28,Pending,46.08
783,379,22,2025-02-17 11:19:53.519351,26,0.05,Completed,24.7
784,39,3,2025-02-17 12:47:18.523852,32,0.0,Cancelled,32.0
785,302,37,2025-02-17 14:14:43.528352,57,0.13,Completed,49.589999999999996
786,500,41,2025-02-17 15:42:08.532853,53,0.22,Completed,41.34
787,29,18,2025-02-17 17:09:33.537353,33,0.29,Completed,23.43
788,446,11,2025-02-17 18:36:58.541854,52,0.24,Pending,39.52
789,497,48,2025-02-17 20:04:23.546354,95,0.17,Completed,78.85
790,477,2,2025-02-17 21:31:48.550855,18,0.01,Completed,17.82
791,318,12,2025-02-17 22:59:13.555355,35,0.25,Completed,26.25
792,245,6,2025-02-18 00:26:38.559855,12,0.05,Completed,11.399999999999999
793,236,43,2025-02-18 01:54:03.564356,51,0.02,Completed,49.98
794,185,40,2025-02-18 03:21:28.568856,89,0.26,Completed,65.86
795,272,44,2025-02-18 04:48:53.573357,95,0.17,Completed,78.85
796,440,29,2025-02-18 06:16:18.577857,10,0.04,Completed,9.6
797,236,30,2025-02-18 07:43:43.582358,52,0.12,Completed,45.76
798,239,2,2025-02-18 09:11:08.586858,34,0.03,Pending,32.98
799,377,9,2025-02-18 10:38:33.591359,67,0.19,Completed,54.27
800,266,47,2025-02-18 12:05:58.595859,39,0.08,Completed,35.88
801,414,2,2025-02-18 13:33:23.600360,8,0.26,Cancelled,5.92
802,409,29,2025-02-18 15:00:48.604860,96,0.11,Completed,85.44
803,359,33,2025-02-18 16:28:13.609360,29,0.15,Completed,24.65
804,340,10,2025-02-18 17:55:38.613861,22,0.02,Completed,21.56
805,389,34,2025-02-18 19:23:03.618361,84,0.08,Completed,77.28
806,65,44,2025-02-18 20:50:28.622862,70,0.2,Completed,56.0
807,478,8,2025-02-18 22:17:53.627362,61,0.22,Completed,47.58
808,177,37,2025-02-18 23:45:18.631863,43,0.07,Completed,39.989999999999995
809,3,33,2025-02-19 01:12:43.636363,49,0.15,Completed,41.65
810,429,47,2025-02-19 02:40:08.640864,29,0.25,Completed,21.75
811,142,6,2025-02-19 04:07:33.645364,81,0.11,Completed,72.09
812,376,44,2025-02-19 05:34:58.649864,31,0.04,Completed,29.759999999999998
813,158,40,2025-02-19 07:02:23.654365,53,0.13,Pending,46.11
814,498,45,2025-02-19 08:29:48.658865,34,0.18,Cancelled,27.880000000000003
815,324,19,2025-02-19 09:57:13.663366,38,0.0,Pending,38.0
816,146,32,2025-02-19 11:24:38.667866,57,0.1,Cancelled,51.300000000000004
817,446,27,2025-02-19 12:52:03.672367,4,0.18,Completed,3.2800000000000002
818,293,1,2025-02-19 14:19:28.676867,2,0.29,Pending,1.42
819,153,43,2025-02-19 15:46:53.681368,12,0.12,Completed,10.56
820,432,33,2025-02-19 17:14:18.685868,35,0.05,Completed,33.25
821,193,40,2025-02-19 18:41:43.690369,70,0.16,Completed,58.8
822,437,32,2025-02-19 20:09:08.694869,72,0.09,Pending,65.52
823,494,5,2025-02-19 21:36:33.699369,21,0.06,Completed,19.74
824,463,17,2025-02-19 23:03:58.703870,61,0.18,Completed,50.02
825,73,8,2025-02-20 00:31:23.708370,35,0.27,Pending,25.55
826,399,42,2025-02-20 01:58:48.712871,48,0.25,Completed,36.0
827,305,34,2025-02-20 03:26:13.717371,15,0.05,Completed,14.25
828,377,9,2025-02-20 04:53:38.721872,71,0.23,Completed,54.67
829,344,23,2025-02-20 06:21:03.726372,15,0.07,Completed,13.95
830,452,35,2025-02-20 07:48:28.730873,6,0.09,Completed,5.46
831,140,50,2025-02-20 09:15:53.735373,81,0.28,Completed,58.32
832,187,7,2025-02-20 10:43:18.739873,68,0.27,Pending,49.64
833,293,15,2025-02-20 12:10:43.744374,22,0.05,Completed,20.9
834,61,20,2025-02-20 13:38:08.748874,32,0.02,Pending,31.36
835,485,50,2025-02-20 15:05:33.753375,22,0.09,Completed,20.02
836,427,25,2025-02-20 16:32:58.757875,27,0.17,Completed,22.41
837,380,3,2025-02-20 18:00:23.762376,15,0.26,Completed,11.1
838,198,46,2025-02-20 19:27:48.766876,44,0.04,Completed,42.239999999999995
839,295,24,2025-02-20 20:55:13.771377,86,0.12,Completed,75.68
840,440,34,2025-02-20 22:22:38.775877,92,0.08,Pending,84.64
841,319,46,2025-02-20 23:50:03.780378,9,0.0,Completed,9.0
842,302,22,2025-02-21 01:17:28.784878,34,0.24,Completed,25.84
843,344,11,2025-02-21 02:44:53.789378,100,0.24,Completed,76.0
844,11,48,2025-02-21 04:12:18.793879,73,0.07,Completed,67.89
845,62,8,2025-02-21 05:39:43.798379,15,0.05,Completed,14.25
846,333,39,2025-02-21 07:07:08.802880,62,0.04,Pending,59.519999999999996
847,226,43,2025-02-21 08:34:33.807380,45,0.14,Completed,38.7
848,153,35,2025-02-21 10:01:58.811881,84,0.07,Completed,78.11999999999999
849,199,49,2025-02-21 11:29:23.816381,72,0.15,Completed,61.199999999999996
850,52,46,2025-02-21 12:56:48.820882,58,0.12,Pending,51.04
851,260,38,2025-02-21 14:24:13.825382,92,0.06,Completed,86.47999999999999
852,59,8,2025-02-21 15:51:38.829882,19,0.23,Cancelled,14.63
853,72,37,2025-02-21 17:19:03.834383,16,0.05,Completed,15.2
854,148,27,2025-02-21 18:46:28.838883,75,0.24,Pending,57.0
855,349,28,2025-02-21 20:13:53.843384,8,0.17,Pending,6.64
856,63,40,2025-02-21 21:41:18.847884,33,0.25,Pending,24.75
857,310,34,2025-02-21 23:08:43.852385,74,0.0,Completed,74.0
858,373,32,2025-02-22 00:36:08.856885,18,0.22,Completed,14.040000000000001
859,243,15,2025-02-22 02:03:33.861386,35,0.02,Completed,34.3
860,493,44,2025-02-22 03:30:58.865886,43,0.29,Completed,30.529999999999998
861,366,17,2025-02-22 04:58:23.870387,50,0.21,Completed,39.5
862,330,33,2025-02-22 06:25:48.874887,3,0.1,Completed,2.7
863,107,47,2025-02-22 07:53:13.879387,91,0.1,Cancelled,81.9
864,226,46,2025-02-22 09:20:38.883888,59,0.26,Completed,43.66
865,313,16,2025-02-22 10:48:03.888388,28,0.27,Completed,20.439999999999998
866,218,29,2025-02-22 12:15:28.892889,46,0.27,Completed,33.58
867,425,9,2025-02-22 13:42:53.897389,64,0.24,Completed,48.64
868,241,33,2025-02-22 15:10:18.901890,70,0.25,Completed,52.5
869,259,49,2025-02-22 16:37:43.906390,47,0.17,Completed,39.01
870,376,29,2025-02-22 18:05:08.910891,14,0.01,Completed,13.86
871,262,13,2025-02-22 19:32:33.915391,7,0.03,Completed,6.79
872,5,21,2025-02-22 20:59:58.919891,74,0.19,Completed,59.940000000000005
873,261,21,2025-02-22 22:27:23.924392,79,0.12,Pending,69.52
874,54,5,2025-02-22 23:54:48.928892,31,0.17,Completed,25.73
875,47,10,2025-02-23 01:22:13.933393,93,0.07,Pending,86.49
876,215,6,2025-02-23 02:49:38.937893,81,0.19,Completed,65.61
877,177,13,2025-02-23 04:17:03.942394,51,0.07,Completed,47.43
878,9,1,2025-02-23 05:44:28.946894,29,0.14,Completed,24.94
879,99,20,2025-02-23 07:11:53.951395,15,0.14,Pending,12.9
880,20,47,2025-02-23 08:39:18.955895,90,0.05,Cancelled,85.5
881,378,46,2025-02-23 10:06:43.960396,76,0.26,Completed,56.24
882,241,8,2025-02-23 11:34:08.964896,25,0.16,Completed,21.0
883,61,10,2025-02-23 13:01:33.969396,61,0.26,Completed,45.14
884,379,9,2025-02-23 14:28:58.973897,41,0.08,Completed,37.72
885,490,49,2025-02-23 15:56:23.978397,69,0.05,Completed,65.55
886,419,41,2025-02-23 17:23:48.982898,4,0.01,Completed,3.96
887,178,3,2025-02-23 18:51:13.987398,57,0.03,Pending,55.29
888,338,11,2025-02-23 20:18:38.991899,31,0.04,Completed,29.759999999999998
889,62,12,2025-02-23 21:46:03.996399,3,0.02,Completed,2.94
890,145,10,2025-02-23 23:13:29.000900,67,0.27,Completed,48.91
891,216,25,2025-02-24 00:40:54.005400,90,0.27,Pending,65.7
892,3,49,2025-02-24 02:08:19.009900,50,0.28,Completed,36.0
893,160,49,2025-02-24 03:35:44.014401,17,0.29,Completed,12.07
894,227,25,2025-02-24 05:03:09.018901,60,0.15,Completed,51.0
895,486,11,2025-02-24 06:30:34.023402,74,0.16,Completed,62.16
896,269,36,2025-02-24 07:57:59.027902,66,0.04,Completed,63.36
897,120,39,2025-02-24 09:25:24.032403,88,0.04,Completed,84.47999999999999
898,381,26,2025-02-24 10:52:49.036903,75,0.23,Completed,57.75
899,495,14,2025-02-24 12:20:14.041404,24,0.26,Completed,17.759999999999998
900,89,39,2025-02-24 13:47:39.045904,99,0.24,Completed,75.24
901,329,40,2025-02-24 15:15:04.050405,87,0.25,Completed,65.25
902,68,1,2025-02-24 16:42:29.054905,32,0.08,Completed,29.44
903,398,4,2025-02-24 18:09:54.059405,87,0.14,Completed,74.82
904,357,30,2025-02-24 19:37:19.063906,98,0.14,Completed,84.28
905,98,12,2025-02-24 21:04:44.068406,19,0.3,Completed,13.299999999999999
906,267,35,2025-02-24 22:32:09.072907,66,0.28,Completed,47.519999999999996
907,105,13,2025-02-24 23:59:34.077407,60,0.18,Pending,49.2
908,440,31,2025-02-25 01:26:59.081908,66,0.04,Completed,63.36
909,323,38,2025-02-25 02:54:24.086408,15,0.08,Completed,13.8
910,123,43,2025-02-25 04:21:49.090909,85,0.11,Completed,75.65
911,476,23,2025-02-25 05:49:14.095409,35,0.26,Completed,25.9
912,29,4,2025-02-25 07:16:39.099909,69,0.05,Completed,65.55
913,137,16,2025-02-25 08:44:04.104410,27,0.07,Completed,25.11
914,195,7,2025-02-25 10:11:29.108910,88,0.1,Completed,79.2
915,409,22,2025-02-25 11:38:54.113411,7,0.28,Completed,5.04
916,226,29,2025-02-25 13:06:19.117911,6,0.15,Pending,5.1
917,332,11,2025-02-25 14:33:44.122412,33,0.19,Completed,26.73
918,170,33,2025-02-25 16:01:09.126912,58,0.12,Completed,51.04
919,9,29,2025-02-25 17:28:34.131413,49,0.06,Completed,46.059999999999995
920,463,39,2025-02-25 18:55:59.135913,17,0.07,Completed,15.809999999999999
921,40,12,2025-02-25 20:23:24.140414,42,0.24,Completed,31.92
922,25,7,2025-02-25 21:50:49.144914,94,0.27,Completed,68.62
923,261,39,2025-02-25 23:18:14.149414,72,0.15,Completed,61.199999999999996
924,395,42,2025-02-26 00:45:39.153915,40,0.11,Completed,35.6
925,443,48,2025-02-26 02:13:04.158415,46,0.24,Completed,34.96
926,226,26,2025-02-26 03:40:29.162916,71,0.2,Completed,56.800000000000004
927,472,40,2025-02-26 05:07:54.167416,70,0.01,Pending,69.3
928,124,9,2025-02-26 06:35:19.171917,68,0.11,Completed,60.52
929,463,41,2025-02-26 08:02:44.176417,1,0.2,Completed,0.8
930,38,34,2025-02-26 09:30:09.180918,79,0.17,Completed,65.57
931,328,45,2025-02-26 10:57:34.185418,95,0.29,Pending,67.45
932,251,13,2025-02-26 12:24:59.189918,89,0.26,Completed,65.86
933,389,36,2025-02-26 13:52:24.194419,97,0.02,Completed,95.06
934,176,25,2025-02-26 15:19:49.198919,52,0.22,Completed,40.56
935,90,24,2025-02-26 16:47:14.203420,35,0.1,Completed,31.5
936,402,44,2025-02-26 18:14:39.207920,69,0.2,Completed,55.2
937,454,17,2025-02-26 19:42:04.212421,5,0.19,Completed,4.050000000000001
938,37,2,2025-02-26 21:09:29.216921,100,0.15,Completed,85.0
939,316,13,2025-02-26 22:36:54.221422,17,0.26,Completed,12.58
940,176,31,2025-02-27 00:04:19.225922,53,0.21,Completed,41.870000000000005
941,461,29,2025-02-27 01:31:44.230423,52,0.27,Completed,37.96
942,284,50,2025-02-27 02:59:09.234923,14,0.08,Pending,12.88
943,453,28,2025-02-27 04:26:34.239423,29,0.1,Completed,26.1
944,461,27,2025-02-27 05:53:59.243924,8,0.19,Completed,6.48
945,81,15,2025-02-27 07:21:24.248424,98,0.29,Completed,69.58
946,114,31,2025-02-27 08:48:49.252925,1,0.11,Completed,0.89
947,40,40,2025-02-27 10:16:14.257425,29,0.01,Completed,28.71
948,301,15,2025-02-27 11:43:39.261926,36,0.13,Completed,31.32
949,224,33,2025-02-27 13:11:04.266426,51,0.16,Completed,42.839999999999996
950,318,20,2025-02-27 14:38:29.270927,37,0.24,Completed,28.12
951,349,42,2025-02-27 16:05:54.275427,93,0.22,Pending,72.54
952,115,12,2025-02-27 17:33:19.279927,69,0.29,Completed,48.989999999999995
953,186,37,2025-02-27 19:00:44.284428,53,0.23,Completed,40.81
954,323,9,2025-02-27 20:28:09.288928,96,0.09,Completed,87.36
955,56,23,2025-02-27 21:55:34.293429,52,0.19,Completed,42.120000000000005
956,40,8,2025-02-27 23:22:59.297929,88,0.2,Pending,70.4
957,354,32,2025-02-28 00:50:24.302430,83,0.3,Pending,58.099999999999994
958,40,48,2025-02-28 02:17:49.306930,12,0.04,Completed,11.52
959,347,14,2025-02-28 03:45:14.311431,52,0.06,Completed,48.879999999999995
960,461,27,2025-02-28 05:12:39.315931,1,0.05,Completed,0.95
961,237,25,2025-02-28 06:40:04.320432,7,0.18,Pending,5.74
962,289,13,2025-02-28 08:07:29.324932,17,0.04,Completed,16.32
963,262,21,2025-02-28 09:34:54.329432,98,0.2,Completed,78.4
964,216,45,2025-02-28 11:02:19.333933,43,0.24,Completed,32.68
965,147,31,2025-02-28 12:29:44.338433,71,0.13,Completed,61.77
966,336,37,2025-02-28 13:57:09.342934,17,0.17,Completed,14.11
967,168,48,2025-02-28 15:24:34.347434,59,0.27,Completed,43.07
968,92,43,2025-02-28 16:51:59.351935,3,0.17,Completed,2.4899999999999998
969,353,5,2025-02-28 18:19:24.356435,29,0.06,Completed,27.259999999999998
970,59,13,2025-02-28 19:46:49.360936,22,0.1,Completed,19.8
971,59,28,2025-02-28 21:14:14.365436,38,0.16,Completed,31.919999999999998
972,304,43,2025-02-28 22:41:39.369936,54,0.05,Pending,51.3
973,169,25,2025-03-01 00:09:04.374437,93,0.18,Completed,76.26
974,269,35,2025-03-01 01:36:29.378937,50,0.3,Completed,35.0
975,363,47,2025-03-01 03:03:54.383438,69,0.2,Completed,55.2
976,45,39,2025-03-01 04:31:19.387938,30,0.11,Completed,26.7
977,345,7,2025-03-01 05:58:44.392439,23,0.1,Completed,20.7
978,181,38,2025-03-01 07:26:09.396939,85,0.28,Completed,61.199999999999996
979,170,32,2025-03-01 08:53:34.401440,90,0.26,Completed,66.6
980,356,3,2025-03-01 10:20:59.405940,47,0.14,Completed,40.42
981,191,45,2025-03-01 11:48:24.410441,21,0.11,Completed,18.69
982,155,39,2025-03-01 13:15:49.414941,20,0.21,Completed,15.8
983,422,37,2025-03-01 14:43:14.419441,23,0.09,Completed,20.93
984,188,50,2025-03-01 16:10:39.423942,68,0.04,Completed,65.28
985,7,22,2025-03-01 17:38:04.428442,21,0.09,Completed,19.11
986,133,8,2025-03-01 19:05:29.432943,21,0.13,Completed,18.27
987,235,17,2025-03-01 20:32:54.437443,1,0.08,Pending,0.92
988,45,27,2025-03-01 22:00:19.441944,15,0.07,Completed,13.95
989,314,33,2025-03-01 23:27:44.446444,17,0.0,Completed,17.0
990,249,46,2025-03-02 00:55:09.450945,51,0.19,Pending,41.31
991,499,17,2025-03-02 02:22:34.455445,63,0.18,Completed,51.660000000000004
992,31,42,2025-03-02 03:49:59.459945,14,0.06,Completed,13.16
993,23,12,2025-03-02 05:17:24.464446,59,0.28,Completed,42.48
994,426,48,2025-03-02 06:44:49.468946,83,0.12,Completed,73.04
995,394,46,2025-03-02 08:12:14.473447,50,0.01,Completed,49.5
996,160,27,2025-03-02 09:39:39.477947,34,0.07,Pending,31.619999999999997
997,363,48,2025-03-02 11:07:04.482448,6,0.21,Completed,4.74
998,437,8,2025-03-02 12:34:29.486948,49,0.06,Completed,46.059999999999995
999,158,23,2025-03-02 14:01:54.491449,6,0.02,Completed,5.88
1000,39,42,2025-03-02 15:29:19.495949,69,0.19,Completed,55.89
1001,415,49,2025-03-02 16:56:44.500450,7,0.16,Pending,5.88
1002,82,29,2025-03-02 18:24:09.504950,97,0.23,Completed,74.69
1003,356,50,2025-03-02 19:51:34.509450,77,0.23,Completed,59.29
1004,258,20,2025-03-02 21:18:59.513951,51,0.29,Completed,36.21
1005,206,16,2025-03-02 22:46:24.518451,1,0.02,Completed,0.98
1006,77,17,2025-03-03 00:13:49.522952,13,0.01,Completed,12.87
1007,477,16,2025-03-03 01:41:14.527452,43,0.3,Completed,30.099999999999998
1008,12,19,2025-03-03 03:08:39.531953,27,0.19,Completed,21.87
1009,295,8,2025-03-03 04:36:04.536453,71,0.21,Cancelled,56.09
1010,450,38,2025-03-03 06:03:29.540954,3,0.03,Completed,2.91
1011,224,38,2025-03-03 07:30:54.545454,58,0.02,Pending,56.839999999999996
1012,13,29,2025-03-03 08:58:19.549954,89,0.05,Completed,84.55
1013,46,41,2025-03-03 10:25:44.554455,97,0.13,Completed,84.39
1014,155,36,2025-03-03 11:53:09.558955,17,0.03,Pending,16.49
1015,113,26,2025-03-03 13:20:34.563456,45,0.13,Completed,39.15
1016,233,31,2025-03-03 14:47:59.567956,78,0.17,Pending,64.74
1017,17,44,2025-03-03 16:15:24.572457,58,0.0,Completed,58.0
1018,360,12,2025-03-03 17:42:49.576957,56,0.03,Pending,54.32
1019,223,17,2025-03-03 19:10:14.581458,54,0.11,Completed,48.06
1020,354,15,2025-03-03 20:37:39.585958,87,0.02,Pending,85.26
1021,188,9,2025-03-03 22:05:04.590459,88,0.04,Pending,84.47999999999999
1022,448,39,2025-03-03 23:32:29.594959,29,0.07,Completed,26.97
1023,344,42,2025-03-04 00:59:54.599459,54,0.13,Completed,46.98
1024,365,48,2025-03-04 02:27:19.603960,27,0.21,Completed,21.330000000000002
1025,163,12,2025-03-04 03:54:44.608460,45,0.04,Completed,43.199999999999996
1026,496,32,2025-03-04 05:22:09.612961,87,0.22,Completed,67.86
1027,326,25,2025-03-04 06:49:34.617461,31,0.26,Completed,22.94
1028,467,39,2025-03-04 08:16:59.621962,36,0.2,Completed,28.8
1029,414,18,2025-03-04 09:44:24.626462,81,0.01,Completed,80.19
1030,455,15,2025-03-04 11:11:49.630963,61,0.13,Completed,53.07
1031,74,32,2025-03-04 12:39:14.635463,37,0.2,Completed,29.6
1032,233,6,2025-03-04 14:06:39.639963,67,0.29,Completed,47.57
1033,224,44,2025-03-04 15:34:04.644464,36,0.29,Completed,25.56
1034,482,43,2025-03-04 17:01:29.648964,5,0.12,Completed,4.4
1035,319,35,2025-03-04 18:28:54.653465,46,0.18,Completed,37.720000000000006
1036,412,34,2025-03-04 19:56:19.657965,79,0.27,Completed,57.67
1037,60,38,2025-03-04 21:23:44.662466,52,0.25,Completed,39.0
1038,335,5,2025-03-04 22:51:09.666966,49,0.14,Pending,42.14
1039,222,18,2025-03-05 00:18:34.671467,6,0.08,Completed,5.5200000000000005
1040,37,16,2025-03-05 01:45:59.675967,10,0.04,Completed,9.6
1041,477,8,2025-03-05 03:13:24.680468,96,0.15,Completed,81.6
1042,278,25,2025-03-05 04:40:49.684968,23,0.22,Completed,17.94
1043,196,32,2025-03-05 06:08:14.689468,17,0.29,Completed,12.07
1044,404,26,2025-03-05 07:35:39.693969,84,0.26,Pending,62.16
1045,352,22,2025-03-05 09:03:04.698469,44,0.06,Completed,41.36
1046,484,31,2025-03-05 10:30:29.702970,41,0.22,Completed,31.98
1047,242,43,2025-03-05 11:57:54.707470,15,0.09,Cancelled,13.65
1048,324,10,2025-03-05 13:25:19.711971,44,0.21,Completed,34.760000000000005
1049,219,12,2025-03-05 14:52:44.716471,58,0.2,Pending,46.400000000000006
1050,192,28,2025-03-05 16:20:09.720972,86,0.08,Pending,79.12
1051,17,6,2025-03-05 17:47:34.725472,50,0.07,Pending,46.5
1052,12,20,2025-03-05 19:14:59.729972,52,0.03,Pending,50.44
1053,406,5,2025-03-05 20:42:24.734473,70,0.02,Completed,68.6
1054,401,23,2025-03-05 22:09:49.738973,68,0.26,Completed,50.32
1055,394,9,2025-03-05 23:37:14.743474,63,0.01,Completed,62.37
1056,374,29,2025-03-06 01:04:39.747974,58,0.03,Cancelled,56.26
1057,193,16,2025-03-06 02:32:04.752475,23,0.07,Completed,21.389999999999997
1058,22,46,2025-03-06 03:59:29.756975,44,0.27,Completed,32.12
1059,474,22,2025-03-06 05:26:54.761476,83,0.1,Completed,74.7
1060,120,8,2025-03-06 06:54:19.765976,95,0.06,Completed,89.3
1061,210,20,2025-03-06 08:21:44.770477,44,0.21,Completed,34.760000000000005
1062,306,14,2025-03-06 09:49:09.774977,52,0.1,Pending,46.800000000000004
1063,270,39,2025-03-06 11:16:34.779477,67,0.1,Completed,60.300000000000004
1064,192,37,2025-03-06 12:43:59.783978,28,0.22,Completed,21.84
1065,175,50,2025-03-06 14:11:24.788478,67,0.08,Completed,61.64
1066,285,34,2025-03-06 15:38:49.792979,78,0.27,Completed,56.94
1067,204,11,2025-03-06 17:06:14.797479,18,0.17,Completed,14.94
1068,164,40,2025-03-06 18:33:39.801980,27,0.16,Completed,22.68
1069,251,33,2025-03-06 20:01:04.806480,51,0.08,Completed,46.92
1070,227,31,2025-03-06 21:28:29.810981,60,0.25,Completed,45.0
1071,436,44,2025-03-06 22:55:54.815481,74,0.17,Completed,61.419999999999995
1072,381,34,2025-03-07 00:23:19.819981,49,0.05,Completed,46.55
1073,460,50,2025-03-07 01:50:44.824482,15,0.06,Completed,14.1
1074,7,7,2025-03-07 03:18:09.828982,83,0.14,Completed,71.38
1075,29,49,2025-03-07 04:45:34.833483,73,0.23,Completed,56.21
1076,395,23,2025-03-07 06:12:59.837983,68,0.28,Completed,48.96
1077,33,46,2025-03-07 07:40:24.842484,15,0.2,Completed,12.0
1078,134,7,2025-03-07 09:07:49.846984,51,0.15,Completed,43.35
1079,367,25,2025-03-07 10:35:14.851485,48,0.08,Completed,44.160000000000004
1080,79,3,2025-03-07 12:02:39.855985,72,0.2,Completed,57.6
1081,416,38,2025-03-07 13:30:04.860486,1,0.29,Completed,0.71
1082,435,20,2025-03-07 14:57:29.864986,7,0.14,Pending,6.02
1083,459,34,2025-03-07 16:24:54.869486,53,0.05,Completed,50.349999999999994
1084,58,49,2025-03-07 17:52:19.873987,31,0.03,Pending,30.07
1085,471,44,2025-03-07 19:19:44.878487,18,0.08,Completed,16.560000000000002
1086,26,44,2025-03-07 20:47:09.882988,12,0.17,Completed,9.959999999999999
1087,482,30,2025-03-07 22:14:34.887488,48,0.28,Completed,34.56
1088,430,17,2025-03-07 23:41:59.891989,30,0.09,Completed,27.3
1089,226,10,2025-03-08 01:09:24.896489,97,0.09,Completed,88.27
1090,285,35,2025-03-08 02:36:49.900990,7,0.14,Completed,6.02
1091,4,20,2025-03-08 04:04:14.905490,92,0.28,Completed,66.24
1092,465,18,2025-03-08 05:31:39.909990,3,0.13,Completed,2.61
1093,99,45,2025-03-08 06:59:04.914491,63,0.07,Completed,58.589999999999996
1094,397,44,2025-03-08 08:26:29.918991,6,0.05,Completed,5.699999999999999
1095,489,27,2025-03-08 09:53:54.923492,95,0.14,Pending,81.7
1096,39,49,2025-03-08 11:21:19.927992,15,0.24,Pending,11.4
1097,271,36,2025-03-08 12:48:44.932493,71,0.09,Completed,64.61
1098,375,23,2025-03-08 14:16:09.936993,43,0.15,Pending,36.55
1099,285,32,2025-03-08 15:43:34.941494,94,0.18,Cancelled,77.08000000000001
1100,157,10,2025-03-08 17:10:59.945994,91,0.14,Completed,78.26
1101,75,11,2025-03-08 18:38:24.950495,81,0.06,Pending,76.14
1102,372,38,2025-03-08 20:05:49.954995,18,0.28,Completed,12.959999999999999
1103,288,6,2025-03-08 21:33:14.959495,22,0.17,Completed,18.259999999999998
1104,130,41,2025-03-08 23:00:39.963996,61,0.22,Completed,47.58
1105,175,47,2025-03-09 00:28:04.968496,61,0.19,Completed,49.410000000000004
1106,462,34,2025-03-09 01:55:29.972997,53,0.3,Pending,37.099999999999994
1107,84,36,2025-03-09 03:22:54.977497,26,0.14,Completed,22.36
1108,22,37,2025-03-09 04:50:19.981998,91,0.13,Completed,79.17
1109,459,17,2025-03-09 06:17:44.986498,40,0.11,Pending,35.6
1110,27,40,2025-03-09 07:45:09.990999,88,0.11,Pending,78.32000000000001
1111,195,40,2025-03-09 09:12:34.995499,8,0.08,Completed,7.36
1112,337,12,2025-03-09 10:40:00.000000,21,0.29,Pending,14.91
1113,382,21,2025-03-09 12:07:25.004500,93,0.26,Completed,68.82
1114,236,40,2025-03-09 13:34:50.009000,43,0.1,Completed,38.7
1115,440,19,2025-03-09 15:02:15.013501,21,0.09,Completed,19.11
1116,92,3,2025-03-09 16:29:40.018001,3,0.03,Completed,2.91
1117,477,18,2025-03-09 17:57:05.022502,31,0.26,Completed,22.94
1118,21,19,2025-03-09 19:24:30.027002,27,0.11,Completed,24.03
1119,303,47,2025-03-09 20:51:55.031503,27,0.17,Completed,22.41
1120,464,6,2025-03-09 22:19:20.036003,73,0.27,Completed,53.29
1121,357,16,2025-03-09 23:46:45.040504,57,0.12,Pending,50.160000000000004
1122,443,8,2025-03-10 01:14:10.045004,97,0.24,Cancelled,73.72
1123,84,48,2025-03-10 02:41:35.049504,33,0.13,Completed,28.71
1124,262,18,2025-03-10 04:09:00.054005,90,0.21,Completed,71.10000000000001
1125,147,48,2025-03-10 05:36:25.058505,92,0.13,Completed,80.04
1126,441,43,2025-03-10 07:03:50.063006,44,0.12,Completed,38.72
1127,453,39,2025-03-10 08:31:15.067506,43,0.3,Completed,30.099999999999998
1128,387,49,2025-03-10 09:58:40.072007,31,0.18,Pending,25.42
1129,257,49,2025-03-10 11:26:05.076507,65,0.11,Completed,57.85
1130,58,12,2025-03-10 12:53:30.081008,84,0.08,Pending,77.28
1131,380,45,2025-03-10 14:20:55.085508,76,0.01,Completed,75.24
1132,422,10,2025-03-10 15:48:20.090009,17,0.21,Completed,13.43
1133,15,7,2025-03-10 17:15:45.094509,15,0.11,Completed,13.35
1134,162,46,2025-03-10 18:43:10.099009,34,0.25,Completed,25.5
1135,445,1,2025-03-10 20:10:35.103510,80,0.11,Completed,71.2
1136,163,49,2025-03-10 21:38:00.108010,4,0.11,Completed,3.56
1137,320,36,2025-03-10 23:05:25.112511,72,0.23,Completed,55.44
1138,497,21,2025-03-11 00:32:50.117011,98,0.15,Pending,83.3
1139,281,37,2025-03-11 02:00:15.121512,89,0.27,Completed,64.97
1140,280,24,2025-03-11 03:27:40.126012,79,0.18,Completed,64.78
1141,12,25,2025-03-11 04:55:05.130513,28,0.07,Completed,26.04
1142,274,7,2025-03-11 06:22:30.135013,73,0.17,Completed,60.589999999999996
1143,271,42,2025-03-11 07:49:55.139513,2,0.0,Completed,2.0
1144,492,17,2025-03-11 09:17:20.144014,17,0.09,Pending,15.47
1145,208,29,2025-03-11 10:44:45.148514,58,0.06,Completed,54.519999999999996
1146,27,30,2025-03-11 12:12:10.153015,74,0.2,Completed,59.2
1147,72,7,2025-03-11 13:39:35.157515,9,0.04,Completed,8.64
1148,60,33,2025-03-11 15:07:00.162016,31,0.09,Completed,28.21
1149,430,7,2025-03-11 16:34:25.166516,66,0.1,Completed,59.4
1150,473,24,2025-03-11 18:01:50.171017,88,0.0,Cancelled,88.0
1151,145,11,2025-03-11 19:29:15.175517,62,0.01,Completed,61.38
1152,93,9,2025-03-11 20:56:40.180018,19,0.09,Completed,17.29
1153,309,12,2025-03-11 22:24:05.184518,81,0.07,Completed,75.33
1154,8,35,2025-03-11 23:51:30.189018,74,0.04,Completed,71.03999999999999
1155,79,4,2025-03-12 01:18:55.193519,55,0.05,Completed,52.25
1156,27,36,2025-03-12 02:46:20.198019,28,0.25,Completed,21.0
1157,174,28,2025-03-12 04:13:45.202520,92,0.2,Completed,73.60000000000001
1158,50,13,2025-03-12 05:41:10.207020,50,0.15,Completed,42.5
1159,500,23,2025-03-12 07:08:35.211521,65,0.27,Completed,47.449999999999996
1160,199,19,2025-03-12 08:36:00.216021,3,0.01,Pending,2.9699999999999998
1161,387,42,2025-03-12 10:03:25.220522,79,0.1,Completed,71.10000000000001
1162,349,37,2025-03-12 11:30:50.225022,52,0.25,Completed,39.0
1163,448,39,2025-03-12 12:58:15.229522,10,0.19,Completed,8.100000000000001
1164,428,24,2025-03-12 14:25:40.234023,21,0.29,Completed,14.91
1165,181,16,2025-03-12 15:53:05.238523,37,0.28,Completed,26.64
1166,24,33,2025-03-12 17:20:30.243024,15,0.05,Completed,14.25
1167,316,12,2025-03-12 18:47:55.247524,87,0.29,Completed,61.769999999999996
1168,378,34,2025-03-12 20:15:20.252025,78,0.28,Completed,56.16
1169,387,7,2025-03-12 21:42:45.256525,79,0.11,Completed,70.31
1170,404,11,2025-03-12 23:10:10.261026,74,0.29,Completed,52.54
1171,46,31,2025-03-13 00:37:35.265526,9,0.01,Completed,8.91
1172,15,29,2025-03-13 02:05:00.270027,44,0.2,Completed,35.2
1173,153,13,2025-03-13 03:32:25.274527,39,0.08,Completed,35.88
1174,222,31,2025-03-13 04:59:50.279027,5,0.04,Completed,4.8
1175,206,2,2025-03-13 06:27:15.283528,25,0.17,Completed,20.75
1176,455,39,2025-03-13 07:54:40.288028,56,0.09,Completed,50.96
1177,273,15,2025-03-13 09:22:05.292529,90,0.2,Completed,72.0
1178,382,11,2025-03-13 10:49:30.297029,64,0.16,Completed,53.76
1179,236,34,2025-03-13 12:16:55.301530,72,0.12,Cancelled,63.36
1180,340,39,2025-03-13 13:44:20.306030,86,0.05,Completed,81.7
1181,228,4,2025-03-13 15:11:45.310531,52,0.18,Completed,42.64
1182,9,11,2025-03-13 16:39:10.315031,89,0.25,Pending,66.75
1183,166,29,2025-03-13 18:06:35.319531,76,0.18,Completed,62.32000000000001
1184,432,2,2025-03-13 19:34:00.324032,9,0.18,Completed,7.380000000000001
1185,444,16,2025-03-13 21:01:25.328532,10,0.15,Completed,8.5
1186,319,39,2025-03-13 22:28:50.333033,10,0.12,Pending,8.8
1187,214,13,2025-03-13 23:56:15.337533,73,0.14,Completed,62.78
1188,117,37,2025-03-14 01:23:40.342034,62,0.3,Completed,43.4
1189,386,17,2025-03-14 02:51:05.346534,90,0.22,Completed,70.2
1190,344,21,2025-03-14 04:18:30.351035,99,0.13,Completed,86.13
1191,72,44,2025-03-14 05:45:55.355535,91,0.14,Completed,78.26
1192,395,19,2025-03-14 07:13:20.360036,60,0.15,Completed,51.0
1193,64,7,2025-03-14 08:40:45.364536,95,0.2,Completed,76.0
1194,205,38,2025-03-14 10:08:10.369036,19,0.14,Completed,16.34
1195,209,8,2025-03-14 11:35:35.373537,38,0.21,Pending,30.020000000000003
1196,72,13,2025-03-14 13:03:00.378037,6,0.1,Completed,5.4
1197,277,37,2025-03-14 14:30:25.382538,15,0.12,Completed,13.2
1198,274,2,2025-03-14 15:57:50.387038,93,0.26,Completed,68.82
1199,478,41,2025-03-14 17:25:15.391539,47,0.1,Completed,42.300000000000004
1200,320,11,2025-03-14 18:52:40.396039,45,0.29,Pending,31.95
1201,338,24,2025-03-14 20:20:05.400540,5,0.05,Completed,4.75
1202,366,6,2025-03-14 21:47:30.405040,78,0.07,Completed,72.53999999999999
1203,495,26,2025-03-14 23:14:55.409540,53,0.14,Completed,45.58
1204,95,7,2025-03-15 00:42:20.414041,66,0.24,Completed,50.160000000000004
1205,166,39,2025-03-15 02:09:45.418541,62,0.22,Completed,48.36
1206,32,19,2025-03-15 03:37:10.423042,23,0.05,Completed,21.849999999999998
1207,11,6,2025-03-15 05:04:35.427542,44,0.07,Completed,40.919999999999995
1208,301,43,2025-03-15 06:32:00.432043,52,0.17,Completed,43.16
1209,217,29,2025-03-15 07:59:25.436543,46,0.09,Completed,41.86
1210,289,43,2025-03-15 09:26:50.441044,19,0.13,Pending,16.53
1211,102,39,2025-03-15 10:54:15.445544,88,0.15,Completed,74.8
1212,425,2,2025-03-15 12:21:40.450045,84,0.18,Completed,68.88000000000001
1213,392,19,2025-03-15 13:49:05.454545,47,0.08,Completed,43.24
1214,267,4,2025-03-15 15:16:30.459045,91,0.05,Completed,86.45
1215,214,6,2025-03-15 16:43:55.463546,52,0.12,Pending,45.76
1216,179,49,2025-03-15 18:11:20.468046,24,0.02,Completed,23.52
1217,88,37,2025-03-15 19:38:45.472547,17,0.16,Completed,14.28
1218,41,28,2025-03-15 21:06:10.477047,89,0.25,Pending,66.75
1219,401,30,2025-03-15 22:33:35.481548,46,0.04,Pending,44.16
1220,76,7,2025-03-16 00:01:00.486048,64,0.03,Completed,62.08
1221,377,9,2025-03-16 01:28:25.490549,95,0.02,Completed,93.1
1222,46,25,2025-03-16 02:55:50.495049,28,0.25,Completed,21.0
1223,160,33,2025-03-16 04:23:15.499549,50,0.02,Completed,49.0
1224,463,1,2025-03-16 05:50:40.504050,64,0.3,Completed,44.8
1225,80,6,2025-03-16 07:18:05.508550,28,0.11,Completed,24.92
1226,310,18,2025-03-16 08:45:30.513051,86,0.1,Pending,77.4
1227,86,10,2025-03-16 10:12:55.517551,56,0.03,Completed,54.32
1228,92,28,2025-03-16 11:40:20.522052,59,0.18,Completed,48.38
1229,148,11,2025-03-16 13:07:45.526552,5,0.18,Completed,4.1000000000000005
1230,161,33,2025-03-16 14:35:10.531053,54,0.15,Completed,45.9
1231,202,1,2025-03-16 16:02:35.535553,44,0.09,Completed,40.04
1232,424,13,2025-03-16 17:30:00.540054,42,0.11,Completed,37.38
1233,416,37,2025-03-16 18:57:25.544554,72,0.1,Pending,64.8
1234,242,20,2025-03-16 20:24:50.549054,92,0.13,Completed,80.04
1235,353,1,2025-03-16 21:52:15.553555,57,0.1,Completed,51.300000000000004
1236,2,3,2025-03-16 23:19:40.558055,47,0.2,Completed,37.6
1237,225,18,2025-03-17 00:47:05.562556,76,0.09,Pending,69.16
1238,289,41,2025-03-17 02:14:30.567056,25,0.11,Completed,22.25
1239,233,14,2025-03-17 03:41:55.571557,44,0.13,Cancelled,38.28
1240,461,31,2025-03-17 05:09:20.576057,15,0.0,Completed,15.0
1241,414,27,2025-03-17 06:36:45.580558,51,0.15,Completed,43.35
1242,417,17,2025-03-17 08:04:10.585058,53,0.08,Completed,48.760000000000005
1243,77,46,2025-03-17 09:31:35.589558,34,0.02,Completed,33.32
1244,116,29,2025-03-17 10:59:00.594059,77,0.27,Completed,56.21
1245,154,36,2025-03-17 12:26:25.598559,8,0.1,Pending,7.2
1246,406,37,2025-03-17 13:53:50.603060,77,0.13,Completed,66.99
1247,103,26,2025-03-17 15:21:15.607560,100,0.25,Completed,75.0
1248,194,17,2025-03-17 16:48:40.612061,70,0.05,Completed,66.5
1249,166,22,2025-03-17 18:16:05.616561,96,0.26,Completed,71.03999999999999
1250,359,25,2025-03-17 19:43:30.621062,21,0.07,Completed,19.529999999999998
1251,90,2,2025-03-17 21:10:55.625562,7,0.18,Completed,5.74
1252,174,22,2025-03-17 22:38:20.630063,90,0.21,Completed,71.10000000000001
1253,122,5,2025-03-18 00:05:45.634563,79,0.27,Completed,57.67
1254,498,4,2025-03-18 01:33:10.639063,56,0.18,Completed,45.92
1255,143,36,2025-03-18 03:00:35.643564,49,0.14,Completed,42.14
1256,482,6,2025-03-18 04:28:00.648064,42,0.17,Completed,34.86
1257,106,21,2025-03-18 05:55:25.652565,23,0.06,Completed,21.619999999999997
1258,375,13,2025-03-18 07:22:50.657065,52,0.21,Completed,41.08
1259,428,37,2025-03-18 08:50:15.661566,79,0.06,Completed,74.25999999999999
1260,305,25,2025-03-18 10:17:40.666066,53,0.17,Pending,43.989999999999995
1261,360,26,2025-03-18 11:45:05.670567,16,0.19,Completed,12.96
1262,459,39,2025-03-18 13:12:30.675067,96,0.27,Completed,70.08
1263,317,20,2025-03-18 14:39:55.679567,37,0.14,Completed,31.82
1264,451,33,2025-03-18 16:07:20.684068,18,0.23,Completed,13.86
1265,123,14,2025-03-18 17:34:45.688568,20,0.05,Completed,19.0
1266,390,36,2025-03-18 19:02:10.693069,46,0.05,Completed,43.699999999999996
1267,9,17,2025-03-18 20:29:35.697569,2,0.16,Completed,1.68
1268,262,21,2025-03-18 21:57:00.702070,87,0.18,Cancelled,71.34
1269,73,46,2025-03-18 23:24:25.706570,94,0.19,Completed,76.14
1270,359,16,2025-03-19 00:51:50.711071,63,0.22,Completed,49.14
1271,223,46,2025-03-19 02:19:15.715571,3,0.09,Pending,2.73
1272,416,16,2025-03-19 03:46:40.720072,46,0.19,Completed,37.260000000000005
1273,41,20,2025-03-19 05:14:05.724572,49,0.06,Cancelled,46.059999999999995
1274,370,29,2025-03-19 06:41:30.729072,1,0.07,Pending,0.9299999999999999
1275,204,28,2025-03-19 08:08:55.733573,22,0.02,Pending,21.56
1276,264,8,2025-03-19 09:36:20.738073,93,0.22,Completed,72.54
1277,328,24,2025-03-19 11:03:45.742574,14,0.15,Completed,11.9
1278,178,3,2025-03-19 12:31:10.747074,92,0.07,Pending,85.55999999999999
1279,348,25,2025-03-19 13:58:35.751575,85,0.17,Pending,70.55
1280,318,19,2025-03-19 15:26:00.756075,45,0.11,Pending,40.05
1281,84,33,2025-03-19 16:53:25.760576,96,0.25,Pending,72.0
1282,318,2,2025-03-19 18:20:50.765076,6,0.16,Completed,5.04
1283,111,15,2025-03-19 19:48:15.769576,65,0.01,Completed,64.35
1284,251,22,2025-03-19 21:15:40.774077,21,0.3,Completed,14.7
1285,383,10,2025-03-19 22:43:05.778577,4,0.02,Completed,3.92
1286,7,18,2025-03-20 00:10:30.783078,3,0.21,Completed,2.37
1287,459,22,2025-03-20 01:37:55.787578,30,0.13,Completed,26.1
1288,84,46,2025-03-20 03:05:20.792079,31,0.07,Completed,28.83
1289,208,49,2025-03-20 04:32:45.796579,34,0.2,Completed,27.200000000000003
1290,388,27,2025-03-20 06:00:10.801080,83,0.04,Cancelled,79.67999999999999
1291,390,13,2025-03-20 07:27:35.805580,20,0.26,Completed,14.8
1292,314,33,2025-03-20 08:55:00.810081,87,0.08,Completed,80.04
1293,22,5,2025-03-20 10:22:25.814581,54,0.11,Completed,48.06
1294,410,26,2025-03-20 11:49:50.819081,25,0.19,Pending,20.25
1295,383,13,2025-03-20 13:17:15.823582,15,0.0,Completed,15.0
1296,3,27,2025-03-20 14:44:40.828082,38,0.14,Completed,32.68
1297,127,14,2025-03-20 16:12:05.832583,23,0.27,Completed,16.79
1298,297,24,2025-03-20 17:39:30.837083,52,0.2,Completed,41.6
1299,188,3,2025-03-20 19:06:55.841584,66,0.12,Completed,58.08
1300,362,47,2025-03-20 20:34:20.846084,57,0.2,Completed,45.6
1301,14,49,2025-03-20 22:01:45.850585,57,0.28,Pending,41.04
1302,459,30,2025-03-20 23:29:10.855085,79,0.06,Completed,74.25999999999999
1303,466,35,2025-03-21 00:56:35.859585,52,0.16,Completed,43.68
1304,12,48,2025-03-21 02:24:00.864086,35,0.07,Completed,32.55
1305,87,14,2025-03-21 03:51:25.868586,74,0.26,Completed,54.76
1306,12,12,2025-03-21 05:18:50.873087,14,0.22,Completed,10.92
1307,397,28,2025-03-21 06:46:15.877587,91,0.24,Completed,69.16
1308,25,44,2025-03-21 08:13:40.882088,14,0.28,Pending,10.08
1309,301,29,2025-03-21 09:41:05.886588,99,0.07,Completed,92.07
1310,243,43,2025-03-21 11:08:30.891089,33,0.01,Cancelled,32.67
1311,122,17,2025-03-21 12:35:55.895589,52,0.09,Pending,47.32
1312,147,40,2025-03-21 14:03:20.900090,1,0.12,Completed,0.88
1313,55,49,2025-03-21 15:30:45.904590,34,0.19,Completed,27.540000000000003
1314,238,21,2025-03-21 16:58:10.909090,19,0.24,Completed,14.44
1315,356,23,2025-03-21 18:25:35.913591,24,0.1,Completed,21.6
1316,173,20,2025-03-21 19:53:00.918091,4,0.14,Completed,3.44
1317,392,11,2025-03-21 21:20:25.922592,36,0.24,Completed,27.36
1318,221,34,2025-03-21 22:47:50.927092,77,0.07,Pending,71.61
1319,119,10,2025-03-22 00:15:15.931593,58,0.07,Completed,53.94
1320,309,10,2025-03-22 01:42:40.936093,32,0.18,Completed,26.240000000000002
1321,183,43,2025-03-22 03:10:05.940594,9,0.13,Completed,7.83
1322,288,6,2025-03-22 04:37:30.945094,80,0.28,Pending,57.599999999999994
1323,307,36,2025-03-22 06:04:55.949594,67,0.11,Completed,59.63
1324,300,24,2025-03-22 07:32:20.954095,20,0.23,Completed,15.4
1325,82,12,2025-03-22 08:59:45.958595,74,0.17,Completed,61.419999999999995
1326,454,43,2025-03-22 10:27:10.963096,62,0.02,Completed,60.76
1327,402,23,2025-03-22 11:54:35.967596,58,0.03,Cancelled,56.26
1328,211,27,2025-03-22 13:22:00.972097,22,0.06,Completed,20.68
1329,150,45,2025-03-22 14:49:25.976597,67,0.04,Completed,64.32
1330,37,37,2025-03-22 16:16:50.981098,75,0.1,Completed,67.5
1331,352,6,2025-03-22 17:44:15.985598,89,0.17,Pending,73.86999999999999
1332,312,1,2025-03-22 19:11:40.990099,48,0.18,Completed,39.36
1333,361,6,2025-03-22 20:39:05.994599,8,0.18,Completed,6.5600000000000005
1334,59,50,2025-03-22 22:06:30.999099,73,0.04,Completed,70.08
1335,131,22,2025-03-22 23:33:56.003600,15,0.18,Completed,12.3
1336,412,41,2025-03-23 01:01:21.008100,32,0.12,Completed,28.16
1337,202,24,2025-03-23 02:28:46.012601,53,0.27,Completed,38.69
1338,243,25,2025-03-23 03:56:11.017101,67,0.27,Completed,48.91
1339,35,15,2025-03-23 05:23:36.021602,4,0.23,Completed,3.08
1340,445,26,2025-03-23 06:51:01.026102,30,0.21,Pending,23.700000000000003
1341,93,8,2025-03-23 08:18:26.030603,13,0.03,Completed,12.61
1342,438,24,2025-03-23 09:45:51.035103,21,0.03,Completed,20.37
1343,447,48,2025-03-23 11:13:16.039603,41,0.25,Completed,30.75
1344,207,38,2025-03-23 12:40:41.044104,19,0.13,Completed,16.53
1345,353,6,2025-03-23 14:08:06.048604,48,0.14,Completed,41.28
1346,391,35,2025-03-23 15:35:31.053105,86,0.25,Pending,64.5
1347,332,42,2025-03-23 17:02:56.057605,63,0.19,Completed,51.03
1348,305,1,2025-03-23 18:30:21.062106,20,0.05,Completed,19.0
1349,350,46,2025-03-23 19:57:46.066606,64,0.06,Completed,60.16
1350,213,36,2025-03-23 21:25:11.071107,37,0.0,Completed,37.0
1351,159,12,2025-03-23 22:52:36.075607,31,0.21,Completed,24.490000000000002
1352,442,38,2025-03-24 00:20:01.080108,74,0.15,Cancelled,62.9
1353,445,11,2025-03-24 01:47:26.084608,18,0.28,Pending,12.959999999999999
1354,24,12,2025-03-24 03:14:51.089108,20,0.21,Pending,15.8
1355,404,42,2025-03-24 04:42:16.093609,82,0.03,Completed,79.53999999999999
1356,293,50,2025-03-24 06:09:41.098109,11,0.05,Cancelled,10.45
1357,4,39,2025-03-24 07:37:06.102610,86,0.15,Completed,73.1
1358,220,7,2025-03-24 09:04:31.107110,44,0.28,Pending,31.68
1359,364,11,2025-03-24 10:31:56.111611,82,0.07,Completed,76.25999999999999
1360,382,36,2025-03-24 11:59:21.116111,64,0.25,Completed,48.0
1361,20,31,2025-03-24 13:26:46.120612,34,0.09,Pending,30.94
1362,444,33,2025-03-24 14:54:11.125112,87,0.08,Completed,80.04
1363,152,13,2025-03-24 16:21:36.129612,65,0.27,Cancelled,47.449999999999996
1364,50,18,2025-03-24 17:49:01.134113,55,0.01,Completed,54.45
1365,177,41,2025-03-24 19:16:26.138613,74,0.2,Cancelled,59.2
1366,435,24,2025-03-24 20:43:51.143114,1,0.01,Completed,0.99
1367,96,9,2025-03-24 22:11:16.147614,38,0.24,Completed,28.88
1368,105,31,2025-03-24 23:38:41.152115,9,0.25,Completed,6.75
1369,420,41,2025-03-25 01:06:06.156615,95,0.27,Completed,69.35
1370,250,10,2025-03-25 02:33:31.161116,71,0.06,Completed,66.74
1371,117,2,2025-03-25 04:00:56.165616,17,0.04,Completed,16.32
1372,354,38,2025-03-25 05:28:21.170117,99,0.15,Completed,84.14999999999999
1373,228,15,2025-03-25 06:55:46.174617,52,0.08,Completed,47.84
1374,66,3,2025-03-25 08:23:11.179117,18,0.18,Completed,14.760000000000002
1375,335,43,2025-03-25 09:50:36.183618,63,0.15,Completed,53.55
1376,418,31,2025-03-25 11:18:01.188118,33,0.04,Completed,31.68
1377,420,6,2025-03-25 12:45:26.192619,4,0.22,Completed,3.12
1378,262,3,2025-03-25 14:12:51.197119,87,0.24,Cancelled,66.12
1379,295,11,2025-03-25 15:40:16.201620,75,0.29,Completed,53.25
1380,426,15,2025-03-25 17:07:41.206120,52,0.12,Completed,45.76
1381,243,45,2025-03-25 18:35:06.210621,9,0.1,Completed,8.1
1382,371,28,2025-03-25 20:02:31.215121,64,0.06,Completed,60.16
1383,186,10,2025-03-25 21:29:56.219621,30,0.05,Completed,28.5
1384,246,38,2025-03-25 22:57:21.224122,8,0.1,Completed,7.2
1385,125,47,2025-03-26 00:24:46.228622,5,0.29,Completed,3.55
1386,268,50,2025-03-26 01:52:11.233123,76,0.03,Pending,73.72
1387,131,50,2025-03-26 03:19:36.237623,63,0.08,Pending,57.96
1388,237,7,2025-03-26 04:47:01.242124,1,0.03,Pending,0.97
1389,18,15,2025-03-26 06:14:26.246624,15,0.08,Completed,13.8
1390,40,18,2025-03-26 07:41:51.251125,89,0.03,Completed,86.33
1391,21,18,2025-03-26 09:09:16.255625,82,0.15,Completed,69.7
1392,399,41,2025-03-26 10:36:41.260126,38,0.13,Completed,33.06
1393,225,24,2025-03-26 12:04:06.264626,42,0.05,Completed,39.9
1394,355,2,2025-03-26 13:31:31.269126,46,0.05,Completed,43.699999999999996
1395,282,40,2025-03-26 14:58:56.273627,53,0.19,Completed,42.93
1396,8,20,2025-03-26 16:26:21.278127,26,0.12,Completed,22.88
1397,100,34,2025-03-26 17:53:46.282628,61,0.02,Completed,59.78
1398,240,43,2025-03-26 19:21:11.287128,67,0.28,Completed,48.239999999999995
1399,478,26,2025-03-26 20:48:36.291629,54,0.12,Completed,47.52
1400,87,7,2025-03-26 22:16:01.296129,22,0.18,Completed,18.040000000000003
1401,298,38,2025-03-26 23:43:26.300630,26,0.27,Completed,18.98
1402,428,30,2025-03-27 01:10:51.305130,83,0.12,Completed,73.04
1403,14,42,2025-03-27 02:38:16.309630,60,0.25,Completed,45.0
1404,334,5,2025-03-27 04:05:41.314131,39,0.27,Completed,28.47
1405,2,11,2025-03-27 05:33:06.318631,36,0.05,Completed,34.199999999999996
1406,375,1,2025-03-27 07:00:31.323132,21,0.27,Completed,15.33
1407,293,34,2025-03-27 08:27:56.327632,41,0.04,Completed,39.36
1408,325,1,2025-03-27 09:55:21.332133,48,0.08,Completed,44.160000000000004
1409,422,19,2025-03-27 11:22:46.336633,26,0.24,Completed,19.76
1410,493,2,2025-03-27 12:50:11.341134,63,0.27,Completed,45.99
1411,41,21,2025-03-27 14:17:36.345634,77,0.21,Completed,60.830000000000005
1412,318,20,2025-03-27 15:45:01.350135,36,0.03,Completed,34.92
1413,316,23,2025-03-27 17:12:26.354635,24,0.16,Completed,20.16
1414,381,21,2025-03-27 18:39:51.359135,90,0.17,Completed,74.7
1415,111,24,2025-03-27 20:07:16.363636,21,0.08,Completed,19.32
1416,14,4,2025-03-27 21:34:41.368136,18,0.3,Completed,12.6
1417,231,12,2025-03-27 23:02:06.372637,15,0.1,Completed,13.5
1418,473,22,2025-03-28 00:29:31.377137,79,0.06,Completed,74.25999999999999
1419,84,20,2025-03-28 01:56:56.381638,6,0.03,Completed,5.82
1420,130,18,2025-03-28 03:24:21.386138,43,0.11,Completed,38.27
1421,231,1,2025-03-28 04:51:46.390639,31,0.21,Completed,24.490000000000002
1422,326,30,2025-03-28 06:19:11.395139,28,0.07,Completed,26.04
1423,145,33,2025-03-28 07:46:36.399639,8,0.23,Pending,6.16
1424,379,24,2025-03-28 09:14:01.404140,29,0.04,Completed,27.84
1425,345,14,2025-03-28 10:41:26.408640,21,0.13,Completed,18.27
1426,28,36,2025-03-28 12:08:51.413141,81,0.21,Cancelled,63.99
1427,66,5,2025-03-28 13:36:16.417641,88,0.04,Completed,84.47999999999999
1428,163,11,2025-03-28 15:03:41.422142,58,0.18,Completed,47.56
1429,229,24,2025-03-28 16:31:06.426642,60,0.24,Completed,45.6
1430,261,31,2025-03-28 17:58:31.431143,50,0.18,Completed,41.0
1431,449,13,2025-03-28 19:25:56.435643,100,0.15,Completed,85.0
1432,424,16,2025-03-28 20:53:21.440144,31,0.25,Completed,23.25
1433,460,24,2025-03-28 22:20:46.444644,47,0.3,Completed,32.9
1434,440,13,2025-03-28 23:48:11.449144,34,0.05,Completed,32.3
1435,164,24,2025-03-29 01:15:36.453645,2,0.21,Completed,1.58
1436,301,26,2025-03-29 02:43:01.458145,67,0.02,Pending,65.66
1437,407,2,2025-03-29 04:10:26.462646,94,0.01,Pending,93.06
1438,303,16,2025-03-29 05:37:51.467146,72,0.08,Completed,66.24000000000001
1439,287,38,2025-03-29 07:05:16.471647,52,0.29,Completed,36.92
1440,395,46,2025-03-29 08:32:41.476147,7,0.17,Completed,5.81
1441,10,1,2025-03-29 10:00:06.480648,76,0.08,Completed,69.92
1442,195,49,2025-03-29 11:27:31.485148,19,0.04,Cancelled,18.24
1443,118,11,2025-03-29 12:54:56.489648,90,0.28,Pending,64.8
1444,270,35,2025-03-29 14:22:21.494149,92,0.11,Completed,81.88
1445,80,43,2025-03-29 15:49:46.498649,15,0.09,Completed,13.65
1446,458,29,2025-03-29 17:17:11.503150,78,0.26,Completed,57.72
1447,93,37,2025-03-29 18:44:36.507650,48,0.18,Completed,39.36
1448,266,17,2025-03-29 20:12:01.512151,14,0.05,Completed,13.299999999999999
1449,332,39,2025-03-29 21:39:26.516651,3,0.13,Completed,2.61
1450,350,42,2025-03-29 23:06:51.521152,50,0.28,Pending,36.0
1451,361,28,2025-03-30 00:34:16.525652,93,0.27,Completed,67.89
1452,257,29,2025-03-30 02:01:41.530153,54,0.02,Pending,52.92
1453,133,43,2025-03-30 03:29:06.534653,6,0.08,Completed,5.5200000000000005
1454,276,3,2025-03-30 04:56:31.539153,49,0.05,Pending,46.55
1455,264,10,2025-03-30 06:23:56.543654,23,0.16,Completed,19.32
1456,171,42,2025-03-30 07:51:21.548154,92,0.22,Completed,71.76
1457,460,14,2025-03-30 09:18:46.552655,78,0.09,Pending,70.98
1458,1,12,2025-03-30 10:46:11.557155,78,0.23,Completed,60.06
1459,313,47,2025-03-30 12:13:36.561656,20,0.2,Completed,16.0
1460,64,42,2025-03-30 13:41:01.566156,77,0.22,Completed,60.06
1461,374,30,2025-03-30 15:08:26.570657,91,0.28,Cancelled,65.52
1462,468,32,2025-03-30 16:35:51.575157,60,0.13,Completed,52.2
1463,284,32,2025-03-30 18:03:16.579657,99,0.1,Completed,89.10000000000001
1464,121,42,2025-03-30 19:30:41.584158,45,0.21,Pending,35.550000000000004
1465,107,32,2025-03-30 20:58:06.588658,61,0.24,Completed,46.36
1466,421,26,2025-03-30 22:25:31.593159,56,0.06,Cancelled,52.64
1467,175,1,2025-03-30 23:52:56.597659,2,0.25,Completed,1.5
1468,485,42,2025-03-31 01:20:21.602160,45,0.02,Completed,44.1
1469,204,2,2025-03-31 02:47:46.606660,40,0.0,Completed,40.0
1470,165,17,2025-03-31 04:15:11.611161,24,0.05,Completed,22.799999999999997
1471,305,30,2025-03-31 05:42:36.615661,29,0.29,Completed,20.59
1472,497,39,2025-03-31 07:10:01.620162,67,0.16,Completed,56.28
1473,120,7,2025-03-31 08:37:26.624662,68,0.01,Pending,67.32
1474,44,27,2025-03-31 10:04:51.629162,66,0.3,Pending,46.199999999999996
1475,312,9,2025-03-31 11:32:16.633663,84,0.22,Completed,65.52
1476,156,22,2025-03-31 12:59:41.638163,54,0.25,Completed,40.5
1477,367,34,2025-03-31 14:27:06.642664,53,0.06,Completed,49.82
1478,207,46,2025-03-31 15:54:31.647164,79,0.03,Completed,76.63
1479,390,49,2025-03-31 17:21:56.651665,49,0.15,Completed,41.65
1480,108,1,2025-03-31 18:49:21.656165,32,0.23,Completed,24.64
1481,251,9,2025-03-31 20:16:46.660666,61,0.19,Completed,49.410000000000004
1482,445,20,2025-03-31 21:44:11.665166,42,0.19,Completed,34.02
1483,404,19,2025-03-31 23:11:36.669666,1,0.23,Completed,0.77
1484,370,36,2025-04-01 00:39:01.674167,63,0.07,Completed,58.589999999999996
1485,334,40,2025-04-01 02:06:26.678667,35,0.2,Completed,28.0
1486,130,45,2025-04-01 03:33:51.683168,51,0.12,Completed,44.88
1487,457,4,2025-04-01 05:01:16.687668,71,0.02,Completed,69.58
1488,293,9,2025-04-01 06:28:41.692169,45,0.06,Completed,42.3
1489,20,41,2025-04-01 07:56:06.696669,77,0.24,Completed,58.52
1490,282,22,2025-04-01 09:23:31.701170,65,0.27,Completed,47.449999999999996
1491,285,18,2025-04-01 10:50:56.705670,14,0.08,Pending,12.88
1492,1,12,2025-04-01 12:18:21.710171,93,0.06,Completed,87.42
1493,119,42,2025-04-01 13:45:46.714671,3,0.01,Completed,2.9699999999999998
1494,35,43,2025-04-01 15:13:11.719171,24,0.28,Completed,17.28
1495,198,39,2025-04-01 16:40:36.723672,65,0.21,Completed,51.35
1496,485,9,2025-04-01 18:08:01.728172,48,0.29,Completed,34.08
1497,245,6,2025-04-01 19:35:26.732673,10,0.26,Completed,7.4
1498,59,19,2025-04-01 21:02:51.737173,13,0.1,Completed,11.700000000000001
1499,325,48,2025-04-01 22:30:16.741674,100,0.03,Completed,97.0
1500,161,47,2025-04-01 23:57:41.746174,73,0.15,Completed,62.05
1501,497,7,2025-04-02 01:25:06.750675,14,0.01,Pending,13.86
1502,179,16,2025-04-02 02:52:31.755175,100,0.04,Completed,96.0
1503,206,5,2025-04-02 04:19:56.759675,10,0.07,Completed,9.299999999999999
1504,12,16,2025-04-02 05:47:21.764176,40,0.2,Completed,32.0
1505,490,1,2025-04-02 07:14:46.768676,23,0.15,Completed,19.55
1506,276,37,2025-04-02 08:42:11.773177,99,0.09,Completed,90.09
1507,181,39,2025-04-02 10:09:36.777677,55,0.17,Completed,45.65
1508,242,19,2025-04-02 11:37:01.782178,63,0.04,Completed,60.48
1509,216,37,2025-04-02 13:04:26.786678,71,0.23,Pending,54.67
1510,251,17,2025-04-02 14:31:51.791179,42,0.21,Completed,33.18
1511,299,26,2025-04-02 15:59:16.795679,99,0.06,Completed,93.05999999999999
1512,126,22,2025-04-02 17:26:41.800180,66,0.18,Completed,54.120000000000005
1513,482,8,2025-04-02 18:54:06.804680,79,0.15,Pending,67.14999999999999
1514,217,33,2025-04-02 20:21:31.809180,73,0.02,Completed,71.53999999999999
1515,306,2,2025-04-02 21:48:56.813681,47,0.08,Cancelled,43.24
1516,285,30,2025-04-02 23:16:21.818181,81,0.3,Pending,56.699999999999996
1517,185,47,2025-04-03 00:43:46.822682,52,0.03,Completed,50.44
1518,39,20,2025-04-03 02:11:11.827182,18,0.15,Completed,15.299999999999999
1519,223,18,2025-04-03 03:38:36.831683,79,0.25,Pending,59.25
1520,184,43,2025-04-03 05:06:01.836183,18,0.09,Completed,16.38
1521,495,10,2025-04-03 06:33:26.840684,24,0.08,Pending,22.080000000000002
1522,427,24,2025-04-03 08:00:51.845184,23,0.27,Completed,16.79
1523,178,4,2025-04-03 09:28:16.849684,12,0.09,Completed,10.92
1524,407,37,2025-04-03 10:55:41.854185,23,0.2,Completed,18.400000000000002
1525,428,4,2025-04-03 12:23:06.858685,21,0.22,Completed,16.38
1526,294,13,2025-04-03 13:50:31.863186,64,0.24,Completed,48.64
1527,340,25,2025-04-03 15:17:56.867686,90,0.3,Completed,62.99999999999999
1528,151,13,2025-04-03 16:45:21.872187,72,0.24,Cancelled,54.72
1529,384,18,2025-04-03 18:12:46.876687,94,0.2,Completed,75.2
1530,126,24,2025-04-03 19:40:11.881188,34,0.27,Completed,24.82
1531,301,2,2025-04-03 21:07:36.885688,2,0.27,Completed,1.46
1532,308,48,2025-04-03 22:35:01.890189,69,0.29,Completed,48.989999999999995
1533,336,33,2025-04-04 00:02:26.894689,31,0.23,Pending,23.87
1534,434,19,2025-04-04 01:29:51.899189,97,0.06,Completed,91.17999999999999
1535,234,9,2025-04-04 02:57:16.903690,68,0.21,Completed,53.72
1536,380,28,2025-04-04 04:24:41.908190,70,0.02,Completed,68.6
1537,375,35,2025-04-04 05:52:06.912691,87,0.1,Completed,78.3
1538,8,39,2025-04-04 07:19:31.917191,19,0.03,Completed,18.43
1539,498,10,2025-04-04 08:46:56.921692,72,0.28,Completed,51.839999999999996
1540,341,1,2025-04-04 10:14:21.926192,13,0.1,Completed,11.700000000000001
1541,129,42,2025-04-04 11:41:46.930693,65,0.21,Completed,51.35
1542,264,21,2025-04-04 13:09:11.935193,6,0.17,Completed,4.9799999999999995
1543,157,9,2025-04-04 14:36:36.939693,71,0.03,Completed,68.87
1544,352,47,2025-04-04 16:04:01.944194,27,0.17,Completed,22.41
1545,358,15,2025-04-04 17:31:26.948694,79,0.2,Completed,63.2
1546,5,35,2025-04-04 18:58:51.953195,52,0.26,Completed,38.48
1547,495,5,2025-04-04 20:26:16.957695,98,0.02,Completed,96.03999999999999
1548,86,41,2025-04-04 21:53:41.962196,87,0.09,Completed,79.17
1549,175,22,2025-04-04 23:21:06.966696,48,0.21,Pending,37.92
1550,290,41,2025-04-05 00:48:31.971197,88,0.01,Completed,87.12
1551,193,23,2025-04-05 02:15:56.975697,79,0.06,Completed,74.25999999999999
1552,311,7,2025-04-05 03:43:21.980198,99,0.07,Completed,92.07
1553,119,23,2025-04-05 05:10:46.984698,68,0.2,Completed,54.400000000000006
1554,218,44,2025-04-05 06:38:11.989198,44,0.09,Completed,40.04
1555,427,25,2025-04-05 08:05:36.993699,17,0.18,Completed,13.940000000000001
1556,458,27,2025-04-05 09:33:01.998199,95,0.29,Completed,67.45
1557,414,41,2025-04-05 11:00:27.002700,38,0.24,Pending,28.88
1558,114,6,2025-04-05 12:27:52.007200,10,0.1,Cancelled,9.0
1559,466,34,2025-04-05 13:55:17.011701,54,0.14,Pending,46.44
1560,145,9,2025-04-05 15:22:42.016201,91,0.06,Completed,85.53999999999999
1561,26,49,2025-04-05 16:50:07.020702,6,0.0,Completed,6.0
1562,136,33,2025-04-05 18:17:32.025202,6,0.09,Completed,5.46
1563,303,6,2025-04-05 19:44:57.029702,52,0.11,Pending,46.28
1564,232,37,2025-04-05 21:12:22.034203,15,0.17,Pending,12.45
1565,369,31,2025-04-05 22:39:47.038703,68,0.28,Cancelled,48.96
1566,76,34,2025-04-06 00:07:12.043204,57,0.28,Pending,41.04
1567,475,41,2025-04-06 01:34:37.047704,56,0.02,Completed,54.879999999999995
1568,328,29,2025-04-06 03:02:02.052205,7,0.18,Completed,5.74
1569,345,14,2025-04-06 04:29:27.056705,51,0.01,Cancelled,50.49
1570,302,36,2025-04-06 05:56:52.061206,58,0.19,Completed,46.980000000000004
1571,452,36,2025-04-06 07:24:17.065706,64,0.04,Pending,61.44
1572,289,15,2025-04-06 08:51:42.070207,26,0.28,Pending,18.72
1573,1,8,2025-04-06 10:19:07.074707,58,0.26,Completed,42.92
1574,147,26,2025-04-06 11:46:32.079207,31,0.01,Completed,30.69
1575,287,36,2025-04-06 13:13:57.083708,66,0.23,Completed,50.82
1576,464,48,2025-04-06 14:41:22.088208,92,0.19,Completed,74.52000000000001
1577,142,21,2025-04-06 16:08:47.092709,13,0.15,Completed,11.049999999999999
1578,53,28,2025-04-06 17:36:12.097209,18,0.18,Completed,14.760000000000002
1579,304,4,2025-04-06 19:03:37.101710,94,0.2,Completed,75.2
1580,69,16,2025-04-06 20:31:02.106210,75,0.27,Completed,54.75
1581,361,22,2025-04-06 21:58:27.110711,13,0.23,Cancelled,10.01
1582,90,12,2025-04-06 23:25:52.115211,24,0.17,Completed,19.919999999999998
1583,446,16,2025-04-07 00:53:17.119711,57,0.25,Pending,42.75
1584,220,40,2025-04-07 02:20:42.124212,29,0.3,Completed,20.299999999999997
1585,450,38,2025-04-07 03:48:07.128712,56,0.09,Completed,50.96
1586,498,42,2025-04-07 05:15:32.133213,54,0.04,Completed,51.839999999999996
1587,192,37,2025-04-07 06:42:57.137713,5,0.22,Completed,3.9000000000000004
1588,454,29,2025-04-07 08:10:22.142214,35,0.29,Completed,24.849999999999998
1589,63,18,2025-04-07 09:37:47.146714,19,0.04,Completed,18.24
1590,73,10,2025-04-07 11:05:12.151215,55,0.13,Completed,47.85
1591,161,42,2025-04-07 12:32:37.155715,77,0.02,Completed,75.46
1592,169,39,2025-04-07 14:00:02.160216,69,0.23,Completed,53.13
1593,89,18,2025-04-07 15:27:27.164716,44,0.28,Completed,31.68
1594,176,1,2025-04-07 16:54:52.169216,78,0.15,Completed,66.3
1595,269,39,2025-04-07 18:22:17.173717,38,0.12,Pending,33.44
1596,73,21,2025-04-07 19:49:42.178217,62,0.27,Pending,45.26
1597,245,1,2025-04-07 21:17:07.182718,22,0.04,Completed,21.119999999999997
1598,77,15,2025-04-07 22:44:32.187218,73,0.27,Completed,53.29
1599,159,4,2025-04-08 00:11:57.191719,40,0.12,Completed,35.2
1600,489,20,2025-04-08 01:39:22.196219,26,0.17,Completed,21.58
1601,459,10,2025-04-08 03:06:47.200720,5,0.16,Completed,4.2
1602,324,23,2025-04-08 04:34:12.205220,93,0.18,Completed,76.26
1603,98,41,2025-04-08 06:01:37.209720,54,0.28,Completed,38.879999999999995
1604,381,34,2025-04-08 07:29:02.214221,86,0.29,Pending,61.059999999999995
1605,102,46,2025-04-08 08:56:27.218721,49,0.25,Cancelled,36.75
1606,494,48,2025-04-08 10:23:52.223222,3,0.06,Pending,2.82
1607,132,33,2025-04-08 11:51:17.227722,92,0.1,Pending,82.8
1608,102,34,2025-04-08 13:18:42.232223,38,0.15,Pending,32.3
1609,19,39,2025-04-08 14:46:07.236723,14,0.27,Completed,10.219999999999999
1610,454,10,2025-04-08 16:13:32.241224,47,0.16,Pending,39.48
1611,482,20,2025-04-08 17:40:57.245724,14,0.29,Completed,9.94
1612,82,1,2025-04-08 19:08:22.250225,75,0.3,Completed,52.5
1613,397,13,2025-04-08 20:35:47.254725,73,0.18,Completed,59.86000000000001
1614,489,1,2025-04-08 22:03:12.259225,38,0.26,Completed,28.12
1615,279,5,2025-04-08 23:30:37.263726,64,0.3,Completed,44.8
1616,339,16,2025-04-09 00:58:02.268226,44,0.25,Completed,33.0
1617,365,15,2025-04-09 02:25:27.272727,70,0.2,Completed,56.0
1618,331,49,2025-04-09 03:52:52.277227,65,0.25,Completed,48.75
1619,129,28,2025-04-09 05:20:17.281728,25,0.02,Pending,24.5
1620,344,31,2025-04-09 06:47:42.286228,16,0.19,Pending,12.96
1621,310,23,2025-04-09 08:15:07.290729,15,0.06,Completed,14.1
1622,455,48,2025-04-09 09:42:32.295229,98,0.03,Pending,95.06
1623,89,45,2025-04-09 11:09:57.299729,81,0.27,Completed,59.129999999999995
1624,213,43,2025-04-09 12:37:22.304230,3,0.19,Pending,2.43
1625,143,17,2025-04-09 14:04:47.308730,67,0.07,Completed,62.309999999999995
1626,65,49,2025-04-09 15:32:12.313231,37,0.12,Completed,32.56
1627,76,34,2025-04-09 16:59:37.317731,81,0.29,Pending,57.51
1628,199,13,2025-04-09 18:27:02.322232,55,0.26,Completed,40.7
1629,143,14,2025-04-09 19:54:27.326732,38,0.0,Completed,38.0
1630,405,11,2025-04-09 21:21:52.331233,63,0.29,Completed,44.73
1631,403,28,2025-04-09 22:49:17.335733,1,0.11,Completed,0.89
1632,316,42,2025-04-10 00:16:42.340234,71,0.21,Completed,56.09
1633,93,32,2025-04-10 01:44:07.344734,90,0.21,Completed,71.10000000000001
1634,473,35,2025-04-10 03:11:32.349234,19,0.27,Pending,13.87
1635,417,31,2025-04-10 04:38:57.353735,52,0.27,Cancelled,37.96
1636,305,17,2025-04-10 06:06:22.358235,30,0.08,Completed,27.6
1637,224,47,2025-04-10 07:33:47.362736,55,0.19,Completed,44.550000000000004
1638,497,9,2025-04-10 09:01:12.367236,14,0.12,Completed,12.32
1639,291,10,2025-04-10 10:28:37.371737,13,0.16,Completed,10.92
1640,428,8,2025-04-10 11:56:02.376237,84,0.17,Completed,69.72
1641,102,21,2025-04-10 13:23:27.380738,90,0.12,Completed,79.2
1642,474,13,2025-04-10 14:50:52.385238,27,0.14,Completed,23.22
1643,267,50,2025-04-10 16:18:17.389738,89,0.06,Completed,83.66
1644,355,5,2025-04-10 17:45:42.394239,9,0.18,Completed,7.380000000000001
1645,456,6,2025-04-10 19:13:07.398739,41,0.23,Completed,31.57
1646,110,30,2025-04-10 20:40:32.403240,48,0.13,Completed,41.76
1647,462,31,2025-04-10 22:07:57.407740,12,0.29,Completed,8.52
1648,330,17,2025-04-10 23:35:22.412241,10,0.02,Completed,9.8
1649,450,11,2025-04-11 01:02:47.416741,6,0.18,Completed,4.92
1650,430,20,2025-04-11 02:30:12.421242,34,0.18,Completed,27.880000000000003
1651,265,48,2025-04-11 03:57:37.425742,52,0.01,Completed,51.48
1652,3,9,2025-04-11 05:25:02.430243,41,0.07,Completed,38.129999999999995
1653,85,2,2025-04-11 06:52:27.434743,83,0.27,Pending,60.589999999999996
1654,282,37,2025-04-11 08:19:52.439243,6,0.16,Completed,5.04
1655,328,1,2025-04-11 09:47:17.443744,2,0.13,Completed,1.74
1656,304,4,2025-04-11 11:14:42.448244,15,0.12,Completed,13.2
1657,450,36,2025-04-11 12:42:07.452745,17,0.27,Completed,12.41
1658,454,25,2025-04-11 14:09:32.457245,16,0.11,Completed,14.24
1659,412,3,2025-04-11 15:36:57.461746,28,0.26,Completed,20.72
1660,117,9,2025-04-11 17:04:22.466246,85,0.09,Completed,77.35000000000001
1661,221,22,2025-04-11 18:31:47.470747,72,0.16,Completed,60.48
1662,154,23,2025-04-11 19:59:12.475247,10,0.04,Completed,9.6
1663,153,12,2025-04-11 21:26:37.479747,10,0.25,Completed,7.5
1664,12,10,2025-04-11 22:54:02.484248,10,0.22,Completed,7.800000000000001
1665,133,34,2025-04-12 00:21:27.488748,73,0.16,Completed,61.32
1666,482,43,2025-04-12 01:48:52.493249,28,0.01,Completed,27.72
1667,304,10,2025-04-12 03:16:17.497749,24,0.14,Completed,20.64
1668,293,30,2025-04-12 04:43:42.502250,19,0.07,Cancelled,17.669999999999998
1669,463,22,2025-04-12 06:11:07.506750,97,0.12,Pending,85.36
1670,300,6,2025-04-12 07:38:32.511251,68,0.26,Completed,50.32
1671,228,50,2025-04-12 09:05:57.515751,56,0.23,Completed,43.120000000000005
1672,271,2,2025-04-12 10:33:22.520252,67,0.07,Completed,62.309999999999995
1673,43,30,2025-04-12 12:00:47.524752,42,0.3,Completed,29.4
1674,432,2,2025-04-12 13:28:12.529252,12,0.27,Completed,8.76
1675,343,32,2025-04-12 14:55:37.533753,18,0.16,Completed,15.12
1676,326,42,2025-04-12 16:23:02.538253,23,0.16,Pending,19.32
1677,302,16,2025-04-12 17:50:27.542754,84,0.27,Completed,61.32
1678,498,12,2025-04-12 19:17:52.547254,6,0.19,Completed,4.86
1679,364,1,2025-04-12 20:45:17.551755,53,0.16,Completed,44.519999999999996
1680,379,8,2025-04-12 22:12:42.556255,98,0.22,Completed,76.44
1681,427,48,2025-04-12 23:40:07.560756,42,0.07,Completed,39.059999999999995
1682,493,50,2025-04-13 01:07:32.565256,66,0.26,Completed,48.839999999999996
1683,21,13,2025-04-13 02:34:57.569756,30,0.16,Completed,25.2
1684,407,15,2025-04-13 04:02:22.574257,9,0.18,Completed,7.380000000000001
1685,107,44,2025-04-13 05:29:47.578757,91,0.03,Completed,88.27
1686,336,8,2025-04-13 06:57:12.583258,42,0.09,Completed,38.22
1687,303,10,2025-04-13 08:24:37.587758,34,0.13,Completed,29.58
1688,117,46,2025-04-13 09:52:02.592259,40,0.12,Completed,35.2
1689,124,5,2025-04-13 11:19:27.596759,88,0.23,Completed,67.76
1690,399,50,2025-04-13 12:46:52.601260,17,0.08,Completed,15.64
1691,281,19,2025-04-13 14:14:17.605760,29,0.05,Pending,27.549999999999997
1692,292,47,2025-04-13 15:41:42.610261,100,0.17,Completed,83.0
1693,203,38,2025-04-13 17:09:07.614761,50,0.18,Completed,41.0
1694,51,11,2025-04-13 18:36:32.619261,76,0.04,Completed,72.96
1695,271,43,2025-04-13 20:03:57.623762,95,0.0,Completed,95.0
1696,324,20,2025-04-13 21:31:22.628262,49,0.28,Completed,35.28
1697,277,20,2025-04-13 22:58:47.632763,73,0.02,Completed,71.53999999999999
1698,141,21,2025-04-14 00:26:12.637263,61,0.27,Completed,44.53
1699,470,18,2025-04-14 01:53:37.641764,83,0.12,Completed,73.04
1700,275,50,2025-04-14 03:21:02.646264,46,0.2,Completed,36.800000000000004
1701,290,10,2025-04-14 04:48:27.650765,46,0.06,Completed,43.239999999999995
1702,334,34,2025-04-14 06:15:52.655265,17,0.25,Completed,12.75
1703,381,26,2025-04-14 07:43:17.659765,66,0.05,Cancelled,62.699999999999996
1704,452,30,2025-04-14 09:10:42.664266,5,0.12,Pending,4.4
1705,496,9,2025-04-14 10:38:07.668766,54,0.07,Completed,50.22
1706,373,46,2025-04-14 12:05:32.673267,16,0.25,Completed,12.0
1707,52,31,2025-04-14 13:32:57.677767,81,0.26,Completed,59.94
1708,494,42,2025-04-14 15:00:22.682268,91,0.11,Completed,80.99
1709,27,4,2025-04-14 16:27:47.686768,7,0.09,Completed,6.37
1710,157,6,2025-04-14 17:55:12.691269,8,0.23,Completed,6.16
1711,239,14,2025-04-14 19:22:37.695769,72,0.26,Completed,53.28
1712,156,4,2025-04-14 20:50:02.700270,87,0.19,Completed,70.47
1713,291,26,2025-04-14 22:17:27.704770,96,0.28,Completed,69.12
1714,136,47,2025-04-14 23:44:52.709270,82,0.11,Completed,72.98
1715,144,48,2025-04-15 01:12:17.713771,38,0.05,Completed,36.1
1716,106,39,2025-04-15 02:39:42.718271,54,0.05,Completed,51.3
1717,420,17,2025-04-15 04:07:07.722772,76,0.2,Completed,60.800000000000004
1718,158,19,2025-04-15 05:34:32.727272,15,0.12,Cancelled,13.2
1719,146,49,2025-04-15 07:01:57.731773,92,0.05,Cancelled,87.39999999999999
1720,2,6,2025-04-15 08:29:22.736273,50,0.09,Completed,45.5
1721,433,29,2025-04-15 09:56:47.740774,56,0.16,Pending,47.04
1722,77,11,2025-04-15 11:24:12.745274,95,0.04,Completed,91.2
1723,132,16,2025-04-15 12:51:37.749774,9,0.0,Completed,9.0
1724,90,30,2025-04-15 14:19:02.754275,8,0.28,Completed,5.76
1725,345,25,2025-04-15 15:46:27.758775,19,0.09,Completed,17.29
1726,350,40,2025-04-15 17:13:52.763276,51,0.07,Completed,47.43
1727,459,11,2025-04-15 18:41:17.767776,72,0.21,Completed,56.88
1728,263,7,2025-04-15 20:08:42.772277,98,0.26,Completed,72.52
1729,351,26,2025-04-15 21:36:07.776777,57,0.19,Completed,46.17
1730,108,22,2025-04-15 23:03:32.781278,68,0.08,Cancelled,62.56
1731,74,25,2025-04-16 00:30:57.785778,31,0.26,Completed,22.94
1732,39,19,2025-04-16 01:58:22.790279,3,0.15,Pending,2.55
1733,397,31,2025-04-16 03:25:47.794779,99,0.11,Completed,88.11
1734,159,26,2025-04-16 04:53:12.799279,83,0.18,Pending,68.06
1735,71,42,2025-04-16 06:20:37.803780,43,0.21,Pending,33.97
1736,447,41,2025-04-16 07:48:02.808280,29,0.18,Completed,23.78
1737,312,36,2025-04-16 09:15:27.812781,10,0.28,Completed,7.199999999999999
1738,241,23,2025-04-16 10:42:52.817281,12,0.19,Completed,9.72
1739,426,47,2025-04-16 12:10:17.821782,46,0.26,Cancelled,34.04
1740,445,13,2025-04-16 13:37:42.826282,30,0.18,Completed,24.6
1741,298,25,2025-04-16 15:05:07.830783,94,0.1,Completed,84.60000000000001
1742,440,2,2025-04-16 16:32:32.835283,82,0.16,Completed,68.88
1743,36,2,2025-04-16 17:59:57.839783,88,0.03,Pending,85.36
1744,84,16,2025-04-16 19:27:22.844284,32,0.07,Completed,29.759999999999998
1745,452,9,2025-04-16 20:54:47.848784,73,0.23,Completed,56.21
1746,374,28,2025-04-16 22:22:12.853285,47,0.2,Completed,37.6
1747,263,13,2025-04-16 23:49:37.857785,88,0.05,Completed,83.6
1748,310,35,2025-04-17 01:17:02.862286,63,0.13,Completed,54.81
1749,385,41,2025-04-17 02:44:27.866786,26,0.04,Completed,24.96
1750,172,13,2025-04-17 04:11:52.871287,3,0.26,Completed,2.2199999999999998
1751,376,31,2025-04-17 05:39:17.875787,23,0.03,Completed,22.31
1752,173,21,2025-04-17 07:06:42.880288,75,0.2,Completed,60.0
1753,362,32,2025-04-17 08:34:07.884788,74,0.18,Completed,60.68000000000001
1754,47,34,2025-04-17 10:01:32.889288,50,0.14,Completed,43.0
1755,379,8,2025-04-17 11:28:57.893789,36,0.08,Completed,33.120000000000005
1756,141,41,2025-04-17 12:56:22.898289,13,0.12,Completed,11.44
1757,375,48,2025-04-17 14:23:47.902790,29,0.24,Completed,22.04
1758,406,2,2025-04-17 15:51:12.907290,38,0.23,Completed,29.26
1759,118,38,2025-04-17 17:18:37.911791,77,0.22,Completed,60.06
1760,277,32,2025-04-17 18:46:02.916291,90,0.22,Completed,70.2
1761,214,40,2025-04-17 20:13:27.920792,84,0.04,Completed,80.64
1762,220,28,2025-04-17 21:40:52.925292,5,0.03,Completed,4.85
1763,393,37,2025-04-17 23:08:17.929792,20,0.26,Completed,14.8
1764,26,41,2025-04-18 00:35:42.934293,78,0.25,Completed,58.5
1765,9,1,2025-04-18 02:03:07.938793,14,0.2,Completed,11.200000000000001
1766,271,41,2025-04-18 03:30:32.943294,8,0.18,Completed,6.5600000000000005
1767,10,10,2025-04-18 04:57:57.947794,48,0.11,Completed,42.72
1768,472,4,2025-04-18 06:25:22.952295,13,0.07,Completed,12.09
1769,378,35,2025-04-18 07:52:47.956795,24,0.2,Pending,19.200000000000003
1770,121,10,2025-04-18 09:20:12.961296,79,0.27,Completed,57.67
1771,125,47,2025-04-18 10:47:37.965796,65,0.13,Completed,56.55
1772,170,11,2025-04-18 12:15:02.970297,86,0.09,Completed,78.26
1773,72,14,2025-04-18 13:42:27.974797,34,0.08,Completed,31.28
1774,152,38,2025-04-18 15:09:52.979297,51,0.01,Completed,50.49
1775,208,12,2025-04-18 16:37:17.983798,3,0.16,Pending,2.52
1776,49,45,2025-04-18 18:04:42.988298,90,0.3,Completed,62.99999999999999
1777,154,17,2025-04-18 19:32:07.992799,78,0.24,Completed,59.28
1778,347,16,2025-04-18 20:59:32.997299,58,0.27,Completed,42.339999999999996
1779,293,35,2025-04-18 22:26:58.001800,72,0.19,Cancelled,58.32000000000001
1780,68,2,2025-04-18 23:54:23.006300,55,0.14,Completed,47.3
1781,50,11,2025-04-19 01:21:48.010801,80,0.3,Completed,56.0
1782,152,41,2025-04-19 02:49:13.015301,42,0.13,Completed,36.54
1783,19,3,2025-04-19 04:16:38.019801,21,0.28,Completed,15.12
1784,100,29,2025-04-19 05:44:03.024302,10,0.23,Completed,7.7
1785,60,18,2025-04-19 07:11:28.028802,57,0.1,Pending,51.300000000000004
1786,167,20,2025-04-19 08:38:53.033303,25,0.15,Completed,21.25
1787,202,47,2025-04-19 10:06:18.037803,56,0.12,Completed,49.28
1788,345,14,2025-04-19 11:33:43.042304,38,0.04,Completed,36.48
1789,146,34,2025-04-19 13:01:08.046804,86,0.11,Completed,76.54
1790,403,49,2025-04-19 14:28:33.051305,61,0.27,Completed,44.53
1791,164,31,2025-04-19 15:55:58.055805,47,0.23,Pending,36.19
1792,458,40,2025-04-19 17:23:23.060306,54,0.08,Cancelled,49.68
1793,481,42,2025-04-19 18:50:48.064806,46,0.11,Completed,40.94
1794,439,18,2025-04-19 20:18:13.069306,68,0.18,Cancelled,55.760000000000005
1795,242,30,2025-04-19 21:45:38.073807,4,0.12,Completed,3.52
1796,69,25,2025-04-19 23:13:03.078307,94,0.15,Completed,79.89999999999999
1797,175,19,2025-04-20 00:40:28.082808,66,0.21,Completed,52.14
1798,49,8,2025-04-20 02:07:53.087308,93,0.14,Completed,79.98
1799,483,28,2025-04-20 03:35:18.091809,43,0.06,Completed,40.419999999999995
1800,108,8,2025-04-20 05:02:43.096309,62,0.16,Completed,52.08
1801,226,31,2025-04-20 06:30:08.100810,100,0.11,Pending,89.0
1802,161,3,2025-04-20 07:57:33.105310,85,0.09,Completed,77.35000000000001
1803,119,3,2025-04-20 09:24:58.109810,85,0.1,Completed,76.5
1804,149,44,2025-04-20 10:52:23.114311,85,0.13,Pending,73.95
1805,465,22,2025-04-20 12:19:48.118811,4,0.27,Cancelled,2.92
1806,150,17,2025-04-20 13:47:13.123312,65,0.22,Completed,50.7
1807,432,36,2025-04-20 15:14:38.127812,62,0.2,Completed,49.6
1808,293,17,2025-04-20 16:42:03.132313,90,0.14,Pending,77.4
1809,143,14,2025-04-20 18:09:28.136813,2,0.0,Pending,2.0
1810,419,9,2025-04-20 19:36:53.141314,9,0.1,Completed,8.1
1811,476,30,2025-04-20 21:04:18.145814,57,0.24,Completed,43.32
1812,455,21,2025-04-20 22:31:43.150315,45,0.12,Cancelled,39.6
1813,160,12,2025-04-20 23:59:08.154815,18,0.17,Completed,14.94
1814,11,37,2025-04-21 01:26:33.159315,48,0.06,Completed,45.12
1815,138,32,2025-04-21 02:53:58.163816,42,0.27,Completed,30.66
1816,457,11,2025-04-21 04:21:23.168316,41,0.28,Completed,29.52
1817,78,20,2025-04-21 05:48:48.172817,75,0.04,Completed,72.0
1818,77,35,2025-04-21 07:16:13.177317,89,0.22,Completed,69.42
1819,441,47,2025-04-21 08:43:38.181818,90,0.02,Completed,88.2
1820,254,46,2025-04-21 10:11:03.186318,58,0.18,Completed,47.56
1821,409,11,2025-04-21 11:38:28.190819,100,0.05,Completed,95.0
1822,258,8,2025-04-21 13:05:53.195319,42,0.04,Completed,40.32
1823,320,4,2025-04-21 14:33:18.199819,35,0.0,Completed,35.0
1824,291,27,2025-04-21 16:00:43.204320,38,0.28,Completed,27.36
1825,263,44,2025-04-21 17:28:08.208820,67,0.25,Completed,50.25
1826,85,40,2025-04-21 18:55:33.213321,41,0.02,Completed,40.18
1827,146,38,2025-04-21 20:22:58.217821,99,0.18,Completed,81.18
1828,323,47,2025-04-21 21:50:23.222322,50,0.07,Completed,46.5
1829,42,30,2025-04-21 23:17:48.226822,86,0.08,Completed,79.12
1830,374,44,2025-04-22 00:45:13.231323,72,0.26,Pending,53.28
1831,125,48,2025-04-22 02:12:38.235823,79,0.03,Completed,76.63
1832,167,48,2025-04-22 03:40:03.240324,45,0.18,Completed,36.900000000000006
1833,425,27,2025-04-22 05:07:28.244824,71,0.12,Completed,62.48
1834,241,21,2025-04-22 06:34:53.249324,19,0.06,Completed,17.86
1835,459,20,2025-04-22 08:02:18.253825,17,0.14,Completed,14.62
1836,487,4,2025-04-22 09:29:43.258325,65,0.28,Completed,46.8
1837,280,11,2025-04-22 10:57:08.262826,93,0.23,Completed,71.61
1838,188,13,2025-04-22 12:24:33.267326,77,0.04,Completed,73.92
1839,302,9,2025-04-22 13:51:58.271827,56,0.25,Completed,42.0
1840,19,4,2025-04-22 15:19:23.276327,93,0.28,Pending,66.96
1841,68,12,2025-04-22 16:46:48.280828,41,0.08,Completed,37.72
1842,218,9,2025-04-22 18:14:13.285328,42,0.1,Completed,37.800000000000004
1843,102,13,2025-04-22 19:41:38.289828,6,0.04,Completed,5.76
1844,42,48,2025-04-22 21:09:03.294329,69,0.1,Completed,62.1
1845,288,26,2025-04-22 22:36:28.298829,98,0.2,Completed,78.4
1846,167,38,2025-04-23 00:03:53.303330,75,0.08,Completed,69.0
1847,109,42,2025-04-23 01:31:18.307830,73,0.0,Completed,73.0
1848,494,13,2025-04-23 02:58:43.312331,40,0.1,Completed,36.0
1849,36,39,2025-04-23 04:26:08.316831,41,0.14,Pending,35.26
1850,232,28,2025-04-23 05:53:33.321332,9,0.17,Completed,7.47
1851,229,19,2025-04-23 07:20:58.325832,8,0.21,Completed,6.32
1852,353,24,2025-04-23 08:48:23.330333,44,0.02,Completed,43.12
1853,164,19,2025-04-23 10:15:48.334833,58,0.14,Completed,49.88
1854,387,49,2025-04-23 11:43:13.339333,67,0.08,Completed,61.64
1855,73,13,2025-04-23 13:10:38.343834,13,0.28,Cancelled,9.36
1856,136,13,2025-04-23 14:38:03.348334,19,0.11,Completed,16.91
1857,353,28,2025-04-23 16:05:28.352835,98,0.03,Completed,95.06
1858,379,2,2025-04-23 17:32:53.357335,96,0.01,Completed,95.03999999999999
1859,70,10,2025-04-23 19:00:18.361836,49,0.08,Completed,45.080000000000005
1860,425,22,2025-04-23 20:27:43.366336,80,0.05,Completed,76.0
1861,487,13,2025-04-23 21:55:08.370837,100,0.19,Pending,81.0
1862,196,9,2025-04-23 23:22:33.375337,82,0.25,Pending,61.5
1863,269,33,2025-04-24 00:49:58.379837,78,0.09,Cancelled,70.98
1864,49,14,2025-04-24 02:17:23.384338,30,0.17,Completed,24.9
1865,316,48,2025-04-24 03:44:48.388838,66,0.22,Completed,51.480000000000004
1866,130,20,2025-04-24 05:12:13.393339,77,0.12,Pending,67.76
1867,444,15,2025-04-24 06:39:38.397839,91,0.02,Pending,89.17999999999999
1868,5,32,2025-04-24 08:07:03.402340,59,0.07,Pending,54.87
1869,428,33,2025-04-24 09:34:28.406840,53,0.26,Pending,39.22
1870,27,17,2025-04-24 11:01:53.411341,52,0.25,Completed,39.0
1871,160,24,2025-04-24 12:29:18.415841,81,0.03,Completed,78.57
1872,149,30,2025-04-24 13:56:43.420342,31,0.07,Completed,28.83
1873,264,13,2025-04-24 15:24:08.424842,15,0.23,Completed,11.55
1874,230,47,2025-04-24 16:51:33.429342,20,0.15,Completed,17.0
1875,200,48,2025-04-24 18:18:58.433843,5,0.23,Pending,3.85
1876,50,16,2025-04-24 19:46:23.438343,7,0.06,Pending,6.58
1877,67,2,2025-04-24 21:13:48.442844,18,0.29,Completed,12.78
1878,300,17,2025-04-24 22:41:13.447344,56,0.24,Completed,42.56
1879,381,32,2025-04-25 00:08:38.451845,75,0.06,Completed,70.5
1880,58,43,2025-04-25 01:36:03.456345,96,0.17,Completed,79.67999999999999
1881,259,8,2025-04-25 03:03:28.460846,91,0.03,Completed,88.27
1882,342,3,2025-04-25 04:30:53.465346,90,0.11,Completed,80.1
1883,326,12,2025-04-25 05:58:18.469846,45,0.2,Completed,36.0
1884,130,20,2025-04-25 07:25:43.474347,28,0.1,Completed,25.2
1885,215,16,2025-04-25 08:53:08.478847,50,0.2,Completed,40.0
1886,172,14,2025-04-25 10:20:33.483348,2,0.07,Completed,1.8599999999999999
1887,258,16,2025-04-25 11:47:58.487848,84,0.22,Completed,65.52
1888,102,49,2025-04-25 13:15:23.492349,68,0.11,Pending,60.52
1889,209,43,2025-04-25 14:42:48.496849,77,0.24,Completed,58.52
1890,291,49,2025-04-25 16:10:13.501350,24,0.04,Completed,23.04
1891,354,33,2025-04-25 17:37:38.505850,48,0.11,Completed,42.72
1892,471,30,2025-04-25 19:05:03.510351,45,0.14,Cancelled,38.7
1893,286,12,2025-04-25 20:32:28.514851,93,0.13,Completed,80.91
1894,116,15,2025-04-25 21:59:53.519351,58,0.13,Completed,50.46
1895,264,18,2025-04-25 23:27:18.523852,36,0.13,Pending,31.32
1896,150,28,2025-04-26 00:54:43.528352,2,0.3,Completed,1.4
1897,300,23,2025-04-26 02:22:08.532853,18,0.06,Completed,16.919999999999998
1898,442,14,2025-04-26 03:49:33.537353,49,0.23,Completed,37.730000000000004
1899,36,30,2025-04-26 05:16:58.541854,8,0.17,Pending,6.64
1900,453,33,2025-04-26 06:44:23.546354,58,0.12,Completed,51.04
1901,333,45,2025-04-26 08:11:48.550855,15,0.19,Pending,12.15
1902,477,15,2025-04-26 09:39:13.555355,17,0.26,Completed,12.58
1903,287,7,2025-04-26 11:06:38.559855,23,0.14,Completed,19.78
1904,303,15,2025-04-26 12:34:03.564356,66,0.26,Completed,48.839999999999996
1905,311,42,2025-04-26 14:01:28.568856,70,0.03,Completed,67.89999999999999
1906,208,46,2025-04-26 15:28:53.573357,93,0.2,Pending,74.4
1907,106,38,2025-04-26 16:56:18.577857,27,0.1,Cancelled,24.3
1908,446,46,2025-04-26 18:23:43.582358,37,0.12,Pending,32.56
1909,158,44,2025-04-26 19:51:08.586858,49,0.17,Cancelled,40.669999999999995
1910,121,11,2025-04-26 21:18:33.591359,64,0.14,Completed,55.04
1911,55,29,2025-04-26 22:45:58.595859,34,0.11,Pending,30.26
1912,400,31,2025-04-27 00:13:23.600360,18,0.09,Completed,16.38
1913,12,25,2025-04-27 01:40:48.604860,64,0.19,Completed,51.84
1914,145,24,2025-04-27 03:08:13.609360,74,0.15,Completed,62.9
1915,400,19,2025-04-27 04:35:38.613861,44,0.1,Completed,39.6
1916,396,2,2025-04-27 06:03:03.618361,17,0.06,Pending,15.979999999999999
1917,136,22,2025-04-27 07:30:28.622862,59,0.23,Completed,45.43
1918,468,20,2025-04-27 08:57:53.627362,13,0.24,Pending,9.88
1919,3,33,2025-04-27 10:25:18.631863,52,0.06,Completed,48.879999999999995
1920,144,8,2025-04-27 11:52:43.636363,60,0.08,Pending,55.2
1921,30,25,2025-04-27 13:20:08.640864,42,0.07,Completed,39.059999999999995
1922,237,46,2025-04-27 14:47:33.645364,91,0.27,Completed,66.42999999999999
1923,279,9,2025-04-27 16:14:58.649864,64,0.23,Completed,49.28
1924,348,34,2025-04-27 17:42:23.654365,66,0.02,Completed,64.67999999999999
1925,115,23,2025-04-27 19:09:48.658865,34,0.25,Completed,25.5
1926,104,5,2025-04-27 20:37:13.663366,95,0.01,Completed,94.05
1927,118,25,2025-04-27 22:04:38.667866,87,0.08,Completed,80.04
1928,5,8,2025-04-27 23:32:03.672367,71,0.28,Completed,51.12
1929,468,16,2025-04-28 00:59:28.676867,64,0.26,Completed,47.36
1930,360,48,2025-04-28 02:26:53.681368,33,0.23,Completed,25.41
1931,248,45,2025-04-28 03:54:18.685868,12,0.14,Pending,10.32
1932,364,15,2025-04-28 05:21:43.690369,76,0.1,Completed,68.4
1933,321,1,2025-04-28 06:49:08.694869,19,0.26,Pending,14.06
1934,121,22,2025-04-28 08:16:33.699369,9,0.2,Completed,7.2
1935,286,3,2025-04-28 09:43:58.703870,74,0.09,Cancelled,67.34
1936,149,38,2025-04-28 11:11:23.708370,17,0.14,Completed,14.62
1937,84,14,2025-04-28 12:38:48.712871,50,0.26,Completed,37.0
1938,454,36,2025-04-28 14:06:13.717371,39,0.27,Completed,28.47
1939,406,18,2025-04-28 15:33:38.721872,41,0.2,Completed,32.800000000000004
1940,466,47,2025-04-28 17:01:03.726372,10,0.22,Completed,7.800000000000001
1941,456,41,2025-04-28 18:28:28.730873,12,0.01,Completed,11.879999999999999
1942,231,18,2025-04-28 19:55:53.735373,79,0.18,Completed,64.78
1943,288,3,2025-04-28 21:23:18.739873,95,0.21,Completed,75.05
1944,161,10,2025-04-28 22:50:43.744374,15,0.01,Completed,14.85
1945,272,49,2025-04-29 00:18:08.748874,28,0.25,Completed,21.0
1946,460,39,2025-04-29 01:45:33.753375,4,0.28,Completed,2.88
1947,38,47,2025-04-29 03:12:58.757875,36,0.07,Completed,33.48
1948,500,1,2025-04-29 04:40:23.762376,65,0.25,Completed,48.75
1949,226,27,2025-04-29 06:07:48.766876,98,0.2,Completed,78.4
1950,142,27,2025-04-29 07:35:13.771377,47,0.17,Completed,39.01
1951,292,11,2025-04-29 09:02:38.775877,81,0.25,Completed,60.75
1952,481,49,2025-04-29 10:30:03.780378,39,0.09,Completed,35.49
1953,151,5,2025-04-29 11:57:28.784878,38,0.24,Completed,28.88
1954,114,7,2025-04-29 13:24:53.789378,44,0.09,Cancelled,40.04
1955,237,19,2025-04-29 14:52:18.793879,51,0.24,Completed,38.76
1956,66,29,2025-04-29 16:19:43.798379,97,0.14,Completed,83.42
1957,361,15,2025-04-29 17:47:08.802880,85,0.04,Completed,81.6
1958,341,35,2025-04-29 19:14:33.807380,26,0.11,Cancelled,23.14
1959,258,47,2025-04-29 20:41:58.811881,36,0.07,Completed,33.48
1960,475,37,2025-04-29 22:09:23.816381,69,0.03,Completed,66.92999999999999
1961,249,12,2025-04-29 23:36:48.820882,97,0.03,Completed,94.09
1962,457,30,2025-04-30 01:04:13.825382,1,0.23,Completed,0.77
1963,449,20,2025-04-30 02:31:38.829882,53,0.26,Completed,39.22
1964,331,37,2025-04-30 03:59:03.834383,6,0.28,Completed,4.32
1965,323,3,2025-04-30 05:26:28.838883,37,0.26,Cancelled,27.38
1966,180,9,2025-04-30 06:53:53.843384,2,0.25,Pending,1.5
1967,190,41,2025-04-30 08:21:18.847884,69,0.02,Pending,67.62
1968,407,39,2025-04-30 09:48:43.852385,90,0.24,Completed,68.4
1969,154,26,2025-04-30 11:16:08.856885,41,0.23,Completed,31.57
1970,196,2,2025-04-30 12:43:33.861386,51,0.04,Completed,48.96
1971,466,23,2025-04-30 14:10:58.865886,47,0.2,Pending,37.6
1972,311,23,2025-04-30 15:38:23.870387,13,0.14,Completed,11.18
1973,262,21,2025-04-30 17:05:48.874887,76,0.27,Pending,55.48
1974,419,16,2025-04-30 18:33:13.879387,69,0.21,Pending,54.510000000000005
1975,406,9,2025-04-30 20:00:38.883888,66,0.29,Completed,46.86
1976,427,13,2025-04-30 21:28:03.888388,59,0.03,Completed,57.23
1977,143,28,2025-04-30 22:55:28.892889,68,0.01,Completed,67.32
1978,342,27,2025-05-01 00:22:53.897389,59,0.29,Completed,41.89
1979,316,17,2025-05-01 01:50:18.901890,91,0.02,Completed,89.17999999999999
1980,101,38,2025-05-01 03:17:43.906390,10,0.12,Completed,8.8
1981,244,36,2025-05-01 04:45:08.910891,13,0.19,Completed,10.530000000000001
1982,490,1,2025-05-01 06:12:33.915391,2,0.26,Completed,1.48
1983,12,18,2025-05-01 07:39:58.919891,90,0.08,Completed,82.8
1984,239,9,2025-05-01 09:07:23.924392,15,0.01,Pending,14.85
1985,49,13,2025-05-01 10:34:48.928892,46,0.16,Completed,38.64
1986,42,40,2025-05-01 12:02:13.933393,57,0.14,Completed,49.019999999999996
1987,166,45,2025-05-01 13:29:38.937893,10,0.09,Completed,9.1
1988,82,15,2025-05-01 14:57:03.942394,22,0.26,Completed,16.28
1989,429,43,2025-05-01 16:24:28.946894,89,0.22,Completed,69.42
1990,291,44,2025-05-01 17:51:53.951395,79,0.26,Completed,58.46
1991,158,46,2025-05-01 19:19:18.955895,77,0.05,Completed,73.14999999999999
1992,216,4,2025-05-01 20:46:43.960396,8,0.21,Completed,6.32
1993,490,33,2025-05-01 22:14:08.964896,21,0.29,Completed,14.91
1994,158,24,2025-05-01 23:41:33.969396,85,0.18,Completed,69.7
1995,462,36,2025-05-02 01:08:58.973897,22,0.05,Completed,20.9
1996,134,41,2025-05-02 02:36:23.978397,97,0.3,Completed,67.89999999999999
1997,67,10,2025-05-02 04:03:48.982898,45,0.16,Pending,37.8
1998,336,36,2025-05-02 05:31:13.987398,91,0.25,Completed,68.25
1999,7,20,2025-05-02 06:58:38.991899,40,0.04,Pending,38.4
2000,436,41,2025-05-02 08:26:03.996399,22,0.2,Completed,17.6
2001,14,45,2025-05-02 09:53:29.000900,30,0.27,Completed,21.9
2002,73,44,2025-05-02 11:20:54.005400,62,0.16,Completed,52.08
2003,399,11,2025-05-02 12:48:19.009900,73,0.09,Pending,66.43
2004,405,12,2025-05-02 14:15:44.014401,45,0.04,Pending,43.199999999999996
2005,163,18,2025-05-02 15:43:09.018901,35,0.09,Completed,31.85
2006,66,30,2025-05-02 17:10:34.023402,82,0.11,Pending,72.98
2007,347,44,2025-05-02 18:37:59.027902,42,0.21,Completed,33.18
2008,130,48,2025-05-02 20:05:24.032403,5,0.05,Completed,4.75
2009,419,37,2025-05-02 21:32:49.036903,27,0.03,Completed,26.189999999999998
2010,466,20,2025-05-02 23:00:14.041404,70,0.12,Completed,61.6
2011,206,25,2025-05-03 00:27:39.045904,62,0.14,Completed,53.32
2012,276,12,2025-05-03 01:55:04.050405,32,0.19,Completed,25.92
2013,466,21,2025-05-03 03:22:29.054905,8,0.21,Pending,6.32
2014,256,25,2025-05-03 04:49:54.059405,85,0.27,Completed,62.05
2015,266,11,2025-05-03 06:17:19.063906,18,0.09,Pending,16.38
2016,25,9,2025-05-03 07:44:44.068406,78,0.16,Completed,65.52
2017,450,50,2025-05-03 09:12:09.072907,15,0.11,Completed,13.35
2018,281,25,2025-05-03 10:39:34.077407,26,0.0,Completed,26.0
2019,253,35,2025-05-03 12:06:59.081908,53,0.17,Completed,43.989999999999995
2020,310,32,2025-05-03 13:34:24.086408,44,0.24,Cancelled,33.44
2021,289,49,2025-05-03 15:01:49.090909,32,0.01,Completed,31.68
2022,164,14,2025-05-03 16:29:14.095409,28,0.0,Completed,28.0
2023,95,1,2025-05-03 17:56:39.099909,39,0.22,Completed,30.42
2024,270,17,2025-05-03 19:24:04.104410,32,0.21,Cancelled,25.28
2025,321,25,2025-05-03 20:51:29.108910,77,0.12,Completed,67.76
2026,110,8,2025-05-03 22:18:54.113411,79,0.2,Pending,63.2
2027,336,5,2025-05-03 23:46:19.117911,18,0.29,Completed,12.78
2028,310,5,2025-05-04 01:13:44.122412,70,0.07,Completed,65.1
2029,238,41,2025-05-04 02:41:09.126912,11,0.07,Completed,10.229999999999999
2030,381,35,2025-05-04 04:08:34.131413,32,0.06,Completed,30.08
2031,436,19,2025-05-04 05:35:59.135913,20,0.22,Completed,15.600000000000001
2032,387,23,2025-05-04 07:03:24.140414,97,0.11,Completed,86.33
2033,483,9,2025-05-04 08:30:49.144914,40,0.3,Completed,28.0
2034,425,30,2025-05-04 09:58:14.149414,8,0.21,Completed,6.32
2035,390,50,2025-05-04 11:25:39.153915,35,0.11,Completed,31.150000000000002
2036,25,16,2025-05-04 12:53:04.158415,69,0.04,Pending,66.24
2037,141,33,2025-05-04 14:20:29.162916,99,0.18,Completed,81.18
2038,117,2,2025-05-04 15:47:54.167416,78,0.09,Completed,70.98
2039,482,14,2025-05-04 17:15:19.171917,21,0.27,Completed,15.33
2040,392,46,2025-05-04 18:42:44.176417,24,0.13,Completed,20.88
2041,405,1,2025-05-04 20:10:09.180918,17,0.09,Completed,15.47
2042,482,26,2025-05-04 21:37:34.185418,18,0.18,Pending,14.760000000000002
2043,452,25,2025-05-04 23:04:59.189918,98,0.04,Completed,94.08
2044,25,16,2025-05-05 00:32:24.194419,12,0.17,Completed,9.959999999999999
2045,79,15,2025-05-05 01:59:49.198919,16,0.02,Completed,15.68
2046,68,26,2025-05-05 03:27:14.203420,4,0.18,Completed,3.2800000000000002
2047,173,47,2025-05-05 04:54:39.207920,89,0.16,Completed,74.75999999999999
2048,444,44,2025-05-05 06:22:04.212421,34,0.16,Pending,28.56
2049,12,16,2025-05-05 07:49:29.216921,92,0.21,Completed,72.68
2050,288,14,2025-05-05 09:16:54.221422,46,0.01,Pending,45.54
2051,128,29,2025-05-05 10:44:19.225922,75,0.14,Completed,64.5
2052,96,24,2025-05-05 12:11:44.230423,77,0.13,Completed,66.99
2053,92,47,2025-05-05 13:39:09.234923,31,0.14,Completed,26.66
2054,141,15,2025-05-05 15:06:34.239423,25,0.29,Completed,17.75
2055,31,19,2025-05-05 16:33:59.243924,74,0.04,Completed,71.03999999999999
2056,334,8,2025-05-05 18:01:24.248424,24,0.21,Completed,18.96
2057,20,34,2025-05-05 19:28:49.252925,65,0.12,Completed,57.2
2058,146,2,2025-05-05 20:56:14.257425,25,0.15,Completed,21.25
2059,477,27,2025-05-05 22:23:39.261926,28,0.23,Completed,21.560000000000002
2060,316,10,2025-05-05 23:51:04.266426,36,0.05,Pending,34.199999999999996
2061,447,35,2025-05-06 01:18:29.270927,82,0.23,Completed,63.14
2062,390,23,2025-05-06 02:45:54.275427,6,0.02,Pending,5.88
2063,160,49,2025-05-06 04:13:19.279927,66,0.14,Completed,56.76
2064,349,8,2025-05-06 05:40:44.284428,67,0.22,Completed,52.260000000000005
2065,43,28,2025-05-06 07:08:09.288928,72,0.06,Pending,67.67999999999999
2066,254,23,2025-05-06 08:35:34.293429,95,0.23,Completed,73.15
2067,130,4,2025-05-06 10:02:59.297929,48,0.05,Completed,45.599999999999994
2068,60,14,2025-05-06 11:30:24.302430,83,0.24,Cancelled,63.08
2069,151,42,2025-05-06 12:57:49.306930,70,0.14,Completed,60.199999999999996
2070,467,29,2025-05-06 14:25:14.311431,78,0.21,Pending,61.620000000000005
2071,287,1,2025-05-06 15:52:39.315931,67,0.28,Completed,48.239999999999995
2072,499,4,2025-05-06 17:20:04.320432,48,0.12,Completed,42.24
2073,5,32,2025-05-06 18:47:29.324932,65,0.07,Pending,60.449999999999996
2074,467,33,2025-05-06 20:14:54.329432,44,0.26,Completed,32.56
2075,418,49,2025-05-06 21:42:19.333933,94,0.05,Completed,89.3
2076,266,26,2025-05-06 23:09:44.338433,63,0.19,Completed,51.03
2077,345,17,2025-05-07 00:37:09.342934,46,0.28,Completed,33.12
2078,130,39,2025-05-07 02:04:34.347434,19,0.2,Completed,15.200000000000001
2079,382,23,2025-05-07 03:31:59.351935,64,0.06,Pending,60.16
2080,267,32,2025-05-07 04:59:24.356435,83,0.05,Pending,78.85
2081,178,15,2025-05-07 06:26:49.360936,73,0.08,Completed,67.16
2082,253,13,2025-05-07 07:54:14.365436,71,0.12,Pending,62.48
2083,415,2,2025-05-07 09:21:39.369936,50,0.05,Completed,47.5
2084,56,19,2025-05-07 10:49:04.374437,63,0.24,Completed,47.88
2085,463,24,2025-05-07 12:16:29.378937,41,0.11,Completed,36.49
2086,457,45,2025-05-07 13:43:54.383438,7,0.28,Completed,5.04
2087,471,24,2025-05-07 15:11:19.387938,9,0.25,Completed,6.75
2088,83,11,2025-05-07 16:38:44.392439,4,0.27,Completed,2.92
2089,393,22,2025-05-07 18:06:09.396939,89,0.09,Pending,80.99000000000001
2090,99,15,2025-05-07 19:33:34.401440,49,0.17,Completed,40.669999999999995
2091,149,10,2025-05-07 21:00:59.405940,76,0.1,Completed,68.4
2092,329,41,2025-05-07 22:28:24.410441,6,0.08,Completed,5.5200000000000005
2093,156,27,2025-05-07 23:55:49.414941,82,0.18,Cancelled,67.24000000000001
2094,190,9,2025-05-08 01:23:14.419441,21,0.25,Completed,15.75
2095,494,28,2025-05-08 02:50:39.423942,15,0.03,Completed,14.549999999999999
2096,371,1,2025-05-08 04:18:04.428442,67,0.08,Completed,61.64
2097,263,17,2025-05-08 05:45:29.432943,66,0.06,Pending,62.04
2098,80,31,2025-05-08 07:12:54.437443,56,0.24,Completed,42.56
2099,400,44,2025-05-08 08:40:19.441944,68,0.28,Completed,48.96
2100,252,10,2025-05-08 10:07:44.446444,32,0.02,Completed,31.36
2101,97,37,2025-05-08 11:35:09.450945,66,0.11,Completed,58.74
2102,260,29,2025-05-08 13:02:34.455445,29,0.27,Pending,21.169999999999998
2103,260,18,2025-05-08 14:29:59.459945,66,0.1,Completed,59.4
2104,103,47,2025-05-08 15:57:24.464446,34,0.21,Completed,26.86
2105,40,38,2025-05-08 17:24:49.468946,27,0.03,Completed,26.189999999999998
2106,273,39,2025-05-08 18:52:14.473447,60,0.13,Cancelled,52.2
2107,101,49,2025-05-08 20:19:39.477947,39,0.15,Completed,33.15
2108,359,6,2025-05-08 21:47:04.482448,44,0.23,Completed,33.88
2109,380,40,2025-05-08 23:14:29.486948,82,0.09,Completed,74.62
2110,308,12,2025-05-09 00:41:54.491449,36,0.08,Completed,33.120000000000005
2111,221,14,2025-05-09 02:09:19.495949,19,0.09,Completed,17.29
2112,308,44,2025-05-09 03:36:44.500450,91,0.17,Completed,75.53
2113,420,10,2025-05-09 05:04:09.504950,45,0.26,Completed,33.3
2114,124,20,2025-05-09 06:31:34.509450,84,0.25,Completed,63.0
2115,422,15,2025-05-09 07:58:59.513951,21,0.02,Completed,20.58
2116,231,31,2025-05-09 09:26:24.518451,23,0.26,Completed,17.02
2117,178,7,2025-05-09 10:53:49.522952,94,0.03,Completed,91.17999999999999
2118,63,41,2025-05-09 12:21:14.527452,89,0.12,Pending,78.32000000000001
2119,485,10,2025-05-09 13:48:39.531953,95,0.23,Completed,73.15
2120,116,10,2025-05-09 15:16:04.536453,27,0.02,Completed,26.46
2121,191,48,2025-05-09 16:43:29.540954,98,0.01,Completed,97.02
2122,62,39,2025-05-09 18:10:54.545454,72,0.1,Pending,64.8
2123,256,28,2025-05-09 19:38:19.549954,19,0.22,Completed,14.82
2124,483,30,2025-05-09 21:05:44.554455,41,0.16,Completed,34.44
2125,7,37,2025-05-09 22:33:09.558955,26,0.13,Completed,22.62
2126,155,3,2025-05-10 00:00:34.563456,28,0.24,Completed,21.28
2127,92,50,2025-05-10 01:27:59.567956,64,0.23,Completed,49.28
2128,470,43,2025-05-10 02:55:24.572457,68,0.24,Completed,51.68
2129,14,15,2025-05-10 04:22:49.576957,95,0.14,Completed,81.7
2130,455,21,2025-05-10 05:50:14.581458,80,0.01,Completed,79.2
2131,229,37,2025-05-10 07:17:39.585958,51,0.05,Completed,48.449999999999996
2132,86,12,2025-05-10 08:45:04.590459,74,0.22,Completed,57.72
2133,133,4,2025-05-10 10:12:29.594959,48,0.23,Pending,36.96
2134,183,47,2025-05-10 11:39:54.599459,10,0.29,Completed,7.1
2135,386,9,2025-05-10 13:07:19.603960,73,0.06,Completed,68.61999999999999
2136,62,39,2025-05-10 14:34:44.608460,39,0.04,Completed,37.44
2137,219,42,2025-05-10 16:02:09.612961,100,0.04,Completed,96.0
2138,405,28,2025-05-10 17:29:34.617461,100,0.06,Pending,94.0
2139,246,23,2025-05-10 18:56:59.621962,19,0.16,Completed,15.959999999999999
2140,230,45,2025-05-10 20:24:24.626462,64,0.29,Completed,45.44
2141,79,40,2025-05-10 21:51:49.630963,19,0.18,Completed,15.580000000000002
2142,149,44,2025-05-10 23:19:14.635463,76,0.16,Completed,63.839999999999996
2143,138,22,2025-05-11 00:46:39.639963,62,0.2,Completed,49.6
2144,471,24,2025-05-11 02:14:04.644464,13,0.02,Pending,12.74
2145,314,26,2025-05-11 03:41:29.648964,25,0.24,Completed,19.0
2146,376,30,2025-05-11 05:08:54.653465,100,0.19,Completed,81.0
2147,423,33,2025-05-11 06:36:19.657965,89,0.05,Pending,84.55
2148,389,16,2025-05-11 08:03:44.662466,92,0.19,Completed,74.52000000000001
2149,65,22,2025-05-11 09:31:09.666966,42,0.18,Completed,34.440000000000005
2150,13,49,2025-05-11 10:58:34.671467,39,0.02,Pending,38.22
2151,213,50,2025-05-11 12:25:59.675967,30,0.08,Completed,27.6
2152,474,43,2025-05-11 13:53:24.680468,5,0.12,Pending,4.4
2153,242,18,2025-05-11 15:20:49.684968,81,0.07,Completed,75.33
2154,493,7,2025-05-11 16:48:14.689468,18,0.07,Cancelled,16.74
2155,213,50,2025-05-11 18:15:39.693969,21,0.17,Completed,17.43
2156,181,26,2025-05-11 19:43:04.698469,86,0.14,Completed,73.96
2157,338,8,2025-05-11 21:10:29.702970,50,0.2,Pending,40.0
2158,485,6,2025-05-11 22:37:54.707470,6,0.29,Completed,4.26
2159,173,30,2025-05-12 00:05:19.711971,50,0.2,Completed,40.0
2160,160,39,2025-05-12 01:32:44.716471,80,0.17,Completed,66.39999999999999
2161,164,23,2025-05-12 03:00:09.720972,66,0.25,Completed,49.5
2162,465,32,2025-05-12 04:27:34.725472,1,0.19,Completed,0.81
2163,483,22,2025-05-12 05:54:59.729972,57,0.05,Pending,54.15
2164,497,42,2025-05-12 07:22:24.734473,30,0.09,Pending,27.3
2165,188,43,2025-05-12 08:49:49.738973,58,0.22,Pending,45.24
2166,395,45,2025-05-12 10:17:14.743474,52,0.22,Completed,40.56
2167,191,9,2025-05-12 11:44:39.747974,37,0.3,Pending,25.9
2168,405,31,2025-05-12 13:12:04.752475,48,0.19,Completed,38.88
2169,308,7,2025-05-12 14:39:29.756975,87,0.27,Pending,63.51
2170,256,9,2025-05-12 16:06:54.761476,1,0.02,Cancelled,0.98
2171,183,13,2025-05-12 17:34:19.765976,19,0.17,Completed,15.77
2172,117,3,2025-05-12 19:01:44.770477,46,0.28,Completed,33.12
2173,282,35,2025-05-12 20:29:09.774977,67,0.09,Pending,60.97
2174,196,33,2025-05-12 21:56:34.779477,2,0.05,Completed,1.9
2175,34,21,2025-05-12 23:23:59.783978,56,0.11,Completed,49.84
2176,52,31,2025-05-13 00:51:24.788478,17,0.24,Pending,12.92
2177,112,34,2025-05-13 02:18:49.792979,92,0.03,Completed,89.24
2178,252,32,2025-05-13 03:46:14.797479,82,0.18,Pending,67.24000000000001
2179,82,35,2025-05-13 05:13:39.801980,97,0.04,Cancelled,93.11999999999999
2180,232,15,2025-05-13 06:41:04.806480,79,0.13,Completed,68.73
2181,227,32,2025-05-13 08:08:29.810981,22,0.29,Completed,15.62
2182,233,6,2025-05-13 09:35:54.815481,27,0.06,Completed,25.38
2183,221,45,2025-05-13 11:03:19.819981,55,0.01,Completed,54.45
2184,436,21,2025-05-13 12:30:44.824482,32,0.13,Completed,27.84
2185,413,33,2025-05-13 13:58:09.828982,60,0.17,Pending,49.8
2186,422,32,2025-05-13 15:25:34.833483,83,0.09,Completed,75.53
2187,42,19,2025-05-13 16:52:59.837983,28,0.16,Completed,23.52
2188,21,33,2025-05-13 18:20:24.842484,28,0.29,Completed,19.88
2189,42,28,2025-05-13 19:47:49.846984,74,0.09,Completed,67.34
2190,397,31,2025-05-13 21:15:14.851485,84,0.09,Pending,76.44
2191,113,21,2025-05-13 22:42:39.855985,25,0.14,Cancelled,21.5
2192,105,34,2025-05-14 00:10:04.860486,85,0.15,Completed,72.25
2193,192,15,2025-05-14 01:37:29.864986,78,0.0,Completed,78.0
2194,17,14,2025-05-14 03:04:54.869486,86,0.18,Completed,70.52000000000001
2195,120,19,2025-05-14 04:32:19.873987,26,0.3,Completed,18.2
2196,393,43,2025-05-14 05:59:44.878487,75,0.09,Completed,68.25
2197,425,15,2025-05-14 07:27:09.882988,71,0.19,Completed,57.510000000000005
2198,129,6,2025-05-14 08:54:34.887488,17,0.0,Completed,17.0
2199,130,9,2025-05-14 10:21:59.891989,82,0.18,Completed,67.24000000000001
2200,60,37,2025-05-14 11:49:24.896489,7,0.13,Completed,6.09
2201,48,20,2025-05-14 13:16:49.900990,56,0.16,Completed,47.04
2202,29,34,2025-05-14 14:44:14.905490,64,0.16,Completed,53.76
2203,97,38,2025-05-14 16:11:39.909990,20,0.05,Completed,19.0
2204,10,26,2025-05-14 17:39:04.914491,38,0.23,Completed,29.26
2205,242,18,2025-05-14 19:06:29.918991,75,0.17,Completed,62.25
2206,314,28,2025-05-14 20:33:54.923492,58,0.08,Completed,53.36
2207,444,9,2025-05-14 22:01:19.927992,16,0.28,Cancelled,11.52
2208,232,32,2025-05-14 23:28:44.932493,51,0.0,Pending,51.0
2209,277,6,2025-05-15 00:56:09.936993,27,0.22,Completed,21.060000000000002
2210,284,14,2025-05-15 02:23:34.941494,51,0.11,Completed,45.39
2211,203,28,2025-05-15 03:50:59.945994,75,0.16,Pending,63.0
2212,247,24,2025-05-15 05:18:24.950495,16,0.09,Pending,14.56
2213,290,13,2025-05-15 06:45:49.954995,87,0.1,Completed,78.3
2214,264,43,2025-05-15 08:13:14.959495,60,0.0,Pending,60.0
2215,443,12,2025-05-15 09:40:39.963996,76,0.22,Completed,59.28
2216,214,19,2025-05-15 11:08:04.968496,40,0.21,Completed,31.6
2217,200,21,2025-05-15 12:35:29.972997,67,0.2,Completed,53.6
2218,433,27,2025-05-15 14:02:54.977497,2,0.26,Cancelled,1.48
2219,79,19,2025-05-15 15:30:19.981998,48,0.27,Completed,35.04
2220,401,24,2025-05-15 16:57:44.986498,52,0.17,Completed,43.16
2221,444,26,2025-05-15 18:25:09.990999,24,0.21,Completed,18.96
2222,343,45,2025-05-15 19:52:34.995499,93,0.0,Completed,93.0
2223,344,28,2025-05-15 21:20:00.000000,98,0.25,Completed,73.5
2224,173,46,2025-05-15 22:47:25.004500,84,0.24,Completed,63.84
2225,467,18,2025-05-16 00:14:50.009000,82,0.01,Completed,81.17999999999999
2226,69,44,2025-05-16 01:42:15.013501,78,0.16,Completed,65.52
2227,416,36,2025-05-16 03:09:40.018001,82,0.27,Completed,59.86
2228,428,42,2025-05-16 04:37:05.022502,2,0.05,Completed,1.9
2229,449,29,2025-05-16 06:04:30.027002,65,0.11,Completed,57.85
2230,87,17,2025-05-16 07:31:55.031503,20,0.1,Completed,18.0
2231,101,4,2025-05-16 08:59:20.036003,34,0.11,Completed,30.26
2232,8,44,2025-05-16 10:26:45.040504,41,0.01,Completed,40.589999999999996
2233,333,45,2025-05-16 11:54:10.045004,41,0.08,Completed,37.72
2234,200,29,2025-05-16 13:21:35.049504,75,0.09,Completed,68.25
2235,87,4,2025-05-16 14:49:00.054005,91,0.26,Pending,67.34
2236,43,10,2025-05-16 16:16:25.058505,23,0.11,Completed,20.47
2237,385,25,2025-05-16 17:43:50.063006,38,0.13,Completed,33.06
2238,109,31,2025-05-16 19:11:15.067506,44,0.11,Completed,39.160000000000004
2239,435,3,2025-05-16 20:38:40.072007,67,0.04,Completed,64.32
2240,408,47,2025-05-16 22:06:05.076507,62,0.3,Completed,43.4
2241,483,2,2025-05-16 23:33:30.081008,12,0.25,Completed,9.0
2242,152,25,2025-05-17 01:00:55.085508,30,0.16,Pending,25.2
2243,17,49,2025-05-17 02:28:20.090009,95,0.14,Completed,81.7
2244,133,6,2025-05-17 03:55:45.094509,87,0.19,Completed,70.47
2245,148,26,2025-05-17 05:23:10.099009,65,0.1,Completed,58.5
2246,277,8,2025-05-17 06:50:35.103510,41,0.02,Pending,40.18
2247,232,35,2025-05-17 08:18:00.108010,20,0.12,Completed,17.6
2248,314,27,2025-05-17 09:45:25.112511,6,0.3,Cancelled,4.199999999999999
2249,415,25,2025-05-17 11:12:50.117011,75,0.05,Completed,71.25
2250,366,18,2025-05-17 12:40:15.121512,99,0.16,Pending,83.16
2251,228,1,2025-05-17 14:07:40.126012,4,0.0,Completed,4.0
2252,139,48,2025-05-17 15:35:05.130513,93,0.04,Completed,89.28
2253,436,39,2025-05-17 17:02:30.135013,10,0.18,Completed,8.200000000000001
2254,399,3,2025-05-17 18:29:55.139513,51,0.09,Completed,46.410000000000004
2255,211,4,2025-05-17 19:57:20.144014,93,0.27,Cancelled,67.89
2256,391,41,2025-05-17 21:24:45.148514,38,0.12,Completed,33.44
2257,499,37,2025-05-17 22:52:10.153015,1,0.06,Completed,0.94
2258,28,15,2025-05-18 00:19:35.157515,8,0.16,Pending,6.72
2259,51,8,2025-05-18 01:47:00.162016,81,0.24,Completed,61.56
2260,491,38,2025-05-18 03:14:25.166516,83,0.01,Completed,82.17
2261,442,50,2025-05-18 04:41:50.171017,63,0.15,Completed,53.55
2262,261,19,2025-05-18 06:09:15.175517,33,0.23,Completed,25.41
2263,261,47,2025-05-18 07:36:40.180018,15,0.03,Cancelled,14.549999999999999
2264,350,26,2025-05-18 09:04:05.184518,31,0.27,Completed,22.63
2265,352,39,2025-05-18 10:31:30.189018,21,0.08,Pending,19.32
2266,8,10,2025-05-18 11:58:55.193519,3,0.05,Pending,2.8499999999999996
2267,320,38,2025-05-18 13:26:20.198019,66,0.18,Completed,54.120000000000005
2268,138,14,2025-05-18 14:53:45.202520,35,0.05,Completed,33.25
2269,38,49,2025-05-18 16:21:10.207020,41,0.2,Completed,32.800000000000004
2270,111,41,2025-05-18 17:48:35.211521,59,0.15,Completed,50.15
2271,480,19,2025-05-18 19:16:00.216021,16,0.03,Completed,15.52
2272,368,30,2025-05-18 20:43:25.220522,56,0.27,Completed,40.879999999999995
2273,220,5,2025-05-18 22:10:50.225022,45,0.2,Cancelled,36.0
2274,337,31,2025-05-18 23:38:15.229522,59,0.16,Completed,49.559999999999995
2275,223,7,2025-05-19 01:05:40.234023,50,0.11,Completed,44.5
2276,136,19,2025-05-19 02:33:05.238523,85,0.04,Completed,81.6
2277,256,31,2025-05-19 04:00:30.243024,12,0.21,Completed,9.48
2278,360,39,2025-05-19 05:27:55.247524,92,0.24,Completed,69.92
2279,409,24,2025-05-19 06:55:20.252025,12,0.04,Completed,11.52
2280,329,34,2025-05-19 08:22:45.256525,33,0.15,Completed,28.05
2281,450,23,2025-05-19 09:50:10.261026,84,0.15,Completed,71.39999999999999
2282,463,48,2025-05-19 11:17:35.265526,49,0.1,Pending,44.1
2283,434,45,2025-05-19 12:45:00.270027,21,0.24,Completed,15.96
2284,451,40,2025-05-19 14:12:25.274527,60,0.03,Completed,58.199999999999996
2285,49,6,2025-05-19 15:39:50.279027,52,0.06,Completed,48.879999999999995
2286,292,38,2025-05-19 17:07:15.283528,54,0.0,Completed,54.0
2287,382,41,2025-05-19 18:34:40.288028,39,0.11,Cancelled,34.71
2288,324,36,2025-05-19 20:02:05.292529,49,0.09,Completed,44.59
2289,78,27,2025-05-19 21:29:30.297029,64,0.26,Pending,47.36
2290,105,11,2025-05-19 22:56:55.301530,100,0.22,Pending,78.0
2291,169,5,2025-05-20 00:24:20.306030,86,0.03,Completed,83.42
2292,217,17,2025-05-20 01:51:45.310531,26,0.22,Completed,20.28
2293,378,7,2025-05-20 03:19:10.315031,71,0.2,Pending,56.800000000000004
2294,119,27,2025-05-20 04:46:35.319531,7,0.08,Completed,6.44
2295,190,47,2025-05-20 06:14:00.324032,72,0.0,Completed,72.0
2296,255,15,2025-05-20 07:41:25.328532,62,0.03,Completed,60.14
2297,370,46,2025-05-20 09:08:50.333033,90,0.07,Completed,83.69999999999999
2298,266,13,2025-05-20 10:36:15.337533,88,0.24,Completed,66.88
2299,149,11,2025-05-20 12:03:40.342034,24,0.14,Cancelled,20.64
2300,164,45,2025-05-20 13:31:05.346534,40,0.28,Completed,28.799999999999997
2301,140,26,2025-05-20 14:58:30.351035,76,0.24,Pending,57.76
2302,347,22,2025-05-20 16:25:55.355535,47,0.09,Completed,42.77
2303,488,28,2025-05-20 17:53:20.360036,8,0.25,Completed,6.0
2304,258,24,2025-05-20 19:20:45.364536,54,0.04,Completed,51.839999999999996
2305,374,29,2025-05-20 20:48:10.369036,9,0.01,Cancelled,8.91
2306,269,9,2025-05-20 22:15:35.373537,3,0.18,Completed,2.46
2307,181,42,2025-05-20 23:43:00.378037,54,0.1,Completed,48.6
2308,160,4,2025-05-21 01:10:25.382538,21,0.1,Completed,18.900000000000002
2309,351,49,2025-05-21 02:37:50.387038,95,0.21,Pending,75.05
2310,400,46,2025-05-21 04:05:15.391539,48,0.26,Completed,35.519999999999996
2311,288,18,2025-05-21 05:32:40.396039,47,0.1,Completed,42.300000000000004
2312,288,43,2025-05-21 07:00:05.400540,88,0.1,Completed,79.2
2313,380,16,2025-05-21 08:27:30.405040,68,0.16,Completed,57.12
2314,226,33,2025-05-21 09:54:55.409540,84,0.2,Completed,67.2
2315,11,29,2025-05-21 11:22:20.414041,63,0.06,Completed,59.22
2316,10,39,2025-05-21 12:49:45.418541,16,0.27,Completed,11.68
2317,271,10,2025-05-21 14:17:10.423042,74,0.2,Completed,59.2
2318,273,9,2025-05-21 15:44:35.427542,90,0.19,Completed,72.9
2319,424,31,2025-05-21 17:12:00.432043,93,0.27,Completed,67.89
2320,402,28,2025-05-21 18:39:25.436543,5,0.27,Completed,3.65
2321,183,3,2025-05-21 20:06:50.441044,11,0.04,Completed,10.559999999999999
2322,457,14,2025-05-21 21:34:15.445544,29,0.04,Completed,27.84
2323,153,25,2025-05-21 23:01:40.450045,79,0.23,Pending,60.83
2324,488,15,2025-05-22 00:29:05.454545,70,0.29,Completed,49.699999999999996
2325,315,2,2025-05-22 01:56:30.459045,48,0.2,Completed,38.400000000000006
2326,334,24,2025-05-22 03:23:55.463546,15,0.12,Completed,13.2
2327,124,14,2025-05-22 04:51:20.468046,84,0.21,Completed,66.36
2328,473,48,2025-05-22 06:18:45.472547,34,0.07,Completed,31.619999999999997
2329,114,7,2025-05-22 07:46:10.477047,60,0.3,Completed,42.0
2330,278,36,2025-05-22 09:13:35.481548,62,0.13,Completed,53.94
2331,500,50,2025-05-22 10:41:00.486048,2,0.28,Completed,1.44
2332,414,24,2025-05-22 12:08:25.490549,80,0.13,Completed,69.6
2333,468,27,2025-05-22 13:35:50.495049,19,0.28,Completed,13.68
2334,213,37,2025-05-22 15:03:15.499549,98,0.1,Completed,88.2
2335,172,38,2025-05-22 16:30:40.504050,49,0.23,Completed,37.730000000000004
2336,288,30,2025-05-22 17:58:05.508550,78,0.29,Completed,55.379999999999995
2337,435,27,2025-05-22 19:25:30.513051,88,0.19,Completed,71.28
2338,174,39,2025-05-22 20:52:55.517551,28,0.2,Completed,22.400000000000002
2339,113,15,2025-05-22 22:20:20.522052,48,0.03,Completed,46.56
2340,376,26,2025-05-22 23:47:45.526552,96,0.14,Completed,82.56
2341,405,1,2025-05-23 01:15:10.531053,37,0.27,Completed,27.009999999999998
2342,483,4,2025-05-23 02:42:35.535553,74,0.07,Cancelled,68.82
2343,122,29,2025-05-23 04:10:00.540054,49,0.24,Completed,37.24
2344,32,1,2025-05-23 05:37:25.544554,48,0.2,Completed,38.400000000000006
2345,222,43,2025-05-23 07:04:50.549054,73,0.07,Completed,67.89
2346,119,50,2025-05-23 08:32:15.553555,88,0.08,Completed,80.96000000000001
2347,39,46,2025-05-23 09:59:40.558055,100,0.13,Completed,87.0
2348,497,22,2025-05-23 11:27:05.562556,29,0.04,Completed,27.84
2349,268,11,2025-05-23 12:54:30.567056,60,0.27,Completed,43.8
2350,233,10,2025-05-23 14:21:55.571557,29,0.22,Completed,22.62
2351,431,17,2025-05-23 15:49:20.576057,58,0.11,Completed,51.62
2352,18,36,2025-05-23 17:16:45.580558,48,0.09,Completed,43.68
2353,149,47,2025-05-23 18:44:10.585058,23,0.21,Completed,18.17
2354,397,26,2025-05-23 20:11:35.589558,27,0.13,Completed,23.49
2355,149,48,2025-05-23 21:39:00.594059,95,0.07,Completed,88.35
2356,126,21,2025-05-23 23:06:25.598559,7,0.13,Completed,6.09
2357,392,13,2025-05-24 00:33:50.603060,49,0.26,Pending,36.26
2358,302,9,2025-05-24 02:01:15.607560,54,0.02,Completed,52.92
2359,360,11,2025-05-24 03:28:40.612061,68,0.11,Completed,60.52
2360,238,11,2025-05-24 04:56:05.616561,78,0.29,Completed,55.379999999999995
2361,135,6,2025-05-24 06:23:30.621062,42,0.0,Completed,42.0
2362,151,1,2025-05-24 07:50:55.625562,74,0.27,Completed,54.019999999999996
2363,236,6,2025-05-24 09:18:20.630063,59,0.11,Completed,52.51
2364,224,13,2025-05-24 10:45:45.634563,44,0.06,Completed,41.36
2365,203,22,2025-05-24 12:13:10.639063,98,0.0,Cancelled,98.0
2366,256,31,2025-05-24 13:40:35.643564,26,0.02,Pending,25.48
2367,86,22,2025-05-24 15:08:00.648064,23,0.05,Completed,21.849999999999998
2368,150,37,2025-05-24 16:35:25.652565,73,0.01,Completed,72.27
2369,235,47,2025-05-24 18:02:50.657065,8,0.1,Completed,7.2
2370,345,27,2025-05-24 19:30:15.661566,53,0.01,Completed,52.47
2371,22,50,2025-05-24 20:57:40.666066,14,0.21,Completed,11.06
2372,348,14,2025-05-24 22:25:05.670567,71,0.25,Completed,53.25
2373,285,47,2025-05-24 23:52:30.675067,7,0.27,Completed,5.109999999999999
2374,269,5,2025-05-25 01:19:55.679567,9,0.16,Pending,7.56
2375,466,36,2025-05-25 02:47:20.684068,3,0.28,Completed,2.16
2376,258,32,2025-05-25 04:14:45.688568,78,0.0,Completed,78.0
2377,29,34,2025-05-25 05:42:10.693069,17,0.04,Completed,16.32
2378,213,7,2025-05-25 07:09:35.697569,44,0.09,Completed,40.04
2379,463,42,2025-05-25 08:37:00.702070,86,0.24,Completed,65.36
2380,436,48,2025-05-25 10:04:25.706570,46,0.27,Completed,33.58
2381,283,10,2025-05-25 11:31:50.711071,90,0.19,Completed,72.9
2382,50,50,2025-05-25 12:59:15.715571,58,0.11,Completed,51.62
2383,95,17,2025-05-25 14:26:40.720072,28,0.2,Pending,22.400000000000002
2384,463,30,2025-05-25 15:54:05.724572,14,0.05,Cancelled,13.299999999999999
2385,499,21,2025-05-25 17:21:30.729072,9,0.14,Completed,7.74
2386,407,13,2025-05-25 18:48:55.733573,26,0.15,Completed,22.099999999999998
2387,88,1,2025-05-25 20:16:20.738073,2,0.03,Completed,1.94
2388,44,1,2025-05-25 21:43:45.742574,75,0.01,Completed,74.25
2389,461,47,2025-05-25 23:11:10.747074,81,0.23,Completed,62.370000000000005
2390,278,33,2025-05-26 00:38:35.751575,34,0.16,Completed,28.56
2391,171,38,2025-05-26 02:06:00.756075,19,0.1,Completed,17.1
2392,421,25,2025-05-26 03:33:25.760576,39,0.13,Completed,33.93
2393,189,26,2025-05-26 05:00:50.765076,82,0.29,Completed,58.22
2394,353,13,2025-05-26 06:28:15.769576,13,0.12,Completed,11.44
2395,184,28,2025-05-26 07:55:40.774077,5,0.03,Completed,4.85
2396,3,33,2025-05-26 09:23:05.778577,50,0.14,Completed,43.0
2397,191,37,2025-05-26 10:50:30.783078,23,0.19,Completed,18.630000000000003
2398,118,41,2025-05-26 12:17:55.787578,88,0.0,Completed,88.0
2399,19,30,2025-05-26 13:45:20.792079,29,0.1,Pending,26.1
2400,23,49,2025-05-26 15:12:45.796579,72,0.12,Completed,63.36
2401,413,48,2025-05-26 16:40:10.801080,26,0.14,Pending,22.36
2402,30,8,2025-05-26 18:07:35.805580,79,0.09,Completed,71.89
2403,295,49,2025-05-26 19:35:00.810081,57,0.2,Completed,45.6
2404,108,47,2025-05-26 21:02:25.814581,1,0.28,Completed,0.72
2405,367,1,2025-05-26 22:29:50.819081,28,0.27,Completed,20.439999999999998
2406,281,12,2025-05-26 23:57:15.823582,62,0.2,Completed,49.6
2407,128,5,2025-05-27 01:24:40.828082,47,0.15,Completed,39.949999999999996
2408,229,24,2025-05-27 02:52:05.832583,78,0.25,Cancelled,58.5
2409,111,6,2025-05-27 04:19:30.837083,98,0.25,Pending,73.5
2410,136,25,2025-05-27 05:46:55.841584,59,0.25,Completed,44.25
2411,362,1,2025-05-27 07:14:20.846084,31,0.05,Completed,29.45
2412,186,25,2025-05-27 08:41:45.850585,70,0.01,Completed,69.3
2413,144,1,2025-05-27 10:09:10.855085,49,0.29,Completed,34.79
2414,72,32,2025-05-27 11:36:35.859585,5,0.29,Completed,3.55
2415,129,42,2025-05-27 13:04:00.864086,31,0.17,Completed,25.73
2416,364,42,2025-05-27 14:31:25.868586,37,0.3,Completed,25.9
2417,261,3,2025-05-27 15:58:50.873087,79,0.23,Completed,60.83
2418,3,49,2025-05-27 17:26:15.877587,15,0.16,Completed,12.6
2419,449,19,2025-05-27 18:53:40.882088,52,0.12,Cancelled,45.76
2420,388,43,2025-05-27 20:21:05.886588,69,0.18,Completed,56.580000000000005
2421,104,29,2025-05-27 21:48:30.891089,92,0.15,Completed,78.2
2422,483,50,2025-05-27 23:15:55.895589,97,0.3,Completed,67.89999999999999
2423,224,2,2025-05-28 00:43:20.900090,11,0.15,Completed,9.35
2424,320,9,2025-05-28 02:10:45.904590,43,0.25,Pending,32.25
2425,362,17,2025-05-28 03:38:10.909090,70,0.24,Completed,53.2
2426,354,46,2025-05-28 05:05:35.913591,23,0.02,Cancelled,22.54
2427,491,36,2025-05-28 06:33:00.918091,40,0.03,Completed,38.8
2428,473,17,2025-05-28 08:00:25.922592,63,0.2,Pending,50.400000000000006
2429,10,49,2025-05-28 09:27:50.927092,2,0.08,Completed,1.84
2430,405,12,2025-05-28 10:55:15.931593,79,0.2,Pending,63.2
2431,384,20,2025-05-28 12:22:40.936093,87,0.04,Completed,83.52
2432,302,50,2025-05-28 13:50:05.940594,86,0.12,Completed,75.68
2433,231,3,2025-05-28 15:17:30.945094,73,0.03,Completed,70.81
2434,219,43,2025-05-28 16:44:55.949594,47,0.08,Completed,43.24
2435,411,50,2025-05-28 18:12:20.954095,30,0.03,Pending,29.099999999999998
2436,66,4,2025-05-28 19:39:45.958595,16,0.29,Completed,11.36
2437,425,17,2025-05-28 21:07:10.963096,59,0.12,Completed,51.92
2438,112,50,2025-05-28 22:34:35.967596,47,0.27,Completed,34.31
2439,13,37,2025-05-29 00:02:00.972097,30,0.29,Completed,21.299999999999997
2440,393,46,2025-05-29 01:29:25.976597,9,0.27,Pending,6.57
2441,500,42,2025-05-29 02:56:50.981098,65,0.14,Completed,55.9
2442,420,15,2025-05-29 04:24:15.985598,59,0.23,Completed,45.43
2443,86,33,2025-05-29 05:51:40.990099,64,0.05,Completed,60.8
2444,234,16,2025-05-29 07:19:05.994599,8,0.03,Pending,7.76
2445,90,11,2025-05-29 08:46:30.999099,52,0.26,Completed,38.48
2446,314,20,2025-05-29 10:13:56.003600,18,0.01,Completed,17.82
2447,54,38,2025-05-29 11:41:21.008100,91,0.29,Cancelled,64.61
2448,12,24,2025-05-29 13:08:46.012601,82,0.2,Completed,65.60000000000001
2449,209,16,2025-05-29 14:36:11.017101,96,0.13,Completed,83.52
2450,462,30,2025-05-29 16:03:36.021602,58,0.04,Completed,55.68
2451,14,34,2025-05-29 17:31:01.026102,49,0.22,Completed,38.22
2452,121,1,2025-05-29 18:58:26.030603,32,0.17,Pending,26.56
2453,418,24,2025-05-29 20:25:51.035103,48,0.21,Completed,37.92
2454,437,24,2025-05-29 21:53:16.039603,45,0.13,Completed,39.15
2455,377,9,2025-05-29 23:20:41.044104,54,0.02,Completed,52.92
2456,20,22,2025-05-30 00:48:06.048604,100,0.09,Completed,91.0
2457,75,12,2025-05-30 02:15:31.053105,100,0.09,Completed,91.0
2458,400,17,2025-05-30 03:42:56.057605,85,0.0,Completed,85.0
2459,243,25,2025-05-30 05:10:21.062106,46,0.0,Completed,46.0
2460,223,28,2025-05-30 06:37:46.066606,96,0.1,Pending,86.4
2461,70,15,2025-05-30 08:05:11.071107,31,0.22,Completed,24.18
2462,312,30,2025-05-30 09:32:36.075607,37,0.19,Completed,29.970000000000002
2463,211,27,2025-05-30 11:00:01.080108,16,0.07,Completed,14.879999999999999
2464,101,22,2025-05-30 12:27:26.084608,46,0.18,Completed,37.720000000000006
2465,186,10,2025-05-30 13:54:51.089108,46,0.19,Completed,37.260000000000005
2466,132,31,2025-05-30 15:22:16.093609,78,0.16,Pending,65.52
2467,111,27,2025-05-30 16:49:41.098109,88,0.16,Completed,73.92
2468,381,12,2025-05-30 18:17:06.102610,89,0.11,Completed,79.21000000000001
2469,132,46,2025-05-30 19:44:31.107110,61,0.04,Completed,58.559999999999995
2470,20,31,2025-05-30 21:11:56.111611,46,0.12,Completed,40.48
2471,394,32,2025-05-30 22:39:21.116111,51,0.1,Pending,45.9
2472,24,32,2025-05-31 00:06:46.120612,62,0.18,Completed,50.84
2473,227,41,2025-05-31 01:34:11.125112,35,0.26,Completed,25.9
2474,154,45,2025-05-31 03:01:36.129612,81,0.11,Completed,72.09
2475,293,35,2025-05-31 04:29:01.134113,42,0.21,Completed,33.18
2476,230,46,2025-05-31 05:56:26.138613,45,0.24,Pending,34.2
2477,469,21,2025-05-31 07:23:51.143114,68,0.06,Completed,63.919999999999995
2478,310,10,2025-05-31 08:51:16.147614,75,0.27,Completed,54.75
2479,488,16,2025-05-31 10:18:41.152115,47,0.02,Completed,46.06
2480,359,7,2025-05-31 11:46:06.156615,79,0.27,Completed,57.67
2481,405,4,2025-05-31 13:13:31.161116,30,0.05,Completed,28.5
2482,202,27,2025-05-31 14:40:56.165616,24,0.1,Completed,21.6
2483,38,25,2025-05-31 16:08:21.170117,66,0.18,Completed,54.120000000000005
2484,430,31,2025-05-31 17:35:46.174617,43,0.27,Completed,31.39
2485,260,11,2025-05-31 19:03:11.179117,34,0.08,Completed,31.28
2486,188,48,2025-05-31 20:30:36.183618,23,0.23,Completed,17.71
2487,57,20,2025-05-31 21:58:01.188118,61,0.21,Completed,48.190000000000005
2488,429,36,2025-05-31 23:25:26.192619,95,0.05,Completed,90.25
2489,20,17,2025-06-01 00:52:51.197119,37,0.14,Completed,31.82
2490,273,45,2025-06-01 02:20:16.201620,13,0.14,Completed,11.18
2491,119,11,2025-06-01 03:47:41.206120,97,0.09,Completed,88.27
2492,71,30,2025-06-01 05:15:06.210621,71,0.23,Completed,54.67
2493,4,35,2025-06-01 06:42:31.215121,96,0.28,Completed,69.12
2494,221,41,2025-06-01 08:09:56.219621,7,0.21,Completed,5.53
2495,14,38,2025-06-01 09:37:21.224122,42,0.29,Completed,29.82
2496,3,22,2025-06-01 11:04:46.228622,38,0.02,Cancelled,37.24
2497,216,43,2025-06-01 12:32:11.233123,52,0.01,Completed,51.48
2498,229,48,2025-06-01 13:59:36.237623,44,0.27,Completed,32.12
2499,336,27,2025-06-01 15:27:01.242124,64,0.27,Completed,46.72
2500,186,37,2025-06-01 16:54:26.246624,13,0.03,Completed,12.61
2501,55,46,2025-06-01 18:21:51.251125,88,0.11,Completed,78.32000000000001
2502,500,49,2025-06-01 19:49:16.255625,28,0.25,Completed,21.0
2503,388,35,2025-06-01 21:16:41.260126,96,0.04,Completed,92.16
2504,376,4,2025-06-01 22:44:06.264626,82,0.08,Completed,75.44
2505,254,16,2025-06-02 00:11:31.269126,98,0.2,Completed,78.4
2506,24,16,2025-06-02 01:38:56.273627,98,0.29,Completed,69.58
2507,162,21,2025-06-02 03:06:21.278127,1,0.24,Completed,0.76
2508,158,26,2025-06-02 04:33:46.282628,43,0.23,Completed,33.11
2509,82,36,2025-06-02 06:01:11.287128,42,0.1,Completed,37.800000000000004
2510,403,19,2025-06-02 07:28:36.291629,95,0.2,Completed,76.0
2511,159,17,2025-06-02 08:56:01.296129,50,0.03,Completed,48.5
2512,188,45,2025-06-02 10:23:26.300630,60,0.3,Completed,42.0
2513,60,26,2025-06-02 11:50:51.305130,1,0.14,Completed,0.86
2514,403,22,2025-06-02 13:18:16.309630,51,0.19,Completed,41.31
2515,305,28,2025-06-02 14:45:41.314131,16,0.26,Completed,11.84
2516,319,1,2025-06-02 16:13:06.318631,39,0.0,Cancelled,39.0
2517,366,44,2025-06-02 17:40:31.323132,15,0.29,Completed,10.649999999999999
2518,211,36,2025-06-02 19:07:56.327632,33,0.11,Pending,29.37
2519,406,43,2025-06-02 20:35:21.332133,87,0.1,Pending,78.3
2520,152,37,2025-06-02 22:02:46.336633,53,0.04,Completed,50.879999999999995
2521,109,2,2025-06-02 23:30:11.341134,98,0.26,Completed,72.52
2522,76,17,2025-06-03 00:57:36.345634,17,0.26,Completed,12.58
2523,30,40,2025-06-03 02:25:01.350135,89,0.01,Completed,88.11
2524,314,38,2025-06-03 03:52:26.354635,6,0.02,Completed,5.88
2525,486,21,2025-06-03 05:19:51.359135,31,0.28,Completed,22.32
2526,117,9,2025-06-03 06:47:16.363636,69,0.04,Completed,66.24
2527,415,13,2025-06-03 08:14:41.368136,40,0.19,Completed,32.400000000000006
2528,356,11,2025-06-03 09:42:06.372637,30,0.19,Completed,24.3
2529,192,16,2025-06-03 11:09:31.377137,69,0.26,Completed,51.06
2530,19,16,2025-06-03 12:36:56.381638,76,0.17,Cancelled,63.08
2531,432,2,2025-06-03 14:04:21.386138,7,0.13,Completed,6.09
2532,173,42,2025-06-03 15:31:46.390639,13,0.29,Completed,9.23
2533,228,44,2025-06-03 16:59:11.395139,4,0.07,Completed,3.7199999999999998
2534,350,8,2025-06-03 18:26:36.399639,50,0.08,Completed,46.0
2535,183,43,2025-06-03 19:54:01.404140,3,0.03,Completed,2.91
2536,113,42,2025-06-03 21:21:26.408640,12,0.29,Completed,8.52
2537,183,13,2025-06-03 22:48:51.413141,65,0.21,Completed,51.35
2538,481,17,2025-06-04 00:16:16.417641,27,0.0,Completed,27.0
2539,146,39,2025-06-04 01:43:41.422142,50,0.21,Completed,39.5
2540,319,24,2025-06-04 03:11:06.426642,77,0.12,Completed,67.76
2541,116,3,2025-06-04 04:38:31.431143,17,0.29,Completed,12.07
2542,113,30,2025-06-04 06:05:56.435643,72,0.08,Completed,66.24000000000001
2543,251,13,2025-06-04 07:33:21.440144,32,0.21,Completed,25.28
2544,476,19,2025-06-04 09:00:46.444644,84,0.19,Completed,68.04
2545,251,7,2025-06-04 10:28:11.449144,51,0.0,Completed,51.0
2546,303,9,2025-06-04 11:55:36.453645,17,0.27,Completed,12.41
2547,459,19,2025-06-04 13:23:01.458145,34,0.04,Completed,32.64
2548,313,45,2025-06-04 14:50:26.462646,35,0.2,Completed,28.0
2549,118,40,2025-06-04 16:17:51.467146,99,0.23,Completed,76.23
2550,301,22,2025-06-04 17:45:16.471647,24,0.19,Completed,19.44
2551,161,18,2025-06-04 19:12:41.476147,54,0.03,Completed,52.379999999999995
2552,401,23,2025-06-04 20:40:06.480648,18,0.29,Completed,12.78
2553,198,2,2025-06-04 22:07:31.485148,50,0.07,Completed,46.5
2554,260,50,2025-06-04 23:34:56.489648,46,0.19,Completed,37.260000000000005
2555,148,50,2025-06-05 01:02:21.494149,48,0.24,Completed,36.480000000000004
2556,240,11,2025-06-05 02:29:46.498649,33,0.28,Pending,23.759999999999998
2557,47,31,2025-06-05 03:57:11.503150,87,0.18,Completed,71.34
2558,475,33,2025-06-05 05:24:36.507650,89,0.08,Cancelled,81.88000000000001
2559,399,14,2025-06-05 06:52:01.512151,27,0.25,Completed,20.25
2560,198,16,2025-06-05 08:19:26.516651,1,0.05,Completed,0.95
2561,47,11,2025-06-05 09:46:51.521152,85,0.01,Completed,84.15
2562,78,33,2025-06-05 11:14:16.525652,59,0.27,Completed,43.07
2563,124,7,2025-06-05 12:41:41.530153,10,0.17,Completed,8.299999999999999
2564,75,31,2025-06-05 14:09:06.534653,95,0.02,Completed,93.1
2565,359,48,2025-06-05 15:36:31.539153,25,0.17,Completed,20.75
2566,137,46,2025-06-05 17:03:56.543654,84,0.04,Completed,80.64
2567,90,47,2025-06-05 18:31:21.548154,57,0.01,Completed,56.43
2568,400,14,2025-06-05 19:58:46.552655,66,0.03,Completed,64.02
2569,325,28,2025-06-05 21:26:11.557155,15,0.23,Completed,11.55
2570,500,43,2025-06-05 22:53:36.561656,28,0.23,Completed,21.560000000000002
2571,61,16,2025-06-06 00:21:01.566156,13,0.18,Completed,10.66
2572,138,19,2025-06-06 01:48:26.570657,14,0.06,Completed,13.16
2573,50,17,2025-06-06 03:15:51.575157,66,0.22,Completed,51.480000000000004
2574,259,26,2025-06-06 04:43:16.579657,34,0.12,Completed,29.92
2575,461,6,2025-06-06 06:10:41.584158,99,0.15,Completed,84.14999999999999
2576,107,43,2025-06-06 07:38:06.588658,25,0.27,Completed,18.25
2577,113,49,2025-06-06 09:05:31.593159,54,0.14,Completed,46.44
2578,350,9,2025-06-06 10:32:56.597659,79,0.19,Completed,63.99
2579,254,50,2025-06-06 12:00:21.602160,12,0.29,Pending,8.52
2580,118,17,2025-06-06 13:27:46.606660,9,0.14,Completed,7.74
2581,493,31,2025-06-06 14:55:11.611161,31,0.17,Completed,25.73
2582,198,12,2025-06-06 16:22:36.615661,78,0.18,Completed,63.96000000000001
2583,337,23,2025-06-06 17:50:01.620162,93,0.07,Completed,86.49
2584,365,5,2025-06-06 19:17:26.624662,53,0.22,Completed,41.34
2585,51,43,2025-06-06 20:44:51.629162,43,0.22,Completed,33.54
2586,245,36,2025-06-06 22:12:16.633663,38,0.06,Completed,35.72
2587,403,36,2025-06-06 23:39:41.638163,42,0.0,Completed,42.0
2588,426,3,2025-06-07 01:07:06.642664,72,0.3,Pending,50.4
2589,35,24,2025-06-07 02:34:31.647164,48,0.17,Completed,39.839999999999996
2590,302,17,2025-06-07 04:01:56.651665,67,0.05,Completed,63.65
2591,410,39,2025-06-07 05:29:21.656165,66,0.09,Completed,60.06
2592,499,26,2025-06-07 06:56:46.660666,16,0.19,Completed,12.96
2593,69,4,2025-06-07 08:24:11.665166,83,0.04,Pending,79.67999999999999
2594,349,45,2025-06-07 09:51:36.669666,94,0.01,Completed,93.06
2595,320,12,2025-06-07 11:19:01.674167,16,0.24,Pending,12.16
2596,421,1,2025-06-07 12:46:26.678667,31,0.21,Completed,24.490000000000002
2597,468,21,2025-06-07 14:13:51.683168,58,0.09,Completed,52.78
2598,49,19,2025-06-07 15:41:16.687668,28,0.02,Completed,27.439999999999998
2599,405,21,2025-06-07 17:08:41.692169,4,0.15,Completed,3.4
2600,74,18,2025-06-07 18:36:06.696669,10,0.08,Pending,9.200000000000001
2601,192,43,2025-06-07 20:03:31.701170,51,0.12,Completed,44.88
2602,261,3,2025-06-07 21:30:56.705670,18,0.08,Completed,16.560000000000002
2603,356,49,2025-06-07 22:58:21.710171,47,0.05,Pending,44.65
2604,70,44,2025-06-08 00:25:46.714671,32,0.12,Completed,28.16
2605,90,32,2025-06-08 01:53:11.719171,30,0.29,Pending,21.299999999999997
2606,260,10,2025-06-08 03:20:36.723672,36,0.08,Completed,33.120000000000005
2607,126,40,2025-06-08 04:48:01.728172,9,0.1,Completed,8.1
2608,231,15,2025-06-08 06:15:26.732673,36,0.1,Completed,32.4
2609,295,5,2025-06-08 07:42:51.737173,29,0.14,Completed,24.94
2610,498,4,2025-06-08 09:10:16.741674,16,0.25,Completed,12.0
2611,419,28,2025-06-08 10:37:41.746174,92,0.12,Pending,80.96
2612,129,4,2025-06-08 12:05:06.750675,21,0.24,Completed,15.96
2613,280,15,2025-06-08 13:32:31.755175,64,0.03,Completed,62.08
2614,313,17,2025-06-08 14:59:56.759675,66,0.27,Completed,48.18
2615,100,44,2025-06-08 16:27:21.764176,59,0.06,Completed,55.459999999999994
2616,326,3,2025-06-08 17:54:46.768676,99,0.01,Completed,98.01
2617,297,10,2025-06-08 19:22:11.773177,28,0.05,Completed,26.599999999999998
2618,182,47,2025-06-08 20:49:36.777677,55,0.06,Pending,51.699999999999996
2619,174,42,2025-06-08 22:17:01.782178,100,0.15,Pending,85.0
2620,316,23,2025-06-08 23:44:26.786678,31,0.13,Completed,26.97
2621,364,18,2025-06-09 01:11:51.791179,33,0.21,Completed,26.07
2622,188,1,2025-06-09 02:39:16.795679,87,0.02,Completed,85.26
2623,57,35,2025-06-09 04:06:41.800180,60,0.15,Pending,51.0
2624,31,31,2025-06-09 05:34:06.804680,41,0.1,Pending,36.9
2625,84,44,2025-06-09 07:01:31.809180,81,0.19,Pending,65.61
2626,152,1,2025-06-09 08:28:56.813681,46,0.01,Completed,45.54
2627,473,3,2025-06-09 09:56:21.818181,49,0.01,Completed,48.51
2628,36,3,2025-06-09 11:23:46.822682,65,0.13,Completed,56.55
2629,213,37,2025-06-09 12:51:11.827182,42,0.24,Completed,31.92
2630,414,19,2025-06-09 14:18:36.831683,23,0.2,Completed,18.400000000000002
2631,408,29,2025-06-09 15:46:01.836183,27,0.01,Pending,26.73
2632,364,25,2025-06-09 17:13:26.840684,89,0.05,Completed,84.55
2633,106,33,2025-06-09 18:40:51.845184,32,0.07,Pending,29.759999999999998
2634,414,36,2025-06-09 20:08:16.849684,83,0.13,Pending,72.21
2635,342,29,2025-06-09 21:35:41.854185,88,0.18,Pending,72.16000000000001
2636,220,26,2025-06-09 23:03:06.858685,3,0.06,Completed,2.82
2637,391,4,2025-06-10 00:30:31.863186,60,0.11,Completed,53.4
2638,163,49,2025-06-10 01:57:56.867686,76,0.18,Completed,62.32000000000001
2639,439,14,2025-06-10 03:25:21.872187,99,0.12,Completed,87.12
2640,220,50,2025-06-10 04:52:46.876687,79,0.04,Completed,75.84
2641,270,27,2025-06-10 06:20:11.881188,17,0.15,Completed,14.45
2642,120,33,2025-06-10 07:47:36.885688,32,0.1,Completed,28.8
2643,394,22,2025-06-10 09:15:01.890189,7,0.26,Pending,5.18
2644,336,48,2025-06-10 10:42:26.894689,83,0.23,Pending,63.910000000000004
2645,400,3,2025-06-10 12:09:51.899189,71,0.06,Completed,66.74
2646,182,23,2025-06-10 13:37:16.903690,69,0.05,Pending,65.55
2647,479,21,2025-06-10 15:04:41.908190,58,0.1,Completed,52.2
2648,106,41,2025-06-10 16:32:06.912691,40,0.12,Completed,35.2
2649,217,23,2025-06-10 17:59:31.917191,85,0.28,Completed,61.199999999999996
2650,205,4,2025-06-10 19:26:56.921692,48,0.09,Completed,43.68
2651,70,21,2025-06-10 20:54:21.926192,51,0.26,Completed,37.74
2652,44,37,2025-06-10 22:21:46.930693,57,0.15,Completed,48.449999999999996
2653,329,43,2025-06-10 23:49:11.935193,71,0.27,Completed,51.83
2654,301,31,2025-06-11 01:16:36.939693,37,0.21,Pending,29.23
2655,228,21,2025-06-11 02:44:01.944194,87,0.21,Pending,68.73
2656,184,26,2025-06-11 04:11:26.948694,75,0.16,Pending,63.0
2657,107,41,2025-06-11 05:38:51.953195,74,0.25,Completed,55.5
2658,84,35,2025-06-11 07:06:16.957695,85,0.08,Completed,78.2
2659,338,38,2025-06-11 08:33:41.962196,55,0.27,Completed,40.15
2660,250,24,2025-06-11 10:01:06.966696,41,0.19,Completed,33.21
2661,363,11,2025-06-11 11:28:31.971197,97,0.13,Pending,84.39
2662,441,41,2025-06-11 12:55:56.975697,20,0.29,Completed,14.2
2663,21,29,2025-06-11 14:23:21.980198,33,0.26,Pending,24.419999999999998
2664,196,47,2025-06-11 15:50:46.984698,40,0.23,Completed,30.8
2665,178,3,2025-06-11 17:18:11.989198,99,0.08,Completed,91.08
2666,417,1,2025-06-11 18:45:36.993699,34,0.29,Completed,24.14
2667,475,19,2025-06-11 20:13:01.998199,62,0.22,Completed,48.36
2668,7,46,2025-06-11 21:40:27.002700,100,0.18,Completed,82.0
2669,70,49,2025-06-11 23:07:52.007200,91,0.28,Completed,65.52
2670,127,22,2025-06-12 00:35:17.011701,19,0.05,Completed,18.05
2671,399,14,2025-06-12 02:02:42.016201,43,0.04,Completed,41.28
2672,466,49,2025-06-12 03:30:07.020702,69,0.17,Completed,57.269999999999996
2673,160,14,2025-06-12 04:57:32.025202,63,0.02,Completed,61.74
2674,248,44,2025-06-12 06:24:57.029702,93,0.2,Completed,74.4
2675,203,16,2025-06-12 07:52:22.034203,10,0.07,Completed,9.299999999999999
2676,148,33,2025-06-12 09:19:47.038703,13,0.04,Pending,12.48
2677,472,13,2025-06-12 10:47:12.043204,93,0.12,Completed,81.84
2678,143,38,2025-06-12 12:14:37.047704,5,0.14,Completed,4.3
2679,432,49,2025-06-12 13:42:02.052205,58,0.05,Completed,55.099999999999994
2680,199,12,2025-06-12 15:09:27.056705,59,0.01,Completed,58.41
2681,405,38,2025-06-12 16:36:52.061206,76,0.12,Completed,66.88
2682,426,39,2025-06-12 18:04:17.065706,59,0.23,Completed,45.43
2683,154,33,2025-06-12 19:31:42.070207,77,0.26,Completed,56.98
2684,492,33,2025-06-12 20:59:07.074707,86,0.03,Completed,83.42
2685,376,29,2025-06-12 22:26:32.079207,15,0.16,Completed,12.6
2686,384,5,2025-06-12 23:53:57.083708,77,0.08,Completed,70.84
2687,142,6,2025-06-13 01:21:22.088208,1,0.11,Completed,0.89
2688,313,31,2025-06-13 02:48:47.092709,38,0.28,Pending,27.36
2689,165,16,2025-06-13 04:16:12.097209,53,0.11,Completed,47.17
2690,314,31,2025-06-13 05:43:37.101710,52,0.11,Completed,46.28
2691,21,25,2025-06-13 07:11:02.106210,1,0.06,Completed,0.94
2692,82,48,2025-06-13 08:38:27.110711,11,0.29,Completed,7.81
2693,69,46,2025-06-13 10:05:52.115211,58,0.14,Completed,49.88
2694,131,33,2025-06-13 11:33:17.119711,40,0.17,Completed,33.199999999999996
2695,87,13,2025-06-13 13:00:42.124212,86,0.14,Completed,73.96
2696,218,10,2025-06-13 14:28:07.128712,99,0.08,Completed,91.08
2697,421,24,2025-06-13 15:55:32.133213,60,0.24,Completed,45.6
2698,472,10,2025-06-13 17:22:57.137713,44,0.01,Completed,43.56
2699,305,41,2025-06-13 18:50:22.142214,6,0.21,Completed,4.74
2700,403,31,2025-06-13 20:17:47.146714,28,0.18,Pending,22.96
2701,371,13,2025-06-13 21:45:12.151215,31,0.04,Cancelled,29.759999999999998
2702,345,3,2025-06-13 23:12:37.155715,8,0.05,Completed,7.6
2703,341,50,2025-06-14 00:40:02.160216,5,0.2,Completed,4.0
2704,384,34,2025-06-14 02:07:27.164716,54,0.09,Completed,49.14
2705,396,49,2025-06-14 03:34:52.169216,17,0.08,Completed,15.64
2706,445,28,2025-06-14 05:02:17.173717,38,0.02,Completed,37.24
2707,425,19,2025-06-14 06:29:42.178217,9,0.23,Completed,6.93
2708,161,23,2025-06-14 07:57:07.182718,74,0.26,Completed,54.76
2709,178,45,2025-06-14 09:24:32.187218,84,0.25,Completed,63.0
2710,117,32,2025-06-14 10:51:57.191719,78,0.14,Pending,67.08
2711,196,13,2025-06-14 12:19:22.196219,14,0.16,Completed,11.76
2712,383,33,2025-06-14 13:46:47.200720,26,0.07,Completed,24.18
2713,490,34,2025-06-14 15:14:12.205220,93,0.05,Completed,88.35
2714,327,33,2025-06-14 16:41:37.209720,62,0.25,Pending,46.5
2715,86,5,2025-06-14 18:09:02.214221,91,0.24,Pending,69.16
2716,289,3,2025-06-14 19:36:27.218721,25,0.23,Completed,19.25
2717,81,7,2025-06-14 21:03:52.223222,80,0.14,Completed,68.8
2718,152,24,2025-06-14 22:31:17.227722,36,0.26,Pending,26.64
2719,61,22,2025-06-14 23:58:42.232223,98,0.28,Completed,70.56
2720,61,45,2025-06-15 01:26:07.236723,80,0.1,Completed,72.0
2721,354,23,2025-06-15 02:53:32.241224,33,0.07,Pending,30.689999999999998
2722,28,30,2025-06-15 04:20:57.245724,3,0.14,Pending,2.58
2723,442,18,2025-06-15 05:48:22.250225,87,0.05,Completed,82.64999999999999
2724,43,32,2025-06-15 07:15:47.254725,11,0.27,Completed,8.03
2725,169,7,2025-06-15 08:43:12.259225,58,0.1,Completed,52.2
2726,423,33,2025-06-15 10:10:37.263726,64,0.17,Completed,53.12
2727,86,5,2025-06-15 11:38:02.268226,18,0.18,Completed,14.760000000000002
2728,177,49,2025-06-15 13:05:27.272727,47,0.15,Completed,39.949999999999996
2729,17,28,2025-06-15 14:32:52.277227,44,0.05,Cancelled,41.8
2730,98,8,2025-06-15 16:00:17.281728,93,0.3,Completed,65.1
2731,454,15,2025-06-15 17:27:42.286228,59,0.05,Completed,56.05
2732,494,4,2025-06-15 18:55:07.290729,50,0.23,Completed,38.5
2733,198,34,2025-06-15 20:22:32.295229,69,0.24,Completed,52.44
2734,98,5,2025-06-15 21:49:57.299729,88,0.04,Completed,84.47999999999999
2735,65,33,2025-06-15 23:17:22.304230,29,0.28,Completed,20.88
2736,330,5,2025-06-16 00:44:47.308730,93,0.15,Completed,79.05
2737,341,38,2025-06-16 02:12:12.313231,90,0.19,Pending,72.9
2738,5,34,2025-06-16 03:39:37.317731,67,0.19,Completed,54.27
2739,2,26,2025-06-16 05:07:02.322232,2,0.15,Completed,1.7
2740,22,1,2025-06-16 06:34:27.326732,25,0.04,Completed,24.0
2741,112,4,2025-06-16 08:01:52.331233,19,0.23,Completed,14.63
2742,57,39,2025-06-16 09:29:17.335733,40,0.17,Completed,33.199999999999996
2743,66,26,2025-06-16 10:56:42.340234,2,0.04,Completed,1.92
2744,330,33,2025-06-16 12:24:07.344734,83,0.21,Completed,65.57000000000001
2745,98,33,2025-06-16 13:51:32.349234,65,0.21,Completed,51.35
2746,144,8,2025-06-16 15:18:57.353735,62,0.16,Completed,52.08
2747,368,20,2025-06-16 16:46:22.358235,91,0.03,Completed,88.27
2748,435,16,2025-06-16 18:13:47.362736,54,0.11,Completed,48.06
2749,125,21,2025-06-16 19:41:12.367236,45,0.02,Completed,44.1
2750,167,45,2025-06-16 21:08:37.371737,49,0.14,Completed,42.14
2751,86,26,2025-06-16 22:36:02.376237,99,0.27,Completed,72.27
2752,76,23,2025-06-17 00:03:27.380738,69,0.0,Completed,69.0
2753,344,18,2025-06-17 01:30:52.385238,38,0.08,Pending,34.96
2754,495,31,2025-06-17 02:58:17.389738,4,0.24,Pending,3.04
2755,424,42,2025-06-17 04:25:42.394239,17,0.0,Completed,17.0
2756,294,12,2025-06-17 05:53:07.398739,53,0.0,Completed,53.0
2757,444,1,2025-06-17 07:20:32.403240,85,0.18,Completed,69.7
2758,59,42,2025-06-17 08:47:57.407740,53,0.24,Completed,40.28
2759,138,9,2025-06-17 10:15:22.412241,31,0.23,Completed,23.87
2760,99,3,2025-06-17 11:42:47.416741,22,0.23,Completed,16.94
2761,192,26,2025-06-17 13:10:12.421242,11,0.11,Completed,9.790000000000001
2762,243,9,2025-06-17 14:37:37.425742,34,0.26,Completed,25.16
2763,319,42,2025-06-17 16:05:02.430243,15,0.0,Completed,15.0
2764,49,16,2025-06-17 17:32:27.434743,10,0.09,Completed,9.1
2765,448,24,2025-06-17 18:59:52.439243,96,0.1,Completed,86.4
2766,32,50,2025-06-17 20:27:17.443744,53,0.05,Completed,50.349999999999994
2767,391,14,2025-06-17 21:54:42.448244,48,0.1,Completed,43.2
2768,277,3,2025-06-17 23:22:07.452745,31,0.18,Pending,25.42
2769,20,34,2025-06-18 00:49:32.457245,37,0.16,Completed,31.08
2770,154,33,2025-06-18 02:16:57.461746,28,0.1,Completed,25.2
2771,383,50,2025-06-18 03:44:22.466246,31,0.22,Completed,24.18
2772,68,24,2025-06-18 05:11:47.470747,70,0.21,Completed,55.300000000000004
2773,366,9,2025-06-18 06:39:12.475247,14,0.08,Completed,12.88
2774,372,13,2025-06-18 08:06:37.479747,87,0.1,Completed,78.3
2775,214,2,2025-06-18 09:34:02.484248,16,0.09,Pending,14.56
2776,143,7,2025-06-18 11:01:27.488748,25,0.04,Completed,24.0
2777,376,48,2025-06-18 12:28:52.493249,39,0.23,Completed,30.03
2778,232,21,2025-06-18 13:56:17.497749,66,0.01,Completed,65.34
2779,213,19,2025-06-18 15:23:42.502250,38,0.05,Pending,36.1
2780,79,25,2025-06-18 16:51:07.506750,41,0.03,Completed,39.769999999999996
2781,214,47,2025-06-18 18:18:32.511251,98,0.25,Completed,73.5
2782,116,22,2025-06-18 19:45:57.515751,40,0.01,Completed,39.6
2783,92,11,2025-06-18 21:13:22.520252,64,0.2,Completed,51.2
2784,270,33,2025-06-18 22:40:47.524752,89,0.01,Completed,88.11
2785,411,32,2025-06-19 00:08:12.529252,100,0.24,Pending,76.0
2786,381,21,2025-06-19 01:35:37.533753,16,0.27,Completed,11.68
2787,489,39,2025-06-19 03:03:02.538253,82,0.15,Completed,69.7
2788,168,20,2025-06-19 04:30:27.542754,77,0.24,Completed,58.52
2789,58,8,2025-06-19 05:57:52.547254,59,0.21,Completed,46.61
2790,284,42,2025-06-19 07:25:17.551755,91,0.24,Completed,69.16
2791,26,37,2025-06-19 08:52:42.556255,98,0.23,Completed,75.46000000000001
2792,369,9,2025-06-19 10:20:07.560756,11,0.06,Completed,10.34
2793,447,25,2025-06-19 11:47:32.565256,1,0.15,Completed,0.85
2794,66,25,2025-06-19 13:14:57.569756,13,0.29,Completed,9.23
2795,409,33,2025-06-19 14:42:22.574257,30,0.1,Completed,27.0
2796,248,2,2025-06-19 16:09:47.578757,69,0.29,Pending,48.989999999999995
2797,254,19,2025-06-19 17:37:12.583258,18,0.17,Completed,14.94
2798,387,46,2025-06-19 19:04:37.587758,78,0.14,Completed,67.08
2799,456,20,2025-06-19 20:32:02.592259,13,0.2,Completed,10.4
2800,44,42,2025-06-19 21:59:27.596759,32,0.24,Completed,24.32
2801,97,41,2025-06-19 23:26:52.601260,71,0.12,Completed,62.48
2802,42,42,2025-06-20 00:54:17.605760,72,0.01,Pending,71.28
2803,500,29,2025-06-20 02:21:42.610261,50,0.21,Cancelled,39.5
2804,227,6,2025-06-20 03:49:07.614761,71,0.29,Completed,50.41
2805,262,17,2025-06-20 05:16:32.619261,80,0.19,Completed,64.80000000000001
2806,167,25,2025-06-20 06:43:57.623762,31,0.06,Pending,29.139999999999997
2807,436,38,2025-06-20 08:11:22.628262,51,0.07,Completed,47.43
2808,279,4,2025-06-20 09:38:47.632763,27,0.27,Pending,19.71
2809,89,30,2025-06-20 11:06:12.637263,60,0.0,Completed,60.0
2810,379,20,2025-06-20 12:33:37.641764,33,0.16,Completed,27.72
2811,178,3,2025-06-20 14:01:02.646264,53,0.05,Cancelled,50.349999999999994
2812,427,23,2025-06-20 15:28:27.650765,93,0.08,Completed,85.56
2813,403,18,2025-06-20 16:55:52.655265,72,0.09,Completed,65.52
2814,197,26,2025-06-20 18:23:17.659765,33,0.07,Completed,30.689999999999998
2815,307,36,2025-06-20 19:50:42.664266,41,0.24,Pending,31.16
2816,267,8,2025-06-20 21:18:07.668766,19,0.1,Completed,17.1
2817,268,17,2025-06-20 22:45:32.673267,85,0.1,Pending,76.5
2818,74,31,2025-06-21 00:12:57.677767,41,0.14,Completed,35.26
2819,8,37,2025-06-21 01:40:22.682268,85,0.27,Cancelled,62.05
2820,408,45,2025-06-21 03:07:47.686768,89,0.21,Completed,70.31
2821,476,33,2025-06-21 04:35:12.691269,42,0.02,Completed,41.16
2822,297,27,2025-06-21 06:02:37.695769,23,0.01,Pending,22.77
2823,164,45,2025-06-21 07:30:02.700270,75,0.17,Completed,62.25
2824,485,4,2025-06-21 08:57:27.704770,33,0.27,Pending,24.09
2825,85,22,2025-06-21 10:24:52.709270,20,0.1,Completed,18.0
2826,72,26,2025-06-21 11:52:17.713771,25,0.07,Completed,23.25
2827,55,32,2025-06-21 13:19:42.718271,90,0.22,Completed,70.2
2828,393,24,2025-06-21 14:47:07.722772,52,0.18,Completed,42.64
2829,47,46,2025-06-21 16:14:32.727272,12,0.17,Completed,9.959999999999999
2830,399,35,2025-06-21 17:41:57.731773,32,0.04,Completed,30.72
2831,432,37,2025-06-21 19:09:22.736273,33,0.05,Completed,31.349999999999998
2832,238,32,2025-06-21 20:36:47.740774,74,0.08,Completed,68.08
2833,104,7,2025-06-21 22:04:12.745274,68,0.06,Completed,63.919999999999995
2834,210,33,2025-06-21 23:31:37.749774,15,0.29,Pending,10.649999999999999
2835,42,31,2025-06-22 00:59:02.754275,51,0.01,Pending,50.49
2836,316,12,2025-06-22 02:26:27.758775,6,0.19,Completed,4.86
2837,468,11,2025-06-22 03:53:52.763276,91,0.16,Cancelled,76.44
2838,454,24,2025-06-22 05:21:17.767776,69,0.1,Completed,62.1
2839,268,8,2025-06-22 06:48:42.772277,69,0.27,Completed,50.37
2840,386,32,2025-06-22 08:16:07.776777,82,0.2,Completed,65.60000000000001
2841,263,38,2025-06-22 09:43:32.781278,92,0.3,Completed,64.39999999999999
2842,336,22,2025-06-22 11:10:57.785778,35,0.05,Completed,33.25
2843,387,34,2025-06-22 12:38:22.790279,86,0.03,Completed,83.42
2844,365,19,2025-06-22 14:05:47.794779,34,0.04,Pending,32.64
2845,259,20,2025-06-22 15:33:12.799279,63,0.08,Completed,57.96
2846,283,14,2025-06-22 17:00:37.803780,68,0.13,Completed,59.16
2847,114,33,2025-06-22 18:28:02.808280,18,0.26,Completed,13.32
2848,363,10,2025-06-22 19:55:27.812781,26,0.09,Completed,23.66
2849,40,16,2025-06-22 21:22:52.817281,86,0.27,Completed,62.78
2850,486,4,2025-06-22 22:50:17.821782,97,0.14,Completed,83.42
2851,417,27,2025-06-23 00:17:42.826282,61,0.19,Completed,49.410000000000004
2852,220,28,2025-06-23 01:45:07.830783,78,0.08,Completed,71.76
2853,129,43,2025-06-23 03:12:32.835283,95,0.05,Pending,90.25
2854,8,16,2025-06-23 04:39:57.839783,74,0.26,Completed,54.76
2855,101,33,2025-06-23 06:07:22.844284,88,0.03,Pending,85.36
2856,416,48,2025-06-23 07:34:47.848784,85,0.23,Completed,65.45
2857,380,19,2025-06-23 09:02:12.853285,48,0.17,Cancelled,39.839999999999996
2858,176,21,2025-06-23 10:29:37.857785,72,0.26,Completed,53.28
2859,107,22,2025-06-23 11:57:02.862286,96,0.22,Completed,74.88
2860,101,9,2025-06-23 13:24:27.866786,31,0.08,Completed,28.52
2861,260,9,2025-06-23 14:51:52.871287,34,0.17,Completed,28.22
2862,478,9,2025-06-23 16:19:17.875787,87,0.0,Pending,87.0
2863,454,27,2025-06-23 17:46:42.880288,89,0.14,Completed,76.53999999999999
2864,366,17,2025-06-23 19:14:07.884788,7,0.03,Pending,6.79
2865,246,44,2025-06-23 20:41:32.889288,83,0.13,Completed,72.21
2866,275,45,2025-06-23 22:08:57.893789,7,0.03,Completed,6.79
2867,32,8,2025-06-23 23:36:22.898289,47,0.29,Completed,33.37
2868,137,16,2025-06-24 01:03:47.902790,8,0.16,Completed,6.72
2869,12,18,2025-06-24 02:31:12.907290,78,0.27,Pending,56.94
2870,395,33,2025-06-24 03:58:37.911791,1,0.01,Completed,0.99
2871,302,1,2025-06-24 05:26:02.916291,77,0.19,Cancelled,62.370000000000005
2872,375,12,2025-06-24 06:53:27.920792,3,0.09,Completed,2.73
2873,16,6,2025-06-24 08:20:52.925292,53,0.13,Cancelled,46.11
2874,129,41,2025-06-24 09:48:17.929792,92,0.26,Completed,68.08
2875,63,5,2025-06-24 11:15:42.934293,38,0.29,Completed,26.979999999999997
2876,109,16,2025-06-24 12:43:07.938793,51,0.07,Completed,47.43
2877,375,18,2025-06-24 14:10:32.943294,15,0.28,Pending,10.799999999999999
2878,21,49,2025-06-24 15:37:57.947794,100,0.21,Pending,79.0
2879,158,18,2025-06-24 17:05:22.952295,67,0.29,Completed,47.57
2880,269,1,2025-06-24 18:32:47.956795,64,0.17,Completed,53.12
2881,162,19,2025-06-24 20:00:12.961296,68,0.29,Completed,48.28
2882,260,8,2025-06-24 21:27:37.965796,5,0.27,Completed,3.65
2883,412,3,2025-06-24 22:55:02.970297,90,0.04,Cancelled,86.39999999999999
2884,102,25,2025-06-25 00:22:27.974797,89,0.09,Completed,80.99000000000001
2885,223,5,2025-06-25 01:49:52.979297,10,0.07,Completed,9.299999999999999
2886,59,40,2025-06-25 03:17:17.983798,8,0.17,Completed,6.64
2887,247,19,2025-06-25 04:44:42.988298,12,0.24,Completed,9.120000000000001
2888,128,18,2025-06-25 06:12:07.992799,64,0.23,Pending,49.28
2889,283,50,2025-06-25 07:39:32.997299,59,0.22,Completed,46.02
2890,325,31,2025-06-25 09:06:58.001800,67,0.11,Completed,59.63
2891,25,33,2025-06-25 10:34:23.006300,91,0.04,Completed,87.36
2892,131,47,2025-06-25 12:01:48.010801,50,0.06,Completed,47.0
2893,353,18,2025-06-25 13:29:13.015301,23,0.22,Completed,17.94
2894,196,39,2025-06-25 14:56:38.019801,40,0.04,Completed,38.4
2895,281,16,2025-06-25 16:24:03.024302,97,0.07,Completed,90.21
2896,404,16,2025-06-25 17:51:28.028802,78,0.13,Completed,67.86
2897,418,47,2025-06-25 19:18:53.033303,87,0.02,Completed,85.26
2898,154,38,2025-06-25 20:46:18.037803,95,0.06,Completed,89.3
2899,382,41,2025-06-25 22:13:43.042304,77,0.04,Completed,73.92
2900,133,7,2025-06-25 23:41:08.046804,76,0.29,Completed,53.959999999999994
2901,227,14,2025-06-26 01:08:33.051305,99,0.06,Completed,93.05999999999999
2902,189,43,2025-06-26 02:35:58.055805,18,0.26,Completed,13.32
2903,476,48,2025-06-26 04:03:23.060306,21,0.03,Completed,20.37
2904,477,25,2025-06-26 05:30:48.064806,1,0.26,Completed,0.74
2905,265,32,2025-06-26 06:58:13.069306,38,0.18,Cancelled,31.160000000000004
2906,372,38,2025-06-26 08:25:38.073807,41,0.25,Completed,30.75
2907,486,22,2025-06-26 09:53:03.078307,42,0.26,Completed,31.08
2908,434,16,2025-06-26 11:20:28.082808,9,0.18,Completed,7.380000000000001
2909,134,29,2025-06-26 12:47:53.087308,23,0.28,Completed,16.56
2910,211,16,2025-06-26 14:15:18.091809,78,0.18,Pending,63.96000000000001
2911,60,12,2025-06-26 15:42:43.096309,11,0.21,Pending,8.690000000000001
2912,428,17,2025-06-26 17:10:08.100810,71,0.12,Completed,62.48
2913,377,37,2025-06-26 18:37:33.105310,31,0.27,Completed,22.63
2914,395,27,2025-06-26 20:04:58.109810,88,0.25,Completed,66.0
2915,450,25,2025-06-26 21:32:23.114311,26,0.05,Cancelled,24.7
2916,431,13,2025-06-26 22:59:48.118811,30,0.17,Completed,24.9
2917,364,8,2025-06-27 00:27:13.123312,34,0.27,Completed,24.82
2918,364,5,2025-06-27 01:54:38.127812,46,0.24,Completed,34.96
2919,457,12,2025-06-27 03:22:03.132313,69,0.29,Completed,48.989999999999995
2920,213,41,2025-06-27 04:49:28.136813,5,0.07,Completed,4.6499999999999995
2921,216,3,2025-06-27 06:16:53.141314,61,0.11,Pending,54.29
2922,226,35,2025-06-27 07:44:18.145814,83,0.15,Completed,70.55
2923,470,33,2025-06-27 09:11:43.150315,38,0.07,Pending,35.339999999999996
2924,131,22,2025-06-27 10:39:08.154815,28,0.12,Pending,24.64
2925,76,50,2025-06-27 12:06:33.159315,26,0.16,Pending,21.84
2926,476,44,2025-06-27 13:33:58.163816,61,0.06,Completed,57.339999999999996
2927,286,9,2025-06-27 15:01:23.168316,23,0.08,Completed,21.16
2928,474,41,2025-06-27 16:28:48.172817,46,0.04,Completed,44.16
2929,496,18,2025-06-27 17:56:13.177317,30,0.21,Pending,23.700000000000003
2930,277,50,2025-06-27 19:23:38.181818,67,0.11,Completed,59.63
2931,156,29,2025-06-27 20:51:03.186318,92,0.07,Completed,85.55999999999999
2932,248,39,2025-06-27 22:18:28.190819,33,0.15,Completed,28.05
2933,218,27,2025-06-27 23:45:53.195319,3,0.02,Completed,2.94
2934,190,36,2025-06-28 01:13:18.199819,69,0.28,Completed,49.68
2935,417,45,2025-06-28 02:40:43.204320,83,0.09,Completed,75.53
2936,469,17,2025-06-28 04:08:08.208820,42,0.27,Completed,30.66
2937,163,34,2025-06-28 05:35:33.213321,62,0.15,Completed,52.699999999999996
2938,180,46,2025-06-28 07:02:58.217821,58,0.26,Completed,42.92
2939,34,3,2025-06-28 08:30:23.222322,57,0.07,Completed,53.01
2940,41,5,2025-06-28 09:57:48.226822,1,0.05,Completed,0.95
2941,307,14,2025-06-28 11:25:13.231323,73,0.25,Completed,54.75
2942,431,3,2025-06-28 12:52:38.235823,60,0.06,Completed,56.4
2943,338,23,2025-06-28 14:20:03.240324,69,0.22,Pending,53.82
2944,314,39,2025-06-28 15:47:28.244824,59,0.1,Completed,53.1
2945,75,30,2025-06-28 17:14:53.249324,46,0.22,Completed,35.88
2946,441,50,2025-06-28 18:42:18.253825,34,0.27,Completed,24.82
2947,279,45,2025-06-28 20:09:43.258325,97,0.29,Completed,68.86999999999999
2948,176,23,2025-06-28 21:37:08.262826,25,0.11,Completed,22.25
2949,384,27,2025-06-28 23:04:33.267326,42,0.11,Completed,37.38
2950,150,10,2025-06-29 00:31:58.271827,29,0.29,Completed,20.59
2951,273,25,2025-06-29 01:59:23.276327,25,0.26,Completed,18.5
2952,325,13,2025-06-29 03:26:48.280828,54,0.01,Pending,53.46
2953,108,16,2025-06-29 04:54:13.285328,73,0.17,Completed,60.589999999999996
2954,139,41,2025-06-29 06:21:38.289828,67,0.05,Completed,63.65
2955,350,34,2025-06-29 07:49:03.294329,15,0.3,Completed,10.5
2956,271,37,2025-06-29 09:16:28.298829,4,0.04,Completed,3.84
2957,347,22,2025-06-29 10:43:53.303330,38,0.17,Completed,31.54
2958,419,17,2025-06-29 12:11:18.307830,20,0.2,Completed,16.0
2959,289,23,2025-06-29 13:38:43.312331,23,0.28,Completed,16.56
2960,212,36,2025-06-29 15:06:08.316831,37,0.25,Completed,27.75
2961,381,49,2025-06-29 16:33:33.321332,62,0.07,Completed,57.66
2962,272,9,2025-06-29 18:00:58.325832,8,0.17,Completed,6.64
2963,418,2,2025-06-29 19:28:23.330333,37,0.29,Completed,26.27
2964,66,32,2025-06-29 20:55:48.334833,45,0.22,Completed,35.1
2965,483,50,2025-06-29 22:23:13.339333,97,0.21,Completed,76.63000000000001
2966,424,22,2025-06-29 23:50:38.343834,33,0.23,Completed,25.41
2967,248,43,2025-06-30 01:18:03.348334,7,0.1,Pending,6.3
2968,156,13,2025-06-30 02:45:28.352835,22,0.22,Completed,17.16
2969,47,8,2025-06-30 04:12:53.357335,5,0.07,Cancelled,4.6499999999999995
2970,423,1,2025-06-30 05:40:18.361836,15,0.13,Cancelled,13.05
2971,454,17,2025-06-30 07:07:43.366336,21,0.27,Completed,15.33
2972,201,12,2025-06-30 08:35:08.370837,89,0.01,Completed,88.11
2973,148,4,2025-06-30 10:02:33.375337,17,0.12,Completed,14.96
2974,124,13,2025-06-30 11:29:58.379837,56,0.08,Completed,51.52
2975,1,31,2025-06-30 12:57:23.384338,50,0.06,Pending,47.0
2976,456,41,2025-06-30 14:24:48.388838,7,0.25,Completed,5.25
2977,247,7,2025-06-30 15:52:13.393339,50,0.21,Completed,39.5
2978,343,23,2025-06-30 17:19:38.397839,60,0.03,Completed,58.199999999999996
2979,128,24,2025-06-30 18:47:03.402340,83,0.15,Completed,70.55
2980,191,5,2025-06-30 20:14:28.406840,7,0.14,Pending,6.02
2981,67,5,2025-06-30 21:41:53.411341,40,0.04,Cancelled,38.4
2982,4,17,2025-06-30 23:09:18.415841,45,0.24,Completed,34.2
2983,442,30,2025-07-01 00:36:43.420342,59,0.11,Completed,52.51
2984,409,9,2025-07-01 02:04:08.424842,88,0.23,Completed,67.76
2985,303,6,2025-07-01 03:31:33.429342,75,0.06,Completed,70.5
2986,294,25,2025-07-01 04:58:58.433843,55,0.09,Pending,50.050000000000004
2987,143,19,2025-07-01 06:26:23.438343,64,0.03,Completed,62.08
2988,191,16,2025-07-01 07:53:48.442844,65,0.04,Completed,62.4
2989,21,21,2025-07-01 09:21:13.447344,54,0.26,Completed,39.96
2990,227,2,2025-07-01 10:48:38.451845,96,0.03,Completed,93.12
2991,313,10,2025-07-01 12:16:03.456345,40,0.03,Completed,38.8
2992,117,16,2025-07-01 13:43:28.460846,53,0.28,Completed,38.16
2993,437,37,2025-07-01 15:10:53.465346,44,0.19,Completed,35.64
2994,302,15,2025-07-01 16:38:18.469846,63,0.03,Completed,61.11
2995,500,13,2025-07-01 18:05:43.474347,2,0.29,Completed,1.42
2996,142,13,2025-07-01 19:33:08.478847,79,0.04,Completed,75.84
2997,484,32,2025-07-01 21:00:33.483348,21,0.23,Completed,16.17
2998,460,45,2025-07-01 22:27:58.487848,88,0.01,Pending,87.12
2999,401,47,2025-07-01 23:55:23.492349,50,0.19,Pending,40.5
3000,39,46,2025-07-02 01:22:48.496849,81,0.16,Completed,68.03999999999999
3001,393,8,2025-07-02 02:50:13.501350,52,0.06,Completed,48.879999999999995
3002,355,43,2025-07-02 04:17:38.505850,9,0.19,Completed,7.290000000000001
3003,252,18,2025-07-02 05:45:03.510351,99,0.19,Completed,80.19000000000001
3004,333,36,2025-07-02 07:12:28.514851,20,0.24,Pending,15.2
3005,207,26,2025-07-02 08:39:53.519351,83,0.26,Completed,61.42
3006,210,10,2025-07-02 10:07:18.523852,18,0.15,Completed,15.299999999999999
3007,115,31,2025-07-02 11:34:43.528352,84,0.15,Completed,71.39999999999999
3008,225,33,2025-07-02 13:02:08.532853,30,0.19,Completed,24.3
3009,134,29,2025-07-02 14:29:33.537353,65,0.22,Cancelled,50.7
3010,251,5,2025-07-02 15:56:58.541854,24,0.11,Pending,21.36
3011,219,13,2025-07-02 17:24:23.546354,88,0.15,Completed,74.8
3012,407,1,2025-07-02 18:51:48.550855,47,0.18,Completed,38.540000000000006
3013,443,23,2025-07-02 20:19:13.555355,83,0.3,Completed,58.099999999999994
3014,91,40,2025-07-02 21:46:38.559855,94,0.18,Completed,77.08000000000001
3015,354,3,2025-07-02 23:14:03.564356,90,0.07,Completed,83.69999999999999
3016,376,3,2025-07-03 00:41:28.568856,44,0.18,Completed,36.080000000000005
3017,46,7,2025-07-03 02:08:53.573357,29,0.25,Cancelled,21.75
3018,38,36,2025-07-03 03:36:18.577857,77,0.26,Completed,56.98
3019,142,35,2025-07-03 05:03:43.582358,68,0.24,Completed,51.68
3020,100,15,2025-07-03 06:31:08.586858,17,0.27,Completed,12.41
3021,328,40,2025-07-03 07:58:33.591359,97,0.1,Completed,87.3
3022,190,3,2025-07-03 09:25:58.595859,5,0.15,Pending,4.25
3023,35,29,2025-07-03 10:53:23.600360,92,0.23,Completed,70.84
3024,147,30,2025-07-03 12:20:48.604860,88,0.08,Cancelled,80.96000000000001
3025,30,39,2025-07-03 13:48:13.609360,81,0.11,Completed,72.09
3026,334,18,2025-07-03 15:15:38.613861,50,0.25,Cancelled,37.5
3027,84,11,2025-07-03 16:43:03.618361,40,0.23,Completed,30.8
3028,369,43,2025-07-03 18:10:28.622862,46,0.29,Completed,32.66
3029,281,49,2025-07-03 19:37:53.627362,51,0.3,Completed,35.699999999999996
3030,424,38,2025-07-03 21:05:18.631863,11,0.07,Completed,10.229999999999999
3031,344,40,2025-07-03 22:32:43.636363,12,0.27,Completed,8.76
3032,270,1,2025-07-04 00:00:08.640864,13,0.03,Completed,12.61
3033,154,29,2025-07-04 01:27:33.645364,64,0.21,Completed,50.56
3034,102,10,2025-07-04 02:54:58.649864,8,0.07,Cancelled,7.4399999999999995
3035,215,28,2025-07-04 04:22:23.654365,65,0.09,Completed,59.15
3036,150,31,2025-07-04 05:49:48.658865,9,0.28,Pending,6.4799999999999995
3037,432,19,2025-07-04 07:17:13.663366,92,0.08,Completed,84.64
3038,83,3,2025-07-04 08:44:38.667866,2,0.2,Completed,1.6
3039,110,36,2025-07-04 10:12:03.672367,78,0.05,Completed,74.1
3040,435,43,2025-07-04 11:39:28.676867,13,0.03,Cancelled,12.61
3041,387,15,2025-07-04 13:06:53.681368,2,0.1,Completed,1.8
3042,426,33,2025-07-04 14:34:18.685868,68,0.19,Completed,55.080000000000005
3043,275,41,2025-07-04 16:01:43.690369,76,0.07,Completed,70.67999999999999
3044,201,43,2025-07-04 17:29:08.694869,48,0.09,Completed,43.68
3045,284,45,2025-07-04 18:56:33.699369,74,0.21,Pending,58.46
3046,468,26,2025-07-04 20:23:58.703870,3,0.03,Completed,2.91
3047,173,16,2025-07-04 21:51:23.708370,68,0.13,Completed,59.16
3048,327,36,2025-07-04 23:18:48.712871,6,0.28,Completed,4.32
3049,206,33,2025-07-05 00:46:13.717371,87,0.12,Completed,76.56
3050,63,20,2025-07-05 02:13:38.721872,5,0.13,Completed,4.35
3051,73,13,2025-07-05 03:41:03.726372,3,0.22,Completed,2.34
3052,251,33,2025-07-05 05:08:28.730873,10,0.23,Completed,7.7
3053,124,5,2025-07-05 06:35:53.735373,43,0.23,Completed,33.11
3054,375,37,2025-07-05 08:03:18.739873,19,0.3,Completed,13.299999999999999
3055,121,14,2025-07-05 09:30:43.744374,14,0.02,Completed,13.719999999999999
3056,275,27,2025-07-05 10:58:08.748874,21,0.29,Pending,14.91
3057,431,23,2025-07-05 12:25:33.753375,43,0.29,Completed,30.529999999999998
3058,500,14,2025-07-05 13:52:58.757875,28,0.26,Completed,20.72
3059,398,40,2025-07-05 15:20:23.762376,21,0.14,Completed,18.06
3060,120,4,2025-07-05 16:47:48.766876,36,0.26,Completed,26.64
3061,422,39,2025-07-05 18:15:13.771377,24,0.07,Completed,22.32
3062,437,19,2025-07-05 19:42:38.775877,54,0.24,Completed,41.04
3063,317,47,2025-07-05 21:10:03.780378,38,0.06,Pending,35.72
3064,164,4,2025-07-05 22:37:28.784878,17,0.24,Completed,12.92
3065,424,30,2025-07-06 00:04:53.789378,22,0.18,Completed,18.040000000000003
3066,465,19,2025-07-06 01:32:18.793879,83,0.03,Completed,80.50999999999999
3067,286,31,2025-07-06 02:59:43.798379,45,0.27,Completed,32.85
3068,265,31,2025-07-06 04:27:08.802880,74,0.17,Completed,61.419999999999995
3069,320,9,2025-07-06 05:54:33.807380,61,0.2,Completed,48.800000000000004
3070,161,13,2025-07-06 07:21:58.811881,11,0.09,Completed,10.01
3071,376,14,2025-07-06 08:49:23.816381,61,0.26,Completed,45.14
3072,308,46,2025-07-06 10:16:48.820882,38,0.16,Pending,31.919999999999998
3073,89,10,2025-07-06 11:44:13.825382,66,0.13,Completed,57.42
3074,142,48,2025-07-06 13:11:38.829882,33,0.16,Completed,27.72
3075,203,31,2025-07-06 14:39:03.834383,43,0.21,Completed,33.97
3076,309,37,2025-07-06 16:06:28.838883,31,0.21,Completed,24.490000000000002
3077,227,23,2025-07-06 17:33:53.843384,35,0.11,Completed,31.150000000000002
3078,489,27,2025-07-06 19:01:18.847884,37,0.12,Pending,32.56
3079,443,6,2025-07-06 20:28:43.852385,47,0.17,Completed,39.01
3080,334,26,2025-07-06 21:56:08.856885,100,0.28,Completed,72.0
3081,222,2,2025-07-06 23:23:33.861386,23,0.22,Pending,17.94
3082,41,45,2025-07-07 00:50:58.865886,36,0.12,Completed,31.68
3083,196,13,2025-07-07 02:18:23.870387,40,0.1,Completed,36.0
3084,68,50,2025-07-07 03:45:48.874887,90,0.16,Completed,75.6
3085,476,19,2025-07-07 05:13:13.879387,89,0.26,Completed,65.86
3086,264,1,2025-07-07 06:40:38.883888,81,0.0,Completed,81.0
3087,2,40,2025-07-07 08:08:03.888388,15,0.21,Cancelled,11.850000000000001
3088,361,32,2025-07-07 09:35:28.892889,37,0.09,Completed,33.67
3089,125,22,2025-07-07 11:02:53.897389,4,0.06,Completed,3.76
3090,110,48,2025-07-07 12:30:18.901890,22,0.0,Completed,22.0
3091,86,29,2025-07-07 13:57:43.906390,81,0.27,Completed,59.129999999999995
3092,425,2,2025-07-07 15:25:08.910891,22,0.27,Completed,16.06
3093,120,40,2025-07-07 16:52:33.915391,81,0.02,Completed,79.38
3094,127,38,2025-07-07 18:19:58.919891,78,0.16,Completed,65.52
3095,255,48,2025-07-07 19:47:23.924392,78,0.05,Pending,74.1
3096,183,11,2025-07-07 21:14:48.928892,17,0.23,Completed,13.09
3097,16,17,2025-07-07 22:42:13.933393,72,0.2,Completed,57.6
3098,477,43,2025-07-08 00:09:38.937893,98,0.09,Completed,89.18
3099,62,8,2025-07-08 01:37:03.942394,90,0.04,Completed,86.39999999999999
3100,369,22,2025-07-08 03:04:28.946894,94,0.25,Completed,70.5
3101,432,4,2025-07-08 04:31:53.951395,86,0.2,Completed,68.8
3102,158,11,2025-07-08 05:59:18.955895,80,0.0,Completed,80.0
3103,268,8,2025-07-08 07:26:43.960396,94,0.19,Completed,76.14
3104,35,9,2025-07-08 08:54:08.964896,80,0.24,Completed,60.8
3105,267,26,2025-07-08 10:21:33.969396,38,0.18,Pending,31.160000000000004
3106,64,2,2025-07-08 11:48:58.973897,24,0.13,Completed,20.88
3107,494,16,2025-07-08 13:16:23.978397,100,0.18,Completed,82.0
3108,50,31,2025-07-08 14:43:48.982898,99,0.19,Completed,80.19000000000001
3109,469,6,2025-07-08 16:11:13.987398,6,0.19,Completed,4.86
3110,255,21,2025-07-08 17:38:38.991899,68,0.29,Completed,48.28
3111,149,26,2025-07-08 19:06:03.996399,82,0.05,Completed,77.89999999999999
3112,325,19,2025-07-08 20:33:29.000900,6,0.19,Completed,4.86
3113,304,28,2025-07-08 22:00:54.005400,26,0.06,Completed,24.439999999999998
3114,276,8,2025-07-08 23:28:19.009900,91,0.06,Completed,85.53999999999999
3115,357,14,2025-07-09 00:55:44.014401,41,0.2,Pending,32.800000000000004
3116,451,24,2025-07-09 02:23:09.018901,75,0.27,Completed,54.75
3117,172,48,2025-07-09 03:50:34.023402,38,0.05,Completed,36.1
3118,417,44,2025-07-09 05:17:59.027902,80,0.29,Completed,56.8
3119,201,37,2025-07-09 06:45:24.032403,83,0.1,Completed,74.7
3120,445,26,2025-07-09 08:12:49.036903,43,0.12,Completed,37.84
3121,393,31,2025-07-09 09:40:14.041404,53,0.05,Completed,50.349999999999994
3122,324,32,2025-07-09 11:07:39.045904,15,0.18,Completed,12.3
3123,35,50,2025-07-09 12:35:04.050405,90,0.18,Completed,73.80000000000001
3124,465,41,2025-07-09 14:02:29.054905,56,0.13,Cancelled,48.72
3125,482,2,2025-07-09 15:29:54.059405,56,0.14,Completed,48.16
3126,216,25,2025-07-09 16:57:19.063906,31,0.19,Cancelled,25.110000000000003
3127,480,44,2025-07-09 18:24:44.068406,83,0.18,Completed,68.06
3128,65,2,2025-07-09 19:52:09.072907,57,0.11,Completed,50.730000000000004
3129,8,42,2025-07-09 21:19:34.077407,51,0.27,Completed,37.23
3130,301,1,2025-07-09 22:46:59.081908,24,0.2,Completed,19.200000000000003
3131,343,36,2025-07-10 00:14:24.086408,58,0.06,Pending,54.519999999999996
3132,431,12,2025-07-10 01:41:49.090909,73,0.1,Completed,65.7
3133,424,9,2025-07-10 03:09:14.095409,87,0.24,Completed,66.12
3134,332,36,2025-07-10 04:36:39.099909,4,0.03,Completed,3.88
3135,438,41,2025-07-10 06:04:04.104410,10,0.23,Completed,7.7
3136,76,28,2025-07-10 07:31:29.108910,63,0.11,Completed,56.07
3137,174,38,2025-07-10 08:58:54.113411,73,0.17,Completed,60.589999999999996
3138,47,33,2025-07-10 10:26:19.117911,83,0.08,Completed,76.36
3139,15,42,2025-07-10 11:53:44.122412,15,0.3,Pending,10.5
3140,361,46,2025-07-10 13:21:09.126912,98,0.27,Completed,71.53999999999999
3141,147,22,2025-07-10 14:48:34.131413,63,0.28,Completed,45.36
3142,26,25,2025-07-10 16:15:59.135913,19,0.06,Completed,17.86
3143,308,18,2025-07-10 17:43:24.140414,63,0.25,Completed,47.25
3144,93,6,2025-07-10 19:10:49.144914,56,0.16,Completed,47.04
3145,406,18,2025-07-10 20:38:14.149414,21,0.21,Completed,16.59
3146,232,16,2025-07-10 22:05:39.153915,34,0.07,Completed,31.619999999999997
3147,21,15,2025-07-10 23:33:04.158415,17,0.21,Completed,13.43
3148,307,48,2025-07-11 01:00:29.162916,18,0.27,Completed,13.14
3149,38,8,2025-07-11 02:27:54.167416,81,0.08,Completed,74.52000000000001
3150,276,13,2025-07-11 03:55:19.171917,66,0.07,Completed,61.379999999999995
3151,157,43,2025-07-11 05:22:44.176417,51,0.03,Completed,49.47
3152,179,7,2025-07-11 06:50:09.180918,65,0.08,Cancelled,59.800000000000004
3153,132,17,2025-07-11 08:17:34.185418,43,0.16,Pending,36.12
3154,311,50,2025-07-11 09:44:59.189918,57,0.25,Pending,42.75
3155,455,32,2025-07-11 11:12:24.194419,10,0.08,Completed,9.200000000000001
3156,348,22,2025-07-11 12:39:49.198919,37,0.19,Completed,29.970000000000002
3157,28,13,2025-07-11 14:07:14.203420,48,0.14,Completed,41.28
3158,260,47,2025-07-11 15:34:39.207920,69,0.09,Completed,62.79
3159,406,23,2025-07-11 17:02:04.212421,56,0.15,Completed,47.6
3160,76,29,2025-07-11 18:29:29.216921,76,0.05,Completed,72.2
3161,429,22,2025-07-11 19:56:54.221422,36,0.19,Completed,29.160000000000004
3162,67,1,2025-07-11 21:24:19.225922,31,0.03,Completed,30.07
3163,342,29,2025-07-11 22:51:44.230423,55,0.22,Completed,42.9
3164,492,48,2025-07-12 00:19:09.234923,38,0.05,Cancelled,36.1
3165,194,5,2025-07-12 01:46:34.239423,73,0.3,Completed,51.099999999999994
3166,472,35,2025-07-12 03:13:59.243924,90,0.25,Pending,67.5
3167,162,10,2025-07-12 04:41:24.248424,15,0.1,Completed,13.5
3168,347,19,2025-07-12 06:08:49.252925,16,0.13,Completed,13.92
3169,439,37,2025-07-12 07:36:14.257425,77,0.08,Completed,70.84
3170,361,7,2025-07-12 09:03:39.261926,89,0.23,Completed,68.53
3171,257,46,2025-07-12 10:31:04.266426,94,0.11,Completed,83.66
3172,72,35,2025-07-12 11:58:29.270927,53,0.23,Completed,40.81
3173,87,45,2025-07-12 13:25:54.275427,56,0.01,Completed,55.44
3174,422,13,2025-07-12 14:53:19.279927,7,0.04,Completed,6.72
3175,262,10,2025-07-12 16:20:44.284428,57,0.11,Completed,50.730000000000004
3176,214,2,2025-07-12 17:48:09.288928,55,0.03,Completed,53.35
3177,153,6,2025-07-12 19:15:34.293429,52,0.18,Completed,42.64
3178,210,8,2025-07-12 20:42:59.297929,4,0.02,Completed,3.92
3179,401,36,2025-07-12 22:10:24.302430,43,0.26,Pending,31.82
3180,61,25,2025-07-12 23:37:49.306930,40,0.23,Completed,30.8
3181,268,44,2025-07-13 01:05:14.311431,30,0.06,Completed,28.2
3182,262,47,2025-07-13 02:32:39.315931,10,0.15,Completed,8.5
3183,218,40,2025-07-13 04:00:04.320432,94,0.14,Completed,80.84
3184,283,7,2025-07-13 05:27:29.324932,7,0.22,Completed,5.46
3185,136,46,2025-07-13 06:54:54.329432,36,0.12,Completed,31.68
3186,467,23,2025-07-13 08:22:19.333933,35,0.01,Completed,34.65
3187,380,19,2025-07-13 09:49:44.338433,88,0.08,Completed,80.96000000000001
3188,362,46,2025-07-13 11:17:09.342934,39,0.14,Pending,33.54
3189,449,22,2025-07-13 12:44:34.347434,36,0.29,Completed,25.56
3190,441,13,2025-07-13 14:11:59.351935,20,0.26,Completed,14.8
3191,93,21,2025-07-13 15:39:24.356435,49,0.05,Completed,46.55
3192,109,1,2025-07-13 17:06:49.360936,96,0.22,Completed,74.88
3193,241,19,2025-07-13 18:34:14.365436,59,0.28,Pending,42.48
3194,355,33,2025-07-13 20:01:39.369936,49,0.0,Completed,49.0
3195,424,4,2025-07-13 21:29:04.374437,90,0.22,Completed,70.2
3196,142,42,2025-07-13 22:56:29.378937,26,0.14,Pending,22.36
3197,291,3,2025-07-14 00:23:54.383438,36,0.2,Completed,28.8
3198,432,27,2025-07-14 01:51:19.387938,43,0.18,Completed,35.260000000000005
3199,237,41,2025-07-14 03:18:44.392439,99,0.3,Completed,69.3
3200,340,35,2025-07-14 04:46:09.396939,43,0.09,Completed,39.13
3201,312,28,2025-07-14 06:13:34.401440,99,0.24,Pending,75.24
3202,177,6,2025-07-14 07:40:59.405940,76,0.07,Cancelled,70.67999999999999
3203,141,6,2025-07-14 09:08:24.410441,33,0.13,Completed,28.71
3204,189,44,2025-07-14 10:35:49.414941,100,0.29,Pending,71.0
3205,486,23,2025-07-14 12:03:14.419441,78,0.23,Completed,60.06
3206,49,33,2025-07-14 13:30:39.423942,97,0.09,Completed,88.27
3207,302,16,2025-07-14 14:58:04.428442,45,0.19,Completed,36.45
3208,369,24,2025-07-14 16:25:29.432943,45,0.01,Completed,44.55
3209,190,5,2025-07-14 17:52:54.437443,88,0.08,Completed,80.96000000000001
3210,136,41,2025-07-14 19:20:19.441944,15,0.22,Completed,11.700000000000001
3211,43,42,2025-07-14 20:47:44.446444,95,0.17,Completed,78.85
3212,404,13,2025-07-14 22:15:09.450945,17,0.14,Pending,14.62
3213,380,47,2025-07-14 23:42:34.455445,12,0.21,Cancelled,9.48
3214,353,12,2025-07-15 01:09:59.459945,22,0.12,Completed,19.36
3215,90,5,2025-07-15 02:37:24.464446,23,0.01,Completed,22.77
3216,295,37,2025-07-15 04:04:49.468946,90,0.13,Pending,78.3
3217,341,31,2025-07-15 05:32:14.473447,78,0.27,Completed,56.94
3218,245,28,2025-07-15 06:59:39.477947,12,0.26,Pending,8.879999999999999
3219,433,28,2025-07-15 08:27:04.482448,68,0.12,Completed,59.84
3220,192,30,2025-07-15 09:54:29.486948,51,0.01,Completed,50.49
3221,318,18,2025-07-15 11:21:54.491449,13,0.19,Completed,10.530000000000001
3222,106,44,2025-07-15 12:49:19.495949,57,0.22,Completed,44.46
3223,363,27,2025-07-15 14:16:44.500450,55,0.09,Completed,50.050000000000004
3224,310,35,2025-07-15 15:44:09.504950,82,0.14,Completed,70.52
3225,382,26,2025-07-15 17:11:34.509450,28,0.3,Completed,19.599999999999998
3226,233,39,2025-07-15 18:38:59.513951,44,0.17,Completed,36.519999999999996
3227,265,49,2025-07-15 20:06:24.518451,19,0.11,Completed,16.91
3228,344,18,2025-07-15 21:33:49.522952,46,0.19,Pending,37.260000000000005
3229,37,33,2025-07-15 23:01:14.527452,3,0.05,Completed,2.8499999999999996
3230,305,25,2025-07-16 00:28:39.531953,83,0.06,Completed,78.02
3231,41,31,2025-07-16 01:56:04.536453,20,0.28,Pending,14.399999999999999
3232,17,37,2025-07-16 03:23:29.540954,25,0.07,Completed,23.25
3233,344,2,2025-07-16 04:50:54.545454,75,0.09,Completed,68.25
3234,277,33,2025-07-16 06:18:19.549954,56,0.16,Completed,47.04
3235,307,39,2025-07-16 07:45:44.554455,81,0.27,Completed,59.129999999999995
3236,59,43,2025-07-16 09:13:09.558955,61,0.23,Completed,46.97
3237,423,43,2025-07-16 10:40:34.563456,55,0.01,Completed,54.45
3238,183,32,2025-07-16 12:07:59.567956,35,0.21,Completed,27.650000000000002
3239,41,18,2025-07-16 13:35:24.572457,78,0.15,Completed,66.3
3240,39,17,2025-07-16 15:02:49.576957,59,0.14,Completed,50.74
3241,397,34,2025-07-16 16:30:14.581458,39,0.21,Completed,30.810000000000002
3242,192,39,2025-07-16 17:57:39.585958,57,0.06,Completed,53.58
3243,267,7,2025-07-16 19:25:04.590459,83,0.29,Completed,58.93
3244,494,42,2025-07-16 20:52:29.594959,67,0.19,Completed,54.27
3245,147,35,2025-07-16 22:19:54.599459,34,0.11,Completed,30.26
3246,395,30,2025-07-16 23:47:19.603960,41,0.18,Completed,33.620000000000005
3247,333,12,2025-07-17 01:14:44.608460,22,0.06,Completed,20.68
3248,127,35,2025-07-17 02:42:09.612961,27,0.19,Pending,21.87
3249,46,11,2025-07-17 04:09:34.617461,21,0.01,Completed,20.79
3250,45,44,2025-07-17 05:36:59.621962,41,0.1,Completed,36.9
3251,1,4,2025-07-17 07:04:24.626462,31,0.22,Completed,24.18
3252,168,25,2025-07-17 08:31:49.630963,27,0.24,Cancelled,20.52
3253,108,48,2025-07-17 09:59:14.635463,37,0.08,Cancelled,34.04
3254,19,32,2025-07-17 11:26:39.639963,66,0.16,Cancelled,55.44
3255,332,20,2025-07-17 12:54:04.644464,54,0.16,Pending,45.36
3256,72,50,2025-07-17 14:21:29.648964,9,0.13,Completed,7.83
3257,456,31,2025-07-17 15:48:54.653465,83,0.07,Completed,77.19
3258,445,4,2025-07-17 17:16:19.657965,42,0.21,Completed,33.18
3259,109,38,2025-07-17 18:43:44.662466,36,0.08,Completed,33.120000000000005
3260,268,47,2025-07-17 20:11:09.666966,10,0.27,Completed,7.3
3261,445,1,2025-07-17 21:38:34.671467,59,0.16,Completed,49.559999999999995
3262,240,3,2025-07-17 23:05:59.675967,40,0.26,Completed,29.6
3263,417,37,2025-07-18 00:33:24.680468,54,0.09,Completed,49.14
3264,301,22,2025-07-18 02:00:49.684968,39,0.24,Completed,29.64
3265,90,17,2025-07-18 03:28:14.689468,7,0.03,Completed,6.79
3266,103,14,2025-07-18 04:55:39.693969,4,0.23,Pending,3.08
3267,476,41,2025-07-18 06:23:04.698469,15,0.12,Completed,13.2
3268,250,35,2025-07-18 07:50:29.702970,76,0.14,Completed,65.36
3269,453,13,2025-07-18 09:17:54.707470,48,0.05,Completed,45.599999999999994
3270,8,35,2025-07-18 10:45:19.711971,6,0.01,Pending,5.9399999999999995
3271,153,43,2025-07-18 12:12:44.716471,73,0.2,Completed,58.400000000000006
3272,347,2,2025-07-18 13:40:09.720972,35,0.18,Completed,28.700000000000003
3273,174,47,2025-07-18 15:07:34.725472,72,0.19,Completed,58.32000000000001
3274,343,13,2025-07-18 16:34:59.729972,71,0.08,Completed,65.32000000000001
3275,158,16,2025-07-18 18:02:24.734473,68,0.07,Completed,63.239999999999995
3276,493,18,2025-07-18 19:29:49.738973,58,0.25,Completed,43.5
3277,431,7,2025-07-18 20:57:14.743474,77,0.23,Completed,59.29
3278,215,45,2025-07-18 22:24:39.747974,19,0.1,Completed,17.1
3279,177,36,2025-07-18 23:52:04.752475,62,0.19,Completed,50.220000000000006
3280,175,41,2025-07-19 01:19:29.756975,71,0.25,Pending,53.25
3281,340,30,2025-07-19 02:46:54.761476,10,0.27,Completed,7.3
3282,338,42,2025-07-19 04:14:19.765976,25,0.0,Completed,25.0
3283,146,41,2025-07-19 05:41:44.770477,44,0.24,Completed,33.44
3284,450,7,2025-07-19 07:09:09.774977,99,0.11,Completed,88.11
3285,324,15,2025-07-19 08:36:34.779477,58,0.22,Completed,45.24
3286,478,40,2025-07-19 10:03:59.783978,25,0.11,Completed,22.25
3287,161,19,2025-07-19 11:31:24.788478,93,0.18,Pending,76.26
3288,127,43,2025-07-19 12:58:49.792979,76,0.19,Completed,61.56
3289,420,37,2025-07-19 14:26:14.797479,40,0.12,Pending,35.2
3290,82,2,2025-07-19 15:53:39.801980,76,0.15,Completed,64.6
3291,485,42,2025-07-19 17:21:04.806480,70,0.22,Pending,54.6
3292,147,48,2025-07-19 18:48:29.810981,10,0.14,Completed,8.6
3293,239,13,2025-07-19 20:15:54.815481,66,0.0,Completed,66.0
3294,412,40,2025-07-19 21:43:19.819981,25,0.0,Completed,25.0
3295,424,41,2025-07-19 23:10:44.824482,71,0.2,Completed,56.800000000000004
3296,84,43,2025-07-20 00:38:09.828982,87,0.25,Completed,65.25
3297,113,43,2025-07-20 02:05:34.833483,11,0.24,Completed,8.36
3298,225,31,2025-07-20 03:32:59.837983,36,0.09,Completed,32.76
3299,332,16,2025-07-20 05:00:24.842484,49,0.14,Completed,42.14
3300,378,42,2025-07-20 06:27:49.846984,48,0.07,Completed,44.64
3301,243,44,2025-07-20 07:55:14.851485,87,0.3,Cancelled,60.9
3302,143,6,2025-07-20 09:22:39.855985,7,0.08,Completed,6.44
3303,41,28,2025-07-20 10:50:04.860486,91,0.12,Completed,80.08
3304,423,32,2025-07-20 12:17:29.864986,77,0.2,Completed,61.6
3305,258,44,2025-07-20 13:44:54.869486,51,0.26,Cancelled,37.74
3306,447,10,2025-07-20 15:12:19.873987,17,0.02,Completed,16.66
3307,285,50,2025-07-20 16:39:44.878487,32,0.09,Completed,29.12
3308,105,18,2025-07-20 18:07:09.882988,26,0.17,Completed,21.58
3309,202,4,2025-07-20 19:34:34.887488,22,0.19,Completed,17.82
3310,450,9,2025-07-20 21:01:59.891989,13,0.02,Completed,12.74
3311,307,7,2025-07-20 22:29:24.896489,12,0.2,Completed,9.600000000000001
3312,331,50,2025-07-20 23:56:49.900990,71,0.16,Completed,59.64
3313,461,8,2025-07-21 01:24:14.905490,1,0.25,Completed,0.75
3314,266,43,2025-07-21 02:51:39.909990,33,0.07,Completed,30.689999999999998
3315,398,7,2025-07-21 04:19:04.914491,14,0.06,Completed,13.16
3316,210,41,2025-07-21 05:46:29.918991,64,0.24,Cancelled,48.64
3317,51,40,2025-07-21 07:13:54.923492,43,0.21,Completed,33.97
3318,118,3,2025-07-21 08:41:19.927992,58,0.24,Completed,44.08
3319,201,17,2025-07-21 10:08:44.932493,41,0.23,Pending,31.57
3320,377,2,2025-07-21 11:36:09.936993,81,0.03,Completed,78.57
3321,39,15,2025-07-21 13:03:34.941494,68,0.08,Completed,62.56
3322,28,46,2025-07-21 14:30:59.945994,39,0.08,Completed,35.88
3323,259,29,2025-07-21 15:58:24.950495,1,0.28,Completed,0.72
3324,84,50,2025-07-21 17:25:49.954995,41,0.15,Cancelled,34.85
3325,454,48,2025-07-21 18:53:14.959495,45,0.03,Completed,43.65
3326,155,22,2025-07-21 20:20:39.963996,88,0.09,Completed,80.08
3327,117,4,2025-07-21 21:48:04.968496,98,0.26,Pending,72.52
3328,2,6,2025-07-21 23:15:29.972997,98,0.25,Completed,73.5
3329,93,38,2025-07-22 00:42:54.977497,88,0.27,Pending,64.24
3330,166,26,2025-07-22 02:10:19.981998,79,0.12,Completed,69.52
3331,387,11,2025-07-22 03:37:44.986498,81,0.19,Completed,65.61
3332,400,26,2025-07-22 05:05:09.990999,13,0.08,Completed,11.96
3333,350,17,2025-07-22 06:32:34.995499,71,0.05,Completed,67.45
3334,296,24,2025-07-22 07:59:59.999999,9,0.01,Completed,8.91
3335,258,28,2025-07-22 09:27:25.004500,63,0.07,Completed,58.589999999999996
3336,81,35,2025-07-22 10:54:50.009000,99,0.18,Completed,81.18
3337,425,31,2025-07-22 12:22:15.013501,23,0.27,Completed,16.79
3338,268,13,2025-07-22 13:49:40.018001,54,0.04,Completed,51.839999999999996
3339,419,35,2025-07-22 15:17:05.022502,47,0.28,Completed,33.839999999999996
3340,235,16,2025-07-22 16:44:30.027002,39,0.1,Completed,35.1
3341,321,15,2025-07-22 18:11:55.031503,87,0.13,Completed,75.69
3342,311,43,2025-07-22 19:39:20.036003,26,0.11,Completed,23.14
3343,301,18,2025-07-22 21:06:45.040504,1,0.12,Pending,0.88
3344,463,47,2025-07-22 22:34:10.045004,14,0.08,Completed,12.88
3345,474,37,2025-07-23 00:01:35.049504,96,0.21,Completed,75.84
3346,357,48,2025-07-23 01:29:00.054005,74,0.23,Completed,56.980000000000004
3347,213,48,2025-07-23 02:56:25.058505,65,0.25,Completed,48.75
3348,62,49,2025-07-23 04:23:50.063006,69,0.1,Completed,62.1
3349,49,41,2025-07-23 05:51:15.067506,67,0.23,Completed,51.59
3350,127,27,2025-07-23 07:18:40.072007,49,0.19,Completed,39.690000000000005
3351,223,35,2025-07-23 08:46:05.076507,50,0.29,Completed,35.5
3352,409,45,2025-07-23 10:13:30.081008,58,0.13,Cancelled,50.46
3353,279,35,2025-07-23 11:40:55.085508,53,0.3,Completed,37.099999999999994
3354,408,28,2025-07-23 13:08:20.090009,91,0.22,Completed,70.98
3355,294,39,2025-07-23 14:35:45.094509,57,0.23,Completed,43.89
3356,284,38,2025-07-23 16:03:10.099009,86,0.01,Completed,85.14
3357,277,9,2025-07-23 17:30:35.103510,18,0.15,Completed,15.299999999999999
3358,438,12,2025-07-23 18:58:00.108010,16,0.16,Completed,13.44
3359,107,15,2025-07-23 20:25:25.112511,2,0.01,Completed,1.98
3360,146,21,2025-07-23 21:52:50.117011,13,0.09,Completed,11.83
3361,420,35,2025-07-23 23:20:15.121512,45,0.29,Completed,31.95
3362,99,42,2025-07-24 00:47:40.126012,80,0.13,Completed,69.6
3363,429,33,2025-07-24 02:15:05.130513,72,0.06,Completed,67.67999999999999
3364,375,19,2025-07-24 03:42:30.135013,43,0.15,Completed,36.55
3365,73,23,2025-07-24 05:09:55.139513,72,0.01,Completed,71.28
3366,437,13,2025-07-24 06:37:20.144014,54,0.15,Completed,45.9
3367,486,44,2025-07-24 08:04:45.148514,74,0.18,Completed,60.68000000000001
3368,122,1,2025-07-24 09:32:10.153015,97,0.11,Completed,86.33
3369,30,29,2025-07-24 10:59:35.157515,31,0.23,Completed,23.87
3370,188,24,2025-07-24 12:27:00.162016,76,0.04,Completed,72.96
3371,364,16,2025-07-24 13:54:25.166516,9,0.26,Pending,6.66
3372,354,25,2025-07-24 15:21:50.171017,73,0.29,Pending,51.83
3373,288,23,2025-07-24 16:49:15.175517,48,0.0,Completed,48.0
3374,451,28,2025-07-24 18:16:40.180018,18,0.25,Completed,13.5
3375,195,47,2025-07-24 19:44:05.184518,94,0.15,Completed,79.89999999999999
3376,156,16,2025-07-24 21:11:30.189018,96,0.14,Completed,82.56
3377,172,43,2025-07-24 22:38:55.193519,87,0.07,Completed,80.91
3378,335,38,2025-07-25 00:06:20.198019,11,0.13,Completed,9.57
3379,41,11,2025-07-25 01:33:45.202520,62,0.29,Completed,44.019999999999996
3380,63,3,2025-07-25 03:01:10.207020,84,0.06,Completed,78.96
3381,23,15,2025-07-25 04:28:35.211521,19,0.05,Completed,18.05
3382,360,1,2025-07-25 05:56:00.216021,100,0.07,Completed,93.0
3383,75,7,2025-07-25 07:23:25.220522,90,0.17,Completed,74.7
3384,48,1,2025-07-25 08:50:50.225022,74,0.28,Completed,53.28
3385,160,49,2025-07-25 10:18:15.229522,24,0.17,Completed,19.919999999999998
3386,313,32,2025-07-25 11:45:40.234023,13,0.07,Completed,12.09
3387,118,9,2025-07-25 13:13:05.238523,46,0.13,Pending,40.02
3388,100,29,2025-07-25 14:40:30.243024,53,0.12,Pending,46.64
3389,380,26,2025-07-25 16:07:55.247524,98,0.01,Completed,97.02
3390,417,23,2025-07-25 17:35:20.252025,29,0.15,Completed,24.65
3391,408,45,2025-07-25 19:02:45.256525,36,0.04,Completed,34.56
3392,167,43,2025-07-25 20:30:10.261026,71,0.25,Completed,53.25
3393,290,29,2025-07-25 21:57:35.265526,94,0.16,Completed,78.96
3394,440,38,2025-07-25 23:25:00.270027,17,0.25,Completed,12.75
3395,156,33,2025-07-26 00:52:25.274527,48,0.29,Cancelled,34.08
3396,421,7,2025-07-26 02:19:50.279027,77,0.28,Completed,55.44
3397,7,12,2025-07-26 03:47:15.283528,24,0.03,Completed,23.28
3398,196,31,2025-07-26 05:14:40.288028,54,0.28,Completed,38.879999999999995
3399,421,32,2025-07-26 06:42:05.292529,95,0.24,Completed,72.2
3400,56,20,2025-07-26 08:09:30.297029,91,0.23,Pending,70.07000000000001
3401,321,17,2025-07-26 09:36:55.301530,85,0.03,Completed,82.45
3402,193,36,2025-07-26 11:04:20.306030,1,0.05,Completed,0.95
3403,47,3,2025-07-26 12:31:45.310531,79,0.29,Completed,56.089999999999996
3404,148,1,2025-07-26 13:59:10.315031,67,0.06,Completed,62.98
3405,275,50,2025-07-26 15:26:35.319531,6,0.05,Completed,5.699999999999999
3406,157,27,2025-07-26 16:54:00.324032,78,0.11,Pending,69.42
3407,202,47,2025-07-26 18:21:25.328532,55,0.27,Completed,40.15
3408,444,40,2025-07-26 19:48:50.333033,38,0.14,Pending,32.68
3409,402,33,2025-07-26 21:16:15.337533,33,0.28,Completed,23.759999999999998
3410,476,20,2025-07-26 22:43:40.342034,8,0.1,Completed,7.2
3411,419,14,2025-07-27 00:11:05.346534,90,0.07,Cancelled,83.69999999999999
3412,427,36,2025-07-27 01:38:30.351035,79,0.15,Pending,67.14999999999999
3413,495,5,2025-07-27 03:05:55.355535,78,0.18,Pending,63.96000000000001
3414,479,23,2025-07-27 04:33:20.360036,20,0.12,Completed,17.6
3415,475,45,2025-07-27 06:00:45.364536,55,0.1,Completed,49.5
3416,126,15,2025-07-27 07:28:10.369036,48,0.07,Completed,44.64
3417,395,6,2025-07-27 08:55:35.373537,83,0.08,Completed,76.36
3418,305,33,2025-07-27 10:23:00.378037,56,0.2,Completed,44.800000000000004
3419,369,19,2025-07-27 11:50:25.382538,97,0.11,Completed,86.33
3420,294,13,2025-07-27 13:17:50.387038,100,0.02,Completed,98.0
3421,64,29,2025-07-27 14:45:15.391539,88,0.04,Completed,84.47999999999999
3422,325,6,2025-07-27 16:12:40.396039,10,0.11,Completed,8.9
3423,392,15,2025-07-27 17:40:05.400540,52,0.28,Completed,37.44
3424,418,16,2025-07-27 19:07:30.405040,50,0.11,Pending,44.5
3425,176,24,2025-07-27 20:34:55.409540,34,0.02,Completed,33.32
3426,116,23,2025-07-27 22:02:20.414041,36,0.13,Completed,31.32
3427,440,48,2025-07-27 23:29:45.418541,61,0.2,Completed,48.800000000000004
3428,204,10,2025-07-28 00:57:10.423042,100,0.18,Pending,82.0
3429,486,41,2025-07-28 02:24:35.427542,16,0.08,Cancelled,14.72
3430,321,41,2025-07-28 03:52:00.432043,79,0.21,Completed,62.410000000000004
3431,31,49,2025-07-28 05:19:25.436543,18,0.19,Completed,14.580000000000002
3432,388,17,2025-07-28 06:46:50.441044,71,0.05,Completed,67.45
3433,113,49,2025-07-28 08:14:15.445544,47,0.05,Completed,44.65
3434,365,44,2025-07-28 09:41:40.450045,86,0.16,Completed,72.24
3435,434,45,2025-07-28 11:09:05.454545,32,0.2,Completed,25.6
3436,325,30,2025-07-28 12:36:30.459045,43,0.29,Completed,30.529999999999998
3437,414,44,2025-07-28 14:03:55.463546,83,0.13,Completed,72.21
3438,376,46,2025-07-28 15:31:20.468046,40,0.23,Completed,30.8
3439,344,10,2025-07-28 16:58:45.472547,65,0.03,Completed,63.05
3440,443,19,2025-07-28 18:26:10.477047,35,0.27,Pending,25.55
3441,67,29,2025-07-28 19:53:35.481548,69,0.19,Completed,55.89
3442,75,2,2025-07-28 21:21:00.486048,50,0.19,Completed,40.5
3443,45,36,2025-07-28 22:48:25.490549,12,0.04,Completed,11.52
3444,260,19,2025-07-29 00:15:50.495049,76,0.01,Completed,75.24
3445,154,7,2025-07-29 01:43:15.499549,85,0.21,Cancelled,67.15
3446,155,26,2025-07-29 03:10:40.504050,58,0.04,Completed,55.68
3447,430,15,2025-07-29 04:38:05.508550,83,0.04,Pending,79.67999999999999
3448,363,47,2025-07-29 06:05:30.513051,63,0.06,Pending,59.22
3449,448,38,2025-07-29 07:32:55.517551,73,0.03,Completed,70.81
3450,475,3,2025-07-29 09:00:20.522052,49,0.19,Completed,39.690000000000005
3451,234,38,2025-07-29 10:27:45.526552,36,0.13,Pending,31.32
3452,51,16,2025-07-29 11:55:10.531053,54,0.08,Pending,49.68
3453,306,2,2025-07-29 13:22:35.535553,47,0.13,Cancelled,40.89
3454,262,31,2025-07-29 14:50:00.540054,32,0.25,Pending,24.0
3455,315,28,2025-07-29 16:17:25.544554,99,0.28,Completed,71.28
3456,125,7,2025-07-29 17:44:50.549054,95,0.15,Completed,80.75
3457,399,30,2025-07-29 19:12:15.553555,53,0.17,Completed,43.989999999999995
3458,245,43,2025-07-29 20:39:40.558055,32,0.08,Completed,29.44
3459,30,7,2025-07-29 22:07:05.562556,62,0.15,Completed,52.699999999999996
3460,426,36,2025-07-29 23:34:30.567056,37,0.22,Completed,28.86
3461,485,29,2025-07-30 01:01:55.571557,96,0.15,Completed,81.6
3462,122,24,2025-07-30 02:29:20.576057,38,0.09,Pending,34.58
3463,125,39,2025-07-30 03:56:45.580558,30,0.17,Completed,24.9
3464,37,4,2025-07-30 05:24:10.585058,58,0.28,Completed,41.76
3465,170,29,2025-07-30 06:51:35.589558,32,0.27,Completed,23.36
3466,124,44,2025-07-30 08:19:00.594059,66,0.23,Completed,50.82
3467,357,5,2025-07-30 09:46:25.598559,51,0.08,Completed,46.92
3468,35,29,2025-07-30 11:13:50.603060,11,0.07,Pending,10.229999999999999
3469,87,30,2025-07-30 12:41:15.607560,59,0.25,Completed,44.25
3470,134,29,2025-07-30 14:08:40.612061,20,0.05,Completed,19.0
3471,196,26,2025-07-30 15:36:05.616561,37,0.18,Completed,30.340000000000003
3472,274,19,2025-07-30 17:03:30.621062,73,0.13,Completed,63.51
3473,201,26,2025-07-30 18:30:55.625562,49,0.14,Completed,42.14
3474,369,37,2025-07-30 19:58:20.630063,19,0.14,Completed,16.34
3475,285,27,2025-07-30 21:25:45.634563,55,0.27,Completed,40.15
3476,77,30,2025-07-30 22:53:10.639063,40,0.03,Completed,38.8
3477,59,30,2025-07-31 00:20:35.643564,7,0.23,Completed,5.390000000000001
3478,431,3,2025-07-31 01:48:00.648064,5,0.25,Completed,3.75
3479,126,43,2025-07-31 03:15:25.652565,42,0.28,Completed,30.24
3480,500,7,2025-07-31 04:42:50.657065,88,0.14,Cancelled,75.67999999999999
3481,401,49,2025-07-31 06:10:15.661566,48,0.15,Completed,40.8
3482,109,9,2025-07-31 07:37:40.666066,7,0.29,Completed,4.97
3483,224,41,2025-07-31 09:05:05.670567,11,0.14,Completed,9.459999999999999
3484,496,42,2025-07-31 10:32:30.675067,73,0.15,Completed,62.05
3485,278,13,2025-07-31 11:59:55.679567,49,0.1,Completed,44.1
3486,68,15,2025-07-31 13:27:20.684068,30,0.01,Completed,29.7
3487,69,5,2025-07-31 14:54:45.688568,41,0.13,Completed,35.67
3488,165,29,2025-07-31 16:22:10.693069,3,0.2,Cancelled,2.4000000000000004
3489,489,35,2025-07-31 17:49:35.697569,86,0.21,Completed,67.94
3490,305,27,2025-07-31 19:17:00.702070,40,0.0,Completed,40.0
3491,397,27,2025-07-31 20:44:25.706570,51,0.24,Completed,38.76
3492,162,8,2025-07-31 22:11:50.711071,84,0.15,Completed,71.39999999999999
3493,365,32,2025-07-31 23:39:15.715571,32,0.16,Completed,26.88
3494,342,20,2025-08-01 01:06:40.720072,48,0.29,Pending,34.08
3495,309,10,2025-08-01 02:34:05.724572,71,0.09,Pending,64.61
3496,379,13,2025-08-01 04:01:30.729072,71,0.23,Completed,54.67
3497,343,29,2025-08-01 05:28:55.733573,20,0.17,Pending,16.599999999999998
3498,435,35,2025-08-01 06:56:20.738073,89,0.21,Completed,70.31
3499,387,8,2025-08-01 08:23:45.742574,35,0.13,Completed,30.45
3500,42,29,2025-08-01 09:51:10.747074,24,0.08,Completed,22.080000000000002
3501,354,31,2025-08-01 11:18:35.751575,40,0.16,Completed,33.6
3502,416,41,2025-08-01 12:46:00.756075,77,0.11,Completed,68.53
3503,109,30,2025-08-01 14:13:25.760576,52,0.07,Pending,48.36
3504,51,22,2025-08-01 15:40:50.765076,39,0.25,Completed,29.25
3505,250,21,2025-08-01 17:08:15.769576,68,0.14,Pending,58.48
3506,497,12,2025-08-01 18:35:40.774077,61,0.25,Completed,45.75
3507,341,11,2025-08-01 20:03:05.778577,76,0.14,Completed,65.36
3508,430,2,2025-08-01 21:30:30.783078,81,0.17,Completed,67.22999999999999
3509,383,50,2025-08-01 22:57:55.787578,65,0.3,Completed,45.5
3510,492,41,2025-08-02 00:25:20.792079,62,0.29,Cancelled,44.019999999999996
3511,21,2,2025-08-02 01:52:45.796579,81,0.08,Completed,74.52000000000001
3512,300,34,2025-08-02 03:20:10.801080,2,0.26,Completed,1.48
3513,139,3,2025-08-02 04:47:35.805580,6,0.12,Completed,5.28
3514,359,16,2025-08-02 06:15:00.810081,75,0.02,Completed,73.5
3515,324,4,2025-08-02 07:42:25.814581,43,0.17,Completed,35.69
3516,499,23,2025-08-02 09:09:50.819081,82,0.29,Completed,58.22
3517,385,50,2025-08-02 10:37:15.823582,40,0.29,Completed,28.4
3518,92,20,2025-08-02 12:04:40.828082,89,0.04,Completed,85.44
3519,447,25,2025-08-02 13:32:05.832583,39,0.23,Cancelled,30.03
3520,280,30,2025-08-02 14:59:30.837083,28,0.24,Pending,21.28
3521,125,18,2025-08-02 16:26:55.841584,80,0.11,Completed,71.2
3522,483,42,2025-08-02 17:54:20.846084,63,0.2,Completed,50.400000000000006
3523,397,11,2025-08-02 19:21:45.850585,64,0.15,Completed,54.4
3524,111,29,2025-08-02 20:49:10.855085,12,0.07,Pending,11.16
3525,354,17,2025-08-02 22:16:35.859585,41,0.23,Completed,31.57
3526,139,26,2025-08-02 23:44:00.864086,29,0.08,Completed,26.68
3527,484,23,2025-08-03 01:11:25.868586,23,0.1,Completed,20.7
3528,435,48,2025-08-03 02:38:50.873087,85,0.06,Completed,79.89999999999999
3529,273,20,2025-08-03 04:06:15.877587,80,0.22,Completed,62.400000000000006
3530,99,45,2025-08-03 05:33:40.882088,51,0.14,Pending,43.86
3531,252,2,2025-08-03 07:01:05.886588,45,0.13,Completed,39.15
3532,338,24,2025-08-03 08:28:30.891089,90,0.18,Completed,73.80000000000001
3533,104,31,2025-08-03 09:55:55.895589,22,0.05,Completed,20.9
3534,214,27,2025-08-03 11:23:20.900090,10,0.27,Pending,7.3
3535,249,2,2025-08-03 12:50:45.904590,7,0.14,Completed,6.02
3536,152,14,2025-08-03 14:18:10.909090,73,0.11,Completed,64.97
3537,250,4,2025-08-03 15:45:35.913591,89,0.04,Pending,85.44
3538,275,49,2025-08-03 17:13:00.918091,15,0.05,Completed,14.25
3539,165,13,2025-08-03 18:40:25.922592,77,0.28,Completed,55.44
3540,487,36,2025-08-03 20:07:50.927092,46,0.14,Completed,39.56
3541,341,35,2025-08-03 21:35:15.931593,90,0.22,Completed,70.2
3542,8,44,2025-08-03 23:02:40.936093,85,0.02,Completed,83.3
3543,284,8,2025-08-04 00:30:05.940594,87,0.19,Pending,70.47
3544,5,2,2025-08-04 01:57:30.945094,61,0.28,Completed,43.92
3545,145,6,2025-08-04 03:24:55.949594,92,0.09,Completed,83.72
3546,101,31,2025-08-04 04:52:20.954095,61,0.17,Completed,50.629999999999995
3547,164,10,2025-08-04 06:19:45.958595,51,0.28,Completed,36.72
3548,374,44,2025-08-04 07:47:10.963096,38,0.22,Completed,29.64
3549,147,21,2025-08-04 09:14:35.967596,12,0.02,Completed,11.76
3550,64,42,2025-08-04 10:42:00.972097,88,0.11,Pending,78.32000000000001
3551,91,10,2025-08-04 12:09:25.976597,77,0.03,Completed,74.69
3552,117,23,2025-08-04 13:36:50.981098,66,0.26,Completed,48.839999999999996
3553,354,3,2025-08-04 15:04:15.985598,54,0.19,Completed,43.74
3554,267,32,2025-08-04 16:31:40.990099,39,0.29,Completed,27.689999999999998
3555,310,20,2025-08-04 17:59:05.994599,76,0.01,Completed,75.24
3556,173,10,2025-08-04 19:26:30.999099,39,0.13,Completed,33.93
3557,47,29,2025-08-04 20:53:56.003600,78,0.03,Completed,75.66
3558,140,41,2025-08-04 22:21:21.008100,30,0.11,Completed,26.7
3559,246,46,2025-08-04 23:48:46.012601,48,0.05,Pending,45.599999999999994
3560,149,34,2025-08-05 01:16:11.017101,83,0.1,Completed,74.7
3561,246,37,2025-08-05 02:43:36.021602,31,0.25,Pending,23.25
3562,395,20,2025-08-05 04:11:01.026102,25,0.05,Completed,23.75
3563,487,8,2025-08-05 05:38:26.030603,68,0.14,Completed,58.48
3564,476,7,2025-08-05 07:05:51.035103,51,0.28,Completed,36.72
3565,5,6,2025-08-05 08:33:16.039603,13,0.3,Pending,9.1
3566,465,11,2025-08-05 10:00:41.044104,100,0.08,Completed,92.0
3567,184,44,2025-08-05 11:28:06.048604,63,0.28,Completed,45.36
3568,20,18,2025-08-05 12:55:31.053105,42,0.08,Completed,38.64
3569,425,42,2025-08-05 14:22:56.057605,54,0.12,Completed,47.52
3570,46,29,2025-08-05 15:50:21.062106,67,0.26,Completed,49.58
3571,12,25,2025-08-05 17:17:46.066606,80,0.24,Completed,60.8
3572,70,21,2025-08-05 18:45:11.071107,90,0.26,Completed,66.6
3573,17,46,2025-08-05 20:12:36.075607,56,0.24,Completed,42.56
3574,371,3,2025-08-05 21:40:01.080108,19,0.07,Completed,17.669999999999998
3575,147,18,2025-08-05 23:07:26.084608,46,0.17,Completed,38.18
3576,154,24,2025-08-06 00:34:51.089108,15,0.12,Completed,13.2
3577,304,47,2025-08-06 02:02:16.093609,32,0.14,Completed,27.52
3578,108,38,2025-08-06 03:29:41.098109,49,0.05,Completed,46.55
3579,236,10,2025-08-06 04:57:06.102610,21,0.09,Completed,19.11
3580,308,27,2025-08-06 06:24:31.107110,65,0.26,Completed,48.1
3581,352,12,2025-08-06 07:51:56.111611,70,0.27,Pending,51.1
3582,70,7,2025-08-06 09:19:21.116111,27,0.18,Completed,22.14
3583,183,17,2025-08-06 10:46:46.120612,23,0.15,Completed,19.55
3584,250,1,2025-08-06 12:14:11.125112,47,0.21,Pending,37.13
3585,228,50,2025-08-06 13:41:36.129612,95,0.18,Completed,77.9
3586,102,26,2025-08-06 15:09:01.134113,12,0.3,Completed,8.399999999999999
3587,75,15,2025-08-06 16:36:26.138613,85,0.06,Completed,79.89999999999999
3588,417,33,2025-08-06 18:03:51.143114,66,0.13,Completed,57.42
3589,446,37,2025-08-06 19:31:16.147614,5,0.28,Completed,3.5999999999999996
3590,216,47,2025-08-06 20:58:41.152115,9,0.27,Completed,6.57
3591,407,31,2025-08-06 22:26:06.156615,20,0.15,Completed,17.0
3592,399,35,2025-08-06 23:53:31.161116,82,0.04,Completed,78.72
3593,411,1,2025-08-07 01:20:56.165616,63,0.24,Completed,47.88
3594,203,8,2025-08-07 02:48:21.170117,86,0.18,Completed,70.52000000000001
3595,192,12,2025-08-07 04:15:46.174617,72,0.23,Completed,55.44
3596,249,19,2025-08-07 05:43:11.179117,98,0.14,Completed,84.28
3597,499,25,2025-08-07 07:10:36.183618,73,0.06,Completed,68.61999999999999
3598,242,32,2025-08-07 08:38:01.188118,71,0.01,Pending,70.29
3599,465,12,2025-08-07 10:05:26.192619,30,0.17,Completed,24.9
3600,179,13,2025-08-07 11:32:51.197119,82,0.05,Pending,77.89999999999999
3601,437,28,2025-08-07 13:00:16.201620,91,0.06,Completed,85.53999999999999
3602,462,1,2025-08-07 14:27:41.206120,16,0.13,Completed,13.92
3603,219,6,2025-08-07 15:55:06.210621,85,0.13,Completed,73.95
3604,82,8,2025-08-07 17:22:31.215121,5,0.08,Completed,4.6000000000000005
3605,92,4,2025-08-07 18:49:56.219621,29,0.04,Completed,27.84
3606,435,5,2025-08-07 20:17:21.224122,47,0.28,Completed,33.839999999999996
3607,175,25,2025-08-07 21:44:46.228622,22,0.04,Pending,21.119999999999997
3608,239,22,2025-08-07 23:12:11.233123,78,0.11,Pending,69.42
3609,260,28,2025-08-08 00:39:36.237623,57,0.09,Completed,51.870000000000005
3610,391,39,2025-08-08 02:07:01.242124,83,0.26,Completed,61.42
3611,365,23,2025-08-08 03:34:26.246624,35,0.12,Completed,30.8
3612,163,4,2025-08-08 05:01:51.251125,88,0.04,Completed,84.47999999999999
3613,48,4,2025-08-08 06:29:16.255625,60,0.0,Completed,60.0
3614,329,47,2025-08-08 07:56:41.260126,70,0.22,Completed,54.6
3615,328,21,2025-08-08 09:24:06.264626,60,0.21,Completed,47.400000000000006
3616,116,37,2025-08-08 10:51:31.269126,58,0.13,Completed,50.46
3617,429,41,2025-08-08 12:18:56.273627,3,0.04,Completed,2.88
3618,337,2,2025-08-08 13:46:21.278127,34,0.11,Completed,30.26
3619,337,7,2025-08-08 15:13:46.282628,45,0.18,Cancelled,36.900000000000006
3620,369,49,2025-08-08 16:41:11.287128,50,0.21,Pending,39.5
3621,225,16,2025-08-08 18:08:36.291629,2,0.02,Completed,1.96
3622,352,17,2025-08-08 19:36:01.296129,15,0.17,Completed,12.45
3623,328,20,2025-08-08 21:03:26.300630,37,0.08,Completed,34.04
3624,147,23,2025-08-08 22:30:51.305130,15,0.19,Completed,12.15
3625,63,34,2025-08-08 23:58:16.309630,60,0.19,Completed,48.6
3626,294,11,2025-08-09 01:25:41.314131,96,0.27,Completed,70.08
3627,323,34,2025-08-09 02:53:06.318631,85,0.12,Completed,74.8
3628,443,33,2025-08-09 04:20:31.323132,64,0.16,Completed,53.76
3629,325,26,2025-08-09 05:47:56.327632,81,0.08,Completed,74.52000000000001
3630,13,2,2025-08-09 07:15:21.332133,98,0.09,Completed,89.18
3631,431,23,2025-08-09 08:42:46.336633,96,0.01,Completed,95.03999999999999
3632,494,41,2025-08-09 10:10:11.341134,52,0.09,Pending,47.32
3633,189,22,2025-08-09 11:37:36.345634,23,0.02,Completed,22.54
3634,287,34,2025-08-09 13:05:01.350135,99,0.29,Completed,70.28999999999999
3635,208,15,2025-08-09 14:32:26.354635,37,0.19,Completed,29.970000000000002
3636,114,10,2025-08-09 15:59:51.359135,41,0.05,Completed,38.949999999999996
3637,480,15,2025-08-09 17:27:16.363636,57,0.04,Completed,54.72
3638,22,42,2025-08-09 18:54:41.368136,97,0.11,Completed,86.33
3639,349,29,2025-08-09 20:22:06.372637,25,0.09,Completed,22.75
3640,214,23,2025-08-09 21:49:31.377137,37,0.08,Completed,34.04
3641,171,17,2025-08-09 23:16:56.381638,40,0.14,Completed,34.4
3642,323,9,2025-08-10 00:44:21.386138,85,0.27,Completed,62.05
3643,54,50,2025-08-10 02:11:46.390639,46,0.17,Pending,38.18
3644,394,36,2025-08-10 03:39:11.395139,60,0.16,Completed,50.4
3645,298,9,2025-08-10 05:06:36.399639,98,0.24,Completed,74.48
3646,320,16,2025-08-10 06:34:01.404140,19,0.0,Completed,19.0
3647,126,36,2025-08-10 08:01:26.408640,91,0.06,Completed,85.53999999999999
3648,277,48,2025-08-10 09:28:51.413141,9,0.15,Completed,7.6499999999999995
3649,464,33,2025-08-10 10:56:16.417641,69,0.21,Completed,54.510000000000005
3650,204,31,2025-08-10 12:23:41.422142,5,0.15,Completed,4.25
3651,194,6,2025-08-10 13:51:06.426642,89,0.05,Completed,84.55
3652,169,10,2025-08-10 15:18:31.431143,26,0.28,Completed,18.72
3653,152,16,2025-08-10 16:45:56.435643,19,0.1,Completed,17.1
3654,35,4,2025-08-10 18:13:21.440144,30,0.24,Completed,22.8
3655,184,22,2025-08-10 19:40:46.444644,100,0.27,Completed,73.0
3656,286,13,2025-08-10 21:08:11.449144,48,0.1,Completed,43.2
3657,57,16,2025-08-10 22:35:36.453645,16,0.25,Completed,12.0
3658,222,29,2025-08-11 00:03:01.458145,71,0.21,Completed,56.09
3659,303,6,2025-08-11 01:30:26.462646,18,0.27,Completed,13.14
3660,163,26,2025-08-11 02:57:51.467146,56,0.08,Completed,51.52
3661,19,11,2025-08-11 04:25:16.471647,21,0.28,Completed,15.12
3662,370,24,2025-08-11 05:52:41.476147,31,0.02,Completed,30.38
3663,264,29,2025-08-11 07:20:06.480648,1,0.24,Completed,0.76
3664,282,3,2025-08-11 08:47:31.485148,3,0.13,Pending,2.61
3665,113,10,2025-08-11 10:14:56.489648,95,0.05,Completed,90.25
3666,488,1,2025-08-11 11:42:21.494149,25,0.02,Pending,24.5
3667,327,43,2025-08-11 13:09:46.498649,8,0.12,Completed,7.04
3668,30,26,2025-08-11 14:37:11.503150,65,0.12,Completed,57.2
3669,135,12,2025-08-11 16:04:36.507650,62,0.07,Completed,57.66
3670,67,14,2025-08-11 17:32:01.512151,7,0.06,Completed,6.58
3671,65,25,2025-08-11 18:59:26.516651,7,0.12,Completed,6.16
3672,292,8,2025-08-11 20:26:51.521152,8,0.12,Completed,7.04
3673,25,43,2025-08-11 21:54:16.525652,19,0.13,Completed,16.53
3674,37,4,2025-08-11 23:21:41.530153,17,0.26,Pending,12.58
3675,1,28,2025-08-12 00:49:06.534653,11,0.18,Completed,9.020000000000001
3676,399,7,2025-08-12 02:16:31.539153,49,0.01,Completed,48.51
3677,37,10,2025-08-12 03:43:56.543654,11,0.16,Cancelled,9.24
3678,141,36,2025-08-12 05:11:21.548154,41,0.23,Completed,31.57
3679,232,2,2025-08-12 06:38:46.552655,62,0.02,Cancelled,60.76
3680,136,26,2025-08-12 08:06:11.557155,52,0.13,Completed,45.24
3681,389,50,2025-08-12 09:33:36.561656,66,0.14,Pending,56.76
3682,188,14,2025-08-12 11:01:01.566156,68,0.29,Cancelled,48.28
3683,128,16,2025-08-12 12:28:26.570657,92,0.14,Cancelled,79.12
3684,201,43,2025-08-12 13:55:51.575157,97,0.22,Completed,75.66
3685,127,42,2025-08-12 15:23:16.579657,75,0.09,Pending,68.25
3686,257,17,2025-08-12 16:50:41.584158,67,0.23,Completed,51.59
3687,164,46,2025-08-12 18:18:06.588658,40,0.1,Completed,36.0
3688,35,22,2025-08-12 19:45:31.593159,5,0.13,Completed,4.35
3689,194,4,2025-08-12 21:12:56.597659,85,0.14,Completed,73.1
3690,191,19,2025-08-12 22:40:21.602160,22,0.28,Completed,15.84
3691,104,2,2025-08-13 00:07:46.606660,37,0.02,Completed,36.26
3692,23,39,2025-08-13 01:35:11.611161,11,0.06,Cancelled,10.34
3693,265,9,2025-08-13 03:02:36.615661,44,0.21,Completed,34.760000000000005
3694,290,19,2025-08-13 04:30:01.620162,86,0.17,Pending,71.38
3695,430,16,2025-08-13 05:57:26.624662,53,0.08,Pending,48.760000000000005
3696,462,25,2025-08-13 07:24:51.629162,77,0.09,Completed,70.07000000000001
3697,384,48,2025-08-13 08:52:16.633663,61,0.11,Completed,54.29
3698,260,18,2025-08-13 10:19:41.638163,67,0.14,Completed,57.62
3699,414,23,2025-08-13 11:47:06.642664,13,0.25,Completed,9.75
3700,479,21,2025-08-13 13:14:31.647164,92,0.0,Completed,92.0
3701,358,11,2025-08-13 14:41:56.651665,11,0.27,Completed,8.03
3702,75,39,2025-08-13 16:09:21.656165,11,0.12,Completed,9.68
3703,355,41,2025-08-13 17:36:46.660666,85,0.07,Completed,79.05
3704,72,4,2025-08-13 19:04:11.665166,85,0.15,Completed,72.25
3705,259,25,2025-08-13 20:31:36.669666,7,0.2,Completed,5.6000000000000005
3706,398,32,2025-08-13 21:59:01.674167,17,0.01,Completed,16.83
3707,188,30,2025-08-13 23:26:26.678667,48,0.21,Completed,37.92
3708,461,45,2025-08-14 00:53:51.683168,14,0.23,Completed,10.780000000000001
3709,173,26,2025-08-14 02:21:16.687668,63,0.05,Cancelled,59.849999999999994
3710,480,36,2025-08-14 03:48:41.692169,64,0.05,Completed,60.8
3711,290,34,2025-08-14 05:16:06.696669,97,0.06,Completed,91.17999999999999
3712,45,9,2025-08-14 06:43:31.701170,75,0.24,Completed,57.0
3713,61,12,2025-08-14 08:10:56.705670,77,0.08,Pending,70.84
3714,83,2,2025-08-14 09:38:21.710171,65,0.24,Completed,49.4
3715,123,38,2025-08-14 11:05:46.714671,34,0.16,Completed,28.56
3716,358,5,2025-08-14 12:33:11.719171,9,0.23,Completed,6.93
3717,16,5,2025-08-14 14:00:36.723672,77,0.17,Completed,63.91
3718,66,22,2025-08-14 15:28:01.728172,37,0.1,Completed,33.300000000000004
3719,424,5,2025-08-14 16:55:26.732673,30,0.27,Completed,21.9
3720,145,4,2025-08-14 18:22:51.737173,41,0.21,Completed,32.39
3721,375,9,2025-08-14 19:50:16.741674,45,0.15,Completed,38.25
3722,162,29,2025-08-14 21:17:41.746174,47,0.19,Completed,38.07
3723,234,22,2025-08-14 22:45:06.750675,7,0.18,Completed,5.74
3724,380,27,2025-08-15 00:12:31.755175,14,0.11,Completed,12.46
3725,144,10,2025-08-15 01:39:56.759675,48,0.13,Pending,41.76
3726,358,16,2025-08-15 03:07:21.764176,6,0.1,Pending,5.4
3727,188,42,2025-08-15 04:34:46.768676,34,0.3,Completed,23.799999999999997
3728,322,42,2025-08-15 06:02:11.773177,80,0.17,Completed,66.39999999999999
3729,450,10,2025-08-15 07:29:36.777677,100,0.03,Cancelled,97.0
3730,474,6,2025-08-15 08:57:01.782178,46,0.16,Completed,38.64
3731,13,49,2025-08-15 10:24:26.786678,59,0.01,Completed,58.41
3732,184,5,2025-08-15 11:51:51.791179,70,0.09,Completed,63.7
3733,111,6,2025-08-15 13:19:16.795679,8,0.13,Completed,6.96
3734,415,47,2025-08-15 14:46:41.800180,24,0.16,Completed,20.16
3735,290,25,2025-08-15 16:14:06.804680,67,0.29,Completed,47.57
3736,295,50,2025-08-15 17:41:31.809180,4,0.29,Completed,2.84
3737,451,4,2025-08-15 19:08:56.813681,96,0.03,Pending,93.12
3738,392,40,2025-08-15 20:36:21.818181,1,0.16,Cancelled,0.84
3739,215,48,2025-08-15 22:03:46.822682,34,0.25,Completed,25.5
3740,462,32,2025-08-15 23:31:11.827182,9,0.07,Completed,8.37
3741,120,35,2025-08-16 00:58:36.831683,63,0.23,Completed,48.51
3742,382,10,2025-08-16 02:26:01.836183,76,0.26,Cancelled,56.24
3743,55,34,2025-08-16 03:53:26.840684,10,0.2,Completed,8.0
3744,27,36,2025-08-16 05:20:51.845184,10,0.1,Completed,9.0
3745,118,6,2025-08-16 06:48:16.849684,50,0.28,Completed,36.0
3746,221,43,2025-08-16 08:15:41.854185,44,0.27,Completed,32.12
3747,231,46,2025-08-16 09:43:06.858685,48,0.21,Completed,37.92
3748,53,16,2025-08-16 11:10:31.863186,87,0.11,Completed,77.43
3749,295,19,2025-08-16 12:37:56.867686,6,0.24,Completed,4.5600000000000005
3750,321,34,2025-08-16 14:05:21.872187,88,0.09,Completed,80.08
3751,401,25,2025-08-16 15:32:46.876687,24,0.08,Completed,22.080000000000002
3752,233,31,2025-08-16 17:00:11.881188,85,0.15,Completed,72.25
3753,158,49,2025-08-16 18:27:36.885688,95,0.3,Completed,66.5
3754,437,41,2025-08-16 19:55:01.890189,58,0.24,Completed,44.08
3755,269,17,2025-08-16 21:22:26.894689,64,0.22,Completed,49.92
3756,21,47,2025-08-16 22:49:51.899189,94,0.14,Completed,80.84
3757,403,30,2025-08-17 00:17:16.903690,56,0.09,Completed,50.96
3758,53,39,2025-08-17 01:44:41.908190,98,0.26,Completed,72.52
3759,275,31,2025-08-17 03:12:06.912691,82,0.17,Completed,68.06
3760,313,19,2025-08-17 04:39:31.917191,12,0.24,Cancelled,9.120000000000001
3761,281,35,2025-08-17 06:06:56.921692,35,0.15,Completed,29.75
3762,214,29,2025-08-17 07:34:21.926192,71,0.23,Completed,54.67
3763,31,1,2025-08-17 09:01:46.930693,89,0.26,Completed,65.86
3764,337,4,2025-08-17 10:29:11.935193,6,0.12,Completed,5.28
3765,183,28,2025-08-17 11:56:36.939693,65,0.0,Completed,65.0
3766,23,18,2025-08-17 13:24:01.944194,80,0.08,Completed,73.60000000000001
3767,32,26,2025-08-17 14:51:26.948694,60,0.27,Completed,43.8
3768,446,40,2025-08-17 16:18:51.953195,68,0.21,Completed,53.72
3769,74,19,2025-08-17 17:46:16.957695,29,0.22,Completed,22.62
3770,10,6,2025-08-17 19:13:41.962196,38,0.1,Pending,34.2
3771,484,1,2025-08-17 20:41:06.966696,92,0.21,Completed,72.68
3772,456,8,2025-08-17 22:08:31.971197,22,0.19,Completed,17.82
3773,54,33,2025-08-17 23:35:56.975697,8,0.05,Completed,7.6
3774,52,43,2025-08-18 01:03:21.980198,63,0.29,Completed,44.73
3775,148,21,2025-08-18 02:30:46.984698,96,0.11,Completed,85.44
3776,160,24,2025-08-18 03:58:11.989198,97,0.1,Pending,87.3
3777,370,25,2025-08-18 05:25:36.993699,13,0.11,Pending,11.57
3778,14,47,2025-08-18 06:53:01.998199,27,0.03,Completed,26.189999999999998
3779,178,43,2025-08-18 08:20:27.002700,18,0.19,Completed,14.580000000000002
3780,412,19,2025-08-18 09:47:52.007200,18,0.07,Completed,16.74
3781,366,29,2025-08-18 11:15:17.011701,77,0.24,Completed,58.52
3782,500,10,2025-08-18 12:42:42.016201,86,0.12,Completed,75.68
3783,53,12,2025-08-18 14:10:07.020702,62,0.14,Completed,53.32
3784,408,33,2025-08-18 15:37:32.025202,14,0.19,Completed,11.34
3785,335,7,2025-08-18 17:04:57.029702,11,0.23,Completed,8.47
3786,22,17,2025-08-18 18:32:22.034203,86,0.07,Completed,79.97999999999999
3787,30,10,2025-08-18 19:59:47.038703,100,0.29,Completed,71.0
3788,191,31,2025-08-18 21:27:12.043204,17,0.19,Completed,13.770000000000001
3789,260,6,2025-08-18 22:54:37.047704,51,0.0,Cancelled,51.0
3790,205,17,2025-08-19 00:22:02.052205,96,0.12,Completed,84.48
3791,59,50,2025-08-19 01:49:27.056705,14,0.13,Completed,12.18
3792,471,37,2025-08-19 03:16:52.061206,57,0.24,Completed,43.32
3793,264,18,2025-08-19 04:44:17.065706,93,0.09,Completed,84.63000000000001
3794,466,26,2025-08-19 06:11:42.070207,6,0.1,Completed,5.4
3795,12,49,2025-08-19 07:39:07.074707,57,0.02,Completed,55.86
3796,119,16,2025-08-19 09:06:32.079207,4,0.09,Completed,3.64
3797,415,8,2025-08-19 10:33:57.083708,11,0.22,Completed,8.58
3798,462,24,2025-08-19 12:01:22.088208,74,0.19,Completed,59.940000000000005
3799,290,13,2025-08-19 13:28:47.092709,92,0.02,Pending,90.16
3800,338,29,2025-08-19 14:56:12.097209,11,0.03,Completed,10.67
3801,248,32,2025-08-19 16:23:37.101710,99,0.11,Pending,88.11
3802,354,24,2025-08-19 17:51:02.106210,79,0.22,Completed,61.620000000000005
3803,127,16,2025-08-19 19:18:27.110711,8,0.25,Completed,6.0
3804,75,11,2025-08-19 20:45:52.115211,84,0.0,Completed,84.0
3805,361,32,2025-08-19 22:13:17.119711,59,0.1,Completed,53.1
3806,204,6,2025-08-19 23:40:42.124212,21,0.13,Completed,18.27
3807,49,35,2025-08-20 01:08:07.128712,65,0.27,Completed,47.449999999999996
3808,79,33,2025-08-20 02:35:32.133213,93,0.15,Pending,79.05
3809,441,18,2025-08-20 04:02:57.137713,24,0.08,Completed,22.080000000000002
3810,479,37,2025-08-20 05:30:22.142214,30,0.12,Completed,26.4
3811,241,13,2025-08-20 06:57:47.146714,99,0.13,Completed,86.13
3812,349,10,2025-08-20 08:25:12.151215,97,0.2,Completed,77.60000000000001
3813,154,37,2025-08-20 09:52:37.155715,84,0.01,Completed,83.16
3814,274,26,2025-08-20 11:20:02.160216,57,0.12,Completed,50.160000000000004
3815,96,46,2025-08-20 12:47:27.164716,80,0.19,Completed,64.80000000000001
3816,214,17,2025-08-20 14:14:52.169216,73,0.08,Completed,67.16
3817,294,1,2025-08-20 15:42:17.173717,95,0.18,Completed,77.9
3818,209,25,2025-08-20 17:09:42.178217,17,0.11,Completed,15.13
3819,343,34,2025-08-20 18:37:07.182718,59,0.23,Completed,45.43
3820,88,39,2025-08-20 20:04:32.187218,31,0.02,Completed,30.38
3821,306,10,2025-08-20 21:31:57.191719,64,0.28,Completed,46.08
3822,264,20,2025-08-20 22:59:22.196219,48,0.05,Pending,45.599999999999994
3823,425,7,2025-08-21 00:26:47.200720,23,0.05,Completed,21.849999999999998
3824,390,16,2025-08-21 01:54:12.205220,70,0.25,Completed,52.5
3825,325,37,2025-08-21 03:21:37.209720,30,0.26,Pending,22.2
3826,428,29,2025-08-21 04:49:02.214221,55,0.03,Completed,53.35
3827,377,12,2025-08-21 06:16:27.218721,7,0.27,Completed,5.109999999999999
3828,320,17,2025-08-21 07:43:52.223222,75,0.08,Completed,69.0
3829,157,48,2025-08-21 09:11:17.227722,98,0.19,Pending,79.38000000000001
3830,156,20,2025-08-21 10:38:42.232223,12,0.02,Completed,11.76
3831,139,26,2025-08-21 12:06:07.236723,60,0.11,Completed,53.4
3832,121,48,2025-08-21 13:33:32.241224,52,0.14,Completed,44.72
3833,65,19,2025-08-21 15:00:57.245724,27,0.18,Completed,22.14
3834,107,47,2025-08-21 16:28:22.250225,12,0.16,Completed,10.08
3835,147,12,2025-08-21 17:55:47.254725,13,0.14,Completed,11.18
3836,137,21,2025-08-21 19:23:12.259225,72,0.29,Completed,51.12
3837,411,42,2025-08-21 20:50:37.263726,80,0.06,Completed,75.19999999999999
3838,162,34,2025-08-21 22:18:02.268226,62,0.05,Pending,58.9
3839,428,7,2025-08-21 23:45:27.272727,29,0.21,Completed,22.91
3840,452,45,2025-08-22 01:12:52.277227,35,0.02,Completed,34.3
3841,100,35,2025-08-22 02:40:17.281728,60,0.14,Completed,51.6
3842,338,15,2025-08-22 04:07:42.286228,29,0.15,Pending,24.65
3843,399,1,2025-08-22 05:35:07.290729,31,0.09,Completed,28.21
3844,307,26,2025-08-22 07:02:32.295229,77,0.28,Completed,55.44
3845,141,35,2025-08-22 08:29:57.299729,76,0.08,Cancelled,69.92
3846,83,25,2025-08-22 09:57:22.304230,61,0.09,Completed,55.510000000000005
3847,177,42,2025-08-22 11:24:47.308730,2,0.07,Completed,1.8599999999999999
3848,198,15,2025-08-22 12:52:12.313231,33,0.04,Completed,31.68
3849,112,22,2025-08-22 14:19:37.317731,72,0.11,Completed,64.08
3850,56,6,2025-08-22 15:47:02.322232,62,0.2,Completed,49.6
3851,460,15,2025-08-22 17:14:27.326732,59,0.22,Completed,46.02
3852,179,24,2025-08-22 18:41:52.331233,40,0.24,Completed,30.4
3853,421,21,2025-08-22 20:09:17.335733,49,0.06,Completed,46.059999999999995
3854,401,7,2025-08-22 21:36:42.340234,32,0.01,Pending,31.68
3855,186,29,2025-08-22 23:04:07.344734,38,0.29,Completed,26.979999999999997
3856,471,32,2025-08-23 00:31:32.349234,92,0.0,Pending,92.0
3857,218,32,2025-08-23 01:58:57.353735,79,0.29,Pending,56.089999999999996
3858,413,5,2025-08-23 03:26:22.358235,87,0.25,Completed,65.25
3859,417,4,2025-08-23 04:53:47.362736,88,0.27,Completed,64.24
3860,316,22,2025-08-23 06:21:12.367236,13,0.12,Completed,11.44
3861,475,18,2025-08-23 07:48:37.371737,85,0.06,Pending,79.89999999999999
3862,217,35,2025-08-23 09:16:02.376237,54,0.18,Completed,44.28
3863,120,17,2025-08-23 10:43:27.380738,76,0.22,Completed,59.28
3864,439,50,2025-08-23 12:10:52.385238,13,0.04,Pending,12.48
3865,394,50,2025-08-23 13:38:17.389738,39,0.24,Completed,29.64
3866,175,24,2025-08-23 15:05:42.394239,23,0.06,Pending,21.619999999999997
3867,23,2,2025-08-23 16:33:07.398739,92,0.15,Completed,78.2
3868,213,13,2025-08-23 18:00:32.403240,14,0.26,Pending,10.36
3869,405,15,2025-08-23 19:27:57.407740,17,0.06,Completed,15.979999999999999
3870,235,5,2025-08-23 20:55:22.412241,24,0.07,Completed,22.32
3871,13,3,2025-08-23 22:22:47.416741,58,0.02,Pending,56.839999999999996
3872,101,37,2025-08-23 23:50:12.421242,63,0.04,Completed,60.48
3873,417,37,2025-08-24 01:17:37.425742,34,0.04,Completed,32.64
3874,24,37,2025-08-24 02:45:02.430243,51,0.06,Completed,47.94
3875,364,3,2025-08-24 04:12:27.434743,86,0.09,Pending,78.26
3876,11,35,2025-08-24 05:39:52.439243,10,0.24,Completed,7.6
3877,273,23,2025-08-24 07:07:17.443744,72,0.27,Pending,52.56
3878,452,28,2025-08-24 08:34:42.448244,21,0.12,Completed,18.48
3879,431,30,2025-08-24 10:02:07.452745,37,0.04,Completed,35.519999999999996
3880,281,18,2025-08-24 11:29:32.457245,7,0.07,Completed,6.51
3881,94,36,2025-08-24 12:56:57.461746,90,0.22,Completed,70.2
3882,201,33,2025-08-24 14:24:22.466246,13,0.2,Completed,10.4
3883,21,26,2025-08-24 15:51:47.470747,80,0.29,Completed,56.8
3884,340,48,2025-08-24 17:19:12.475247,30,0.0,Completed,30.0
3885,467,40,2025-08-24 18:46:37.479747,31,0.23,Completed,23.87
3886,211,17,2025-08-24 20:14:02.484248,5,0.15,Pending,4.25
3887,140,40,2025-08-24 21:41:27.488748,32,0.27,Completed,23.36
3888,293,7,2025-08-24 23:08:52.493249,16,0.17,Cancelled,13.28
3889,298,8,2025-08-25 00:36:17.497749,73,0.13,Completed,63.51
3890,401,31,2025-08-25 02:03:42.502250,22,0.2,Completed,17.6
3891,101,12,2025-08-25 03:31:07.506750,64,0.25,Completed,48.0
3892,304,48,2025-08-25 04:58:32.511251,44,0.08,Completed,40.480000000000004
3893,359,31,2025-08-25 06:25:57.515751,40,0.03,Completed,38.8
3894,28,44,2025-08-25 07:53:22.520252,37,0.13,Completed,32.19
3895,41,19,2025-08-25 09:20:47.524752,78,0.06,Pending,73.32
3896,355,10,2025-08-25 10:48:12.529252,16,0.13,Completed,13.92
3897,303,39,2025-08-25 12:15:37.533753,43,0.3,Completed,30.099999999999998
3898,496,12,2025-08-25 13:43:02.538253,84,0.17,Completed,69.72
3899,146,20,2025-08-25 15:10:27.542754,63,0.21,Completed,49.77
3900,256,37,2025-08-25 16:37:52.547254,15,0.2,Completed,12.0
3901,462,48,2025-08-25 18:05:17.551755,44,0.25,Completed,33.0
3902,227,41,2025-08-25 19:32:42.556255,90,0.28,Completed,64.8
3903,236,7,2025-08-25 21:00:07.560756,9,0.2,Completed,7.2
3904,361,14,2025-08-25 22:27:32.565256,65,0.14,Pending,55.9
3905,380,11,2025-08-25 23:54:57.569756,99,0.1,Completed,89.10000000000001
3906,455,7,2025-08-26 01:22:22.574257,44,0.11,Completed,39.160000000000004
3907,489,29,2025-08-26 02:49:47.578757,20,0.1,Completed,18.0
3908,13,10,2025-08-26 04:17:12.583258,70,0.1,Completed,63.0
3909,210,29,2025-08-26 05:44:37.587758,74,0.21,Pending,58.46
3910,229,9,2025-08-26 07:12:02.592259,33,0.18,Completed,27.060000000000002
3911,397,36,2025-08-26 08:39:27.596759,80,0.06,Completed,75.19999999999999
3912,100,48,2025-08-26 10:06:52.601260,100,0.29,Completed,71.0
3913,31,10,2025-08-26 11:34:17.605760,6,0.13,Completed,5.22
3914,386,19,2025-08-26 13:01:42.610261,83,0.17,Completed,68.89
3915,16,31,2025-08-26 14:29:07.614761,31,0.21,Pending,24.490000000000002
3916,137,17,2025-08-26 15:56:32.619261,66,0.18,Completed,54.120000000000005
3917,329,9,2025-08-26 17:23:57.623762,18,0.09,Completed,16.38
3918,166,45,2025-08-26 18:51:22.628262,28,0.24,Completed,21.28
3919,459,33,2025-08-26 20:18:47.632763,68,0.03,Pending,65.96
3920,310,34,2025-08-26 21:46:12.637263,65,0.17,Completed,53.949999999999996
3921,440,45,2025-08-26 23:13:37.641764,80,0.08,Completed,73.60000000000001
3922,470,24,2025-08-27 00:41:02.646264,45,0.18,Completed,36.900000000000006
3923,481,9,2025-08-27 02:08:27.650765,58,0.07,Completed,53.94
3924,100,7,2025-08-27 03:35:52.655265,47,0.23,Completed,36.19
3925,109,16,2025-08-27 05:03:17.659765,66,0.07,Pending,61.379999999999995
3926,343,19,2025-08-27 06:30:42.664266,52,0.27,Completed,37.96
3927,173,39,2025-08-27 07:58:07.668766,36,0.26,Completed,26.64
3928,237,6,2025-08-27 09:25:32.673267,1,0.11,Completed,0.89
3929,162,50,2025-08-27 10:52:57.677767,39,0.12,Pending,34.32
3930,393,11,2025-08-27 12:20:22.682268,87,0.21,Completed,68.73
3931,216,12,2025-08-27 13:47:47.686768,90,0.03,Completed,87.3
3932,264,42,2025-08-27 15:15:12.691269,75,0.02,Completed,73.5
3933,263,13,2025-08-27 16:42:37.695769,1,0.04,Cancelled,0.96
3934,292,12,2025-08-27 18:10:02.700270,75,0.17,Completed,62.25
3935,274,21,2025-08-27 19:37:27.704770,88,0.04,Completed,84.47999999999999
3936,3,10,2025-08-27 21:04:52.709270,74,0.08,Completed,68.08
3937,28,20,2025-08-27 22:32:17.713771,14,0.19,Completed,11.34
3938,326,50,2025-08-27 23:59:42.718271,78,0.0,Completed,78.0
3939,492,36,2025-08-28 01:27:07.722772,71,0.05,Completed,67.45
3940,428,28,2025-08-28 02:54:32.727272,23,0.28,Completed,16.56
3941,149,24,2025-08-28 04:21:57.731773,43,0.2,Completed,34.4
3942,28,5,2025-08-28 05:49:22.736273,22,0.09,Completed,20.02
3943,488,37,2025-08-28 07:16:47.740774,60,0.01,Completed,59.4
3944,310,12,2025-08-28 08:44:12.745274,100,0.18,Completed,82.0
3945,438,35,2025-08-28 10:11:37.749774,27,0.07,Completed,25.11
3946,65,40,2025-08-28 11:39:02.754275,56,0.29,Completed,39.76
3947,356,2,2025-08-28 13:06:27.758775,2,0.21,Completed,1.58
3948,21,50,2025-08-28 14:33:52.763276,39,0.29,Pending,27.689999999999998
3949,252,41,2025-08-28 16:01:17.767776,51,0.25,Pending,38.25
3950,235,45,2025-08-28 17:28:42.772277,19,0.14,Completed,16.34
3951,227,39,2025-08-28 18:56:07.776777,62,0.2,Completed,49.6
3952,13,42,2025-08-28 20:23:32.781278,71,0.24,Cancelled,53.96
3953,313,9,2025-08-28 21:50:57.785778,76,0.17,Completed,63.08
3954,49,22,2025-08-28 23:18:22.790279,67,0.02,Completed,65.66
3955,118,47,2025-08-29 00:45:47.794779,63,0.14,Completed,54.18
3956,54,5,2025-08-29 02:13:12.799279,5,0.04,Completed,4.8
3957,138,12,2025-08-29 03:40:37.803780,72,0.21,Completed,56.88
3958,53,1,2025-08-29 05:08:02.808280,78,0.2,Pending,62.400000000000006
3959,44,44,2025-08-29 06:35:27.812781,61,0.3,Completed,42.699999999999996
3960,303,22,2025-08-29 08:02:52.817281,100,0.19,Completed,81.0
3961,53,38,2025-08-29 09:30:17.821782,71,0.24,Completed,53.96
3962,74,19,2025-08-29 10:57:42.826282,7,0.08,Cancelled,6.44
3963,46,16,2025-08-29 12:25:07.830783,50,0.1,Completed,45.0
3964,13,31,2025-08-29 13:52:32.835283,46,0.28,Pending,33.12
3965,165,3,2025-08-29 15:19:57.839783,96,0.23,Completed,73.92
3966,102,23,2025-08-29 16:47:22.844284,72,0.2,Completed,57.6
3967,280,42,2025-08-29 18:14:47.848784,76,0.08,Completed,69.92
3968,258,18,2025-08-29 19:42:12.853285,74,0.21,Pending,58.46
3969,470,26,2025-08-29 21:09:37.857785,14,0.27,Completed,10.219999999999999
3970,337,13,2025-08-29 22:37:02.862286,73,0.07,Pending,67.89
3971,356,18,2025-08-30 00:04:27.866786,94,0.21,Completed,74.26
3972,398,3,2025-08-30 01:31:52.871287,69,0.12,Pending,60.72
3973,138,23,2025-08-30 02:59:17.875787,65,0.04,Completed,62.4
3974,163,3,2025-08-30 04:26:42.880288,65,0.23,Completed,50.050000000000004
3975,409,25,2025-08-30 05:54:07.884788,57,0.05,Completed,54.15
3976,387,27,2025-08-30 07:21:32.889288,62,0.08,Completed,57.04
3977,111,44,2025-08-30 08:48:57.893789,20,0.23,Completed,15.4
3978,102,27,2025-08-30 10:16:22.898289,75,0.22,Completed,58.5
3979,17,39,2025-08-30 11:43:47.902790,26,0.08,Completed,23.92
3980,268,25,2025-08-30 13:11:12.907290,44,0.28,Completed,31.68
3981,182,24,2025-08-30 14:38:37.911791,67,0.06,Completed,62.98
3982,372,8,2025-08-30 16:06:02.916291,70,0.3,Completed,49.0
3983,24,9,2025-08-30 17:33:27.920792,62,0.22,Pending,48.36
3984,29,46,2025-08-30 19:00:52.925292,45,0.12,Completed,39.6
3985,171,37,2025-08-30 20:28:17.929792,11,0.04,Completed,10.559999999999999
3986,409,30,2025-08-30 21:55:42.934293,72,0.1,Completed,64.8
3987,228,19,2025-08-30 23:23:07.938793,93,0.06,Completed,87.42
3988,378,16,2025-08-31 00:50:32.943294,74,0.19,Completed,59.940000000000005
3989,188,24,2025-08-31 02:17:57.947794,34,0.11,Completed,30.26
3990,346,44,2025-08-31 03:45:22.952295,88,0.09,Completed,80.08
3991,230,21,2025-08-31 05:12:47.956795,46,0.23,Completed,35.42
3992,321,36,2025-08-31 06:40:12.961296,81,0.07,Completed,75.33
3993,340,40,2025-08-31 08:07:37.965796,32,0.18,Completed,26.240000000000002
3994,119,39,2025-08-31 09:35:02.970297,75,0.06,Pending,70.5
3995,156,47,2025-08-31 11:02:27.974797,98,0.21,Completed,77.42
3996,272,6,2025-08-31 12:29:52.979297,88,0.19,Completed,71.28
3997,175,5,2025-08-31 13:57:17.983798,5,0.24,Completed,3.8
3998,465,14,2025-08-31 15:24:42.988298,63,0.02,Pending,61.74
3999,104,45,2025-08-31 16:52:07.992799,29,0.06,Completed,27.259999999999998
4000,92,42,2025-08-31 18:19:32.997299,48,0.05,Completed,45.599999999999994
4001,186,50,2025-08-31 19:46:58.001800,98,0.06,Completed,92.11999999999999
4002,460,4,2025-08-31 21:14:23.006300,16,0.03,Completed,15.52
4003,283,8,2025-08-31 22:41:48.010801,25,0.17,Pending,20.75
4004,181,24,2025-09-01 00:09:13.015301,72,0.18,Completed,59.040000000000006
4005,170,11,2025-09-01 01:36:38.019801,29,0.25,Pending,21.75
4006,187,17,2025-09-01 03:04:03.024302,52,0.13,Pending,45.24
4007,175,50,2025-09-01 04:31:28.028802,46,0.16,Completed,38.64
4008,222,21,2025-09-01 05:58:53.033303,25,0.3,Completed,17.5
4009,233,26,2025-09-01 07:26:18.037803,23,0.16,Pending,19.32
4010,162,43,2025-09-01 08:53:43.042304,34,0.17,Completed,28.22
4011,421,48,2025-09-01 10:21:08.046804,67,0.3,Completed,46.9
4012,134,44,2025-09-01 11:48:33.051305,94,0.3,Pending,65.8
4013,391,45,2025-09-01 13:15:58.055805,34,0.13,Completed,29.58
4014,480,27,2025-09-01 14:43:23.060306,32,0.19,Completed,25.92
4015,224,16,2025-09-01 16:10:48.064806,29,0.14,Pending,24.94
4016,153,26,2025-09-01 17:38:13.069306,9,0.22,Completed,7.0200000000000005
4017,33,33,2025-09-01 19:05:38.073807,66,0.28,Completed,47.519999999999996
4018,55,31,2025-09-01 20:33:03.078307,57,0.09,Completed,51.870000000000005
4019,442,48,2025-09-01 22:00:28.082808,39,0.25,Completed,29.25
4020,7,47,2025-09-01 23:27:53.087308,7,0.2,Pending,5.6000000000000005
4021,244,6,2025-09-02 00:55:18.091809,69,0.08,Completed,63.480000000000004
4022,313,44,2025-09-02 02:22:43.096309,8,0.24,Completed,6.08
4023,126,8,2025-09-02 03:50:08.100810,96,0.13,Completed,83.52
4024,12,7,2025-09-02 05:17:33.105310,18,0.04,Pending,17.28
4025,16,34,2025-09-02 06:44:58.109810,82,0.3,Completed,57.4
4026,208,44,2025-09-02 08:12:23.114311,49,0.13,Completed,42.63
4027,43,14,2025-09-02 09:39:48.118811,16,0.16,Pending,13.44
4028,373,16,2025-09-02 11:07:13.123312,21,0.24,Completed,15.96
4029,484,43,2025-09-02 12:34:38.127812,10,0.29,Cancelled,7.1
4030,461,9,2025-09-02 14:02:03.132313,4,0.26,Cancelled,2.96
4031,135,10,2025-09-02 15:29:28.136813,44,0.16,Pending,36.96
4032,228,17,2025-09-02 16:56:53.141314,8,0.16,Completed,6.72
4033,111,12,2025-09-02 18:24:18.145814,55,0.08,Completed,50.6
4034,307,6,2025-09-02 19:51:43.150315,19,0.14,Completed,16.34
4035,457,19,2025-09-02 21:19:08.154815,64,0.28,Completed,46.08
4036,160,43,2025-09-02 22:46:33.159315,40,0.22,Completed,31.200000000000003
4037,331,41,2025-09-03 00:13:58.163816,51,0.0,Pending,51.0
4038,264,29,2025-09-03 01:41:23.168316,9,0.03,Completed,8.73
4039,225,6,2025-09-03 03:08:48.172817,30,0.28,Completed,21.599999999999998
4040,471,25,2025-09-03 04:36:13.177317,56,0.25,Completed,42.0
4041,217,24,2025-09-03 06:03:38.181818,81,0.15,Completed,68.85
4042,456,25,2025-09-03 07:31:03.186318,44,0.19,Pending,35.64
4043,45,16,2025-09-03 08:58:28.190819,59,0.09,Completed,53.690000000000005
4044,214,16,2025-09-03 10:25:53.195319,15,0.24,Completed,11.4
4045,59,6,2025-09-03 11:53:18.199819,68,0.18,Completed,55.760000000000005
4046,132,37,2025-09-03 13:20:43.204320,70,0.21,Completed,55.300000000000004
4047,104,21,2025-09-03 14:48:08.208820,61,0.11,Completed,54.29
4048,195,4,2025-09-03 16:15:33.213321,80,0.13,Completed,69.6
4049,413,34,2025-09-03 17:42:58.217821,90,0.06,Completed,84.6
4050,489,28,2025-09-03 19:10:23.222322,23,0.28,Completed,16.56
4051,157,38,2025-09-03 20:37:48.226822,77,0.28,Pending,55.44
4052,98,41,2025-09-03 22:05:13.231323,47,0.25,Completed,35.25
4053,226,28,2025-09-03 23:32:38.235823,17,0.28,Pending,12.24
4054,412,17,2025-09-04 01:00:03.240324,57,0.2,Pending,45.6
4055,205,14,2025-09-04 02:27:28.244824,54,0.07,Completed,50.22
4056,79,7,2025-09-04 03:54:53.249324,91,0.23,Completed,70.07000000000001
4057,124,22,2025-09-04 05:22:18.253825,52,0.1,Pending,46.800000000000004
4058,471,1,2025-09-04 06:49:43.258325,22,0.13,Pending,19.14
4059,428,29,2025-09-04 08:17:08.262826,83,0.08,Completed,76.36
4060,218,31,2025-09-04 09:44:33.267326,39,0.13,Completed,33.93
4061,4,30,2025-09-04 11:11:58.271827,99,0.2,Completed,79.2
4062,90,15,2025-09-04 12:39:23.276327,13,0.03,Completed,12.61
4063,104,18,2025-09-04 14:06:48.280828,78,0.03,Completed,75.66
4064,393,35,2025-09-04 15:34:13.285328,95,0.21,Completed,75.05
4065,119,50,2025-09-04 17:01:38.289828,66,0.23,Completed,50.82
4066,133,30,2025-09-04 18:29:03.294329,52,0.17,Completed,43.16
4067,312,34,2025-09-04 19:56:28.298829,14,0.05,Pending,13.299999999999999
4068,96,42,2025-09-04 21:23:53.303330,73,0.13,Pending,63.51
4069,468,11,2025-09-04 22:51:18.307830,74,0.23,Cancelled,56.980000000000004
4070,434,27,2025-09-05 00:18:43.312331,63,0.21,Completed,49.77
4071,331,24,2025-09-05 01:46:08.316831,71,0.03,Completed,68.87
4072,143,35,2025-09-05 03:13:33.321332,28,0.29,Pending,19.88
4073,288,39,2025-09-05 04:40:58.325832,89,0.07,Completed,82.77
4074,28,8,2025-09-05 06:08:23.330333,46,0.07,Completed,42.779999999999994
4075,278,18,2025-09-05 07:35:48.334833,28,0.14,Completed,24.08
4076,233,13,2025-09-05 09:03:13.339333,2,0.1,Pending,1.8
4077,17,45,2025-09-05 10:30:38.343834,17,0.3,Completed,11.899999999999999
4078,59,24,2025-09-05 11:58:03.348334,59,0.02,Completed,57.82
4079,90,23,2025-09-05 13:25:28.352835,52,0.09,Completed,47.32
4080,492,12,2025-09-05 14:52:53.357335,4,0.11,Pending,3.56
4081,199,49,2025-09-05 16:20:18.361836,77,0.15,Completed,65.45
4082,362,30,2025-09-05 17:47:43.366336,82,0.0,Completed,82.0
4083,441,31,2025-09-05 19:15:08.370837,3,0.02,Completed,2.94
4084,26,28,2025-09-05 20:42:33.375337,37,0.08,Completed,34.04
4085,25,22,2025-09-05 22:09:58.379837,97,0.17,Completed,80.50999999999999
4086,394,44,2025-09-05 23:37:23.384338,24,0.23,Completed,18.48
4087,301,28,2025-09-06 01:04:48.388838,72,0.21,Cancelled,56.88
4088,339,13,2025-09-06 02:32:13.393339,35,0.17,Pending,29.049999999999997
4089,267,25,2025-09-06 03:59:38.397839,2,0.12,Completed,1.76
4090,461,44,2025-09-06 05:27:03.402340,33,0.26,Completed,24.419999999999998
4091,181,46,2025-09-06 06:54:28.406840,76,0.14,Completed,65.36
4092,456,7,2025-09-06 08:21:53.411341,86,0.09,Pending,78.26
4093,360,45,2025-09-06 09:49:18.415841,77,0.19,Completed,62.370000000000005
4094,68,6,2025-09-06 11:16:43.420342,10,0.21,Completed,7.9
4095,495,24,2025-09-06 12:44:08.424842,81,0.12,Completed,71.28
4096,351,19,2025-09-06 14:11:33.429342,62,0.01,Completed,61.38
4097,412,19,2025-09-06 15:38:58.433843,43,0.03,Completed,41.71
4098,459,36,2025-09-06 17:06:23.438343,69,0.25,Completed,51.75
4099,491,9,2025-09-06 18:33:48.442844,59,0.02,Completed,57.82
4100,321,48,2025-09-06 20:01:13.447344,9,0.18,Pending,7.380000000000001
4101,49,36,2025-09-06 21:28:38.451845,77,0.06,Pending,72.38
4102,175,38,2025-09-06 22:56:03.456345,60,0.07,Completed,55.8
4103,52,40,2025-09-07 00:23:28.460846,63,0.08,Completed,57.96
4104,102,29,2025-09-07 01:50:53.465346,52,0.01,Completed,51.48
4105,216,24,2025-09-07 03:18:18.469846,23,0.05,Completed,21.849999999999998
4106,438,48,2025-09-07 04:45:43.474347,30,0.2,Completed,24.0
4107,188,5,2025-09-07 06:13:08.478847,43,0.15,Completed,36.55
4108,57,42,2025-09-07 07:40:33.483348,68,0.24,Pending,51.68
4109,47,45,2025-09-07 09:07:58.487848,21,0.02,Completed,20.58
4110,159,26,2025-09-07 10:35:23.492349,43,0.27,Completed,31.39
4111,489,14,2025-09-07 12:02:48.496849,73,0.3,Completed,51.099999999999994
4112,174,39,2025-09-07 13:30:13.501350,7,0.0,Completed,7.0
4113,242,29,2025-09-07 14:57:38.505850,16,0.29,Completed,11.36
4114,282,6,2025-09-07 16:25:03.510351,23,0.07,Pending,21.389999999999997
4115,241,7,2025-09-07 17:52:28.514851,58,0.21,Completed,45.82
4116,370,37,2025-09-07 19:19:53.519351,87,0.09,Pending,79.17
4117,5,18,2025-09-07 20:47:18.523852,31,0.16,Completed,26.04
4118,84,23,2025-09-07 22:14:43.528352,69,0.15,Pending,58.65
4119,308,44,2025-09-07 23:42:08.532853,6,0.11,Completed,5.34
4120,361,38,2025-09-08 01:09:33.537353,65,0.22,Completed,50.7
4121,459,1,2025-09-08 02:36:58.541854,59,0.18,Completed,48.38
4122,248,4,2025-09-08 04:04:23.546354,28,0.15,Completed,23.8
4123,54,44,2025-09-08 05:31:48.550855,18,0.29,Pending,12.78
4124,161,47,2025-09-08 06:59:13.555355,88,0.28,Completed,63.36
4125,434,35,2025-09-08 08:26:38.559855,77,0.29,Completed,54.669999999999995
4126,422,23,2025-09-08 09:54:03.564356,97,0.26,Pending,71.78
4127,411,27,2025-09-08 11:21:28.568856,10,0.08,Completed,9.200000000000001
4128,226,26,2025-09-08 12:48:53.573357,7,0.1,Completed,6.3
4129,15,8,2025-09-08 14:16:18.577857,37,0.07,Pending,34.41
4130,224,43,2025-09-08 15:43:43.582358,96,0.3,Pending,67.19999999999999
4131,61,16,2025-09-08 17:11:08.586858,45,0.05,Completed,42.75
4132,122,41,2025-09-08 18:38:33.591359,86,0.11,Completed,76.54
4133,277,3,2025-09-08 20:05:58.595859,16,0.06,Cancelled,15.04
4134,46,32,2025-09-08 21:33:23.600360,88,0.07,Completed,81.83999999999999
4135,453,5,2025-09-08 23:00:48.604860,14,0.07,Completed,13.02
4136,390,20,2025-09-09 00:28:13.609360,11,0.19,Completed,8.91
4137,294,14,2025-09-09 01:55:38.613861,83,0.02,Completed,81.34
4138,62,32,2025-09-09 03:23:03.618361,87,0.17,Completed,72.21
4139,86,26,2025-09-09 04:50:28.622862,34,0.25,Completed,25.5
4140,446,47,2025-09-09 06:17:53.627362,60,0.23,Completed,46.2
4141,210,6,2025-09-09 07:45:18.631863,13,0.05,Pending,12.35
4142,78,36,2025-09-09 09:12:43.636363,39,0.27,Completed,28.47
4143,202,40,2025-09-09 10:40:08.640864,44,0.23,Completed,33.88
4144,302,5,2025-09-09 12:07:33.645364,28,0.0,Completed,28.0
4145,397,13,2025-09-09 13:34:58.649864,40,0.22,Pending,31.200000000000003
4146,223,32,2025-09-09 15:02:23.654365,16,0.22,Completed,12.48
4147,222,16,2025-09-09 16:29:48.658865,50,0.15,Completed,42.5
4148,3,1,2025-09-09 17:57:13.663366,28,0.01,Cancelled,27.72
4149,478,13,2025-09-09 19:24:38.667866,68,0.17,Cancelled,56.44
4150,6,11,2025-09-09 20:52:03.672367,92,0.23,Completed,70.84
4151,93,8,2025-09-09 22:19:28.676867,60,0.08,Completed,55.2
4152,8,25,2025-09-09 23:46:53.681368,12,0.2,Completed,9.600000000000001
4153,428,40,2025-09-10 01:14:18.685868,16,0.11,Completed,14.24
4154,493,32,2025-09-10 02:41:43.690369,53,0.17,Pending,43.989999999999995
4155,235,24,2025-09-10 04:09:08.694869,54,0.12,Completed,47.52
4156,108,28,2025-09-10 05:36:33.699369,49,0.09,Completed,44.59
4157,161,14,2025-09-10 07:03:58.703870,36,0.26,Completed,26.64
4158,209,45,2025-09-10 08:31:23.708370,62,0.23,Completed,47.74
4159,240,3,2025-09-10 09:58:48.712871,84,0.1,Completed,75.60000000000001
4160,331,36,2025-09-10 11:26:13.717371,26,0.13,Pending,22.62
4161,333,27,2025-09-10 12:53:38.721872,56,0.21,Completed,44.24
4162,50,20,2025-09-10 14:21:03.726372,90,0.24,Completed,68.4
4163,11,47,2025-09-10 15:48:28.730873,22,0.21,Completed,17.380000000000003
4164,351,15,2025-09-10 17:15:53.735373,73,0.16,Completed,61.32
4165,156,27,2025-09-10 18:43:18.739873,69,0.29,Completed,48.989999999999995
4166,492,45,2025-09-10 20:10:43.744374,81,0.23,Cancelled,62.370000000000005
4167,70,41,2025-09-10 21:38:08.748874,49,0.03,Completed,47.53
4168,169,28,2025-09-10 23:05:33.753375,98,0.17,Completed,81.33999999999999
4169,272,25,2025-09-11 00:32:58.757875,2,0.12,Completed,1.76
4170,68,42,2025-09-11 02:00:23.762376,53,0.24,Completed,40.28
4171,355,44,2025-09-11 03:27:48.766876,7,0.01,Completed,6.93
4172,252,46,2025-09-11 04:55:13.771377,100,0.12,Completed,88.0
4173,48,33,2025-09-11 06:22:38.775877,77,0.1,Completed,69.3
4174,184,46,2025-09-11 07:50:03.780378,20,0.04,Completed,19.2
4175,320,14,2025-09-11 09:17:28.784878,94,0.11,Completed,83.66
4176,187,8,2025-09-11 10:44:53.789378,30,0.2,Completed,24.0
4177,90,48,2025-09-11 12:12:18.793879,75,0.11,Completed,66.75
4178,446,14,2025-09-11 13:39:43.798379,95,0.17,Completed,78.85
4179,332,1,2025-09-11 15:07:08.802880,67,0.18,Pending,54.940000000000005
4180,139,16,2025-09-11 16:34:33.807380,59,0.18,Completed,48.38
4181,357,18,2025-09-11 18:01:58.811881,66,0.16,Cancelled,55.44
4182,89,7,2025-09-11 19:29:23.816381,3,0.04,Completed,2.88
4183,274,15,2025-09-11 20:56:48.820882,56,0.07,Completed,52.08
4184,19,24,2025-09-11 22:24:13.825382,79,0.24,Completed,60.04
4185,471,49,2025-09-11 23:51:38.829882,17,0.15,Completed,14.45
4186,311,13,2025-09-12 01:19:03.834383,52,0.21,Completed,41.08
4187,358,9,2025-09-12 02:46:28.838883,7,0.17,Completed,5.81
4188,374,15,2025-09-12 04:13:53.843384,5,0.01,Completed,4.95
4189,466,35,2025-09-12 05:41:18.847884,98,0.24,Completed,74.48
4190,154,24,2025-09-12 07:08:43.852385,97,0.02,Cancelled,95.06
4191,390,33,2025-09-12 08:36:08.856885,54,0.28,Completed,38.879999999999995
4192,260,16,2025-09-12 10:03:33.861386,61,0.06,Completed,57.339999999999996
4193,108,8,2025-09-12 11:30:58.865886,16,0.15,Pending,13.6
4194,371,29,2025-09-12 12:58:23.870387,67,0.02,Completed,65.66
4195,285,23,2025-09-12 14:25:48.874887,59,0.27,Pending,43.07
4196,59,45,2025-09-12 15:53:13.879387,47,0.29,Completed,33.37
4197,125,31,2025-09-12 17:20:38.883888,48,0.04,Completed,46.08
4198,354,40,2025-09-12 18:48:03.888388,64,0.09,Completed,58.24
4199,273,49,2025-09-12 20:15:28.892889,50,0.0,Completed,50.0
4200,107,14,2025-09-12 21:42:53.897389,85,0.24,Completed,64.6
4201,299,30,2025-09-12 23:10:18.901890,41,0.09,Completed,37.31
4202,245,39,2025-09-13 00:37:43.906390,72,0.18,Completed,59.040000000000006
4203,336,27,2025-09-13 02:05:08.910891,22,0.01,Pending,21.78
4204,450,47,2025-09-13 03:32:33.915391,54,0.21,Pending,42.660000000000004
4205,418,16,2025-09-13 04:59:58.919891,5,0.16,Completed,4.2
4206,247,6,2025-09-13 06:27:23.924392,17,0.22,Completed,13.26
4207,8,33,2025-09-13 07:54:48.928892,78,0.24,Completed,59.28
4208,141,44,2025-09-13 09:22:13.933393,41,0.03,Pending,39.769999999999996
4209,362,18,2025-09-13 10:49:38.937893,92,0.17,Cancelled,76.36
4210,8,16,2025-09-13 12:17:03.942394,95,0.19,Completed,76.95
4211,478,12,2025-09-13 13:44:28.946894,81,0.16,Completed,68.03999999999999
4212,352,20,2025-09-13 15:11:53.951395,35,0.05,Completed,33.25
4213,484,45,2025-09-13 16:39:18.955895,40,0.24,Completed,30.4
4214,495,40,2025-09-13 18:06:43.960396,22,0.3,Completed,15.399999999999999
4215,94,29,2025-09-13 19:34:08.964896,48,0.29,Completed,34.08
4216,321,30,2025-09-13 21:01:33.969396,53,0.23,Completed,40.81
4217,427,26,2025-09-13 22:28:58.973897,93,0.13,Completed,80.91
4218,39,22,2025-09-13 23:56:23.978397,10,0.1,Pending,9.0
4219,81,33,2025-09-14 01:23:48.982898,18,0.02,Completed,17.64
4220,187,39,2025-09-14 02:51:13.987398,99,0.12,Completed,87.12
4221,84,47,2025-09-14 04:18:38.991899,80,0.05,Pending,76.0
4222,88,29,2025-09-14 05:46:03.996399,49,0.08,Cancelled,45.080000000000005
4223,242,22,2025-09-14 07:13:29.000900,71,0.27,Completed,51.83
4224,342,45,2025-09-14 08:40:54.005400,30,0.29,Completed,21.299999999999997
4225,93,13,2025-09-14 10:08:19.009900,19,0.28,Completed,13.68
4226,86,9,2025-09-14 11:35:44.014401,55,0.06,Completed,51.699999999999996
4227,44,24,2025-09-14 13:03:09.018901,60,0.27,Completed,43.8
4228,137,15,2025-09-14 14:30:34.023402,87,0.04,Completed,83.52
4229,421,36,2025-09-14 15:57:59.027902,72,0.15,Completed,61.199999999999996
4230,74,13,2025-09-14 17:25:24.032403,81,0.19,Completed,65.61
4231,36,27,2025-09-14 18:52:49.036903,21,0.14,Completed,18.06
4232,101,44,2025-09-14 20:20:14.041404,26,0.29,Completed,18.46
4233,476,37,2025-09-14 21:47:39.045904,28,0.1,Completed,25.2
4234,156,7,2025-09-14 23:15:04.050405,39,0.16,Completed,32.76
4235,426,8,2025-09-15 00:42:29.054905,33,0.02,Completed,32.339999999999996
4236,255,37,2025-09-15 02:09:54.059405,40,0.26,Pending,29.6
4237,171,41,2025-09-15 03:37:19.063906,83,0.12,Completed,73.04
4238,469,14,2025-09-15 05:04:44.068406,29,0.21,Completed,22.91
4239,216,12,2025-09-15 06:32:09.072907,20,0.2,Pending,16.0
4240,170,36,2025-09-15 07:59:34.077407,20,0.2,Completed,16.0
4241,252,40,2025-09-15 09:26:59.081908,74,0.15,Completed,62.9
4242,360,17,2025-09-15 10:54:24.086408,12,0.08,Completed,11.040000000000001
4243,322,40,2025-09-15 12:21:49.090909,97,0.19,Completed,78.57000000000001
4244,55,29,2025-09-15 13:49:14.095409,25,0.29,Completed,17.75
4245,456,27,2025-09-15 15:16:39.099909,25,0.25,Completed,18.75
4246,432,1,2025-09-15 16:44:04.104410,4,0.03,Completed,3.88
4247,91,34,2025-09-15 18:11:29.108910,4,0.01,Pending,3.96
4248,278,4,2025-09-15 19:38:54.113411,9,0.15,Completed,7.6499999999999995
4249,101,24,2025-09-15 21:06:19.117911,15,0.23,Completed,11.55
4250,155,21,2025-09-15 22:33:44.122412,26,0.09,Completed,23.66
4251,377,33,2025-09-16 00:01:09.126912,79,0.21,Pending,62.410000000000004
4252,349,7,2025-09-16 01:28:34.131413,90,0.28,Completed,64.8
4253,451,1,2025-09-16 02:55:59.135913,92,0.14,Completed,79.12
4254,364,41,2025-09-16 04:23:24.140414,71,0.07,Completed,66.03
4255,141,3,2025-09-16 05:50:49.144914,32,0.28,Completed,23.04
4256,173,44,2025-09-16 07:18:14.149414,76,0.14,Completed,65.36
4257,10,15,2025-09-16 08:45:39.153915,99,0.12,Completed,87.12
4258,228,31,2025-09-16 10:13:04.158415,52,0.11,Completed,46.28
4259,265,16,2025-09-16 11:40:29.162916,32,0.13,Completed,27.84
4260,438,10,2025-09-16 13:07:54.167416,9,0.2,Completed,7.2
4261,248,29,2025-09-16 14:35:19.171917,78,0.13,Pending,67.86
4262,247,6,2025-09-16 16:02:44.176417,13,0.1,Completed,11.700000000000001
4263,155,29,2025-09-16 17:30:09.180918,56,0.22,Pending,43.68
4264,34,17,2025-09-16 18:57:34.185418,44,0.06,Completed,41.36
4265,499,22,2025-09-16 20:24:59.189918,97,0.06,Completed,91.17999999999999
4266,129,24,2025-09-16 21:52:24.194419,96,0.21,Completed,75.84
4267,160,17,2025-09-16 23:19:49.198919,83,0.26,Completed,61.42
4268,89,21,2025-09-17 00:47:14.203420,30,0.07,Completed,27.9
4269,93,50,2025-09-17 02:14:39.207920,16,0.06,Completed,15.04
4270,327,11,2025-09-17 03:42:04.212421,12,0.2,Completed,9.600000000000001
4271,241,7,2025-09-17 05:09:29.216921,74,0.19,Completed,59.940000000000005
4272,323,42,2025-09-17 06:36:54.221422,66,0.13,Completed,57.42
4273,468,39,2025-09-17 08:04:19.225922,18,0.03,Completed,17.46
4274,404,5,2025-09-17 09:31:44.230423,13,0.03,Completed,12.61
4275,117,44,2025-09-17 10:59:09.234923,93,0.23,Completed,71.61
4276,94,48,2025-09-17 12:26:34.239423,24,0.14,Completed,20.64
4277,163,21,2025-09-17 13:53:59.243924,12,0.26,Completed,8.879999999999999
4278,99,18,2025-09-17 15:21:24.248424,60,0.17,Completed,49.8
4279,113,35,2025-09-17 16:48:49.252925,60,0.19,Completed,48.6
4280,359,20,2025-09-17 18:16:14.257425,93,0.28,Completed,66.96
4281,91,15,2025-09-17 19:43:39.261926,86,0.05,Completed,81.7
4282,346,5,2025-09-17 21:11:04.266426,100,0.16,Completed,84.0
4283,206,13,2025-09-17 22:38:29.270927,1,0.02,Completed,0.98
4284,17,12,2025-09-18 00:05:54.275427,43,0.11,Completed,38.27
4285,274,21,2025-09-18 01:33:19.279927,55,0.04,Completed,52.8
4286,173,37,2025-09-18 03:00:44.284428,40,0.06,Completed,37.599999999999994
4287,116,6,2025-09-18 04:28:09.288928,64,0.28,Completed,46.08
4288,349,7,2025-09-18 05:55:34.293429,34,0.18,Completed,27.880000000000003
4289,468,26,2025-09-18 07:22:59.297929,34,0.27,Completed,24.82
4290,181,42,2025-09-18 08:50:24.302430,48,0.13,Completed,41.76
4291,91,48,2025-09-18 10:17:49.306930,33,0.18,Completed,27.060000000000002
4292,82,8,2025-09-18 11:45:14.311431,68,0.01,Completed,67.32
4293,324,9,2025-09-18 13:12:39.315931,30,0.14,Pending,25.8
4294,449,27,2025-09-18 14:40:04.320432,84,0.17,Completed,69.72
4295,114,4,2025-09-18 16:07:29.324932,90,0.01,Completed,89.1
4296,257,21,2025-09-18 17:34:54.329432,79,0.24,Pending,60.04
4297,58,31,2025-09-18 19:02:19.333933,71,0.09,Completed,64.61
4298,154,21,2025-09-18 20:29:44.338433,71,0.14,Pending,61.06
4299,365,40,2025-09-18 21:57:09.342934,29,0.16,Completed,24.36
4300,404,25,2025-09-18 23:24:34.347434,23,0.3,Completed,16.099999999999998
4301,116,39,2025-09-19 00:51:59.351935,34,0.03,Completed,32.98
4302,343,15,2025-09-19 02:19:24.356435,84,0.17,Completed,69.72
4303,266,35,2025-09-19 03:46:49.360936,15,0.16,Pending,12.6
4304,315,49,2025-09-19 05:14:14.365436,97,0.02,Pending,95.06
4305,203,43,2025-09-19 06:41:39.369936,53,0.19,Completed,42.93
4306,41,41,2025-09-19 08:09:04.374437,17,0.09,Completed,15.47
4307,105,37,2025-09-19 09:36:29.378937,64,0.03,Pending,62.08
4308,389,42,2025-09-19 11:03:54.383438,84,0.05,Completed,79.8
4309,378,47,2025-09-19 12:31:19.387938,61,0.25,Completed,45.75
4310,193,28,2025-09-19 13:58:44.392439,57,0.03,Pending,55.29
4311,401,14,2025-09-19 15:26:09.396939,77,0.14,Pending,66.22
4312,278,4,2025-09-19 16:53:34.401440,88,0.06,Completed,82.72
4313,354,20,2025-09-19 18:20:59.405940,37,0.05,Completed,35.15
4314,237,34,2025-09-19 19:48:24.410441,7,0.06,Cancelled,6.58
4315,425,12,2025-09-19 21:15:49.414941,8,0.15,Completed,6.8
4316,221,33,2025-09-19 22:43:14.419441,87,0.07,Completed,80.91
4317,68,24,2025-09-20 00:10:39.423942,78,0.03,Completed,75.66
4318,197,20,2025-09-20 01:38:04.428442,68,0.24,Pending,51.68
4319,256,5,2025-09-20 03:05:29.432943,21,0.16,Completed,17.64
4320,139,38,2025-09-20 04:32:54.437443,61,0.05,Completed,57.949999999999996
4321,312,30,2025-09-20 06:00:19.441944,74,0.14,Completed,63.64
4322,435,24,2025-09-20 07:27:44.446444,86,0.02,Completed,84.28
4323,149,43,2025-09-20 08:55:09.450945,94,0.17,Pending,78.02
4324,99,40,2025-09-20 10:22:34.455445,94,0.1,Pending,84.60000000000001
4325,76,7,2025-09-20 11:49:59.459945,80,0.03,Completed,77.6
4326,282,36,2025-09-20 13:17:24.464446,75,0.06,Completed,70.5
4327,371,38,2025-09-20 14:44:49.468946,86,0.1,Completed,77.4
4328,403,16,2025-09-20 16:12:14.473447,29,0.24,Completed,22.04
4329,109,15,2025-09-20 17:39:39.477947,25,0.05,Pending,23.75
4330,188,46,2025-09-20 19:07:04.482448,58,0.03,Completed,56.26
4331,199,23,2025-09-20 20:34:29.486948,14,0.15,Completed,11.9
4332,303,12,2025-09-20 22:01:54.491449,78,0.17,Completed,64.74
4333,327,29,2025-09-20 23:29:19.495949,66,0.03,Completed,64.02
4334,154,44,2025-09-21 00:56:44.500450,54,0.09,Completed,49.14
4335,40,48,2025-09-21 02:24:09.504950,77,0.08,Completed,70.84
4336,133,15,2025-09-21 03:51:34.509450,67,0.06,Completed,62.98
4337,405,29,2025-09-21 05:18:59.513951,30,0.09,Completed,27.3
4338,462,45,2025-09-21 06:46:24.518451,18,0.01,Completed,17.82
4339,132,43,2025-09-21 08:13:49.522952,54,0.2,Pending,43.2
4340,279,49,2025-09-21 09:41:14.527452,100,0.3,Completed,70.0
4341,362,21,2025-09-21 11:08:39.531953,21,0.19,Pending,17.01
4342,84,15,2025-09-21 12:36:04.536453,53,0.11,Completed,47.17
4343,399,14,2025-09-21 14:03:29.540954,83,0.2,Completed,66.4
4344,242,42,2025-09-21 15:30:54.545454,16,0.17,Completed,13.28
4345,116,44,2025-09-21 16:58:19.549954,28,0.25,Completed,21.0
4346,109,16,2025-09-21 18:25:44.554455,4,0.19,Completed,3.24
4347,221,15,2025-09-21 19:53:09.558955,55,0.19,Completed,44.550000000000004
4348,392,42,2025-09-21 21:20:34.563456,15,0.07,Completed,13.95
4349,41,4,2025-09-21 22:47:59.567956,64,0.12,Pending,56.32
4350,368,27,2025-09-22 00:15:24.572457,65,0.1,Completed,58.5
4351,147,23,2025-09-22 01:42:49.576957,16,0.0,Completed,16.0
4352,112,29,2025-09-22 03:10:14.581458,20,0.09,Completed,18.2
4353,103,41,2025-09-22 04:37:39.585958,64,0.15,Completed,54.4
4354,46,9,2025-09-22 06:05:04.590459,33,0.18,Completed,27.060000000000002
4355,412,43,2025-09-22 07:32:29.594959,81,0.28,Pending,58.32
4356,494,43,2025-09-22 08:59:54.599459,69,0.07,Completed,64.17
4357,475,7,2025-09-22 10:27:19.603960,69,0.05,Pending,65.55
4358,324,42,2025-09-22 11:54:44.608460,58,0.26,Completed,42.92
4359,378,4,2025-09-22 13:22:09.612961,39,0.28,Completed,28.08
4360,271,5,2025-09-22 14:49:34.617461,77,0.15,Completed,65.45
4361,483,5,2025-09-22 16:16:59.621962,36,0.03,Completed,34.92
4362,421,11,2025-09-22 17:44:24.626462,94,0.15,Pending,79.89999999999999
4363,385,41,2025-09-22 19:11:49.630963,68,0.03,Pending,65.96
4364,195,28,2025-09-22 20:39:14.635463,87,0.26,Completed,64.38
4365,367,16,2025-09-22 22:06:39.639963,21,0.21,Cancelled,16.59
4366,280,41,2025-09-22 23:34:04.644464,63,0.07,Completed,58.589999999999996
4367,283,30,2025-09-23 01:01:29.648964,85,0.27,Completed,62.05
4368,40,4,2025-09-23 02:28:54.653465,6,0.19,Pending,4.86
4369,447,2,2025-09-23 03:56:19.657965,24,0.29,Completed,17.04
4370,189,46,2025-09-23 05:23:44.662466,53,0.29,Completed,37.629999999999995
4371,164,3,2025-09-23 06:51:09.666966,95,0.0,Completed,95.0
4372,482,50,2025-09-23 08:18:34.671467,83,0.04,Completed,79.67999999999999
4373,477,21,2025-09-23 09:45:59.675967,76,0.16,Completed,63.839999999999996
4374,24,6,2025-09-23 11:13:24.680468,78,0.29,Completed,55.379999999999995
4375,24,43,2025-09-23 12:40:49.684968,50,0.3,Completed,35.0
4376,490,18,2025-09-23 14:08:14.689468,12,0.17,Completed,9.959999999999999
4377,4,44,2025-09-23 15:35:39.693969,56,0.05,Completed,53.199999999999996
4378,323,5,2025-09-23 17:03:04.698469,15,0.05,Pending,14.25
4379,290,9,2025-09-23 18:30:29.702970,83,0.23,Completed,63.910000000000004
4380,441,20,2025-09-23 19:57:54.707470,92,0.18,Completed,75.44000000000001
4381,433,28,2025-09-23 21:25:19.711971,40,0.16,Completed,33.6
4382,471,26,2025-09-23 22:52:44.716471,41,0.14,Completed,35.26
4383,181,18,2025-09-24 00:20:09.720972,69,0.22,Completed,53.82
4384,248,19,2025-09-24 01:47:34.725472,69,0.26,Completed,51.06
4385,116,3,2025-09-24 03:14:59.729972,6,0.09,Completed,5.46
4386,279,9,2025-09-24 04:42:24.734473,87,0.07,Completed,80.91
4387,365,36,2025-09-24 06:09:49.738973,67,0.2,Completed,53.6
4388,69,31,2025-09-24 07:37:14.743474,33,0.27,Completed,24.09
4389,351,49,2025-09-24 09:04:39.747974,43,0.1,Completed,38.7
4390,254,17,2025-09-24 10:32:04.752475,21,0.08,Completed,19.32
4391,181,23,2025-09-24 11:59:29.756975,84,0.07,Completed,78.11999999999999
4392,318,34,2025-09-24 13:26:54.761476,65,0.08,Completed,59.800000000000004
4393,169,41,2025-09-24 14:54:19.765976,17,0.04,Completed,16.32
4394,313,41,2025-09-24 16:21:44.770477,93,0.18,Completed,76.26
4395,249,5,2025-09-24 17:49:09.774977,8,0.08,Completed,7.36
4396,188,15,2025-09-24 19:16:34.779477,64,0.18,Completed,52.480000000000004
4397,54,47,2025-09-24 20:43:59.783978,90,0.02,Completed,88.2
4398,326,3,2025-09-24 22:11:24.788478,28,0.03,Completed,27.16
4399,357,19,2025-09-24 23:38:49.792979,98,0.16,Completed,82.32
4400,313,28,2025-09-25 01:06:14.797479,90,0.15,Completed,76.5
4401,138,3,2025-09-25 02:33:39.801980,13,0.08,Completed,11.96
4402,168,38,2025-09-25 04:01:04.806480,13,0.25,Completed,9.75
4403,391,4,2025-09-25 05:28:29.810981,38,0.06,Completed,35.72
4404,103,24,2025-09-25 06:55:54.815481,25,0.11,Completed,22.25
4405,422,31,2025-09-25 08:23:19.819981,62,0.17,Completed,51.46
4406,85,45,2025-09-25 09:50:44.824482,23,0.26,Completed,17.02
4407,317,45,2025-09-25 11:18:09.828982,86,0.13,Pending,74.82
4408,212,11,2025-09-25 12:45:34.833483,21,0.12,Pending,18.48
4409,3,37,2025-09-25 14:12:59.837983,54,0.17,Pending,44.82
4410,384,1,2025-09-25 15:40:24.842484,63,0.1,Completed,56.7
4411,179,9,2025-09-25 17:07:49.846984,30,0.21,Completed,23.700000000000003
4412,342,17,2025-09-25 18:35:14.851485,75,0.07,Pending,69.75
4413,303,1,2025-09-25 20:02:39.855985,68,0.25,Completed,51.0
4414,452,3,2025-09-25 21:30:04.860486,97,0.08,Completed,89.24000000000001
4415,476,47,2025-09-25 22:57:29.864986,76,0.3,Completed,53.199999999999996
4416,332,26,2025-09-26 00:24:54.869486,73,0.09,Pending,66.43
4417,38,31,2025-09-26 01:52:19.873987,32,0.26,Cancelled,23.68
4418,499,26,2025-09-26 03:19:44.878487,75,0.12,Completed,66.0
4419,420,23,2025-09-26 04:47:09.882988,24,0.07,Cancelled,22.32
4420,239,30,2025-09-26 06:14:34.887488,7,0.07,Completed,6.51
4421,169,10,2025-09-26 07:41:59.891989,72,0.26,Completed,53.28
4422,453,8,2025-09-26 09:09:24.896489,97,0.09,Cancelled,88.27
4423,397,44,2025-09-26 10:36:49.900990,89,0.1,Pending,80.10000000000001
4424,343,25,2025-09-26 12:04:14.905490,1,0.06,Completed,0.94
4425,314,22,2025-09-26 13:31:39.909990,3,0.29,Pending,2.13
4426,306,15,2025-09-26 14:59:04.914491,28,0.07,Completed,26.04
4427,30,41,2025-09-26 16:26:29.918991,43,0.07,Completed,39.989999999999995
4428,190,10,2025-09-26 17:53:54.923492,97,0.28,Pending,69.84
4429,357,20,2025-09-26 19:21:19.927992,46,0.27,Cancelled,33.58
4430,25,41,2025-09-26 20:48:44.932493,1,0.07,Completed,0.9299999999999999
4431,112,47,2025-09-26 22:16:09.936993,38,0.26,Completed,28.12
4432,411,23,2025-09-26 23:43:34.941494,91,0.07,Completed,84.63
4433,435,1,2025-09-27 01:10:59.945994,35,0.03,Pending,33.949999999999996
4434,206,2,2025-09-27 02:38:24.950495,74,0.25,Completed,55.5
4435,185,19,2025-09-27 04:05:49.954995,76,0.23,Cancelled,58.52
4436,382,14,2025-09-27 05:33:14.959495,74,0.09,Completed,67.34
4437,496,8,2025-09-27 07:00:39.963996,54,0.03,Completed,52.379999999999995
4438,379,38,2025-09-27 08:28:04.968496,98,0.06,Pending,92.11999999999999
4439,47,12,2025-09-27 09:55:29.972997,24,0.23,Completed,18.48
4440,374,26,2025-09-27 11:22:54.977497,28,0.29,Completed,19.88
4441,228,27,2025-09-27 12:50:19.981998,22,0.08,Completed,20.240000000000002
4442,39,29,2025-09-27 14:17:44.986498,16,0.25,Completed,12.0
4443,16,15,2025-09-27 15:45:09.990999,13,0.07,Completed,12.09
4444,22,46,2025-09-27 17:12:34.995499,100,0.2,Pending,80.0
4445,213,1,2025-09-27 18:40:00.000000,100,0.03,Completed,97.0
4446,310,43,2025-09-27 20:07:25.004500,62,0.18,Completed,50.84
4447,149,28,2025-09-27 21:34:50.009000,43,0.08,Pending,39.56
4448,456,3,2025-09-27 23:02:15.013501,87,0.28,Completed,62.64
4449,241,18,2025-09-28 00:29:40.018001,78,0.09,Completed,70.98
4450,272,34,2025-09-28 01:57:05.022502,32,0.12,Completed,28.16
4451,59,32,2025-09-28 03:24:30.027002,67,0.25,Completed,50.25
4452,287,29,2025-09-28 04:51:55.031503,91,0.13,Completed,79.17
4453,426,25,2025-09-28 06:19:20.036003,83,0.07,Completed,77.19
4454,202,26,2025-09-28 07:46:45.040504,86,0.16,Completed,72.24
4455,32,39,2025-09-28 09:14:10.045004,57,0.25,Completed,42.75
4456,443,8,2025-09-28 10:41:35.049504,65,0.13,Completed,56.55
4457,162,19,2025-09-28 12:09:00.054005,69,0.04,Completed,66.24
4458,255,47,2025-09-28 13:36:25.058505,49,0.11,Pending,43.61
4459,254,42,2025-09-28 15:03:50.063006,33,0.29,Completed,23.43
4460,9,22,2025-09-28 16:31:15.067506,19,0.02,Completed,18.62
4461,465,29,2025-09-28 17:58:40.072007,36,0.12,Completed,31.68
4462,139,33,2025-09-28 19:26:05.076507,70,0.19,Completed,56.7
4463,480,38,2025-09-28 20:53:30.081008,15,0.02,Completed,14.7
4464,10,45,2025-09-28 22:20:55.085508,100,0.1,Completed,90.0
4465,214,46,2025-09-28 23:48:20.090009,97,0.28,Cancelled,69.84
4466,273,35,2025-09-29 01:15:45.094509,24,0.01,Completed,23.759999999999998
4467,324,43,2025-09-29 02:43:10.099009,27,0.23,Completed,20.79
4468,48,3,2025-09-29 04:10:35.103510,49,0.25,Completed,36.75
4469,436,19,2025-09-29 05:38:00.108010,75,0.08,Pending,69.0
4470,111,10,2025-09-29 07:05:25.112511,23,0.06,Completed,21.619999999999997
4471,153,27,2025-09-29 08:32:50.117011,33,0.27,Completed,24.09
4472,123,15,2025-09-29 10:00:15.121512,41,0.23,Completed,31.57
4473,405,11,2025-09-29 11:27:40.126012,56,0.03,Completed,54.32
4474,357,47,2025-09-29 12:55:05.130513,29,0.06,Completed,27.259999999999998
4475,102,26,2025-09-29 14:22:30.135013,31,0.19,Completed,25.110000000000003
4476,241,24,2025-09-29 15:49:55.139513,65,0.13,Completed,56.55
4477,321,13,2025-09-29 17:17:20.144014,98,0.15,Completed,83.3
4478,191,32,2025-09-29 18:44:45.148514,18,0.29,Completed,12.78
4479,217,37,2025-09-29 20:12:10.153015,82,0.13,Pending,71.34
4480,51,4,2025-09-29 21:39:35.157515,6,0.26,Completed,4.4399999999999995
4481,292,13,2025-09-29 23:07:00.162016,52,0.2,Completed,41.6
4482,81,9,2025-09-30 00:34:25.166516,40,0.04,Pending,38.4
4483,489,49,2025-09-30 02:01:50.171017,65,0.22,Completed,50.7
4484,383,34,2025-09-30 03:29:15.175517,42,0.16,Completed,35.28
4485,88,37,2025-09-30 04:56:40.180018,94,0.07,Completed,87.41999999999999
4486,194,48,2025-09-30 06:24:05.184518,68,0.09,Completed,61.88
4487,104,7,2025-09-30 07:51:30.189018,32,0.17,Completed,26.56
4488,271,1,2025-09-30 09:18:55.193519,10,0.18,Pending,8.200000000000001
4489,96,12,2025-09-30 10:46:20.198019,69,0.29,Completed,48.989999999999995
4490,423,21,2025-09-30 12:13:45.202520,9,0.26,Pending,6.66
4491,379,11,2025-09-30 13:41:10.207020,69,0.06,Pending,64.86
4492,198,44,2025-09-30 15:08:35.211521,61,0.23,Completed,46.97
4493,1,44,2025-09-30 16:36:00.216021,11,0.0,Completed,11.0
4494,495,44,2025-09-30 18:03:25.220522,99,0.04,Cancelled,95.03999999999999
4495,407,14,2025-09-30 19:30:50.225022,91,0.06,Completed,85.53999999999999
4496,378,34,2025-09-30 20:58:15.229522,68,0.18,Completed,55.760000000000005
4497,167,34,2025-09-30 22:25:40.234023,74,0.06,Completed,69.56
4498,126,25,2025-09-30 23:53:05.238523,97,0.11,Completed,86.33
4499,313,4,2025-10-01 01:20:30.243024,8,0.07,Completed,7.4399999999999995
4500,81,26,2025-10-01 02:47:55.247524,49,0.1,Completed,44.1
4501,418,16,2025-10-01 04:15:20.252025,24,0.28,Completed,17.28
4502,251,10,2025-10-01 05:42:45.256525,33,0.3,Completed,23.099999999999998
4503,169,45,2025-10-01 07:10:10.261026,19,0.21,Cancelled,15.010000000000002
4504,477,2,2025-10-01 08:37:35.265526,2,0.17,Completed,1.66
4505,73,35,2025-10-01 10:05:00.270027,55,0.21,Completed,43.45
4506,141,19,2025-10-01 11:32:25.274527,11,0.23,Completed,8.47
4507,70,6,2025-10-01 12:59:50.279027,99,0.22,Cancelled,77.22
4508,262,19,2025-10-01 14:27:15.283528,17,0.02,Completed,16.66
4509,340,8,2025-10-01 15:54:40.288028,42,0.09,Completed,38.22
4510,308,14,2025-10-01 17:22:05.292529,61,0.1,Completed,54.9
4511,245,10,2025-10-01 18:49:30.297029,3,0.11,Completed,2.67
4512,3,3,2025-10-01 20:16:55.301530,86,0.1,Completed,77.4
4513,337,38,2025-10-01 21:44:20.306030,35,0.24,Completed,26.6
4514,63,29,2025-10-01 23:11:45.310531,85,0.22,Completed,66.3
4515,49,15,2025-10-02 00:39:10.315031,89,0.0,Completed,89.0
4516,76,23,2025-10-02 02:06:35.319531,66,0.09,Completed,60.06
4517,368,23,2025-10-02 03:34:00.324032,1,0.19,Completed,0.81
4518,175,18,2025-10-02 05:01:25.328532,7,0.04,Completed,6.72
4519,109,46,2025-10-02 06:28:50.333033,20,0.02,Completed,19.6
4520,183,19,2025-10-02 07:56:15.337533,43,0.25,Completed,32.25
4521,192,28,2025-10-02 09:23:40.342034,6,0.14,Completed,5.16
4522,65,26,2025-10-02 10:51:05.346534,55,0.26,Completed,40.7
4523,337,10,2025-10-02 12:18:30.351035,100,0.25,Cancelled,75.0
4524,451,47,2025-10-02 13:45:55.355535,21,0.27,Completed,15.33
4525,474,4,2025-10-02 15:13:20.360036,51,0.01,Completed,50.49
4526,271,2,2025-10-02 16:40:45.364536,46,0.06,Completed,43.239999999999995
4527,100,3,2025-10-02 18:08:10.369036,35,0.09,Pending,31.85
4528,32,7,2025-10-02 19:35:35.373537,100,0.04,Completed,96.0
4529,352,16,2025-10-02 21:03:00.378037,8,0.15,Completed,6.8
4530,128,31,2025-10-02 22:30:25.382538,68,0.24,Completed,51.68
4531,452,10,2025-10-02 23:57:50.387038,16,0.29,Completed,11.36
4532,402,19,2025-10-03 01:25:15.391539,67,0.27,Completed,48.91
4533,369,28,2025-10-03 02:52:40.396039,71,0.14,Completed,61.06
4534,339,17,2025-10-03 04:20:05.400540,64,0.19,Completed,51.84
4535,43,28,2025-10-03 05:47:30.405040,2,0.07,Completed,1.8599999999999999
4536,372,19,2025-10-03 07:14:55.409540,1,0.12,Completed,0.88
4537,419,37,2025-10-03 08:42:20.414041,58,0.26,Pending,42.92
4538,488,23,2025-10-03 10:09:45.418541,1,0.01,Cancelled,0.99
4539,78,20,2025-10-03 11:37:10.423042,7,0.16,Completed,5.88
4540,314,13,2025-10-03 13:04:35.427542,88,0.26,Pending,65.12
4541,289,13,2025-10-03 14:32:00.432043,69,0.04,Completed,66.24
4542,270,43,2025-10-03 15:59:25.436543,85,0.29,Pending,60.349999999999994
4543,162,11,2025-10-03 17:26:50.441044,92,0.0,Completed,92.0
4544,189,48,2025-10-03 18:54:15.445544,18,0.27,Completed,13.14
4545,247,15,2025-10-03 20:21:40.450045,88,0.11,Pending,78.32000000000001
4546,388,17,2025-10-03 21:49:05.454545,32,0.04,Pending,30.72
4547,216,50,2025-10-03 23:16:30.459045,45,0.05,Completed,42.75
4548,315,28,2025-10-04 00:43:55.463546,33,0.21,Completed,26.07
4549,413,19,2025-10-04 02:11:20.468046,74,0.26,Pending,54.76
4550,339,4,2025-10-04 03:38:45.472547,73,0.19,Completed,59.13
4551,390,22,2025-10-04 05:06:10.477047,49,0.28,Cancelled,35.28
4552,377,22,2025-10-04 06:33:35.481548,33,0.25,Completed,24.75
4553,481,37,2025-10-04 08:01:00.486048,97,0.0,Pending,97.0
4554,433,39,2025-10-04 09:28:25.490549,71,0.2,Completed,56.800000000000004
4555,168,34,2025-10-04 10:55:50.495049,68,0.09,Completed,61.88
4556,339,33,2025-10-04 12:23:15.499549,28,0.14,Completed,24.08
4557,193,44,2025-10-04 13:50:40.504050,87,0.03,Pending,84.39
4558,453,42,2025-10-04 15:18:05.508550,53,0.08,Completed,48.760000000000005
4559,283,40,2025-10-04 16:45:30.513051,96,0.19,Completed,77.76
4560,336,33,2025-10-04 18:12:55.517551,44,0.07,Completed,40.919999999999995
4561,390,12,2025-10-04 19:40:20.522052,80,0.19,Completed,64.80000000000001
4562,488,2,2025-10-04 21:07:45.526552,55,0.28,Pending,39.6
4563,13,28,2025-10-04 22:35:10.531053,10,0.0,Completed,10.0
4564,240,10,2025-10-05 00:02:35.535553,14,0.24,Completed,10.64
4565,320,22,2025-10-05 01:30:00.540054,36,0.19,Completed,29.160000000000004
4566,446,17,2025-10-05 02:57:25.544554,34,0.01,Completed,33.66
4567,483,26,2025-10-05 04:24:50.549054,88,0.24,Cancelled,66.88
4568,147,3,2025-10-05 05:52:15.553555,18,0.07,Completed,16.74
4569,204,7,2025-10-05 07:19:40.558055,16,0.08,Pending,14.72
4570,80,44,2025-10-05 08:47:05.562556,37,0.03,Cancelled,35.89
4571,379,8,2025-10-05 10:14:30.567056,41,0.16,Completed,34.44
4572,43,20,2025-10-05 11:41:55.571557,25,0.15,Pending,21.25
4573,458,12,2025-10-05 13:09:20.576057,8,0.1,Completed,7.2
4574,89,35,2025-10-05 14:36:45.580558,88,0.05,Completed,83.6
4575,148,17,2025-10-05 16:04:10.585058,84,0.25,Completed,63.0
4576,95,28,2025-10-05 17:31:35.589558,94,0.26,Cancelled,69.56
4577,452,41,2025-10-05 18:59:00.594059,84,0.16,Completed,70.56
4578,428,10,2025-10-05 20:26:25.598559,18,0.07,Pending,16.74
4579,151,22,2025-10-05 21:53:50.603060,68,0.03,Completed,65.96
4580,2,38,2025-10-05 23:21:15.607560,48,0.26,Completed,35.519999999999996
4581,376,33,2025-10-06 00:48:40.612061,100,0.03,Completed,97.0
4582,22,22,2025-10-06 02:16:05.616561,70,0.0,Completed,70.0
4583,371,44,2025-10-06 03:43:30.621062,67,0.14,Completed,57.62
4584,313,37,2025-10-06 05:10:55.625562,18,0.22,Pending,14.040000000000001
4585,485,13,2025-10-06 06:38:20.630063,18,0.14,Completed,15.48
4586,328,27,2025-10-06 08:05:45.634563,56,0.02,Cancelled,54.879999999999995
4587,7,15,2025-10-06 09:33:10.639063,23,0.21,Pending,18.17
4588,206,22,2025-10-06 11:00:35.643564,35,0.19,Completed,28.35
4589,440,30,2025-10-06 12:28:00.648064,6,0.2,Completed,4.800000000000001
4590,375,43,2025-10-06 13:55:25.652565,26,0.06,Pending,24.439999999999998
4591,451,40,2025-10-06 15:22:50.657065,85,0.24,Completed,64.6
4592,114,37,2025-10-06 16:50:15.661566,61,0.14,Completed,52.46
4593,272,34,2025-10-06 18:17:40.666066,88,0.16,Completed,73.92
4594,83,44,2025-10-06 19:45:05.670567,15,0.16,Cancelled,12.6
4595,179,34,2025-10-06 21:12:30.675067,91,0.09,Completed,82.81
4596,210,48,2025-10-06 22:39:55.679567,32,0.08,Completed,29.44
4597,500,35,2025-10-07 00:07:20.684068,12,0.0,Completed,12.0
4598,464,42,2025-10-07 01:34:45.688568,5,0.12,Completed,4.4
4599,328,19,2025-10-07 03:02:10.693069,64,0.15,Completed,54.4
4600,124,8,2025-10-07 04:29:35.697569,71,0.22,Pending,55.38
4601,481,39,2025-10-07 05:57:00.702070,86,0.02,Completed,84.28
4602,113,33,2025-10-07 07:24:25.706570,27,0.28,Completed,19.439999999999998
4603,12,44,2025-10-07 08:51:50.711071,79,0.08,Completed,72.68
4604,126,28,2025-10-07 10:19:15.715571,45,0.11,Completed,40.05
4605,53,37,2025-10-07 11:46:40.720072,35,0.01,Completed,34.65
4606,331,48,2025-10-07 13:14:05.724572,26,0.2,Pending,20.8
4607,389,25,2025-10-07 14:41:30.729072,23,0.21,Completed,18.17
4608,283,36,2025-10-07 16:08:55.733573,13,0.28,Completed,9.36
4609,140,17,2025-10-07 17:36:20.738073,90,0.1,Completed,81.0
4610,401,24,2025-10-07 19:03:45.742574,3,0.08,Pending,2.7600000000000002
4611,390,21,2025-10-07 20:31:10.747074,29,0.22,Completed,22.62
4612,97,2,2025-10-07 21:58:35.751575,66,0.21,Completed,52.14
4613,5,31,2025-10-07 23:26:00.756075,64,0.28,Completed,46.08
4614,57,44,2025-10-08 00:53:25.760576,28,0.06,Completed,26.32
4615,412,33,2025-10-08 02:20:50.765076,87,0.21,Completed,68.73
4616,334,30,2025-10-08 03:48:15.769576,36,0.02,Completed,35.28
4617,69,12,2025-10-08 05:15:40.774077,6,0.14,Completed,5.16
4618,118,44,2025-10-08 06:43:05.778577,11,0.04,Completed,10.559999999999999
4619,376,12,2025-10-08 08:10:30.783078,38,0.2,Pending,30.400000000000002
4620,59,49,2025-10-08 09:37:55.787578,34,0.18,Completed,27.880000000000003
4621,33,24,2025-10-08 11:05:20.792079,81,0.01,Completed,80.19
4622,318,24,2025-10-08 12:32:45.796579,67,0.1,Completed,60.300000000000004
4623,50,11,2025-10-08 14:00:10.801080,46,0.12,Pending,40.48
4624,368,13,2025-10-08 15:27:35.805580,98,0.07,Completed,91.14
4625,489,27,2025-10-08 16:55:00.810081,86,0.01,Completed,85.14
4626,19,8,2025-10-08 18:22:25.814581,29,0.1,Completed,26.1
4627,214,10,2025-10-08 19:49:50.819081,60,0.24,Pending,45.6
4628,197,8,2025-10-08 21:17:15.823582,54,0.11,Completed,48.06
4629,379,20,2025-10-08 22:44:40.828082,93,0.1,Completed,83.7
4630,450,8,2025-10-09 00:12:05.832583,69,0.28,Pending,49.68
4631,478,9,2025-10-09 01:39:30.837083,74,0.01,Completed,73.26
4632,47,7,2025-10-09 03:06:55.841584,74,0.23,Pending,56.980000000000004
4633,167,14,2025-10-09 04:34:20.846084,9,0.14,Completed,7.74
4634,452,28,2025-10-09 06:01:45.850585,85,0.28,Completed,61.199999999999996
4635,289,2,2025-10-09 07:29:10.855085,77,0.12,Pending,67.76
4636,141,43,2025-10-09 08:56:35.859585,10,0.21,Pending,7.9
4637,84,8,2025-10-09 10:24:00.864086,75,0.02,Pending,73.5
4638,182,13,2025-10-09 11:51:25.868586,68,0.28,Completed,48.96
4639,391,21,2025-10-09 13:18:50.873087,58,0.1,Cancelled,52.2
4640,79,47,2025-10-09 14:46:15.877587,95,0.16,Completed,79.8
4641,215,28,2025-10-09 16:13:40.882088,52,0.04,Completed,49.92
4642,14,35,2025-10-09 17:41:05.886588,34,0.28,Completed,24.48
4643,215,23,2025-10-09 19:08:30.891089,35,0.2,Cancelled,28.0
4644,403,46,2025-10-09 20:35:55.895589,33,0.02,Completed,32.339999999999996
4645,128,15,2025-10-09 22:03:20.900090,72,0.05,Completed,68.39999999999999
4646,310,2,2025-10-09 23:30:45.904590,32,0.12,Completed,28.16
4647,477,12,2025-10-10 00:58:10.909090,55,0.07,Completed,51.15
4648,248,36,2025-10-10 02:25:35.913591,97,0.09,Completed,88.27
4649,404,3,2025-10-10 03:53:00.918091,8,0.3,Completed,5.6
4650,29,5,2025-10-10 05:20:25.922592,46,0.2,Completed,36.800000000000004
4651,280,3,2025-10-10 06:47:50.927092,14,0.28,Completed,10.08
4652,338,47,2025-10-10 08:15:15.931593,98,0.13,Completed,85.26
4653,319,19,2025-10-10 09:42:40.936093,8,0.21,Completed,6.32
4654,202,2,2025-10-10 11:10:05.940594,71,0.14,Completed,61.06
4655,361,44,2025-10-10 12:37:30.945094,77,0.1,Completed,69.3
4656,57,37,2025-10-10 14:04:55.949594,54,0.16,Completed,45.36
4657,392,17,2025-10-10 15:32:20.954095,21,0.13,Completed,18.27
4658,218,14,2025-10-10 16:59:45.958595,96,0.29,Completed,68.16
4659,62,28,2025-10-10 18:27:10.963096,75,0.15,Completed,63.75
4660,157,27,2025-10-10 19:54:35.967596,14,0.24,Completed,10.64
4661,202,10,2025-10-10 21:22:00.972097,75,0.2,Completed,60.0
4662,17,3,2025-10-10 22:49:25.976597,2,0.14,Completed,1.72
4663,322,36,2025-10-11 00:16:50.981098,98,0.14,Pending,84.28
4664,6,38,2025-10-11 01:44:15.985598,61,0.1,Pending,54.9
4665,58,25,2025-10-11 03:11:40.990099,17,0.03,Completed,16.49
4666,325,22,2025-10-11 04:39:05.994599,78,0.23,Completed,60.06
4667,412,48,2025-10-11 06:06:30.999099,89,0.28,Completed,64.08
4668,318,39,2025-10-11 07:33:56.003600,48,0.07,Completed,44.64
4669,169,47,2025-10-11 09:01:21.008100,91,0.28,Completed,65.52
4670,453,30,2025-10-11 10:28:46.012601,8,0.07,Completed,7.4399999999999995
4671,82,21,2025-10-11 11:56:11.017101,56,0.16,Completed,47.04
4672,474,30,2025-10-11 13:23:36.021602,17,0.1,Completed,15.3
4673,468,28,2025-10-11 14:51:01.026102,69,0.03,Completed,66.92999999999999
4674,425,31,2025-10-11 16:18:26.030603,12,0.02,Completed,11.76
4675,433,26,2025-10-11 17:45:51.035103,38,0.11,Completed,33.82
4676,219,43,2025-10-11 19:13:16.039603,18,0.01,Completed,17.82
4677,177,22,2025-10-11 20:40:41.044104,26,0.03,Cancelled,25.22
4678,204,21,2025-10-11 22:08:06.048604,95,0.04,Completed,91.2
4679,71,1,2025-10-11 23:35:31.053105,37,0.0,Completed,37.0
4680,387,37,2025-10-12 01:02:56.057605,70,0.05,Cancelled,66.5
4681,266,13,2025-10-12 02:30:21.062106,41,0.17,Completed,34.03
4682,98,21,2025-10-12 03:57:46.066606,79,0.25,Pending,59.25
4683,345,46,2025-10-12 05:25:11.071107,42,0.06,Pending,39.48
4684,291,9,2025-10-12 06:52:36.075607,90,0.02,Completed,88.2
4685,208,17,2025-10-12 08:20:01.080108,76,0.22,Completed,59.28
4686,2,47,2025-10-12 09:47:26.084608,41,0.0,Completed,41.0
4687,124,21,2025-10-12 11:14:51.089108,47,0.22,Completed,36.660000000000004
4688,280,31,2025-10-12 12:42:16.093609,14,0.04,Cancelled,13.44
4689,74,39,2025-10-12 14:09:41.098109,1,0.07,Completed,0.9299999999999999
4690,166,22,2025-10-12 15:37:06.102610,17,0.04,Pending,16.32
4691,22,12,2025-10-12 17:04:31.107110,97,0.07,Completed,90.21
4692,154,6,2025-10-12 18:31:56.111611,55,0.24,Cancelled,41.8
4693,427,16,2025-10-12 19:59:21.116111,93,0.04,Completed,89.28
4694,439,26,2025-10-12 21:26:46.120612,53,0.3,Completed,37.099999999999994
4695,295,5,2025-10-12 22:54:11.125112,31,0.1,Completed,27.900000000000002
4696,219,9,2025-10-13 00:21:36.129612,62,0.28,Completed,44.64
4697,157,46,2025-10-13 01:49:01.134113,8,0.06,Completed,7.52
4698,495,40,2025-10-13 03:16:26.138613,30,0.06,Completed,28.2
4699,230,14,2025-10-13 04:43:51.143114,77,0.17,Completed,63.91
4700,20,44,2025-10-13 06:11:16.147614,80,0.02,Completed,78.4
4701,475,42,2025-10-13 07:38:41.152115,66,0.24,Completed,50.160000000000004
4702,41,30,2025-10-13 09:06:06.156615,45,0.13,Completed,39.15
4703,438,26,2025-10-13 10:33:31.161116,18,0.21,Completed,14.22
4704,148,45,2025-10-13 12:00:56.165616,99,0.05,Completed,94.05
4705,108,29,2025-10-13 13:28:21.170117,45,0.19,Pending,36.45
4706,403,19,2025-10-13 14:55:46.174617,19,0.18,Pending,15.580000000000002
4707,84,47,2025-10-13 16:23:11.179117,77,0.23,Completed,59.29
4708,483,8,2025-10-13 17:50:36.183618,68,0.09,Completed,61.88
4709,367,23,2025-10-13 19:18:01.188118,83,0.28,Completed,59.76
4710,322,42,2025-10-13 20:45:26.192619,50,0.29,Completed,35.5
4711,414,35,2025-10-13 22:12:51.197119,25,0.26,Completed,18.5
4712,309,31,2025-10-13 23:40:16.201620,38,0.17,Completed,31.54
4713,290,35,2025-10-14 01:07:41.206120,95,0.13,Completed,82.65
4714,406,32,2025-10-14 02:35:06.210621,36,0.02,Completed,35.28
4715,323,5,2025-10-14 04:02:31.215121,68,0.28,Completed,48.96
4716,134,16,2025-10-14 05:29:56.219621,56,0.29,Completed,39.76
4717,207,17,2025-10-14 06:57:21.224122,39,0.01,Completed,38.61
4718,283,32,2025-10-14 08:24:46.228622,63,0.11,Completed,56.07
4719,266,38,2025-10-14 09:52:11.233123,7,0.26,Completed,5.18
4720,73,32,2025-10-14 11:19:36.237623,58,0.02,Completed,56.839999999999996
4721,481,20,2025-10-14 12:47:01.242124,80,0.06,Completed,75.19999999999999
4722,352,48,2025-10-14 14:14:26.246624,59,0.29,Completed,41.89
4723,48,2,2025-10-14 15:41:51.251125,48,0.25,Completed,36.0
4724,326,20,2025-10-14 17:09:16.255625,5,0.27,Completed,3.65
4725,233,47,2025-10-14 18:36:41.260126,87,0.04,Completed,83.52
4726,443,18,2025-10-14 20:04:06.264626,36,0.06,Completed,33.839999999999996
4727,100,1,2025-10-14 21:31:31.269126,96,0.18,Completed,78.72
4728,59,29,2025-10-14 22:58:56.273627,88,0.15,Completed,74.8
4729,258,29,2025-10-15 00:26:21.278127,25,0.09,Completed,22.75
4730,413,19,2025-10-15 01:53:46.282628,45,0.27,Completed,32.85
4731,452,44,2025-10-15 03:21:11.287128,92,0.27,Completed,67.16
4732,65,40,2025-10-15 04:48:36.291629,19,0.09,Cancelled,17.29
4733,83,6,2025-10-15 06:16:01.296129,7,0.05,Completed,6.6499999999999995
4734,154,44,2025-10-15 07:43:26.300630,58,0.04,Completed,55.68
4735,473,39,2025-10-15 09:10:51.305130,81,0.15,Completed,68.85
4736,266,50,2025-10-15 10:38:16.309630,66,0.04,Pending,63.36
4737,309,46,2025-10-15 12:05:41.314131,80,0.14,Pending,68.8
4738,79,8,2025-10-15 13:33:06.318631,39,0.14,Pending,33.54
4739,315,24,2025-10-15 15:00:31.323132,18,0.27,Completed,13.14
4740,150,20,2025-10-15 16:27:56.327632,1,0.09,Pending,0.91
4741,435,14,2025-10-15 17:55:21.332133,63,0.17,Completed,52.29
4742,48,5,2025-10-15 19:22:46.336633,3,0.22,Completed,2.34
4743,405,41,2025-10-15 20:50:11.341134,21,0.18,Pending,17.220000000000002
4744,379,40,2025-10-15 22:17:36.345634,30,0.29,Completed,21.299999999999997
4745,248,34,2025-10-15 23:45:01.350135,11,0.18,Completed,9.020000000000001
4746,278,16,2025-10-16 01:12:26.354635,22,0.27,Completed,16.06
4747,356,45,2025-10-16 02:39:51.359135,57,0.07,Completed,53.01
4748,98,7,2025-10-16 04:07:16.363636,89,0.17,Completed,73.86999999999999
4749,414,16,2025-10-16 05:34:41.368136,3,0.16,Completed,2.52
4750,25,7,2025-10-16 07:02:06.372637,30,0.3,Completed,21.0
4751,493,27,2025-10-16 08:29:31.377137,88,0.06,Completed,82.72
4752,284,14,2025-10-16 09:56:56.381638,45,0.04,Completed,43.199999999999996
4753,449,14,2025-10-16 11:24:21.386138,36,0.18,Completed,29.520000000000003
4754,369,44,2025-10-16 12:51:46.390639,87,0.07,Completed,80.91
4755,301,33,2025-10-16 14:19:11.395139,72,0.19,Completed,58.32000000000001
4756,68,33,2025-10-16 15:46:36.399639,64,0.29,Pending,45.44
4757,7,44,2025-10-16 17:14:01.404140,54,0.28,Completed,38.879999999999995
4758,305,20,2025-10-16 18:41:26.408640,68,0.07,Completed,63.239999999999995
4759,137,47,2025-10-16 20:08:51.413141,50,0.05,Cancelled,47.5
4760,164,36,2025-10-16 21:36:16.417641,31,0.17,Completed,25.73
4761,83,7,2025-10-16 23:03:41.422142,29,0.18,Completed,23.78
4762,385,32,2025-10-17 00:31:06.426642,59,0.2,Completed,47.2
4763,138,48,2025-10-17 01:58:31.431143,36,0.22,Completed,28.080000000000002
4764,420,3,2025-10-17 03:25:56.435643,77,0.18,Completed,63.14000000000001
4765,73,39,2025-10-17 04:53:21.440144,73,0.03,Completed,70.81
4766,237,29,2025-10-17 06:20:46.444644,85,0.24,Completed,64.6
4767,46,24,2025-10-17 07:48:11.449144,67,0.02,Completed,65.66
4768,106,22,2025-10-17 09:15:36.453645,89,0.01,Completed,88.11
4769,416,6,2025-10-17 10:43:01.458145,89,0.23,Completed,68.53
4770,288,48,2025-10-17 12:10:26.462646,76,0.16,Completed,63.839999999999996
4771,262,24,2025-10-17 13:37:51.467146,93,0.21,Completed,73.47
4772,176,40,2025-10-17 15:05:16.471647,11,0.11,Completed,9.790000000000001
4773,166,23,2025-10-17 16:32:41.476147,11,0.0,Completed,11.0
4774,145,38,2025-10-17 18:00:06.480648,26,0.1,Pending,23.400000000000002
4775,330,10,2025-10-17 19:27:31.485148,53,0.18,Completed,43.46
4776,370,16,2025-10-17 20:54:56.489648,14,0.07,Completed,13.02
4777,283,11,2025-10-17 22:22:21.494149,64,0.21,Completed,50.56
4778,54,32,2025-10-17 23:49:46.498649,80,0.24,Completed,60.8
4779,178,45,2025-10-18 01:17:11.503150,10,0.14,Completed,8.6
4780,419,6,2025-10-18 02:44:36.507650,31,0.26,Completed,22.94
4781,244,24,2025-10-18 04:12:01.512151,95,0.26,Completed,70.3
4782,341,33,2025-10-18 05:39:26.516651,36,0.26,Completed,26.64
4783,127,12,2025-10-18 07:06:51.521152,10,0.2,Completed,8.0
4784,409,27,2025-10-18 08:34:16.525652,26,0.09,Pending,23.66
4785,412,38,2025-10-18 10:01:41.530153,20,0.14,Completed,17.2
4786,367,18,2025-10-18 11:29:06.534653,44,0.21,Completed,34.760000000000005
4787,271,45,2025-10-18 12:56:31.539153,62,0.06,Completed,58.279999999999994
4788,132,39,2025-10-18 14:23:56.543654,73,0.22,Completed,56.940000000000005
4789,93,13,2025-10-18 15:51:21.548154,79,0.16,Completed,66.36
4790,379,40,2025-10-18 17:18:46.552655,9,0.03,Completed,8.73
4791,73,30,2025-10-18 18:46:11.557155,71,0.17,Completed,58.93
4792,411,49,2025-10-18 20:13:36.561656,90,0.02,Completed,88.2
4793,410,41,2025-10-18 21:41:01.566156,24,0.0,Pending,24.0
4794,403,13,2025-10-18 23:08:26.570657,12,0.27,Completed,8.76
4795,248,34,2025-10-19 00:35:51.575157,60,0.15,Pending,51.0
4796,348,36,2025-10-19 02:03:16.579657,84,0.16,Pending,70.56
4797,273,30,2025-10-19 03:30:41.584158,78,0.08,Completed,71.76
4798,43,25,2025-10-19 04:58:06.588658,86,0.16,Completed,72.24
4799,377,2,2025-10-19 06:25:31.593159,16,0.05,Completed,15.2
4800,41,36,2025-10-19 07:52:56.597659,29,0.22,Completed,22.62
4801,170,18,2025-10-19 09:20:21.602160,32,0.25,Completed,24.0
4802,434,5,2025-10-19 10:47:46.606660,83,0.26,Completed,61.42
4803,212,19,2025-10-19 12:15:11.611161,35,0.03,Completed,33.949999999999996
4804,493,42,2025-10-19 13:42:36.615661,43,0.17,Completed,35.69
4805,168,18,2025-10-19 15:10:01.620162,96,0.24,Completed,72.96000000000001
4806,39,32,2025-10-19 16:37:26.624662,53,0.04,Pending,50.879999999999995
4807,369,21,2025-10-19 18:04:51.629162,20,0.03,Completed,19.4
4808,245,10,2025-10-19 19:32:16.633663,84,0.25,Completed,63.0
4809,151,37,2025-10-19 20:59:41.638163,8,0.24,Completed,6.08
4810,111,49,2025-10-19 22:27:06.642664,99,0.13,Completed,86.13
4811,480,22,2025-10-19 23:54:31.647164,42,0.03,Completed,40.74
4812,436,13,2025-10-20 01:21:56.651665,77,0.15,Completed,65.45
4813,47,17,2025-10-20 02:49:21.656165,70,0.12,Completed,61.6
4814,63,9,2025-10-20 04:16:46.660666,16,0.16,Completed,13.44
4815,225,24,2025-10-20 05:44:11.665166,69,0.13,Completed,60.03
4816,366,44,2025-10-20 07:11:36.669666,53,0.17,Completed,43.989999999999995
4817,69,14,2025-10-20 08:39:01.674167,45,0.22,Completed,35.1
4818,299,46,2025-10-20 10:06:26.678667,51,0.23,Completed,39.27
4819,432,8,2025-10-20 11:33:51.683168,98,0.19,Completed,79.38000000000001
4820,290,37,2025-10-20 13:01:16.687668,6,0.06,Completed,5.64
4821,296,19,2025-10-20 14:28:41.692169,33,0.12,Completed,29.04
4822,203,28,2025-10-20 15:56:06.696669,79,0.02,Completed,77.42
4823,61,46,2025-10-20 17:23:31.701170,15,0.14,Completed,12.9
4824,434,41,2025-10-20 18:50:56.705670,14,0.29,Cancelled,9.94
4825,451,30,2025-10-20 20:18:21.710171,39,0.19,Completed,31.590000000000003
4826,318,7,2025-10-20 21:45:46.714671,63,0.05,Completed,59.849999999999994
4827,314,26,2025-10-20 23:13:11.719171,5,0.08,Completed,4.6000000000000005
4828,161,40,2025-10-21 00:40:36.723672,90,0.02,Completed,88.2
4829,331,46,2025-10-21 02:08:01.728172,81,0.05,Completed,76.95
4830,16,46,2025-10-21 03:35:26.732673,52,0.15,Completed,44.199999999999996
4831,338,11,2025-10-21 05:02:51.737173,16,0.1,Cancelled,14.4
4832,94,14,2025-10-21 06:30:16.741674,99,0.06,Completed,93.05999999999999
4833,304,21,2025-10-21 07:57:41.746174,38,0.04,Completed,36.48
4834,138,8,2025-10-21 09:25:06.750675,53,0.2,Completed,42.400000000000006
4835,338,3,2025-10-21 10:52:31.755175,87,0.17,Pending,72.21
4836,38,28,2025-10-21 12:19:56.759675,77,0.25,Completed,57.75
4837,127,29,2025-10-21 13:47:21.764176,97,0.05,Cancelled,92.14999999999999
4838,275,23,2025-10-21 15:14:46.768676,93,0.25,Pending,69.75
4839,164,18,2025-10-21 16:42:11.773177,53,0.17,Cancelled,43.989999999999995
4840,443,35,2025-10-21 18:09:36.777677,46,0.08,Pending,42.32
4841,319,13,2025-10-21 19:37:01.782178,98,0.08,Pending,90.16000000000001
4842,77,12,2025-10-21 21:04:26.786678,98,0.12,Completed,86.24
4843,174,47,2025-10-21 22:31:51.791179,91,0.14,Pending,78.26
4844,387,50,2025-10-21 23:59:16.795679,15,0.02,Completed,14.7
4845,458,5,2025-10-22 01:26:41.800180,59,0.25,Completed,44.25
4846,358,39,2025-10-22 02:54:06.804680,50,0.04,Completed,48.0
4847,321,11,2025-10-22 04:21:31.809180,9,0.15,Cancelled,7.6499999999999995
4848,376,11,2025-10-22 05:48:56.813681,26,0.11,Completed,23.14
4849,91,47,2025-10-22 07:16:21.818181,3,0.15,Pending,2.55
4850,238,42,2025-10-22 08:43:46.822682,100,0.27,Completed,73.0
4851,264,47,2025-10-22 10:11:11.827182,47,0.3,Completed,32.9
4852,179,31,2025-10-22 11:38:36.831683,5,0.01,Completed,4.95
4853,494,31,2025-10-22 13:06:01.836183,62,0.12,Completed,54.56
4854,490,13,2025-10-22 14:33:26.840684,84,0.25,Cancelled,63.0
4855,209,14,2025-10-22 16:00:51.845184,84,0.1,Completed,75.60000000000001
4856,73,49,2025-10-22 17:28:16.849684,5,0.19,Completed,4.050000000000001
4857,390,45,2025-10-22 18:55:41.854185,10,0.3,Completed,7.0
4858,107,42,2025-10-22 20:23:06.858685,80,0.19,Pending,64.80000000000001
4859,345,25,2025-10-22 21:50:31.863186,63,0.03,Pending,61.11
4860,295,33,2025-10-22 23:17:56.867686,25,0.25,Completed,18.75
4861,369,33,2025-10-23 00:45:21.872187,44,0.29,Completed,31.24
4862,444,15,2025-10-23 02:12:46.876687,25,0.21,Completed,19.75
4863,284,16,2025-10-23 03:40:11.881188,30,0.13,Completed,26.1
4864,353,44,2025-10-23 05:07:36.885688,14,0.28,Completed,10.08
4865,182,38,2025-10-23 06:35:01.890189,86,0.29,Cancelled,61.059999999999995
4866,37,6,2025-10-23 08:02:26.894689,43,0.28,Pending,30.959999999999997
4867,137,44,2025-10-23 09:29:51.899189,28,0.12,Completed,24.64
4868,338,25,2025-10-23 10:57:16.903690,94,0.24,Cancelled,71.44
4869,56,15,2025-10-23 12:24:41.908190,19,0.2,Completed,15.200000000000001
4870,187,4,2025-10-23 13:52:06.912691,42,0.05,Completed,39.9
4871,341,4,2025-10-23 15:19:31.917191,20,0.16,Completed,16.8
4872,258,30,2025-10-23 16:46:56.921692,99,0.22,Completed,77.22
4873,445,34,2025-10-23 18:14:21.926192,86,0.27,Completed,62.78
4874,58,27,2025-10-23 19:41:46.930693,79,0.26,Completed,58.46
4875,363,31,2025-10-23 21:09:11.935193,11,0.05,Completed,10.45
4876,123,32,2025-10-23 22:36:36.939693,54,0.15,Pending,45.9
4877,188,44,2025-10-24 00:04:01.944194,98,0.14,Completed,84.28
4878,230,39,2025-10-24 01:31:26.948694,24,0.27,Completed,17.52
4879,168,9,2025-10-24 02:58:51.953195,70,0.0,Completed,70.0
4880,420,41,2025-10-24 04:26:16.957695,17,0.22,Completed,13.26
4881,114,8,2025-10-24 05:53:41.962196,28,0.19,Pending,22.68
4882,252,14,2025-10-24 07:21:06.966696,50,0.28,Completed,36.0
4883,107,33,2025-10-24 08:48:31.971197,95,0.14,Completed,81.7
4884,37,23,2025-10-24 10:15:56.975697,100,0.2,Completed,80.0
4885,335,21,2025-10-24 11:43:21.980198,55,0.29,Cancelled,39.05
4886,92,12,2025-10-24 13:10:46.984698,73,0.22,Completed,56.940000000000005
4887,18,2,2025-10-24 14:38:11.989198,10,0.02,Pending,9.8
4888,354,13,2025-10-24 16:05:36.993699,21,0.05,Completed,19.95
4889,63,4,2025-10-24 17:33:01.998199,58,0.25,Completed,43.5
4890,150,20,2025-10-24 19:00:27.002700,34,0.1,Completed,30.6
4891,139,50,2025-10-24 20:27:52.007200,95,0.21,Pending,75.05
4892,186,48,2025-10-24 21:55:17.011701,93,0.21,Completed,73.47
4893,185,14,2025-10-24 23:22:42.016201,43,0.3,Completed,30.099999999999998
4894,205,30,2025-10-25 00:50:07.020702,11,0.14,Completed,9.459999999999999
4895,260,29,2025-10-25 02:17:32.025202,33,0.22,Completed,25.740000000000002
4896,214,8,2025-10-25 03:44:57.029702,58,0.01,Pending,57.42
4897,256,12,2025-10-25 05:12:22.034203,46,0.14,Completed,39.56
4898,135,41,2025-10-25 06:39:47.038703,61,0.06,Pending,57.339999999999996
4899,61,38,2025-10-25 08:07:12.043204,62,0.25,Completed,46.5
4900,363,26,2025-10-25 09:34:37.047704,1,0.25,Completed,0.75
4901,310,50,2025-10-25 11:02:02.052205,21,0.07,Cancelled,19.529999999999998
4902,88,2,2025-10-25 12:29:27.056705,62,0.1,Completed,55.800000000000004
4903,324,40,2025-10-25 13:56:52.061206,64,0.21,Completed,50.56
4904,476,14,2025-10-25 15:24:17.065706,87,0.22,Completed,67.86
4905,207,6,2025-10-25 16:51:42.070207,73,0.2,Completed,58.400000000000006
4906,129,42,2025-10-25 18:19:07.074707,56,0.3,Completed,39.199999999999996
4907,311,40,2025-10-25 19:46:32.079207,1,0.26,Completed,0.74
4908,3,31,2025-10-25 21:13:57.083708,21,0.13,Completed,18.27
4909,462,17,2025-10-25 22:41:22.088208,22,0.1,Pending,19.8
4910,422,25,2025-10-26 00:08:47.092709,54,0.18,Completed,44.28
4911,242,32,2025-10-26 01:36:12.097209,4,0.25,Completed,3.0
4912,121,12,2025-10-26 03:03:37.101710,65,0.14,Completed,55.9
4913,385,49,2025-10-26 04:31:02.106210,51,0.22,Completed,39.78
4914,102,13,2025-10-26 05:58:27.110711,74,0.01,Cancelled,73.26
4915,38,19,2025-10-26 07:25:52.115211,63,0.28,Completed,45.36
4916,341,44,2025-10-26 08:53:17.119711,15,0.23,Completed,11.55
4917,496,48,2025-10-26 10:20:42.124212,36,0.12,Completed,31.68
4918,413,25,2025-10-26 11:48:07.128712,29,0.12,Completed,25.52
4919,133,31,2025-10-26 13:15:32.133213,52,0.03,Completed,50.44
4920,497,37,2025-10-26 14:42:57.137713,46,0.24,Completed,34.96
4921,202,25,2025-10-26 16:10:22.142214,69,0.23,Completed,53.13
4922,348,16,2025-10-26 17:37:47.146714,29,0.19,Completed,23.490000000000002
4923,21,38,2025-10-26 19:05:12.151215,47,0.03,Completed,45.589999999999996
4924,242,43,2025-10-26 20:32:37.155715,91,0.08,Completed,83.72
4925,455,49,2025-10-26 22:00:02.160216,25,0.14,Completed,21.5
4926,451,23,2025-10-26 23:27:27.164716,80,0.08,Completed,73.60000000000001
4927,109,14,2025-10-27 00:54:52.169216,16,0.13,Completed,13.92
4928,303,6,2025-10-27 02:22:17.173717,100,0.07,Completed,93.0
4929,84,25,2025-10-27 03:49:42.178217,89,0.1,Completed,80.10000000000001
4930,83,23,2025-10-27 05:17:07.182718,41,0.2,Completed,32.800000000000004
4931,291,43,2025-10-27 06:44:32.187218,65,0.27,Completed,47.449999999999996
4932,452,12,2025-10-27 08:11:57.191719,69,0.12,Pending,60.72
4933,69,13,2025-10-27 09:39:22.196219,20,0.21,Completed,15.8
4934,129,36,2025-10-27 11:06:47.200720,69,0.04,Completed,66.24
4935,196,39,2025-10-27 12:34:12.205220,36,0.16,Completed,30.24
4936,140,34,2025-10-27 14:01:37.209720,93,0.28,Completed,66.96
4937,444,6,2025-10-27 15:29:02.214221,98,0.01,Completed,97.02
4938,283,38,2025-10-27 16:56:27.218721,58,0.08,Completed,53.36
4939,312,50,2025-10-27 18:23:52.223222,48,0.04,Pending,46.08
4940,234,40,2025-10-27 19:51:17.227722,82,0.16,Cancelled,68.88
4941,23,8,2025-10-27 21:18:42.232223,2,0.2,Completed,1.6
4942,153,8,2025-10-27 22:46:07.236723,80,0.02,Completed,78.4
4943,277,40,2025-10-28 00:13:32.241224,29,0.02,Completed,28.419999999999998
4944,61,33,2025-10-28 01:40:57.245724,97,0.26,Pending,71.78
4945,319,34,2025-10-28 03:08:22.250225,16,0.14,Completed,13.76
4946,378,44,2025-10-28 04:35:47.254725,35,0.14,Completed,30.099999999999998
4947,52,15,2025-10-28 06:03:12.259225,62,0.28,Completed,44.64
4948,344,36,2025-10-28 07:30:37.263726,81,0.1,Completed,72.9
4949,153,35,2025-10-28 08:58:02.268226,4,0.27,Completed,2.92
4950,237,46,2025-10-28 10:25:27.272727,68,0.29,Completed,48.28
4951,311,22,2025-10-28 11:52:52.277227,51,0.07,Completed,47.43
4952,302,23,2025-10-28 13:20:17.281728,89,0.15,Completed,75.64999999999999
4953,32,40,2025-10-28 14:47:42.286228,33,0.16,Completed,27.72
4954,55,45,2025-10-28 16:15:07.290729,78,0.26,Completed,57.72
4955,352,22,2025-10-28 17:42:32.295229,24,0.09,Completed,21.84
4956,389,5,2025-10-28 19:09:57.299729,75,0.24,Completed,57.0
4957,36,31,2025-10-28 20:37:22.304230,25,0.29,Pending,17.75
4958,110,13,2025-10-28 22:04:47.308730,28,0.25,Completed,21.0
4959,490,28,2025-10-28 23:32:12.313231,7,0.27,Completed,5.109999999999999
4960,177,20,2025-10-29 00:59:37.317731,36,0.21,Completed,28.44
4961,362,33,2025-10-29 02:27:02.322232,10,0.27,Completed,7.3
4962,314,16,2025-10-29 03:54:27.326732,36,0.05,Pending,34.199999999999996
4963,295,29,2025-10-29 05:21:52.331233,95,0.21,Completed,75.05
4964,336,23,2025-10-29 06:49:17.335733,83,0.22,Completed,64.74000000000001
4965,97,24,2025-10-29 08:16:42.340234,18,0.13,Completed,15.66
4966,369,34,2025-10-29 09:44:07.344734,6,0.02,Completed,5.88
4967,213,7,2025-10-29 11:11:32.349234,92,0.19,Completed,74.52000000000001
4968,317,38,2025-10-29 12:38:57.353735,7,0.02,Completed,6.859999999999999
4969,137,37,2025-10-29 14:06:22.358235,12,0.11,Completed,10.68
4970,6,4,2025-10-29 15:33:47.362736,41,0.12,Pending,36.08
4971,499,34,2025-10-29 17:01:12.367236,63,0.3,Completed,44.099999999999994
4972,109,42,2025-10-29 18:28:37.371737,98,0.09,Completed,89.18
4973,35,22,2025-10-29 19:56:02.376237,25,0.25,Completed,18.75
4974,39,5,2025-10-29 21:23:27.380738,81,0.02,Cancelled,79.38
4975,150,50,2025-10-29 22:50:52.385238,53,0.16,Completed,44.519999999999996
4976,425,42,2025-10-30 00:18:17.389738,33,0.16,Completed,27.72
4977,118,23,2025-10-30 01:45:42.394239,87,0.19,Pending,70.47
4978,261,15,2025-10-30 03:13:07.398739,73,0.24,Completed,55.480000000000004
4979,426,31,2025-10-30 04:40:32.403240,6,0.23,Completed,4.62
4980,87,9,2025-10-30 06:07:57.407740,62,0.23,Completed,47.74
4981,465,43,2025-10-30 07:35:22.412241,66,0.13,Completed,57.42
4982,76,25,2025-10-30 09:02:47.416741,9,0.22,Completed,7.0200000000000005
4983,471,25,2025-10-30 10:30:12.421242,67,0.15,Completed,56.949999999999996
4984,464,49,2025-10-30 11:57:37.425742,16,0.02,Completed,15.68
4985,451,21,2025-10-30 13:25:02.430243,89,0.27,Cancelled,64.97
4986,414,9,2025-10-30 14:52:27.434743,88,0.27,Pending,64.24
4987,313,48,2025-10-30 16:19:52.439243,93,0.1,Completed,83.7
4988,383,38,2025-10-30 17:47:17.443744,55,0.27,Completed,40.15
4989,214,22,2025-10-30 19:14:42.448244,40,0.23,Pending,30.8
4990,457,43,2025-10-30 20:42:07.452745,26,0.12,Completed,22.88
4991,285,23,2025-10-30 22:09:32.457245,38,0.1,Cancelled,34.2
4992,239,49,2025-10-30 23:36:57.461746,35,0.29,Completed,24.849999999999998
4993,165,4,2025-10-31 01:04:22.466246,87,0.21,Completed,68.73
4994,87,29,2025-10-31 02:31:47.470747,68,0.11,Cancelled,60.52
4995,141,15,2025-10-31 03:59:12.475247,59,0.19,Completed,47.790000000000006
4996,160,1,2025-10-31 05:26:37.479747,14,0.17,Completed,11.62
4997,46,30,2025-10-31 06:54:02.484248,47,0.16,Cancelled,39.48
4998,372,29,2025-10-31 08:21:27.488748,71,0.19,Completed,57.510000000000005
4999,495,20,2025-10-31 09:48:52.493249,72,0.16,Completed,60.48
5000,112,33,2025-10-31 11:16:17.497749,42,0.2,Completed,33.6
5001,407,41,2025-10-31 12:43:42.502250,51,0.27,Completed,37.23
5002,45,44,2025-10-31 14:11:07.506750,19,0.3,Completed,13.299999999999999
5003,401,36,2025-10-31 15:38:32.511251,66,0.21,Completed,52.14
5004,247,22,2025-10-31 17:05:57.515751,47,0.28,Completed,33.839999999999996
5005,104,13,2025-10-31 18:33:22.520252,65,0.26,Completed,48.1
5006,85,7,2025-10-31 20:00:47.524752,42,0.09,Pending,38.22
5007,450,8,2025-10-31 21:28:12.529252,38,0.28,Completed,27.36
5008,485,28,2025-10-31 22:55:37.533753,13,0.02,Completed,12.74
5009,134,45,2025-11-01 00:23:02.538253,44,0.1,Completed,39.6
5010,108,43,2025-11-01 01:50:27.542754,24,0.19,Completed,19.44
5011,18,9,2025-11-01 03:17:52.547254,96,0.16,Completed,80.64
5012,94,25,2025-11-01 04:45:17.551755,30,0.16,Completed,25.2
5013,150,16,2025-11-01 06:12:42.556255,70,0.24,Pending,53.2
5014,246,10,2025-11-01 07:40:07.560756,38,0.06,Completed,35.72
5015,289,11,2025-11-01 09:07:32.565256,97,0.29,Pending,68.86999999999999
5016,414,31,2025-11-01 10:34:57.569756,23,0.13,Completed,20.01
5017,209,12,2025-11-01 12:02:22.574257,74,0.28,Completed,53.28
5018,126,31,2025-11-01 13:29:47.578757,57,0.11,Completed,50.730000000000004
5019,235,14,2025-11-01 14:57:12.583258,79,0.18,Completed,64.78
5020,416,44,2025-11-01 16:24:37.587758,23,0.14,Completed,19.78
5021,426,32,2025-11-01 17:52:02.592259,36,0.2,Completed,28.8
5022,499,50,2025-11-01 19:19:27.596759,57,0.06,Completed,53.58
5023,462,17,2025-11-01 20:46:52.601260,1,0.12,Completed,0.88
5024,122,35,2025-11-01 22:14:17.605760,72,0.02,Completed,70.56
5025,138,1,2025-11-01 23:41:42.610261,3,0.18,Completed,2.46
5026,495,29,2025-11-02 01:09:07.614761,14,0.29,Completed,9.94
5027,115,4,2025-11-02 02:36:32.619261,81,0.01,Completed,80.19
5028,420,23,2025-11-02 04:03:57.623762,34,0.2,Completed,27.200000000000003
5029,162,28,2025-11-02 05:31:22.628262,70,0.23,Completed,53.9
5030,201,16,2025-11-02 06:58:47.632763,69,0.06,Completed,64.86
5031,234,12,2025-11-02 08:26:12.637263,51,0.08,Completed,46.92
5032,28,21,2025-11-02 09:53:37.641764,29,0.06,Pending,27.259999999999998
5033,11,45,2025-11-02 11:21:02.646264,99,0.09,Completed,90.09
5034,206,17,2025-11-02 12:48:27.650765,82,0.03,Pending,79.53999999999999
5035,167,40,2025-11-02 14:15:52.655265,48,0.11,Completed,42.72
5036,247,13,2025-11-02 15:43:17.659765,94,0.11,Completed,83.66
5037,47,32,2025-11-02 17:10:42.664266,79,0.24,Completed,60.04
5038,246,37,2025-11-02 18:38:07.668766,79,0.24,Completed,60.04
5039,127,50,2025-11-02 20:05:32.673267,16,0.24,Completed,12.16
5040,147,15,2025-11-02 21:32:57.677767,57,0.17,Completed,47.309999999999995
5041,118,12,2025-11-02 23:00:22.682268,97,0.1,Completed,87.3
5042,399,49,2025-11-03 00:27:47.686768,10,0.12,Completed,8.8
5043,382,15,2025-11-03 01:55:12.691269,19,0.1,Completed,17.1
5044,412,34,2025-11-03 03:22:37.695769,67,0.17,Completed,55.61
5045,152,6,2025-11-03 04:50:02.700270,36,0.28,Completed,25.919999999999998
5046,72,17,2025-11-03 06:17:27.704770,4,0.09,Pending,3.64
5047,363,48,2025-11-03 07:44:52.709270,75,0.14,Pending,64.5
5048,137,49,2025-11-03 09:12:17.713771,33,0.2,Pending,26.400000000000002
5049,175,20,2025-11-03 10:39:42.718271,28,0.25,Completed,21.0
5050,289,9,2025-11-03 12:07:07.722772,96,0.08,Completed,88.32000000000001
5051,446,5,2025-11-03 13:34:32.727272,80,0.08,Pending,73.60000000000001
5052,481,23,2025-11-03 15:01:57.731773,9,0.27,Completed,6.57
5053,19,33,2025-11-03 16:29:22.736273,75,0.02,Completed,73.5
5054,195,38,2025-11-03 17:56:47.740774,6,0.18,Completed,4.92
5055,330,14,2025-11-03 19:24:12.745274,49,0.26,Completed,36.26
5056,424,17,2025-11-03 20:51:37.749774,91,0.28,Completed,65.52
5057,175,19,2025-11-03 22:19:02.754275,76,0.0,Pending,76.0
5058,490,33,2025-11-03 23:46:27.758775,22,0.11,Completed,19.580000000000002
5059,449,1,2025-11-04 01:13:52.763276,48,0.08,Completed,44.160000000000004
5060,413,13,2025-11-04 02:41:17.767776,21,0.17,Completed,17.43
5061,434,46,2025-11-04 04:08:42.772277,33,0.19,Completed,26.73
5062,354,27,2025-11-04 05:36:07.776777,81,0.3,Completed,56.699999999999996
5063,499,6,2025-11-04 07:03:32.781278,56,0.15,Completed,47.6
5064,141,6,2025-11-04 08:30:57.785778,29,0.17,Completed,24.07
5065,246,33,2025-11-04 09:58:22.790279,53,0.12,Completed,46.64
5066,385,30,2025-11-04 11:25:47.794779,40,0.04,Completed,38.4
5067,418,46,2025-11-04 12:53:12.799279,74,0.09,Cancelled,67.34
5068,93,35,2025-11-04 14:20:37.803780,18,0.07,Cancelled,16.74
5069,432,23,2025-11-04 15:48:02.808280,47,0.24,Completed,35.72
5070,239,10,2025-11-04 17:15:27.812781,13,0.16,Completed,10.92
5071,205,19,2025-11-04 18:42:52.817281,27,0.09,Completed,24.57
5072,48,28,2025-11-04 20:10:17.821782,62,0.15,Cancelled,52.699999999999996
5073,433,23,2025-11-04 21:37:42.826282,74,0.07,Pending,68.82
5074,245,4,2025-11-04 23:05:07.830783,96,0.06,Completed,90.24
5075,320,20,2025-11-05 00:32:32.835283,45,0.26,Completed,33.3
5076,317,19,2025-11-05 01:59:57.839783,3,0.28,Completed,2.16
5077,413,42,2025-11-05 03:27:22.844284,22,0.02,Completed,21.56
5078,295,27,2025-11-05 04:54:47.848784,27,0.23,Completed,20.79
5079,128,34,2025-11-05 06:22:12.853285,55,0.14,Completed,47.3
5080,344,4,2025-11-05 07:49:37.857785,67,0.12,Completed,58.96
5081,282,38,2025-11-05 09:17:02.862286,33,0.21,Pending,26.07
5082,17,7,2025-11-05 10:44:27.866786,2,0.08,Completed,1.84
5083,71,48,2025-11-05 12:11:52.871287,75,0.01,Completed,74.25
5084,269,7,2025-11-05 13:39:17.875787,46,0.06,Completed,43.239999999999995
5085,325,50,2025-11-05 15:06:42.880288,74,0.06,Completed,69.56
5086,282,26,2025-11-05 16:34:07.884788,33,0.01,Completed,32.67
5087,305,26,2025-11-05 18:01:32.889288,58,0.1,Completed,52.2
5088,451,19,2025-11-05 19:28:57.893789,7,0.14,Pending,6.02
5089,7,9,2025-11-05 20:56:22.898289,15,0.22,Cancelled,11.700000000000001
5090,314,20,2025-11-05 22:23:47.902790,26,0.1,Pending,23.400000000000002
5091,305,42,2025-11-05 23:51:12.907290,11,0.06,Completed,10.34
5092,103,45,2025-11-06 01:18:37.911791,38,0.07,Completed,35.339999999999996
5093,309,50,2025-11-06 02:46:02.916291,27,0.27,Completed,19.71
5094,193,16,2025-11-06 04:13:27.920792,7,0.06,Completed,6.58
5095,241,17,2025-11-06 05:40:52.925292,1,0.26,Cancelled,0.74
5096,62,22,2025-11-06 07:08:17.929792,74,0.13,Completed,64.38
5097,17,13,2025-11-06 08:35:42.934293,21,0.28,Completed,15.12
5098,171,12,2025-11-06 10:03:07.938793,79,0.12,Pending,69.52
5099,25,10,2025-11-06 11:30:32.943294,30,0.05,Cancelled,28.5
5100,251,1,2025-11-06 12:57:57.947794,94,0.16,Completed,78.96
5101,253,32,2025-11-06 14:25:22.952295,8,0.18,Completed,6.5600000000000005
5102,387,30,2025-11-06 15:52:47.956795,88,0.19,Completed,71.28
5103,207,8,2025-11-06 17:20:12.961296,83,0.12,Completed,73.04
5104,29,21,2025-11-06 18:47:37.965796,3,0.01,Completed,2.9699999999999998
5105,117,22,2025-11-06 20:15:02.970297,55,0.19,Completed,44.550000000000004
5106,491,18,2025-11-06 21:42:27.974797,15,0.28,Completed,10.799999999999999
5107,416,2,2025-11-06 23:09:52.979297,36,0.29,Completed,25.56
5108,282,48,2025-11-07 00:37:17.983798,6,0.18,Completed,4.92
5109,380,44,2025-11-07 02:04:42.988298,42,0.01,Completed,41.58
5110,144,9,2025-11-07 03:32:07.992799,50,0.03,Pending,48.5
5111,25,3,2025-11-07 04:59:32.997299,18,0.25,Completed,13.5
5112,310,26,2025-11-07 06:26:58.001800,83,0.25,Completed,62.25
5113,156,21,2025-11-07 07:54:23.006300,50,0.28,Completed,36.0
5114,73,30,2025-11-07 09:21:48.010801,30,0.17,Completed,24.9
5115,120,28,2025-11-07 10:49:13.015301,77,0.26,Pending,56.98
5116,312,36,2025-11-07 12:16:38.019801,39,0.25,Completed,29.25
5117,321,26,2025-11-07 13:44:03.024302,12,0.18,Completed,9.84
5118,93,34,2025-11-07 15:11:28.028802,98,0.24,Completed,74.48
5119,86,8,2025-11-07 16:38:53.033303,59,0.04,Completed,56.64
5120,336,10,2025-11-07 18:06:18.037803,76,0.19,Completed,61.56
5121,425,48,2025-11-07 19:33:43.042304,44,0.29,Completed,31.24
5122,499,43,2025-11-07 21:01:08.046804,88,0.05,Completed,83.6
5123,364,50,2025-11-07 22:28:33.051305,4,0.22,Completed,3.12
5124,435,14,2025-11-07 23:55:58.055805,36,0.1,Pending,32.4
5125,118,40,2025-11-08 01:23:23.060306,48,0.25,Completed,36.0
5126,233,15,2025-11-08 02:50:48.064806,14,0.21,Completed,11.06
5127,199,17,2025-11-08 04:18:13.069306,81,0.28,Completed,58.32
5128,206,18,2025-11-08 05:45:38.073807,49,0.21,Completed,38.71
5129,413,32,2025-11-08 07:13:03.078307,67,0.12,Completed,58.96
5130,339,38,2025-11-08 08:40:28.082808,87,0.0,Completed,87.0
5131,147,23,2025-11-08 10:07:53.087308,77,0.24,Completed,58.52
5132,450,46,2025-11-08 11:35:18.091809,9,0.12,Completed,7.92
5133,425,23,2025-11-08 13:02:43.096309,21,0.2,Completed,16.8
5134,429,35,2025-11-08 14:30:08.100810,72,0.03,Completed,69.84
5135,271,39,2025-11-08 15:57:33.105310,81,0.27,Completed,59.129999999999995
5136,387,15,2025-11-08 17:24:58.109810,16,0.13,Completed,13.92
5137,139,24,2025-11-08 18:52:23.114311,16,0.28,Completed,11.52
5138,181,28,2025-11-08 20:19:48.118811,28,0.21,Completed,22.12
5139,430,16,2025-11-08 21:47:13.123312,51,0.04,Completed,48.96
5140,30,16,2025-11-08 23:14:38.127812,56,0.17,Completed,46.48
5141,57,40,2025-11-09 00:42:03.132313,80,0.27,Completed,58.4
5142,232,39,2025-11-09 02:09:28.136813,57,0.24,Pending,43.32
5143,146,6,2025-11-09 03:36:53.141314,52,0.13,Completed,45.24
5144,435,2,2025-11-09 05:04:18.145814,46,0.29,Pending,32.66
5145,384,13,2025-11-09 06:31:43.150315,78,0.08,Completed,71.76
5146,48,44,2025-11-09 07:59:08.154815,38,0.11,Completed,33.82
5147,194,47,2025-11-09 09:26:33.159315,84,0.22,Completed,65.52
5148,224,9,2025-11-09 10:53:58.163816,48,0.07,Completed,44.64
5149,136,34,2025-11-09 12:21:23.168316,41,0.15,Completed,34.85
5150,22,17,2025-11-09 13:48:48.172817,98,0.22,Completed,76.44
5151,6,27,2025-11-09 15:16:13.177317,59,0.19,Completed,47.790000000000006
5152,204,29,2025-11-09 16:43:38.181818,93,0.05,Completed,88.35
5153,239,37,2025-11-09 18:11:03.186318,67,0.19,Completed,54.27
5154,185,43,2025-11-09 19:38:28.190819,74,0.17,Completed,61.419999999999995
5155,360,22,2025-11-09 21:05:53.195319,84,0.17,Completed,69.72
5156,292,24,2025-11-09 22:33:18.199819,66,0.25,Completed,49.5
5157,335,7,2025-11-10 00:00:43.204320,27,0.06,Completed,25.38
5158,220,34,2025-11-10 01:28:08.208820,32,0.23,Completed,24.64
5159,116,48,2025-11-10 02:55:33.213321,56,0.23,Completed,43.120000000000005
5160,313,12,2025-11-10 04:22:58.217821,10,0.22,Cancelled,7.800000000000001
5161,49,23,2025-11-10 05:50:23.222322,40,0.15,Completed,34.0
5162,173,15,2025-11-10 07:17:48.226822,17,0.12,Completed,14.96
5163,82,33,2025-11-10 08:45:13.231323,58,0.12,Completed,51.04
5164,322,13,2025-11-10 10:12:38.235823,97,0.22,Completed,75.66
5165,333,23,2025-11-10 11:40:03.240324,6,0.15,Completed,5.1
5166,45,38,2025-11-10 13:07:28.244824,39,0.1,Completed,35.1
5167,335,32,2025-11-10 14:34:53.249324,18,0.19,Completed,14.580000000000002
5168,20,45,2025-11-10 16:02:18.253825,73,0.25,Completed,54.75
5169,448,50,2025-11-10 17:29:43.258325,72,0.02,Completed,70.56
5170,221,35,2025-11-10 18:57:08.262826,89,0.29,Completed,63.19
5171,123,1,2025-11-10 20:24:33.267326,95,0.03,Pending,92.14999999999999
5172,234,47,2025-11-10 21:51:58.271827,42,0.15,Completed,35.699999999999996
5173,221,45,2025-11-10 23:19:23.276327,4,0.17,Completed,3.32
5174,323,5,2025-11-11 00:46:48.280828,20,0.04,Completed,19.2
5175,339,13,2025-11-11 02:14:13.285328,28,0.27,Completed,20.439999999999998
5176,3,5,2025-11-11 03:41:38.289828,40,0.14,Completed,34.4
5177,182,32,2025-11-11 05:09:03.294329,65,0.04,Completed,62.4
5178,206,21,2025-11-11 06:36:28.298829,44,0.21,Pending,34.760000000000005
5179,320,24,2025-11-11 08:03:53.303330,23,0.2,Completed,18.400000000000002
5180,40,18,2025-11-11 09:31:18.307830,57,0.29,Completed,40.47
5181,59,21,2025-11-11 10:58:43.312331,47,0.13,Pending,40.89
5182,439,10,2025-11-11 12:26:08.316831,13,0.08,Cancelled,11.96
5183,62,24,2025-11-11 13:53:33.321332,16,0.02,Completed,15.68
5184,132,40,2025-11-11 15:20:58.325832,90,0.22,Completed,70.2
5185,60,47,2025-11-11 16:48:23.330333,55,0.19,Pending,44.550000000000004
5186,372,21,2025-11-11 18:15:48.334833,95,0.29,Pending,67.45
5187,331,25,2025-11-11 19:43:13.339333,65,0.21,Completed,51.35
5188,122,23,2025-11-11 21:10:38.343834,81,0.28,Completed,58.32
5189,479,22,2025-11-11 22:38:03.348334,16,0.3,Completed,11.2
5190,107,4,2025-11-12 00:05:28.352835,37,0.13,Completed,32.19
5191,96,34,2025-11-12 01:32:53.357335,52,0.05,Completed,49.4
5192,347,6,2025-11-12 03:00:18.361836,10,0.06,Completed,9.399999999999999
5193,414,28,2025-11-12 04:27:43.366336,38,0.1,Completed,34.2
5194,235,31,2025-11-12 05:55:08.370837,44,0.15,Completed,37.4
5195,386,35,2025-11-12 07:22:33.375337,95,0.04,Completed,91.2
5196,62,39,2025-11-12 08:49:58.379837,74,0.09,Completed,67.34
5197,256,42,2025-11-12 10:17:23.384338,54,0.09,Completed,49.14
5198,49,23,2025-11-12 11:44:48.388838,98,0.0,Completed,98.0
5199,393,6,2025-11-12 13:12:13.393339,51,0.11,Pending,45.39
5200,348,16,2025-11-12 14:39:38.397839,52,0.03,Completed,50.44
5201,159,2,2025-11-12 16:07:03.402340,70,0.13,Completed,60.9
5202,124,24,2025-11-12 17:34:28.406840,92,0.06,Completed,86.47999999999999
5203,482,17,2025-11-12 19:01:53.411341,92,0.25,Pending,69.0
5204,317,45,2025-11-12 20:29:18.415841,59,0.02,Completed,57.82
5205,207,1,2025-11-12 21:56:43.420342,13,0.26,Completed,9.62
5206,48,6,2025-11-12 23:24:08.424842,41,0.17,Completed,34.03
5207,409,5,2025-11-13 00:51:33.429342,12,0.14,Completed,10.32
5208,420,45,2025-11-13 02:18:58.433843,50,0.16,Completed,42.0
5209,136,50,2025-11-13 03:46:23.438343,57,0.11,Completed,50.730000000000004
5210,201,29,2025-11-13 05:13:48.442844,50,0.04,Completed,48.0
5211,250,12,2025-11-13 06:41:13.447344,57,0.23,Completed,43.89
5212,314,39,2025-11-13 08:08:38.451845,54,0.28,Completed,38.879999999999995
5213,357,47,2025-11-13 09:36:03.456345,66,0.29,Completed,46.86
5214,368,3,2025-11-13 11:03:28.460846,8,0.2,Completed,6.4
5215,429,48,2025-11-13 12:30:53.465346,63,0.12,Completed,55.44
5216,318,1,2025-11-13 13:58:18.469846,9,0.14,Cancelled,7.74
5217,295,27,2025-11-13 15:25:43.474347,60,0.2,Completed,48.0
5218,480,48,2025-11-13 16:53:08.478847,63,0.25,Completed,47.25
5219,314,24,2025-11-13 18:20:33.483348,72,0.11,Completed,64.08
5220,500,44,2025-11-13 19:47:58.487848,3,0.28,Completed,2.16
5221,209,19,2025-11-13 21:15:23.492349,73,0.1,Cancelled,65.7
5222,355,8,2025-11-13 22:42:48.496849,13,0.16,Completed,10.92
5223,485,44,2025-11-14 00:10:13.501350,9,0.29,Pending,6.39
5224,211,47,2025-11-14 01:37:38.505850,95,0.28,Completed,68.39999999999999
5225,192,2,2025-11-14 03:05:03.510351,89,0.21,Completed,70.31
5226,44,30,2025-11-14 04:32:28.514851,52,0.1,Pending,46.800000000000004
5227,29,30,2025-11-14 05:59:53.519351,62,0.07,Completed,57.66
5228,59,49,2025-11-14 07:27:18.523852,8,0.02,Completed,7.84
5229,71,39,2025-11-14 08:54:43.528352,95,0.21,Cancelled,75.05
5230,92,45,2025-11-14 10:22:08.532853,45,0.15,Completed,38.25
5231,265,32,2025-11-14 11:49:33.537353,53,0.17,Completed,43.989999999999995
5232,383,1,2025-11-14 13:16:58.541854,63,0.14,Completed,54.18
5233,220,38,2025-11-14 14:44:23.546354,95,0.14,Completed,81.7
5234,390,13,2025-11-14 16:11:48.550855,81,0.17,Completed,67.22999999999999
5235,413,11,2025-11-14 17:39:13.555355,57,0.27,Completed,41.61
5236,442,10,2025-11-14 19:06:38.559855,54,0.01,Completed,53.46
5237,401,48,2025-11-14 20:34:03.564356,19,0.24,Pending,14.44
5238,400,26,2025-11-14 22:01:28.568856,67,0.12,Completed,58.96
5239,215,20,2025-11-14 23:28:53.573357,46,0.22,Completed,35.88
5240,479,17,2025-11-15 00:56:18.577857,94,0.28,Completed,67.67999999999999
5241,387,17,2025-11-15 02:23:43.582358,10,0.09,Completed,9.1
5242,277,4,2025-11-15 03:51:08.586858,93,0.03,Completed,90.21
5243,64,5,2025-11-15 05:18:33.591359,18,0.07,Completed,16.74
5244,346,23,2025-11-15 06:45:58.595859,12,0.07,Completed,11.16
5245,292,46,2025-11-15 08:13:23.600360,49,0.22,Completed,38.22
5246,490,10,2025-11-15 09:40:48.604860,23,0.02,Completed,22.54
5247,485,46,2025-11-15 11:08:13.609360,62,0.02,Completed,60.76
5248,245,28,2025-11-15 12:35:38.613861,11,0.21,Completed,8.690000000000001
5249,470,33,2025-11-15 14:03:03.618361,73,0.17,Completed,60.589999999999996
5250,62,43,2025-11-15 15:30:28.622862,56,0.13,Completed,48.72
5251,426,26,2025-11-15 16:57:53.627362,88,0.17,Completed,73.03999999999999
5252,332,50,2025-11-15 18:25:18.631863,89,0.22,Pending,69.42
5253,170,48,2025-11-15 19:52:43.636363,55,0.03,Cancelled,53.35
5254,445,29,2025-11-15 21:20:08.640864,25,0.17,Completed,20.75
5255,269,27,2025-11-15 22:47:33.645364,9,0.25,Completed,6.75
5256,267,18,2025-11-16 00:14:58.649864,12,0.11,Completed,10.68
5257,54,40,2025-11-16 01:42:23.654365,11,0.23,Completed,8.47
5258,16,10,2025-11-16 03:09:48.658865,38,0.25,Completed,28.5
5259,8,42,2025-11-16 04:37:13.663366,28,0.25,Cancelled,21.0
5260,104,5,2025-11-16 06:04:38.667866,8,0.2,Completed,6.4
5261,59,10,2025-11-16 07:32:03.672367,74,0.22,Completed,57.72
5262,313,50,2025-11-16 08:59:28.676867,89,0.24,Cancelled,67.64
5263,40,21,2025-11-16 10:26:53.681368,47,0.22,Pending,36.660000000000004
5264,237,24,2025-11-16 11:54:18.685868,36,0.14,Completed,30.96
5265,443,38,2025-11-16 13:21:43.690369,50,0.05,Completed,47.5
5266,386,3,2025-11-16 14:49:08.694869,9,0.09,Completed,8.19
5267,94,40,2025-11-16 16:16:33.699369,60,0.06,Completed,56.4
5268,222,31,2025-11-16 17:43:58.703870,72,0.11,Completed,64.08
5269,204,41,2025-11-16 19:11:23.708370,67,0.15,Completed,56.949999999999996
5270,138,37,2025-11-16 20:38:48.712871,53,0.29,Completed,37.629999999999995
5271,300,2,2025-11-16 22:06:13.717371,82,0.29,Completed,58.22
5272,395,2,2025-11-16 23:33:38.721872,99,0.23,Completed,76.23
5273,207,39,2025-11-17 01:01:03.726372,17,0.29,Completed,12.07
5274,336,49,2025-11-17 02:28:28.730873,100,0.3,Cancelled,70.0
5275,81,42,2025-11-17 03:55:53.735373,53,0.27,Completed,38.69
5276,218,44,2025-11-17 05:23:18.739873,28,0.02,Completed,27.439999999999998
5277,2,34,2025-11-17 06:50:43.744374,63,0.13,Completed,54.81
5278,178,42,2025-11-17 08:18:08.748874,15,0.16,Completed,12.6
5279,396,20,2025-11-17 09:45:33.753375,19,0.04,Completed,18.24
5280,371,33,2025-11-17 11:12:58.757875,86,0.24,Completed,65.36
5281,346,4,2025-11-17 12:40:23.762376,70,0.04,Completed,67.2
5282,279,45,2025-11-17 14:07:48.766876,47,0.11,Completed,41.83
5283,146,44,2025-11-17 15:35:13.771377,71,0.02,Pending,69.58
5284,318,11,2025-11-17 17:02:38.775877,48,0.16,Pending,40.32
5285,224,42,2025-11-17 18:30:03.780378,73,0.18,Completed,59.86000000000001
5286,369,47,2025-11-17 19:57:28.784878,20,0.22,Completed,15.600000000000001
5287,384,5,2025-11-17 21:24:53.789378,37,0.1,Completed,33.300000000000004
5288,62,25,2025-11-17 22:52:18.793879,75,0.18,Completed,61.50000000000001
5289,294,49,2025-11-18 00:19:43.798379,2,0.22,Completed,1.56
5290,239,37,2025-11-18 01:47:08.802880,64,0.23,Completed,49.28
5291,195,34,2025-11-18 03:14:33.807380,86,0.09,Pending,78.26
5292,166,9,2025-11-18 04:41:58.811881,36,0.02,Completed,35.28
5293,451,6,2025-11-18 06:09:23.816381,5,0.01,Cancelled,4.95
5294,222,18,2025-11-18 07:36:48.820882,64,0.23,Completed,49.28
5295,61,14,2025-11-18 09:04:13.825382,7,0.12,Completed,6.16
5296,129,19,2025-11-18 10:31:38.829882,70,0.04,Completed,67.2
5297,478,14,2025-11-18 11:59:03.834383,22,0.06,Pending,20.68
5298,173,40,2025-11-18 13:26:28.838883,74,0.23,Completed,56.980000000000004
5299,480,17,2025-11-18 14:53:53.843384,46,0.18,Completed,37.720000000000006
5300,156,35,2025-11-18 16:21:18.847884,40,0.15,Completed,34.0
5301,405,29,2025-11-18 17:48:43.852385,61,0.19,Completed,49.410000000000004
5302,378,42,2025-11-18 19:16:08.856885,46,0.04,Completed,44.16
5303,110,17,2025-11-18 20:43:33.861386,84,0.1,Completed,75.60000000000001
5304,269,43,2025-11-18 22:10:58.865886,28,0.11,Completed,24.92
5305,411,8,2025-11-18 23:38:23.870387,87,0.09,Completed,79.17
5306,356,1,2025-11-19 01:05:48.874887,35,0.26,Completed,25.9
5307,391,45,2025-11-19 02:33:13.879387,1,0.17,Completed,0.83
5308,278,36,2025-11-19 04:00:38.883888,29,0.22,Completed,22.62
5309,74,7,2025-11-19 05:28:03.888388,9,0.07,Completed,8.37
5310,487,46,2025-11-19 06:55:28.892889,9,0.08,Completed,8.280000000000001
5311,437,5,2025-11-19 08:22:53.897389,22,0.07,Completed,20.459999999999997
5312,463,24,2025-11-19 09:50:18.901890,63,0.21,Completed,49.77
5313,207,28,2025-11-19 11:17:43.906390,66,0.1,Completed,59.4
5314,388,43,2025-11-19 12:45:08.910891,80,0.12,Pending,70.4
5315,480,17,2025-11-19 14:12:33.915391,58,0.21,Completed,45.82
5316,279,37,2025-11-19 15:39:58.919891,70,0.29,Pending,49.699999999999996
5317,375,20,2025-11-19 17:07:23.924392,55,0.05,Completed,52.25
5318,326,3,2025-11-19 18:34:48.928892,13,0.02,Completed,12.74
5319,472,37,2025-11-19 20:02:13.933393,97,0.06,Completed,91.17999999999999
5320,340,26,2025-11-19 21:29:38.937893,19,0.22,Completed,14.82
5321,357,15,2025-11-19 22:57:03.942394,79,0.06,Completed,74.25999999999999
5322,340,48,2025-11-20 00:24:28.946894,33,0.18,Completed,27.060000000000002
5323,204,8,2025-11-20 01:51:53.951395,74,0.18,Completed,60.68000000000001
5324,161,13,2025-11-20 03:19:18.955895,65,0.09,Completed,59.15
5325,28,48,2025-11-20 04:46:43.960396,60,0.02,Completed,58.8
5326,392,3,2025-11-20 06:14:08.964896,12,0.12,Completed,10.56
5327,257,1,2025-11-20 07:41:33.969396,43,0.06,Completed,40.419999999999995
5328,165,9,2025-11-20 09:08:58.973897,93,0.06,Completed,87.42
5329,63,31,2025-11-20 10:36:23.978397,17,0.16,Completed,14.28
5330,22,41,2025-11-20 12:03:48.982898,68,0.2,Completed,54.400000000000006
5331,70,26,2025-11-20 13:31:13.987398,29,0.02,Completed,28.419999999999998
5332,381,17,2025-11-20 14:58:38.991899,55,0.17,Completed,45.65
5333,405,34,2025-11-20 16:26:03.996399,7,0.07,Completed,6.51
5334,96,9,2025-11-20 17:53:29.000900,44,0.2,Completed,35.2
5335,163,13,2025-11-20 19:20:54.005400,77,0.24,Completed,58.52
5336,79,5,2025-11-20 20:48:19.009900,5,0.24,Completed,3.8
5337,5,41,2025-11-20 22:15:44.014401,60,0.11,Completed,53.4
5338,316,13,2025-11-20 23:43:09.018901,6,0.17,Completed,4.9799999999999995
5339,120,1,2025-11-21 01:10:34.023402,98,0.24,Completed,74.48
5340,302,25,2025-11-21 02:37:59.027902,7,0.02,Completed,6.859999999999999
5341,178,47,2025-11-21 04:05:24.032403,46,0.18,Completed,37.720000000000006
5342,176,4,2025-11-21 05:32:49.036903,57,0.25,Pending,42.75
5343,390,36,2025-11-21 07:00:14.041404,54,0.11,Completed,48.06
5344,217,10,2025-11-21 08:27:39.045904,92,0.14,Completed,79.12
5345,56,28,2025-11-21 09:55:04.050405,46,0.21,Completed,36.34
5346,366,6,2025-11-21 11:22:29.054905,10,0.02,Completed,9.8
5347,187,27,2025-11-21 12:49:54.059405,4,0.12,Completed,3.52
5348,232,12,2025-11-21 14:17:19.063906,67,0.09,Completed,60.97
5349,255,48,2025-11-21 15:44:44.068406,25,0.01,Completed,24.75
5350,413,3,2025-11-21 17:12:09.072907,87,0.06,Pending,81.78
5351,455,46,2025-11-21 18:39:34.077407,91,0.12,Completed,80.08
5352,104,33,2025-11-21 20:06:59.081908,78,0.06,Completed,73.32
5353,77,10,2025-11-21 21:34:24.086408,61,0.18,Pending,50.02
5354,230,31,2025-11-21 23:01:49.090909,38,0.13,Pending,33.06
5355,402,15,2025-11-22 00:29:14.095409,32,0.01,Completed,31.68
5356,258,7,2025-11-22 01:56:39.099909,23,0.08,Pending,21.16
5357,264,36,2025-11-22 03:24:04.104410,37,0.01,Cancelled,36.63
5358,331,14,2025-11-22 04:51:29.108910,3,0.11,Pending,2.67
5359,481,48,2025-11-22 06:18:54.113411,99,0.08,Completed,91.08
5360,182,14,2025-11-22 07:46:19.117911,13,0.21,Completed,10.27
5361,381,3,2025-11-22 09:13:44.122412,34,0.09,Completed,30.94
5362,256,49,2025-11-22 10:41:09.126912,88,0.11,Pending,78.32000000000001
5363,38,46,2025-11-22 12:08:34.131413,65,0.22,Completed,50.7
5364,176,50,2025-11-22 13:35:59.135913,76,0.14,Completed,65.36
5365,27,3,2025-11-22 15:03:24.140414,8,0.17,Completed,6.64
5366,276,22,2025-11-22 16:30:49.144914,83,0.25,Completed,62.25
5367,140,19,2025-11-22 17:58:14.149414,9,0.06,Completed,8.459999999999999
5368,299,35,2025-11-22 19:25:39.153915,28,0.3,Completed,19.599999999999998
5369,445,12,2025-11-22 20:53:04.158415,78,0.27,Completed,56.94
5370,287,5,2025-11-22 22:20:29.162916,91,0.09,Completed,82.81
5371,91,10,2025-11-22 23:47:54.167416,18,0.27,Completed,13.14
5372,480,41,2025-11-23 01:15:19.171917,42,0.23,Cancelled,32.34
5373,61,33,2025-11-23 02:42:44.176417,41,0.28,Completed,29.52
5374,458,13,2025-11-23 04:10:09.180918,70,0.21,Completed,55.300000000000004
5375,451,35,2025-11-23 05:37:34.185418,33,0.2,Cancelled,26.400000000000002
5376,365,32,2025-11-23 07:04:59.189918,89,0.0,Completed,89.0
5377,347,11,2025-11-23 08:32:24.194419,77,0.14,Completed,66.22
5378,163,48,2025-11-23 09:59:49.198919,54,0.06,Completed,50.76
5379,351,38,2025-11-23 11:27:14.203420,87,0.1,Completed,78.3
5380,143,24,2025-11-23 12:54:39.207920,36,0.29,Completed,25.56
5381,400,35,2025-11-23 14:22:04.212421,97,0.03,Completed,94.09
5382,253,19,2025-11-23 15:49:29.216921,85,0.22,Completed,66.3
5383,269,6,2025-11-23 17:16:54.221422,98,0.05,Completed,93.1
5384,369,40,2025-11-23 18:44:19.225922,56,0.0,Completed,56.0
5385,291,45,2025-11-23 20:11:44.230423,100,0.15,Completed,85.0
5386,500,44,2025-11-23 21:39:09.234923,17,0.05,Completed,16.15
5387,459,42,2025-11-23 23:06:34.239423,10,0.29,Completed,7.1
5388,187,35,2025-11-24 00:33:59.243924,87,0.06,Completed,81.78
5389,405,4,2025-11-24 02:01:24.248424,44,0.06,Completed,41.36
5390,499,33,2025-11-24 03:28:49.252925,2,0.01,Completed,1.98
5391,438,13,2025-11-24 04:56:14.257425,99,0.1,Cancelled,89.10000000000001
5392,459,36,2025-11-24 06:23:39.261926,14,0.01,Pending,13.86
5393,414,43,2025-11-24 07:51:04.266426,41,0.15,Pending,34.85
5394,304,19,2025-11-24 09:18:29.270927,2,0.15,Completed,1.7
5395,291,43,2025-11-24 10:45:54.275427,19,0.02,Completed,18.62
5396,86,12,2025-11-24 12:13:19.279927,80,0.07,Completed,74.39999999999999
5397,166,11,2025-11-24 13:40:44.284428,89,0.25,Completed,66.75
5398,415,6,2025-11-24 15:08:09.288928,1,0.14,Completed,0.86
5399,462,12,2025-11-24 16:35:34.293429,2,0.13,Completed,1.74
5400,408,27,2025-11-24 18:02:59.297929,27,0.21,Completed,21.330000000000002
5401,114,41,2025-11-24 19:30:24.302430,2,0.21,Completed,1.58
5402,433,25,2025-11-24 20:57:49.306930,94,0.23,Completed,72.38
5403,480,42,2025-11-24 22:25:14.311431,51,0.25,Pending,38.25
5404,356,3,2025-11-24 23:52:39.315931,10,0.07,Completed,9.299999999999999
5405,416,3,2025-11-25 01:20:04.320432,19,0.02,Completed,18.62
5406,183,20,2025-11-25 02:47:29.324932,80,0.11,Completed,71.2
5407,207,28,2025-11-25 04:14:54.329432,13,0.26,Completed,9.62
5408,256,23,2025-11-25 05:42:19.333933,48,0.02,Completed,47.04
5409,235,48,2025-11-25 07:09:44.338433,56,0.17,Completed,46.48
5410,442,3,2025-11-25 08:37:09.342934,72,0.21,Completed,56.88
5411,355,42,2025-11-25 10:04:34.347434,56,0.14,Cancelled,48.16
5412,3,24,2025-11-25 11:31:59.351935,50,0.08,Completed,46.0
5413,208,43,2025-11-25 12:59:24.356435,95,0.1,Completed,85.5
5414,197,40,2025-11-25 14:26:49.360936,45,0.02,Cancelled,44.1
5415,341,6,2025-11-25 15:54:14.365436,89,0.09,Completed,80.99000000000001
5416,125,20,2025-11-25 17:21:39.369936,59,0.01,Completed,58.41
5417,138,11,2025-11-25 18:49:04.374437,39,0.22,Pending,30.42
5418,339,32,2025-11-25 20:16:29.378937,21,0.27,Completed,15.33
5419,25,27,2025-11-25 21:43:54.383438,55,0.19,Completed,44.550000000000004
5420,68,21,2025-11-25 23:11:19.387938,57,0.2,Completed,45.6
5421,61,44,2025-11-26 00:38:44.392439,41,0.14,Pending,35.26
5422,29,48,2025-11-26 02:06:09.396939,93,0.05,Completed,88.35
5423,383,50,2025-11-26 03:33:34.401440,70,0.0,Completed,70.0
5424,19,13,2025-11-26 05:00:59.405940,82,0.1,Completed,73.8
5425,171,22,2025-11-26 06:28:24.410441,49,0.23,Completed,37.730000000000004
5426,450,35,2025-11-26 07:55:49.414941,44,0.29,Completed,31.24
5427,74,47,2025-11-26 09:23:14.419441,35,0.13,Cancelled,30.45
5428,61,22,2025-11-26 10:50:39.423942,91,0.11,Completed,80.99
5429,427,28,2025-11-26 12:18:04.428442,5,0.13,Completed,4.35
5430,153,21,2025-11-26 13:45:29.432943,71,0.13,Completed,61.77
5431,276,46,2025-11-26 15:12:54.437443,74,0.19,Completed,59.940000000000005
5432,48,18,2025-11-26 16:40:19.441944,74,0.22,Completed,57.72
5433,211,31,2025-11-26 18:07:44.446444,51,0.24,Completed,38.76
5434,343,46,2025-11-26 19:35:09.450945,57,0.19,Completed,46.17
5435,408,37,2025-11-26 21:02:34.455445,58,0.13,Completed,50.46
5436,139,21,2025-11-26 22:29:59.459945,92,0.29,Completed,65.32
5437,110,14,2025-11-26 23:57:24.464446,36,0.21,Completed,28.44
5438,482,25,2025-11-27 01:24:49.468946,10,0.13,Completed,8.7
5439,183,27,2025-11-27 02:52:14.473447,50,0.13,Completed,43.5
5440,28,40,2025-11-27 04:19:39.477947,99,0.25,Completed,74.25
5441,197,23,2025-11-27 05:47:04.482448,99,0.13,Completed,86.13
5442,191,31,2025-11-27 07:14:29.486948,37,0.15,Completed,31.45
5443,315,47,2025-11-27 08:41:54.491449,20,0.09,Completed,18.2
5444,389,29,2025-11-27 10:09:19.495949,13,0.25,Completed,9.75
5445,51,47,2025-11-27 11:36:44.500450,75,0.16,Completed,63.0
5446,149,30,2025-11-27 13:04:09.504950,19,0.17,Completed,15.77
5447,268,26,2025-11-27 14:31:34.509450,92,0.26,Completed,68.08
5448,50,20,2025-11-27 15:58:59.513951,56,0.28,Completed,40.32
5449,388,38,2025-11-27 17:26:24.518451,45,0.25,Completed,33.75
5450,246,19,2025-11-27 18:53:49.522952,60,0.02,Pending,58.8
5451,113,27,2025-11-27 20:21:14.527452,68,0.13,Completed,59.16
5452,170,25,2025-11-27 21:48:39.531953,57,0.1,Completed,51.300000000000004
5453,468,40,2025-11-27 23:16:04.536453,54,0.06,Completed,50.76
5454,166,38,2025-11-28 00:43:29.540954,37,0.27,Completed,27.009999999999998
5455,409,23,2025-11-28 02:10:54.545454,83,0.27,Completed,60.589999999999996
5456,14,29,2025-11-28 03:38:19.549954,37,0.14,Completed,31.82
5457,203,15,2025-11-28 05:05:44.554455,14,0.04,Pending,13.44
5458,288,3,2025-11-28 06:33:09.558955,95,0.0,Completed,95.0
5459,395,10,2025-11-28 08:00:34.563456,92,0.13,Completed,80.04
5460,189,15,2025-11-28 09:27:59.567956,100,0.01,Completed,99.0
5461,402,16,2025-11-28 10:55:24.572457,44,0.18,Completed,36.080000000000005
5462,155,17,2025-11-28 12:22:49.576957,83,0.18,Completed,68.06
5463,55,19,2025-11-28 13:50:14.581458,42,0.27,Completed,30.66
5464,182,11,2025-11-28 15:17:39.585958,1,0.06,Completed,0.94
5465,210,48,2025-11-28 16:45:04.590459,23,0.11,Completed,20.47
5466,376,5,2025-11-28 18:12:29.594959,64,0.26,Pending,47.36
5467,471,5,2025-11-28 19:39:54.599459,28,0.14,Completed,24.08
5468,75,14,2025-11-28 21:07:19.603960,4,0.02,Completed,3.92
5469,277,50,2025-11-28 22:34:44.608460,41,0.03,Completed,39.769999999999996
5470,428,26,2025-11-29 00:02:09.612961,60,0.24,Completed,45.6
5471,133,8,2025-11-29 01:29:34.617461,18,0.22,Completed,14.040000000000001
5472,343,5,2025-11-29 02:56:59.621962,63,0.26,Completed,46.62
5473,425,7,2025-11-29 04:24:24.626462,61,0.04,Cancelled,58.559999999999995
5474,59,16,2025-11-29 05:51:49.630963,49,0.23,Completed,37.730000000000004
5475,345,14,2025-11-29 07:19:14.635463,47,0.2,Completed,37.6
5476,489,37,2025-11-29 08:46:39.639963,39,0.07,Pending,36.269999999999996
5477,182,41,2025-11-29 10:14:04.644464,89,0.29,Completed,63.19
5478,458,4,2025-11-29 11:41:29.648964,82,0.17,Completed,68.06
5479,406,36,2025-11-29 13:08:54.653465,6,0.27,Completed,4.38
5480,339,48,2025-11-29 14:36:19.657965,83,0.26,Completed,61.42
5481,321,17,2025-11-29 16:03:44.662466,53,0.1,Cancelled,47.7
5482,64,47,2025-11-29 17:31:09.666966,76,0.16,Completed,63.839999999999996
5483,327,36,2025-11-29 18:58:34.671467,25,0.13,Completed,21.75
5484,260,6,2025-11-29 20:25:59.675967,99,0.21,Completed,78.21000000000001
5485,193,16,2025-11-29 21:53:24.680468,65,0.18,Completed,53.300000000000004
5486,143,29,2025-11-29 23:20:49.684968,5,0.24,Completed,3.8
5487,104,36,2025-11-30 00:48:14.689468,65,0.0,Completed,65.0
5488,460,38,2025-11-30 02:15:39.693969,8,0.21,Completed,6.32
5489,406,37,2025-11-30 03:43:04.698469,39,0.1,Cancelled,35.1
5490,214,48,2025-11-30 05:10:29.702970,43,0.07,Completed,39.989999999999995
5491,242,48,2025-11-30 06:37:54.707470,82,0.24,Completed,62.32
5492,431,10,2025-11-30 08:05:19.711971,73,0.03,Pending,70.81
5493,209,41,2025-11-30 09:32:44.716471,5,0.07,Completed,4.6499999999999995
5494,93,36,2025-11-30 11:00:09.720972,4,0.06,Completed,3.76
5495,430,29,2025-11-30 12:27:34.725472,93,0.13,Completed,80.91
5496,142,14,2025-11-30 13:54:59.729972,1,0.1,Completed,0.9
5497,434,4,2025-11-30 15:22:24.734473,94,0.22,Completed,73.32000000000001
5498,404,44,2025-11-30 16:49:49.738973,56,0.21,Pending,44.24
5499,434,42,2025-11-30 18:17:14.743474,45,0.1,Completed,40.5
5500,112,36,2025-11-30 19:44:39.747974,65,0.13,Completed,56.55
5501,417,50,2025-11-30 21:12:04.752475,3,0.06,Completed,2.82
5502,375,45,2025-11-30 22:39:29.756975,22,0.2,Pending,17.6
5503,59,13,2025-12-01 00:06:54.761476,72,0.12,Completed,63.36
5504,43,46,2025-12-01 01:34:19.765976,56,0.04,Completed,53.76
5505,207,18,2025-12-01 03:01:44.770477,18,0.04,Completed,17.28
5506,268,33,2025-12-01 04:29:09.774977,25,0.1,Completed,22.5
5507,296,21,2025-12-01 05:56:34.779477,48,0.22,Completed,37.44
5508,118,16,2025-12-01 07:23:59.783978,84,0.01,Completed,83.16
5509,20,15,2025-12-01 08:51:24.788478,31,0.08,Completed,28.52
5510,222,5,2025-12-01 10:18:49.792979,30,0.05,Completed,28.5
5511,166,6,2025-12-01 11:46:14.797479,80,0.29,Completed,56.8
5512,131,38,2025-12-01 13:13:39.801980,66,0.21,Cancelled,52.14
5513,156,3,2025-12-01 14:41:04.806480,81,0.07,Completed,75.33
5514,184,48,2025-12-01 16:08:29.810981,10,0.06,Completed,9.399999999999999
5515,90,12,2025-12-01 17:35:54.815481,71,0.26,Pending,52.54
5516,94,36,2025-12-01 19:03:19.819981,59,0.06,Completed,55.459999999999994
5517,13,33,2025-12-01 20:30:44.824482,51,0.3,Completed,35.699999999999996
5518,461,36,2025-12-01 21:58:09.828982,9,0.08,Completed,8.280000000000001
5519,322,33,2025-12-01 23:25:34.833483,54,0.03,Cancelled,52.379999999999995
5520,293,31,2025-12-02 00:52:59.837983,62,0.21,Completed,48.980000000000004
5521,433,21,2025-12-02 02:20:24.842484,81,0.18,Completed,66.42
5522,230,27,2025-12-02 03:47:49.846984,9,0.3,Completed,6.3
5523,322,27,2025-12-02 05:15:14.851485,9,0.24,Completed,6.84
5524,292,8,2025-12-02 06:42:39.855985,24,0.13,Completed,20.88
5525,438,37,2025-12-02 08:10:04.860486,39,0.2,Cancelled,31.200000000000003
5526,26,32,2025-12-02 09:37:29.864986,75,0.25,Completed,56.25
5527,75,26,2025-12-02 11:04:54.869486,8,0.15,Completed,6.8
5528,456,2,2025-12-02 12:32:19.873987,25,0.08,Completed,23.0
5529,364,12,2025-12-02 13:59:44.878487,66,0.06,Completed,62.04
5530,424,22,2025-12-02 15:27:09.882988,10,0.09,Completed,9.1
5531,299,17,2025-12-02 16:54:34.887488,24,0.25,Completed,18.0
5532,150,7,2025-12-02 18:21:59.891989,80,0.11,Pending,71.2
5533,148,43,2025-12-02 19:49:24.896489,83,0.09,Completed,75.53
5534,8,4,2025-12-02 21:16:49.900990,59,0.24,Pending,44.84
5535,29,37,2025-12-02 22:44:14.905490,31,0.01,Completed,30.69
5536,296,38,2025-12-03 00:11:39.909990,11,0.18,Cancelled,9.020000000000001
5537,474,32,2025-12-03 01:39:04.914491,6,0.26,Pending,4.4399999999999995
5538,414,11,2025-12-03 03:06:29.918991,70,0.12,Completed,61.6
5539,209,1,2025-12-03 04:33:54.923492,32,0.08,Completed,29.44
5540,128,25,2025-12-03 06:01:19.927992,39,0.15,Pending,33.15
5541,340,42,2025-12-03 07:28:44.932493,48,0.22,Completed,37.44
5542,116,24,2025-12-03 08:56:09.936993,13,0.15,Completed,11.049999999999999
5543,439,43,2025-12-03 10:23:34.941494,59,0.0,Completed,59.0
5544,144,17,2025-12-03 11:50:59.945994,67,0.02,Completed,65.66
5545,430,8,2025-12-03 13:18:24.950495,56,0.22,Completed,43.68
5546,318,45,2025-12-03 14:45:49.954995,41,0.12,Completed,36.08
5547,235,27,2025-12-03 16:13:14.959495,56,0.24,Completed,42.56
5548,7,18,2025-12-03 17:40:39.963996,35,0.19,Completed,28.35
5549,464,27,2025-12-03 19:08:04.968496,38,0.17,Completed,31.54
5550,45,22,2025-12-03 20:35:29.972997,81,0.27,Pending,59.129999999999995
5551,443,16,2025-12-03 22:02:54.977497,67,0.01,Completed,66.33
5552,239,2,2025-12-03 23:30:19.981998,34,0.05,Completed,32.3
5553,440,5,2025-12-04 00:57:44.986498,76,0.19,Completed,61.56
5554,432,18,2025-12-04 02:25:09.990999,88,0.02,Completed,86.24
5555,155,3,2025-12-04 03:52:34.995499,70,0.19,Pending,56.7
5556,181,27,2025-12-04 05:19:59.999999,11,0.3,Completed,7.699999999999999
5557,215,17,2025-12-04 06:47:25.004500,27,0.26,Completed,19.98
5558,88,16,2025-12-04 08:14:50.009000,48,0.18,Completed,39.36
5559,256,6,2025-12-04 09:42:15.013501,24,0.27,Pending,17.52
5560,73,7,2025-12-04 11:09:40.018001,18,0.03,Completed,17.46
5561,419,50,2025-12-04 12:37:05.022502,27,0.14,Completed,23.22
5562,179,14,2025-12-04 14:04:30.027002,54,0.13,Completed,46.98
5563,212,38,2025-12-04 15:31:55.031503,55,0.1,Completed,49.5
5564,293,40,2025-12-04 16:59:20.036003,21,0.0,Completed,21.0
5565,234,15,2025-12-04 18:26:45.040504,59,0.27,Completed,43.07
5566,465,47,2025-12-04 19:54:10.045004,34,0.23,Completed,26.18
5567,239,47,2025-12-04 21:21:35.049504,97,0.2,Completed,77.60000000000001
5568,223,48,2025-12-04 22:49:00.054005,58,0.04,Completed,55.68
5569,119,33,2025-12-05 00:16:25.058505,48,0.11,Completed,42.72
5570,313,43,2025-12-05 01:43:50.063006,54,0.28,Completed,38.879999999999995
5571,264,27,2025-12-05 03:11:15.067506,18,0.19,Completed,14.580000000000002
5572,207,29,2025-12-05 04:38:40.072007,3,0.18,Completed,2.46
5573,95,37,2025-12-05 06:06:05.076507,24,0.27,Pending,17.52
5574,373,5,2025-12-05 07:33:30.081008,1,0.17,Completed,0.83
5575,222,29,2025-12-05 09:00:55.085508,6,0.18,Pending,4.92
5576,366,32,2025-12-05 10:28:20.090009,19,0.1,Completed,17.1
5577,276,6,2025-12-05 11:55:45.094509,86,0.11,Pending,76.54
5578,380,2,2025-12-05 13:23:10.099009,43,0.21,Completed,33.97
5579,231,6,2025-12-05 14:50:35.103510,8,0.1,Completed,7.2
5580,309,46,2025-12-05 16:18:00.108010,69,0.17,Completed,57.269999999999996
5581,119,43,2025-12-05 17:45:25.112511,52,0.08,Completed,47.84
5582,268,4,2025-12-05 19:12:50.117011,73,0.05,Completed,69.35
5583,433,29,2025-12-05 20:40:15.121512,47,0.14,Completed,40.42
5584,273,25,2025-12-05 22:07:40.126012,85,0.07,Completed,79.05
5585,64,9,2025-12-05 23:35:05.130513,28,0.27,Completed,20.439999999999998
5586,298,3,2025-12-06 01:02:30.135013,46,0.09,Completed,41.86
5587,350,26,2025-12-06 02:29:55.139513,4,0.18,Completed,3.2800000000000002
5588,413,48,2025-12-06 03:57:20.144014,88,0.08,Completed,80.96000000000001
5589,403,43,2025-12-06 05:24:45.148514,8,0.08,Cancelled,7.36
5590,494,27,2025-12-06 06:52:10.153015,61,0.11,Completed,54.29
5591,11,36,2025-12-06 08:19:35.157515,17,0.27,Completed,12.41
5592,98,32,2025-12-06 09:47:00.162016,34,0.12,Completed,29.92
5593,434,1,2025-12-06 11:14:25.166516,20,0.25,Completed,15.0
5594,71,16,2025-12-06 12:41:50.171017,80,0.06,Completed,75.19999999999999
5595,364,48,2025-12-06 14:09:15.175517,74,0.01,Completed,73.26
5596,58,11,2025-12-06 15:36:40.180018,34,0.23,Cancelled,26.18
5597,290,26,2025-12-06 17:04:05.184518,43,0.16,Completed,36.12
5598,251,40,2025-12-06 18:31:30.189018,10,0.15,Completed,8.5
5599,276,1,2025-12-06 19:58:55.193519,94,0.08,Completed,86.48
5600,50,26,2025-12-06 21:26:20.198019,30,0.02,Completed,29.4
5601,358,28,2025-12-06 22:53:45.202520,25,0.14,Completed,21.5
5602,216,9,2025-12-07 00:21:10.207020,57,0.26,Completed,42.18
5603,394,44,2025-12-07 01:48:35.211521,63,0.04,Completed,60.48
5604,416,22,2025-12-07 03:16:00.216021,71,0.28,Pending,51.12
5605,52,8,2025-12-07 04:43:25.220522,47,0.08,Completed,43.24
5606,271,49,2025-12-07 06:10:50.225022,84,0.16,Completed,70.56
5607,485,42,2025-12-07 07:38:15.229522,81,0.02,Cancelled,79.38
5608,84,27,2025-12-07 09:05:40.234023,3,0.13,Completed,2.61
5609,387,39,2025-12-07 10:33:05.238523,46,0.04,Completed,44.16
5610,293,19,2025-12-07 12:00:30.243024,36,0.01,Completed,35.64
5611,126,25,2025-12-07 13:27:55.247524,26,0.29,Completed,18.46
5612,296,38,2025-12-07 14:55:20.252025,10,0.22,Completed,7.800000000000001
5613,72,21,2025-12-07 16:22:45.256525,34,0.22,Pending,26.52
5614,296,24,2025-12-07 17:50:10.261026,78,0.03,Pending,75.66
5615,236,24,2025-12-07 19:17:35.265526,8,0.28,Completed,5.76
5616,56,19,2025-12-07 20:45:00.270027,55,0.14,Completed,47.3
5617,407,50,2025-12-07 22:12:25.274527,91,0.26,Completed,67.34
5618,360,47,2025-12-07 23:39:50.279027,10,0.0,Completed,10.0
5619,395,2,2025-12-08 01:07:15.283528,57,0.09,Completed,51.870000000000005
5620,110,14,2025-12-08 02:34:40.288028,79,0.3,Completed,55.3
5621,192,32,2025-12-08 04:02:05.292529,86,0.13,Completed,74.82
5622,392,42,2025-12-08 05:29:30.297029,45,0.27,Completed,32.85
5623,93,32,2025-12-08 06:56:55.301530,50,0.1,Completed,45.0
5624,350,28,2025-12-08 08:24:20.306030,64,0.16,Completed,53.76
5625,56,48,2025-12-08 09:51:45.310531,95,0.26,Completed,70.3
5626,60,39,2025-12-08 11:19:10.315031,2,0.18,Completed,1.6400000000000001
5627,138,40,2025-12-08 12:46:35.319531,45,0.22,Completed,35.1
5628,39,42,2025-12-08 14:14:00.324032,95,0.07,Completed,88.35
5629,28,47,2025-12-08 15:41:25.328532,62,0.05,Completed,58.9
5630,49,40,2025-12-08 17:08:50.333033,14,0.07,Completed,13.02
5631,420,13,2025-12-08 18:36:15.337533,74,0.15,Pending,62.9
5632,125,12,2025-12-08 20:03:40.342034,94,0.24,Completed,71.44
5633,13,8,2025-12-08 21:31:05.346534,100,0.11,Completed,89.0
5634,480,15,2025-12-08 22:58:30.351035,15,0.17,Completed,12.45
5635,36,26,2025-12-09 00:25:55.355535,14,0.24,Completed,10.64
5636,101,12,2025-12-09 01:53:20.360036,31,0.07,Completed,28.83
5637,282,43,2025-12-09 03:20:45.364536,29,0.26,Completed,21.46
5638,86,46,2025-12-09 04:48:10.369036,27,0.29,Completed,19.169999999999998
5639,4,27,2025-12-09 06:15:35.373537,85,0.01,Completed,84.15
5640,223,18,2025-12-09 07:43:00.378037,9,0.02,Completed,8.82
5641,338,45,2025-12-09 09:10:25.382538,20,0.03,Completed,19.4
5642,448,36,2025-12-09 10:37:50.387038,99,0.23,Completed,76.23
5643,166,49,2025-12-09 12:05:15.391539,58,0.06,Completed,54.519999999999996
5644,383,27,2025-12-09 13:32:40.396039,79,0.22,Completed,61.620000000000005
5645,344,9,2025-12-09 15:00:05.400540,88,0.13,Completed,76.56
5646,383,39,2025-12-09 16:27:30.405040,49,0.25,Completed,36.75
5647,376,1,2025-12-09 17:54:55.409540,57,0.24,Pending,43.32
5648,471,7,2025-12-09 19:22:20.414041,16,0.29,Pending,11.36
5649,278,26,2025-12-09 20:49:45.418541,100,0.08,Completed,92.0
5650,130,7,2025-12-09 22:17:10.423042,75,0.07,Completed,69.75
5651,31,7,2025-12-09 23:44:35.427542,8,0.01,Completed,7.92
5652,375,8,2025-12-10 01:12:00.432043,67,0.12,Completed,58.96
5653,11,16,2025-12-10 02:39:25.436543,19,0.14,Completed,16.34
5654,476,3,2025-12-10 04:06:50.441044,67,0.29,Pending,47.57
5655,302,45,2025-12-10 05:34:15.445544,36,0.25,Completed,27.0
5656,96,10,2025-12-10 07:01:40.450045,89,0.05,Pending,84.55
5657,190,50,2025-12-10 08:29:05.454545,60,0.24,Completed,45.6
5658,453,7,2025-12-10 09:56:30.459045,36,0.05,Completed,34.199999999999996
5659,192,21,2025-12-10 11:23:55.463546,11,0.02,Completed,10.78
5660,486,37,2025-12-10 12:51:20.468046,51,0.25,Completed,38.25
5661,266,31,2025-12-10 14:18:45.472547,80,0.29,Completed,56.8
5662,424,23,2025-12-10 15:46:10.477047,55,0.03,Pending,53.35
5663,128,27,2025-12-10 17:13:35.481548,54,0.24,Pending,41.04
5664,238,22,2025-12-10 18:41:00.486048,17,0.26,Completed,12.58
5665,408,39,2025-12-10 20:08:25.490549,62,0.04,Completed,59.519999999999996
5666,355,27,2025-12-10 21:35:50.495049,42,0.08,Completed,38.64
5667,428,49,2025-12-10 23:03:15.499549,24,0.22,Pending,18.72
5668,112,4,2025-12-11 00:30:40.504050,17,0.24,Completed,12.92
5669,316,24,2025-12-11 01:58:05.508550,48,0.11,Completed,42.72
5670,446,23,2025-12-11 03:25:30.513051,84,0.05,Completed,79.8
5671,343,48,2025-12-11 04:52:55.517551,86,0.19,Cancelled,69.66000000000001
5672,145,19,2025-12-11 06:20:20.522052,70,0.21,Completed,55.300000000000004
5673,65,42,2025-12-11 07:47:45.526552,7,0.15,Pending,5.95
5674,247,3,2025-12-11 09:15:10.531053,14,0.04,Completed,13.44
5675,223,27,2025-12-11 10:42:35.535553,11,0.25,Completed,8.25
5676,479,3,2025-12-11 12:10:00.540054,12,0.19,Completed,9.72
5677,490,28,2025-12-11 13:37:25.544554,5,0.26,Completed,3.7
5678,313,17,2025-12-11 15:04:50.549054,5,0.28,Completed,3.5999999999999996
5679,439,31,2025-12-11 16:32:15.553555,20,0.24,Completed,15.2
5680,106,10,2025-12-11 17:59:40.558055,54,0.29,Completed,38.339999999999996
5681,181,49,2025-12-11 19:27:05.562556,55,0.29,Completed,39.05
5682,184,22,2025-12-11 20:54:30.567056,58,0.19,Completed,46.980000000000004
5683,226,30,2025-12-11 22:21:55.571557,79,0.22,Completed,61.620000000000005
5684,265,49,2025-12-11 23:49:20.576057,90,0.21,Completed,71.10000000000001
5685,278,21,2025-12-12 01:16:45.580558,97,0.19,Completed,78.57000000000001
5686,397,36,2025-12-12 02:44:10.585058,30,0.01,Completed,29.7
5687,89,23,2025-12-12 04:11:35.589558,24,0.11,Completed,21.36
5688,176,38,2025-12-12 05:39:00.594059,87,0.03,Completed,84.39
5689,18,12,2025-12-12 07:06:25.598559,73,0.09,Completed,66.43
5690,371,25,2025-12-12 08:33:50.603060,3,0.02,Completed,2.94
5691,460,20,2025-12-12 10:01:15.607560,100,0.28,Completed,72.0
5692,424,49,2025-12-12 11:28:40.612061,48,0.14,Pending,41.28
5693,401,49,2025-12-12 12:56:05.616561,71,0.06,Pending,66.74
5694,399,42,2025-12-12 14:23:30.621062,22,0.18,Completed,18.040000000000003
5695,106,7,2025-12-12 15:50:55.625562,14,0.06,Completed,13.16
5696,271,29,2025-12-12 17:18:20.630063,48,0.24,Pending,36.480000000000004
5697,463,48,2025-12-12 18:45:45.634563,29,0.09,Completed,26.39
5698,319,29,2025-12-12 20:13:10.639063,50,0.09,Pending,45.5
5699,167,13,2025-12-12 21:40:35.643564,80,0.26,Pending,59.2
5700,13,3,2025-12-12 23:08:00.648064,98,0.17,Completed,81.33999999999999
5701,337,2,2025-12-13 00:35:25.652565,10,0.27,Completed,7.3
5702,32,16,2025-12-13 02:02:50.657065,71,0.12,Completed,62.48
5703,393,30,2025-12-13 03:30:15.661566,89,0.1,Completed,80.10000000000001
5704,40,38,2025-12-13 04:57:40.666066,27,0.15,Pending,22.95
5705,148,6,2025-12-13 06:25:05.670567,79,0.02,Cancelled,77.42
5706,218,45,2025-12-13 07:52:30.675067,96,0.05,Pending,91.19999999999999
5707,219,7,2025-12-13 09:19:55.679567,28,0.07,Completed,26.04
5708,469,5,2025-12-13 10:47:20.684068,9,0.25,Pending,6.75
5709,82,7,2025-12-13 12:14:45.688568,71,0.22,Pending,55.38
5710,333,34,2025-12-13 13:42:10.693069,80,0.06,Pending,75.19999999999999
5711,208,32,2025-12-13 15:09:35.697569,26,0.08,Pending,23.92
5712,201,49,2025-12-13 16:37:00.702070,99,0.28,Completed,71.28
5713,447,13,2025-12-13 18:04:25.706570,81,0.03,Completed,78.57
5714,332,30,2025-12-13 19:31:50.711071,87,0.16,Completed,73.08
5715,428,25,2025-12-13 20:59:15.715571,8,0.16,Completed,6.72
5716,38,21,2025-12-13 22:26:40.720072,2,0.22,Completed,1.56
5717,211,21,2025-12-13 23:54:05.724572,95,0.08,Completed,87.4
5718,444,28,2025-12-14 01:21:30.729072,57,0.28,Completed,41.04
5719,327,48,2025-12-14 02:48:55.733573,52,0.12,Completed,45.76
5720,249,20,2025-12-14 04:16:20.738073,58,0.09,Cancelled,52.78
5721,227,34,2025-12-14 05:43:45.742574,96,0.1,Completed,86.4
5722,48,5,2025-12-14 07:11:10.747074,93,0.1,Completed,83.7
5723,18,18,2025-12-14 08:38:35.751575,3,0.06,Completed,2.82
5724,400,39,2025-12-14 10:06:00.756075,8,0.28,Completed,5.76
5725,439,43,2025-12-14 11:33:25.760576,59,0.05,Completed,56.05
5726,295,11,2025-12-14 13:00:50.765076,2,0.26,Completed,1.48
5727,196,17,2025-12-14 14:28:15.769576,95,0.12,Completed,83.6
5728,187,48,2025-12-14 15:55:40.774077,62,0.08,Pending,57.04
5729,345,45,2025-12-14 17:23:05.778577,49,0.06,Completed,46.059999999999995
5730,224,22,2025-12-14 18:50:30.783078,20,0.15,Pending,17.0
5731,318,37,2025-12-14 20:17:55.787578,29,0.2,Pending,23.200000000000003
5732,488,20,2025-12-14 21:45:20.792079,17,0.27,Pending,12.41
5733,397,48,2025-12-14 23:12:45.796579,74,0.2,Completed,59.2
5734,365,48,2025-12-15 00:40:10.801080,22,0.15,Completed,18.7
5735,337,48,2025-12-15 02:07:35.805580,6,0.01,Completed,5.9399999999999995
5736,497,46,2025-12-15 03:35:00.810081,62,0.27,Completed,45.26
5737,229,6,2025-12-15 05:02:25.814581,98,0.27,Completed,71.53999999999999
5738,390,34,2025-12-15 06:29:50.819081,31,0.11,Completed,27.59
5739,467,14,2025-12-15 07:57:15.823582,62,0.01,Completed,61.38
5740,77,48,2025-12-15 09:24:40.828082,12,0.22,Completed,9.36
5741,188,23,2025-12-15 10:52:05.832583,12,0.24,Pending,9.120000000000001
5742,346,20,2025-12-15 12:19:30.837083,63,0.16,Completed,52.919999999999995
5743,270,13,2025-12-15 13:46:55.841584,16,0.12,Completed,14.08
5744,95,47,2025-12-15 15:14:20.846084,25,0.26,Pending,18.5
5745,310,44,2025-12-15 16:41:45.850585,22,0.06,Pending,20.68
5746,132,41,2025-12-15 18:09:10.855085,91,0.13,Completed,79.17
5747,39,32,2025-12-15 19:36:35.859585,88,0.01,Completed,87.12
5748,72,26,2025-12-15 21:04:00.864086,76,0.05,Completed,72.2
5749,281,50,2025-12-15 22:31:25.868586,18,0.28,Pending,12.959999999999999
5750,333,14,2025-12-15 23:58:50.873087,45,0.17,Completed,37.35
5751,160,36,2025-12-16 01:26:15.877587,80,0.24,Completed,60.8
5752,187,8,2025-12-16 02:53:40.882088,68,0.15,Completed,57.8
5753,486,40,2025-12-16 04:21:05.886588,12,0.25,Completed,9.0
5754,191,22,2025-12-16 05:48:30.891089,49,0.16,Completed,41.16
5755,422,22,2025-12-16 07:15:55.895589,33,0.0,Completed,33.0
5756,120,16,2025-12-16 08:43:20.900090,86,0.27,Completed,62.78
5757,220,27,2025-12-16 10:10:45.904590,63,0.04,Completed,60.48
5758,53,10,2025-12-16 11:38:10.909090,18,0.14,Completed,15.48
5759,222,25,2025-12-16 13:05:35.913591,54,0.14,Pending,46.44
5760,451,31,2025-12-16 14:33:00.918091,97,0.01,Pending,96.03
5761,412,21,2025-12-16 16:00:25.922592,27,0.02,Completed,26.46
5762,131,27,2025-12-16 17:27:50.927092,83,0.23,Completed,63.910000000000004
5763,237,17,2025-12-16 18:55:15.931593,78,0.09,Pending,70.98
5764,246,33,2025-12-16 20:22:40.936093,25,0.12,Pending,22.0
5765,226,31,2025-12-16 21:50:05.940594,34,0.17,Completed,28.22
5766,208,50,2025-12-16 23:17:30.945094,88,0.11,Completed,78.32000000000001
5767,406,42,2025-12-17 00:44:55.949594,60,0.23,Completed,46.2
5768,96,26,2025-12-17 02:12:20.954095,54,0.27,Completed,39.42
5769,422,21,2025-12-17 03:39:45.958595,87,0.02,Completed,85.26
5770,200,36,2025-12-17 05:07:10.963096,5,0.19,Pending,4.050000000000001
5771,247,1,2025-12-17 06:34:35.967596,36,0.1,Completed,32.4
5772,72,4,2025-12-17 08:02:00.972097,54,0.17,Completed,44.82
5773,318,4,2025-12-17 09:29:25.976597,88,0.15,Completed,74.8
5774,185,26,2025-12-17 10:56:50.981098,36,0.1,Completed,32.4
5775,6,4,2025-12-17 12:24:15.985598,69,0.03,Completed,66.92999999999999
5776,206,49,2025-12-17 13:51:40.990099,39,0.17,Completed,32.37
5777,32,9,2025-12-17 15:19:05.994599,70,0.03,Completed,67.89999999999999
5778,99,30,2025-12-17 16:46:30.999099,100,0.05,Completed,95.0
5779,394,45,2025-12-17 18:13:56.003600,4,0.29,Completed,2.84
5780,387,4,2025-12-17 19:41:21.008100,74,0.1,Completed,66.60000000000001
5781,256,5,2025-12-17 21:08:46.012601,65,0.18,Completed,53.300000000000004
5782,187,45,2025-12-17 22:36:11.017101,85,0.08,Completed,78.2
5783,76,23,2025-12-18 00:03:36.021602,40,0.26,Completed,29.6
5784,177,16,2025-12-18 01:31:01.026102,37,0.09,Completed,33.67
5785,315,22,2025-12-18 02:58:26.030603,67,0.11,Completed,59.63
5786,287,37,2025-12-18 04:25:51.035103,31,0.18,Completed,25.42
5787,349,8,2025-12-18 05:53:16.039603,91,0.26,Completed,67.34
5788,255,48,2025-12-18 07:20:41.044104,81,0.24,Completed,61.56
5789,325,33,2025-12-18 08:48:06.048604,87,0.08,Completed,80.04
5790,190,38,2025-12-18 10:15:31.053105,77,0.25,Completed,57.75
5791,308,43,2025-12-18 11:42:56.057605,47,0.21,Completed,37.13
5792,345,16,2025-12-18 13:10:21.062106,27,0.3,Completed,18.9
5793,127,5,2025-12-18 14:37:46.066606,51,0.28,Completed,36.72
5794,425,16,2025-12-18 16:05:11.071107,20,0.16,Completed,16.8
5795,287,7,2025-12-18 17:32:36.075607,13,0.22,Completed,10.14
5796,254,1,2025-12-18 19:00:01.080108,63,0.17,Completed,52.29
5797,213,9,2025-12-18 20:27:26.084608,44,0.18,Completed,36.080000000000005
5798,250,18,2025-12-18 21:54:51.089108,24,0.03,Completed,23.28
5799,84,45,2025-12-18 23:22:16.093609,3,0.0,Completed,3.0
5800,487,47,2025-12-19 00:49:41.098109,10,0.01,Pending,9.9
5801,383,3,2025-12-19 02:17:06.102610,65,0.29,Pending,46.15
5802,406,24,2025-12-19 03:44:31.107110,49,0.04,Completed,47.04
5803,388,28,2025-12-19 05:11:56.111611,58,0.01,Completed,57.42
5804,13,10,2025-12-19 06:39:21.116111,77,0.09,Completed,70.07000000000001
5805,45,9,2025-12-19 08:06:46.120612,78,0.18,Pending,63.96000000000001
5806,127,13,2025-12-19 09:34:11.125112,97,0.28,Completed,69.84
5807,426,48,2025-12-19 11:01:36.129612,2,0.21,Completed,1.58
5808,114,35,2025-12-19 12:29:01.134113,66,0.08,Pending,60.720000000000006
5809,433,23,2025-12-19 13:56:26.138613,31,0.28,Completed,22.32
5810,276,47,2025-12-19 15:23:51.143114,68,0.01,Completed,67.32
5811,500,17,2025-12-19 16:51:16.147614,98,0.29,Completed,69.58
5812,205,46,2025-12-19 18:18:41.152115,83,0.02,Pending,81.34
5813,337,7,2025-12-19 19:46:06.156615,37,0.23,Cancelled,28.490000000000002
5814,438,16,2025-12-19 21:13:31.161116,73,0.01,Completed,72.27
5815,420,40,2025-12-19 22:40:56.165616,24,0.28,Completed,17.28
5816,481,36,2025-12-20 00:08:21.170117,77,0.03,Completed,74.69
5817,385,20,2025-12-20 01:35:46.174617,44,0.02,Completed,43.12
5818,399,24,2025-12-20 03:03:11.179117,94,0.27,Completed,68.62
5819,461,47,2025-12-20 04:30:36.183618,83,0.03,Completed,80.50999999999999
5820,273,5,2025-12-20 05:58:01.188118,41,0.24,Completed,31.16
5821,408,45,2025-12-20 07:25:26.192619,74,0.22,Completed,57.72
5822,58,6,2025-12-20 08:52:51.197119,51,0.18,Completed,41.82
5823,328,28,2025-12-20 10:20:16.201620,42,0.11,Completed,37.38
5824,498,5,2025-12-20 11:47:41.206120,78,0.27,Pending,56.94
5825,219,49,2025-12-20 13:15:06.210621,40,0.26,Completed,29.6
5826,109,39,2025-12-20 14:42:31.215121,48,0.13,Completed,41.76
5827,279,38,2025-12-20 16:09:56.219621,84,0.07,Completed,78.11999999999999
5828,174,2,2025-12-20 17:37:21.224122,4,0.08,Completed,3.68
5829,328,43,2025-12-20 19:04:46.228622,60,0.07,Completed,55.8
5830,264,39,2025-12-20 20:32:11.233123,39,0.16,Completed,32.76
5831,315,21,2025-12-20 21:59:36.237623,5,0.26,Pending,3.7
5832,474,40,2025-12-20 23:27:01.242124,96,0.23,Pending,73.92
5833,111,37,2025-12-21 00:54:26.246624,6,0.24,Completed,4.5600000000000005
5834,187,18,2025-12-21 02:21:51.251125,14,0.13,Completed,12.18
5835,269,48,2025-12-21 03:49:16.255625,70,0.1,Completed,63.0
5836,423,46,2025-12-21 05:16:41.260126,78,0.23,Pending,60.06
5837,229,12,2025-12-21 06:44:06.264626,12,0.24,Completed,9.120000000000001
5838,497,17,2025-12-21 08:11:31.269126,62,0.21,Cancelled,48.980000000000004
5839,156,37,2025-12-21 09:38:56.273627,27,0.01,Completed,26.73
5840,473,46,2025-12-21 11:06:21.278127,54,0.18,Completed,44.28
5841,189,38,2025-12-21 12:33:46.282628,90,0.1,Completed,81.0
5842,272,15,2025-12-21 14:01:11.287128,12,0.06,Completed,11.28
5843,375,7,2025-12-21 15:28:36.291629,8,0.21,Completed,6.32
5844,2,14,2025-12-21 16:56:01.296129,74,0.08,Completed,68.08
5845,246,50,2025-12-21 18:23:26.300630,16,0.27,Completed,11.68
5846,210,1,2025-12-21 19:50:51.305130,52,0.09,Completed,47.32
5847,401,38,2025-12-21 21:18:16.309630,26,0.17,Completed,21.58
5848,286,3,2025-12-21 22:45:41.314131,8,0.25,Completed,6.0
5849,359,37,2025-12-22 00:13:06.318631,45,0.12,Completed,39.6
5850,13,44,2025-12-22 01:40:31.323132,93,0.25,Completed,69.75
5851,96,31,2025-12-22 03:07:56.327632,84,0.22,Completed,65.52
5852,498,43,2025-12-22 04:35:21.332133,81,0.28,Completed,58.32
5853,221,13,2025-12-22 06:02:46.336633,19,0.1,Completed,17.1
5854,238,48,2025-12-22 07:30:11.341134,17,0.03,Completed,16.49
5855,94,18,2025-12-22 08:57:36.345634,65,0.13,Completed,56.55
5856,338,17,2025-12-22 10:25:01.350135,29,0.24,Pending,22.04
5857,269,17,2025-12-22 11:52:26.354635,14,0.14,Completed,12.04
5858,171,11,2025-12-22 13:19:51.359135,17,0.08,Cancelled,15.64
5859,469,20,2025-12-22 14:47:16.363636,13,0.01,Completed,12.87
5860,94,10,2025-12-22 16:14:41.368136,93,0.09,Pending,84.63000000000001
5861,149,29,2025-12-22 17:42:06.372637,98,0.21,Completed,77.42
5862,112,48,2025-12-22 19:09:31.377137,91,0.04,Completed,87.36
5863,55,34,2025-12-22 20:36:56.381638,63,0.1,Completed,56.7
5864,337,17,2025-12-22 22:04:21.386138,33,0.01,Completed,32.67
5865,424,42,2025-12-22 23:31:46.390639,29,0.22,Pending,22.62
5866,467,13,2025-12-23 00:59:11.395139,37,0.26,Completed,27.38
5867,116,44,2025-12-23 02:26:36.399639,83,0.17,Completed,68.89
5868,143,47,2025-12-23 03:54:01.404140,46,0.01,Completed,45.54
5869,201,39,2025-12-23 05:21:26.408640,24,0.07,Completed,22.32
5870,180,27,2025-12-23 06:48:51.413141,14,0.13,Cancelled,12.18
5871,202,26,2025-12-23 08:16:16.417641,5,0.18,Completed,4.1000000000000005
5872,364,28,2025-12-23 09:43:41.422142,53,0.15,Completed,45.05
5873,479,13,2025-12-23 11:11:06.426642,88,0.27,Completed,64.24
5874,53,12,2025-12-23 12:38:31.431143,98,0.28,Completed,70.56
5875,471,44,2025-12-23 14:05:56.435643,95,0.03,Completed,92.14999999999999
5876,384,28,2025-12-23 15:33:21.440144,30,0.04,Completed,28.799999999999997
5877,180,2,2025-12-23 17:00:46.444644,60,0.11,Completed,53.4
5878,414,37,2025-12-23 18:28:11.449144,73,0.13,Completed,63.51
5879,417,34,2025-12-23 19:55:36.453645,91,0.18,Completed,74.62
5880,313,23,2025-12-23 21:23:01.458145,28,0.23,Completed,21.560000000000002
5881,308,45,2025-12-23 22:50:26.462646,26,0.04,Completed,24.96
5882,137,29,2025-12-24 00:17:51.467146,18,0.24,Pending,13.68
5883,182,35,2025-12-24 01:45:16.471647,36,0.18,Completed,29.520000000000003
5884,367,11,2025-12-24 03:12:41.476147,8,0.29,Completed,5.68
5885,1,48,2025-12-24 04:40:06.480648,18,0.2,Pending,14.4
5886,44,33,2025-12-24 06:07:31.485148,84,0.21,Completed,66.36
5887,227,11,2025-12-24 07:34:56.489648,58,0.06,Completed,54.519999999999996
5888,331,9,2025-12-24 09:02:21.494149,32,0.23,Completed,24.64
5889,98,14,2025-12-24 10:29:46.498649,93,0.02,Pending,91.14
5890,208,9,2025-12-24 11:57:11.503150,49,0.2,Completed,39.2
5891,265,39,2025-12-24 13:24:36.507650,48,0.02,Completed,47.04
5892,288,48,2025-12-24 14:52:01.512151,82,0.03,Pending,79.53999999999999
5893,271,3,2025-12-24 16:19:26.516651,71,0.03,Completed,68.87
5894,140,29,2025-12-24 17:46:51.521152,65,0.02,Completed,63.699999999999996
5895,481,19,2025-12-24 19:14:16.525652,92,0.1,Completed,82.8
5896,237,36,2025-12-24 20:41:41.530153,33,0.3,Completed,23.099999999999998
5897,462,32,2025-12-24 22:09:06.534653,50,0.1,Completed,45.0
5898,441,7,2025-12-24 23:36:31.539153,4,0.23,Completed,3.08
5899,392,28,2025-12-25 01:03:56.543654,84,0.04,Completed,80.64
5900,72,44,2025-12-25 02:31:21.548154,36,0.14,Pending,30.96
5901,155,18,2025-12-25 03:58:46.552655,95,0.06,Completed,89.3
5902,190,5,2025-12-25 05:26:11.557155,28,0.06,Completed,26.32
5903,268,23,2025-12-25 06:53:36.561656,3,0.03,Completed,2.91
5904,321,22,2025-12-25 08:21:01.566156,6,0.13,Cancelled,5.22
5905,107,26,2025-12-25 09:48:26.570657,45,0.02,Completed,44.1
5906,232,42,2025-12-25 11:15:51.575157,23,0.27,Completed,16.79
5907,42,12,2025-12-25 12:43:16.579657,7,0.13,Completed,6.09
5908,190,40,2025-12-25 14:10:41.584158,61,0.25,Completed,45.75
5909,371,19,2025-12-25 15:38:06.588658,100,0.29,Completed,71.0
5910,139,47,2025-12-25 17:05:31.593159,65,0.2,Pending,52.0
5911,103,1,2025-12-25 18:32:56.597659,6,0.27,Completed,4.38
5912,171,3,2025-12-25 20:00:21.602160,24,0.04,Pending,23.04
5913,351,27,2025-12-25 21:27:46.606660,37,0.25,Completed,27.75
5914,273,18,2025-12-25 22:55:11.611161,45,0.08,Pending,41.4
5915,481,50,2025-12-26 00:22:36.615661,51,0.14,Completed,43.86
5916,416,30,2025-12-26 01:50:01.620162,100,0.19,Completed,81.0
5917,221,2,2025-12-26 03:17:26.624662,88,0.27,Completed,64.24
5918,213,5,2025-12-26 04:44:51.629162,45,0.27,Completed,32.85
5919,341,29,2025-12-26 06:12:16.633663,63,0.03,Completed,61.11
5920,424,33,2025-12-26 07:39:41.638163,29,0.11,Completed,25.81
5921,407,42,2025-12-26 09:07:06.642664,96,0.24,Completed,72.96000000000001
5922,56,20,2025-12-26 10:34:31.647164,25,0.21,Pending,19.75
5923,390,30,2025-12-26 12:01:56.651665,10,0.01,Completed,9.9
5924,342,42,2025-12-26 13:29:21.656165,35,0.13,Completed,30.45
5925,434,5,2025-12-26 14:56:46.660666,55,0.25,Completed,41.25
5926,102,50,2025-12-26 16:24:11.665166,25,0.22,Completed,19.5
5927,421,21,2025-12-26 17:51:36.669666,91,0.12,Completed,80.08
5928,493,15,2025-12-26 19:19:01.674167,45,0.22,Completed,35.1
5929,192,20,2025-12-26 20:46:26.678667,96,0.17,Completed,79.67999999999999
5930,499,8,2025-12-26 22:13:51.683168,12,0.27,Completed,8.76
5931,310,49,2025-12-26 23:41:16.687668,4,0.18,Completed,3.2800000000000002
5932,200,31,2025-12-27 01:08:41.692169,90,0.12,Completed,79.2
5933,233,12,2025-12-27 02:36:06.696669,67,0.26,Completed,49.58
5934,433,21,2025-12-27 04:03:31.701170,17,0.01,Cancelled,16.83
5935,227,30,2025-12-27 05:30:56.705670,73,0.27,Completed,53.29
5936,371,27,2025-12-27 06:58:21.710171,93,0.21,Completed,73.47
5937,139,44,2025-12-27 08:25:46.714671,65,0.28,Pending,46.8
5938,344,26,2025-12-27 09:53:11.719171,82,0.08,Completed,75.44
5939,305,33,2025-12-27 11:20:36.723672,53,0.21,Completed,41.870000000000005
5940,149,26,2025-12-27 12:48:01.728172,84,0.24,Completed,63.84
5941,115,26,2025-12-27 14:15:26.732673,57,0.21,Completed,45.03
5942,450,36,2025-12-27 15:42:51.737173,98,0.06,Pending,92.11999999999999
5943,63,40,2025-12-27 17:10:16.741674,28,0.08,Completed,25.76
5944,104,1,2025-12-27 18:37:41.746174,99,0.17,Completed,82.17
5945,339,15,2025-12-27 20:05:06.750675,16,0.13,Pending,13.92
5946,359,50,2025-12-27 21:32:31.755175,21,0.22,Completed,16.38
5947,156,1,2025-12-27 22:59:56.759675,77,0.11,Completed,68.53
5948,273,11,2025-12-28 00:27:21.764176,99,0.26,Cancelled,73.26
5949,6,2,2025-12-28 01:54:46.768676,42,0.13,Completed,36.54
5950,147,1,2025-12-28 03:22:11.773177,54,0.01,Completed,53.46
5951,184,31,2025-12-28 04:49:36.777677,32,0.01,Completed,31.68
5952,486,44,2025-12-28 06:17:01.782178,38,0.19,Cancelled,30.78
5953,28,16,2025-12-28 07:44:26.786678,70,0.16,Completed,58.8
5954,450,22,2025-12-28 09:11:51.791179,38,0.16,Completed,31.919999999999998
5955,38,42,2025-12-28 10:39:16.795679,54,0.24,Completed,41.04
5956,119,18,2025-12-28 12:06:41.800180,60,0.11,Completed,53.4
5957,293,47,2025-12-28 13:34:06.804680,77,0.3,Completed,53.9
5958,371,17,2025-12-28 15:01:31.809180,77,0.28,Pending,55.44
5959,244,30,2025-12-28 16:28:56.813681,47,0.0,Completed,47.0
5960,68,10,2025-12-28 17:56:21.818181,12,0.27,Pending,8.76
5961,214,35,2025-12-28 19:23:46.822682,53,0.2,Completed,42.400000000000006
5962,218,21,2025-12-28 20:51:11.827182,33,0.15,Completed,28.05
5963,177,16,2025-12-28 22:18:36.831683,28,0.17,Completed,23.24
5964,299,6,2025-12-28 23:46:01.836183,3,0.25,Pending,2.25
5965,164,3,2025-12-29 01:13:26.840684,82,0.29,Cancelled,58.22
5966,58,41,2025-12-29 02:40:51.845184,26,0.17,Pending,21.58
5967,269,43,2025-12-29 04:08:16.849684,54,0.05,Completed,51.3
5968,308,21,2025-12-29 05:35:41.854185,40,0.19,Completed,32.400000000000006
5969,58,13,2025-12-29 07:03:06.858685,66,0.02,Completed,64.67999999999999
5970,288,18,2025-12-29 08:30:31.863186,68,0.19,Completed,55.080000000000005
5971,465,24,2025-12-29 09:57:56.867686,92,0.24,Completed,69.92
5972,105,27,2025-12-29 11:25:21.872187,92,0.11,Completed,81.88
5973,228,4,2025-12-29 12:52:46.876687,89,0.02,Completed,87.22
5974,247,22,2025-12-29 14:20:11.881188,90,0.21,Completed,71.10000000000001
5975,188,24,2025-12-29 15:47:36.885688,47,0.1,Completed,42.300000000000004
5976,494,40,2025-12-29 17:15:01.890189,2,0.07,Completed,1.8599999999999999
5977,83,45,2025-12-29 18:42:26.894689,42,0.21,Completed,33.18
5978,186,10,2025-12-29 20:09:51.899189,34,0.29,Completed,24.14
5979,252,2,2025-12-29 21:37:16.903690,94,0.22,Completed,73.32000000000001
5980,355,40,2025-12-29 23:04:41.908190,21,0.15,Completed,17.849999999999998
5981,238,6,2025-12-30 00:32:06.912691,44,0.18,Completed,36.080000000000005
5982,360,48,2025-12-30 01:59:31.917191,87,0.04,Completed,83.52
5983,184,18,2025-12-30 03:26:56.921692,97,0.24,Completed,73.72
5984,284,17,2025-12-30 04:54:21.926192,2,0.18,Completed,1.6400000000000001
5985,385,38,2025-12-30 06:21:46.930693,91,0.29,Completed,64.61
5986,426,45,2025-12-30 07:49:11.935193,59,0.29,Completed,41.89
5987,210,23,2025-12-30 09:16:36.939693,86,0.11,Completed,76.54
5988,304,46,2025-12-30 10:44:01.944194,98,0.3,Completed,68.6
5989,296,30,2025-12-30 12:11:26.948694,16,0.29,Completed,11.36
5990,97,21,2025-12-30 13:38:51.953195,20,0.19,Completed,16.200000000000003
5991,447,10,2025-12-30 15:06:16.957695,26,0.1,Completed,23.400000000000002
5992,460,43,2025-12-30 16:33:41.962196,16,0.23,Completed,12.32
5993,456,13,2025-12-30 18:01:06.966696,70,0.08,Completed,64.4
5994,472,12,2025-12-30 19:28:31.971197,23,0.19,Completed,18.630000000000003
5995,208,9,2025-12-30 20:55:56.975697,42,0.01,Completed,41.58
5996,370,4,2025-12-30 22:23:21.980198,37,0.19,Completed,29.970000000000002
5997,388,39,2025-12-30 23:50:46.984698,72,0.29,Completed,51.12
5998,422,24,2025-12-31 01:18:11.989198,6,0.07,Completed,5.58
5999,492,34,2025-12-31 02:45:36.993699,37,0.23,Pending,28.490000000000002
6000,411,39,2025-12-31 04:13:01.998199,22,0.09,Pending,20.02
6001,137,41,2025-12-31 05:40:27.002700,6,0.21,Pending,4.74
6002,367,5,2025-12-31 07:07:52.007200,32,0.21,Completed,25.28
6003,400,15,2025-12-31 08:35:17.011701,17,0.06,Pending,15.979999999999999
6004,184,50,2025-12-31 10:02:42.016201,38,0.18,Pending,31.160000000000004
6005,76,4,2025-12-31 11:30:07.020702,17,0.26,Cancelled,12.58
6006,287,39,2025-12-31 12:57:32.025202,37,0.11,Cancelled,32.93
6007,472,8,2025-12-31 14:24:57.029702,23,0.21,Completed,18.17
6008,375,49,2025-12-31 15:52:22.034203,49,0.2,Completed,39.2
6009,142,45,2025-12-31 17:19:47.038703,61,0.08,Completed,56.120000000000005
6010,237,24,2025-12-31 18:47:12.043204,49,0.28,Completed,35.28
6011,25,28,2025-12-31 20:14:37.047704,61,0.17,Pending,50.629999999999995
6012,290,43,2025-12-31 21:42:02.052205,77,0.11,Completed,68.53
6013,67,27,2025-12-31 23:09:27.056705,32,0.05,Completed,30.4
6014,250,1,2026-01-01 00:36:52.061206,86,0.14,Completed,73.96
6015,408,34,2026-01-01 02:04:17.065706,63,0.22,Completed,49.14
6016,118,17,2026-01-01 03:31:42.070207,7,0.19,Completed,5.67
6017,490,37,2026-01-01 04:59:07.074707,22,0.22,Completed,17.16
6018,73,38,2026-01-01 06:26:32.079207,85,0.24,Completed,64.6
6019,282,26,2026-01-01 07:53:57.083708,6,0.13,Pending,5.22
6020,404,24,2026-01-01 09:21:22.088208,61,0.16,Completed,51.239999999999995
6021,448,39,2026-01-01 10:48:47.092709,14,0.3,Pending,9.799999999999999
6022,360,21,2026-01-01 12:16:12.097209,16,0.29,Completed,11.36
6023,10,30,2026-01-01 13:43:37.101710,3,0.12,Completed,2.64
6024,211,47,2026-01-01 15:11:02.106210,9,0.21,Completed,7.11
6025,323,48,2026-01-01 16:38:27.110711,47,0.08,Completed,43.24
6026,152,13,2026-01-01 18:05:52.115211,85,0.05,Cancelled,80.75
6027,5,37,2026-01-01 19:33:17.119711,94,0.23,Pending,72.38
6028,195,3,2026-01-01 21:00:42.124212,94,0.13,Completed,81.78
6029,442,32,2026-01-01 22:28:07.128712,42,0.05,Completed,39.9
6030,283,35,2026-01-01 23:55:32.133213,42,0.23,Completed,32.34
6031,464,19,2026-01-02 01:22:57.137713,96,0.27,Completed,70.08
6032,113,14,2026-01-02 02:50:22.142214,23,0.28,Completed,16.56
6033,271,48,2026-01-02 04:17:47.146714,3,0.18,Completed,2.46
6034,163,22,2026-01-02 05:45:12.151215,1,0.14,Completed,0.86
6035,460,17,2026-01-02 07:12:37.155715,67,0.04,Completed,64.32
6036,105,4,2026-01-02 08:40:02.160216,71,0.24,Completed,53.96
6037,181,45,2026-01-02 10:07:27.164716,3,0.28,Completed,2.16
6038,44,40,2026-01-02 11:34:52.169216,100,0.27,Completed,73.0
6039,282,19,2026-01-02 13:02:17.173717,49,0.23,Cancelled,37.730000000000004
6040,175,37,2026-01-02 14:29:42.178217,67,0.0,Completed,67.0
6041,162,2,2026-01-02 15:57:07.182718,55,0.12,Completed,48.4
6042,471,15,2026-01-02 17:24:32.187218,4,0.12,Completed,3.52
6043,351,2,2026-01-02 18:51:57.191719,31,0.27,Completed,22.63
6044,434,11,2026-01-02 20:19:22.196219,66,0.02,Completed,64.67999999999999
6045,340,45,2026-01-02 21:46:47.200720,78,0.16,Pending,65.52
6046,140,23,2026-01-02 23:14:12.205220,64,0.04,Pending,61.44
6047,471,10,2026-01-03 00:41:37.209720,31,0.2,Completed,24.8
6048,132,3,2026-01-03 02:09:02.214221,63,0.24,Completed,47.88
6049,87,5,2026-01-03 03:36:27.218721,66,0.19,Completed,53.46
6050,176,3,2026-01-03 05:03:52.223222,31,0.24,Completed,23.56
6051,183,38,2026-01-03 06:31:17.227722,47,0.18,Completed,38.540000000000006
6052,368,13,2026-01-03 07:58:42.232223,22,0.06,Completed,20.68
6053,129,42,2026-01-03 09:26:07.236723,74,0.11,Completed,65.86
6054,246,19,2026-01-03 10:53:32.241224,94,0.29,Pending,66.74
6055,89,40,2026-01-03 12:20:57.245724,97,0.09,Completed,88.27
6056,66,50,2026-01-03 13:48:22.250225,83,0.02,Completed,81.34
6057,158,35,2026-01-03 15:15:47.254725,46,0.12,Completed,40.48
6058,387,24,2026-01-03 16:43:12.259225,89,0.11,Completed,79.21000000000001
6059,378,24,2026-01-03 18:10:37.263726,58,0.14,Completed,49.88
6060,149,17,2026-01-03 19:38:02.268226,61,0.17,Completed,50.629999999999995
6061,473,40,2026-01-03 21:05:27.272727,46,0.3,Pending,32.199999999999996
6062,340,10,2026-01-03 22:32:52.277227,1,0.23,Pending,0.77
6063,433,2,2026-01-04 00:00:17.281728,96,0.01,Pending,95.03999999999999
6064,116,44,2026-01-04 01:27:42.286228,25,0.21,Completed,19.75
6065,214,23,2026-01-04 02:55:07.290729,61,0.25,Completed,45.75
6066,469,6,2026-01-04 04:22:32.295229,81,0.27,Completed,59.129999999999995
6067,446,2,2026-01-04 05:49:57.299729,14,0.13,Completed,12.18
6068,481,21,2026-01-04 07:17:22.304230,45,0.09,Completed,40.95
6069,372,35,2026-01-04 08:44:47.308730,77,0.25,Completed,57.75
6070,294,49,2026-01-04 10:12:12.313231,39,0.23,Completed,30.03
6071,253,29,2026-01-04 11:39:37.317731,66,0.16,Pending,55.44
6072,143,7,2026-01-04 13:07:02.322232,32,0.04,Completed,30.72
6073,250,29,2026-01-04 14:34:27.326732,96,0.2,Completed,76.80000000000001
6074,366,37,2026-01-04 16:01:52.331233,58,0.02,Completed,56.839999999999996
6075,436,23,2026-01-04 17:29:17.335733,56,0.03,Pending,54.32
6076,463,33,2026-01-04 18:56:42.340234,6,0.1,Completed,5.4
6077,302,8,2026-01-04 20:24:07.344734,89,0.11,Cancelled,79.21000000000001
6078,25,12,2026-01-04 21:51:32.349234,67,0.14,Completed,57.62
6079,277,46,2026-01-04 23:18:57.353735,82,0.1,Pending,73.8
6080,472,48,2026-01-05 00:46:22.358235,50,0.01,Completed,49.5
6081,377,10,2026-01-05 02:13:47.362736,38,0.05,Completed,36.1
6082,378,15,2026-01-05 03:41:12.367236,3,0.03,Completed,2.91
6083,389,24,2026-01-05 05:08:37.371737,5,0.13,Completed,4.35
6084,70,26,2026-01-05 06:36:02.376237,24,0.06,Cancelled,22.56
6085,113,47,2026-01-05 08:03:27.380738,54,0.09,Completed,49.14
6086,363,42,2026-01-05 09:30:52.385238,34,0.14,Completed,29.24
6087,112,39,2026-01-05 10:58:17.389738,39,0.07,Completed,36.269999999999996
6088,364,3,2026-01-05 12:25:42.394239,88,0.07,Completed,81.83999999999999
6089,303,2,2026-01-05 13:53:07.398739,100,0.25,Completed,75.0
6090,471,6,2026-01-05 15:20:32.403240,92,0.16,Completed,77.28
6091,452,21,2026-01-05 16:47:57.407740,48,0.26,Pending,35.519999999999996
6092,91,9,2026-01-05 18:15:22.412241,49,0.15,Pending,41.65
6093,18,10,2026-01-05 19:42:47.416741,34,0.27,Pending,24.82
6094,149,36,2026-01-05 21:10:12.421242,80,0.08,Completed,73.60000000000001
6095,476,3,2026-01-05 22:37:37.425742,100,0.19,Completed,81.0
6096,227,41,2026-01-06 00:05:02.430243,7,0.15,Completed,5.95
6097,214,24,2026-01-06 01:32:27.434743,18,0.28,Completed,12.959999999999999
6098,360,22,2026-01-06 02:59:52.439243,70,0.13,Completed,60.9
6099,151,49,2026-01-06 04:27:17.443744,92,0.26,Pending,68.08
6100,192,14,2026-01-06 05:54:42.448244,34,0.17,Completed,28.22
6101,451,42,2026-01-06 07:22:07.452745,51,0.21,Completed,40.29
6102,40,45,2026-01-06 08:49:32.457245,93,0.27,Pending,67.89
6103,242,44,2026-01-06 10:16:57.461746,68,0.3,Cancelled,47.599999999999994
6104,138,27,2026-01-06 11:44:22.466246,14,0.22,Completed,10.92
6105,345,33,2026-01-06 13:11:47.470747,69,0.09,Completed,62.79
6106,180,22,2026-01-06 14:39:12.475247,89,0.09,Completed,80.99000000000001
6107,497,29,2026-01-06 16:06:37.479747,8,0.09,Completed,7.28
6108,200,19,2026-01-06 17:34:02.484248,15,0.03,Cancelled,14.549999999999999
6109,203,19,2026-01-06 19:01:27.488748,83,0.02,Completed,81.34
6110,61,6,2026-01-06 20:28:52.493249,59,0.17,Pending,48.97
6111,192,45,2026-01-06 21:56:17.497749,11,0.24,Pending,8.36
6112,5,19,2026-01-06 23:23:42.502250,20,0.01,Pending,19.8
6113,378,13,2026-01-07 00:51:07.506750,55,0.17,Completed,45.65
6114,237,26,2026-01-07 02:18:32.511251,36,0.11,Completed,32.04
6115,181,22,2026-01-07 03:45:57.515751,82,0.27,Completed,59.86
6116,311,21,2026-01-07 05:13:22.520252,14,0.04,Pending,13.44
6117,37,36,2026-01-07 06:40:47.524752,58,0.17,Cancelled,48.14
6118,56,2,2026-01-07 08:08:12.529252,38,0.29,Completed,26.979999999999997
6119,443,47,2026-01-07 09:35:37.533753,89,0.1,Completed,80.10000000000001
6120,237,44,2026-01-07 11:03:02.538253,80,0.22,Completed,62.400000000000006
6121,358,30,2026-01-07 12:30:27.542754,82,0.26,Completed,60.68
6122,349,27,2026-01-07 13:57:52.547254,1,0.06,Completed,0.94
6123,197,7,2026-01-07 15:25:17.551755,65,0.3,Completed,45.5
6124,73,20,2026-01-07 16:52:42.556255,1,0.24,Completed,0.76
6125,59,50,2026-01-07 18:20:07.560756,85,0.04,Completed,81.6
6126,240,31,2026-01-07 19:47:32.565256,60,0.09,Completed,54.6
6127,2,23,2026-01-07 21:14:57.569756,25,0.19,Completed,20.25
6128,449,13,2026-01-07 22:42:22.574257,91,0.27,Completed,66.42999999999999
6129,360,17,2026-01-08 00:09:47.578757,10,0.06,Completed,9.399999999999999
6130,188,4,2026-01-08 01:37:12.583258,50,0.22,Cancelled,39.0
6131,307,14,2026-01-08 03:04:37.587758,12,0.08,Pending,11.040000000000001
6132,30,20,2026-01-08 04:32:02.592259,92,0.24,Pending,69.92
6133,267,13,2026-01-08 05:59:27.596759,32,0.21,Completed,25.28
6134,476,3,2026-01-08 07:26:52.601260,33,0.16,Completed,27.72
6135,108,26,2026-01-08 08:54:17.605760,72,0.19,Pending,58.32000000000001
6136,332,26,2026-01-08 10:21:42.610261,26,0.26,Completed,19.24
6137,423,18,2026-01-08 11:49:07.614761,42,0.12,Completed,36.96
6138,90,32,2026-01-08 13:16:32.619261,50,0.23,Completed,38.5
6139,205,14,2026-01-08 14:43:57.623762,61,0.05,Completed,57.949999999999996
6140,379,47,2026-01-08 16:11:22.628262,41,0.21,Pending,32.39
6141,456,3,2026-01-08 17:38:47.632763,57,0.23,Pending,43.89
6142,447,1,2026-01-08 19:06:12.637263,2,0.13,Cancelled,1.74
6143,448,26,2026-01-08 20:33:37.641764,99,0.24,Pending,75.24
6144,445,24,2026-01-08 22:01:02.646264,98,0.17,Completed,81.33999999999999
6145,381,49,2026-01-08 23:28:27.650765,70,0.28,Completed,50.4
6146,438,35,2026-01-09 00:55:52.655265,31,0.03,Completed,30.07
6147,220,14,2026-01-09 02:23:17.659765,23,0.04,Completed,22.08
6148,378,3,2026-01-09 03:50:42.664266,76,0.25,Completed,57.0
6149,94,13,2026-01-09 05:18:07.668766,54,0.25,Pending,40.5
6150,457,47,2026-01-09 06:45:32.673267,28,0.14,Completed,24.08
6151,103,50,2026-01-09 08:12:57.677767,79,0.29,Completed,56.089999999999996
6152,223,14,2026-01-09 09:40:22.682268,19,0.2,Completed,15.200000000000001
6153,186,21,2026-01-09 11:07:47.686768,76,0.29,Completed,53.959999999999994
6154,469,26,2026-01-09 12:35:12.691269,48,0.16,Completed,40.32
6155,184,3,2026-01-09 14:02:37.695769,2,0.06,Pending,1.88
6156,495,40,2026-01-09 15:30:02.700270,11,0.13,Completed,9.57
6157,162,4,2026-01-09 16:57:27.704770,44,0.29,Completed,31.24
6158,247,36,2026-01-09 18:24:52.709270,59,0.11,Completed,52.51
6159,31,43,2026-01-09 19:52:17.713771,59,0.29,Pending,41.89
6160,52,1,2026-01-09 21:19:42.718271,38,0.24,Completed,28.88
6161,345,40,2026-01-09 22:47:07.722772,25,0.13,Pending,21.75
6162,76,47,2026-01-10 00:14:32.727272,21,0.16,Pending,17.64
6163,385,33,2026-01-10 01:41:57.731773,42,0.18,Completed,34.440000000000005
6164,439,7,2026-01-10 03:09:22.736273,36,0.2,Cancelled,28.8
6165,278,11,2026-01-10 04:36:47.740774,9,0.02,Cancelled,8.82
6166,40,27,2026-01-10 06:04:12.745274,12,0.28,Completed,8.64
6167,101,14,2026-01-10 07:31:37.749774,10,0.18,Completed,8.200000000000001
6168,111,22,2026-01-10 08:59:02.754275,59,0.28,Pending,42.48
6169,385,16,2026-01-10 10:26:27.758775,5,0.19,Completed,4.050000000000001
6170,321,46,2026-01-10 11:53:52.763276,33,0.13,Pending,28.71
6171,249,12,2026-01-10 13:21:17.767776,69,0.17,Completed,57.269999999999996
6172,191,49,2026-01-10 14:48:42.772277,80,0.25,Pending,60.0
6173,490,46,2026-01-10 16:16:07.776777,63,0.1,Completed,56.7
6174,182,10,2026-01-10 17:43:32.781278,29,0.29,Completed,20.59
6175,426,24,2026-01-10 19:10:57.785778,18,0.14,Pending,15.48
6176,405,46,2026-01-10 20:38:22.790279,93,0.29,Completed,66.03
6177,335,18,2026-01-10 22:05:47.794779,6,0.26,Completed,4.4399999999999995
6178,209,22,2026-01-10 23:33:12.799279,53,0.23,Completed,40.81
6179,22,9,2026-01-11 01:00:37.803780,82,0.14,Completed,70.52
6180,166,17,2026-01-11 02:28:02.808280,32,0.18,Completed,26.240000000000002
6181,99,38,2026-01-11 03:55:27.812781,42,0.25,Completed,31.5
6182,493,40,2026-01-11 05:22:52.817281,47,0.16,Completed,39.48
6183,208,13,2026-01-11 06:50:17.821782,31,0.22,Completed,24.18
6184,8,50,2026-01-11 08:17:42.826282,62,0.24,Completed,47.12
6185,190,37,2026-01-11 09:45:07.830783,56,0.15,Completed,47.6
6186,175,6,2026-01-11 11:12:32.835283,11,0.16,Completed,9.24
6187,273,21,2026-01-11 12:39:57.839783,26,0.06,Completed,24.439999999999998
6188,17,36,2026-01-11 14:07:22.844284,92,0.07,Completed,85.55999999999999
6189,90,7,2026-01-11 15:34:47.848784,27,0.27,Completed,19.71
6190,141,36,2026-01-11 17:02:12.853285,83,0.25,Completed,62.25
6191,145,25,2026-01-11 18:29:37.857785,57,0.0,Completed,57.0
6192,166,11,2026-01-11 19:57:02.862286,27,0.26,Completed,19.98
6193,337,44,2026-01-11 21:24:27.866786,59,0.01,Completed,58.41
6194,496,14,2026-01-11 22:51:52.871287,62,0.14,Pending,53.32
6195,78,45,2026-01-12 00:19:17.875787,20,0.02,Completed,19.6
6196,429,29,2026-01-12 01:46:42.880288,3,0.29,Completed,2.13
6197,262,10,2026-01-12 03:14:07.884788,16,0.29,Completed,11.36
6198,163,50,2026-01-12 04:41:32.889288,44,0.18,Cancelled,36.080000000000005
6199,366,48,2026-01-12 06:08:57.893789,93,0.12,Completed,81.84
6200,14,5,2026-01-12 07:36:22.898289,79,0.15,Completed,67.14999999999999
6201,239,8,2026-01-12 09:03:47.902790,30,0.23,Pending,23.1
6202,72,46,2026-01-12 10:31:12.907290,40,0.07,Completed,37.199999999999996
6203,445,5,2026-01-12 11:58:37.911791,65,0.13,Completed,56.55
6204,143,24,2026-01-12 13:26:02.916291,29,0.22,Completed,22.62
6205,310,40,2026-01-12 14:53:27.920792,30,0.12,Completed,26.4
6206,283,26,2026-01-12 16:20:52.925292,32,0.01,Completed,31.68
6207,269,6,2026-01-12 17:48:17.929792,10,0.15,Completed,8.5
6208,241,16,2026-01-12 19:15:42.934293,91,0.22,Completed,70.98
6209,415,36,2026-01-12 20:43:07.938793,51,0.29,Pending,36.21
6210,245,12,2026-01-12 22:10:32.943294,8,0.01,Completed,7.92
6211,163,11,2026-01-12 23:37:57.947794,51,0.16,Completed,42.839999999999996
6212,60,3,2026-01-13 01:05:22.952295,36,0.13,Completed,31.32
6213,6,44,2026-01-13 02:32:47.956795,55,0.07,Pending,51.15
6214,197,37,2026-01-13 04:00:12.961296,35,0.19,Cancelled,28.35
6215,470,6,2026-01-13 05:27:37.965796,36,0.05,Completed,34.199999999999996
6216,58,19,2026-01-13 06:55:02.970297,56,0.09,Completed,50.96
6217,305,18,2026-01-13 08:22:27.974797,36,0.23,Completed,27.72
6218,407,16,2026-01-13 09:49:52.979297,89,0.14,Completed,76.53999999999999
6219,217,23,2026-01-13 11:17:17.983798,84,0.3,Completed,58.8
6220,418,43,2026-01-13 12:44:42.988298,61,0.12,Pending,53.68
6221,26,37,2026-01-13 14:12:07.992799,62,0.14,Completed,53.32
6222,303,9,2026-01-13 15:39:32.997299,81,0.09,Pending,73.71000000000001
6223,5,3,2026-01-13 17:06:58.001800,87,0.07,Completed,80.91
6224,474,8,2026-01-13 18:34:23.006300,25,0.28,Completed,18.0
6225,20,38,2026-01-13 20:01:48.010801,64,0.22,Completed,49.92
6226,390,4,2026-01-13 21:29:13.015301,60,0.1,Completed,54.0
6227,198,12,2026-01-13 22:56:38.019801,57,0.21,Completed,45.03
6228,59,44,2026-01-14 00:24:03.024302,95,0.29,Completed,67.45
6229,448,31,2026-01-14 01:51:28.028802,70,0.02,Completed,68.6
6230,242,25,2026-01-14 03:18:53.033303,99,0.08,Completed,91.08
6231,146,16,2026-01-14 04:46:18.037803,52,0.06,Completed,48.879999999999995
6232,388,42,2026-01-14 06:13:43.042304,56,0.26,Completed,41.44
6233,273,14,2026-01-14 07:41:08.046804,63,0.05,Completed,59.849999999999994
6234,249,13,2026-01-14 09:08:33.051305,68,0.09,Completed,61.88
6235,14,41,2026-01-14 10:35:58.055805,20,0.16,Completed,16.8
6236,462,7,2026-01-14 12:03:23.060306,54,0.19,Completed,43.74
6237,13,12,2026-01-14 13:30:48.064806,1,0.24,Completed,0.76
6238,391,37,2026-01-14 14:58:13.069306,90,0.12,Pending,79.2
6239,384,50,2026-01-14 16:25:38.073807,98,0.16,Completed,82.32
6240,44,4,2026-01-14 17:53:03.078307,10,0.29,Completed,7.1
6241,375,2,2026-01-14 19:20:28.082808,23,0.09,Completed,20.93
6242,399,35,2026-01-14 20:47:53.087308,51,0.07,Completed,47.43
6243,19,44,2026-01-14 22:15:18.091809,24,0.21,Completed,18.96
6244,63,3,2026-01-14 23:42:43.096309,13,0.23,Completed,10.01
6245,491,4,2026-01-15 01:10:08.100810,29,0.12,Completed,25.52
6246,239,38,2026-01-15 02:37:33.105310,58,0.06,Pending,54.519999999999996
6247,492,12,2026-01-15 04:04:58.109810,91,0.23,Completed,70.07000000000001
6248,419,19,2026-01-15 05:32:23.114311,95,0.2,Completed,76.0
6249,337,10,2026-01-15 06:59:48.118811,43,0.26,Completed,31.82
6250,419,1,2026-01-15 08:27:13.123312,10,0.25,Completed,7.5
6251,403,17,2026-01-15 09:54:38.127812,31,0.06,Completed,29.139999999999997
6252,404,16,2026-01-15 11:22:03.132313,74,0.25,Completed,55.5
6253,100,9,2026-01-15 12:49:28.136813,88,0.05,Completed,83.6
6254,163,9,2026-01-15 14:16:53.141314,97,0.26,Completed,71.78
6255,416,9,2026-01-15 15:44:18.145814,14,0.23,Completed,10.780000000000001
6256,122,12,2026-01-15 17:11:43.150315,99,0.17,Completed,82.17
6257,432,41,2026-01-15 18:39:08.154815,34,0.19,Completed,27.540000000000003
6258,44,15,2026-01-15 20:06:33.159315,17,0.03,Completed,16.49
6259,360,2,2026-01-15 21:33:58.163816,21,0.01,Completed,20.79
6260,408,11,2026-01-15 23:01:23.168316,96,0.1,Completed,86.4
6261,317,11,2026-01-16 00:28:48.172817,67,0.25,Completed,50.25
6262,381,8,2026-01-16 01:56:13.177317,58,0.14,Cancelled,49.88
6263,145,32,2026-01-16 03:23:38.181818,79,0.07,Completed,73.47
6264,327,6,2026-01-16 04:51:03.186318,8,0.25,Completed,6.0
6265,363,20,2026-01-16 06:18:28.190819,96,0.07,Completed,89.28
6266,50,39,2026-01-16 07:45:53.195319,38,0.24,Completed,28.88
6267,65,35,2026-01-16 09:13:18.199819,26,0.14,Completed,22.36
6268,355,8,2026-01-16 10:40:43.204320,64,0.14,Completed,55.04
6269,288,50,2026-01-16 12:08:08.208820,30,0.08,Completed,27.6
6270,164,49,2026-01-16 13:35:33.213321,9,0.27,Completed,6.57
6271,141,43,2026-01-16 15:02:58.217821,32,0.03,Cancelled,31.04
6272,454,34,2026-01-16 16:30:23.222322,11,0.04,Completed,10.559999999999999
6273,314,19,2026-01-16 17:57:48.226822,86,0.19,Completed,69.66000000000001
6274,128,7,2026-01-16 19:25:13.231323,34,0.26,Completed,25.16
6275,398,31,2026-01-16 20:52:38.235823,18,0.03,Completed,17.46
6276,421,18,2026-01-16 22:20:03.240324,19,0.22,Completed,14.82
6277,368,40,2026-01-16 23:47:28.244824,54,0.22,Pending,42.120000000000005
6278,463,14,2026-01-17 01:14:53.249324,82,0.17,Completed,68.06
6279,239,39,2026-01-17 02:42:18.253825,37,0.15,Completed,31.45
6280,324,36,2026-01-17 04:09:43.258325,82,0.1,Completed,73.8
6281,296,17,2026-01-17 05:37:08.262826,12,0.11,Completed,10.68
6282,187,37,2026-01-17 07:04:33.267326,4,0.2,Completed,3.2
6283,208,44,2026-01-17 08:31:58.271827,43,0.02,Completed,42.14
6284,220,9,2026-01-17 09:59:23.276327,27,0.18,Completed,22.14
6285,400,20,2026-01-17 11:26:48.280828,51,0.08,Completed,46.92
6286,190,45,2026-01-17 12:54:13.285328,5,0.14,Pending,4.3
6287,388,28,2026-01-17 14:21:38.289828,6,0.17,Completed,4.9799999999999995
6288,429,50,2026-01-17 15:49:03.294329,77,0.27,Completed,56.21
6289,346,20,2026-01-17 17:16:28.298829,87,0.17,Completed,72.21
6290,284,41,2026-01-17 18:43:53.303330,56,0.07,Completed,52.08
6291,352,36,2026-01-17 20:11:18.307830,89,0.02,Completed,87.22
6292,237,27,2026-01-17 21:38:43.312331,68,0.19,Completed,55.080000000000005
6293,194,8,2026-01-17 23:06:08.316831,96,0.16,Completed,80.64
6294,287,32,2026-01-18 00:33:33.321332,44,0.2,Completed,35.2
6295,259,1,2026-01-18 02:00:58.325832,15,0.14,Completed,12.9
6296,246,17,2026-01-18 03:28:23.330333,90,0.25,Completed,67.5
6297,136,9,2026-01-18 04:55:48.334833,42,0.28,Completed,30.24
6298,280,20,2026-01-18 06:23:13.339333,11,0.01,Completed,10.89
6299,271,45,2026-01-18 07:50:38.343834,73,0.22,Completed,56.940000000000005
6300,171,32,2026-01-18 09:18:03.348334,11,0.01,Completed,10.89
6301,159,2,2026-01-18 10:45:28.352835,66,0.13,Completed,57.42
6302,201,32,2026-01-18 12:12:53.357335,27,0.14,Completed,23.22
6303,487,45,2026-01-18 13:40:18.361836,58,0.21,Cancelled,45.82
6304,45,9,2026-01-18 15:07:43.366336,90,0.11,Completed,80.1
6305,450,30,2026-01-18 16:35:08.370837,72,0.25,Pending,54.0
6306,264,20,2026-01-18 18:02:33.375337,21,0.1,Completed,18.900000000000002
6307,71,38,2026-01-18 19:29:58.379837,21,0.1,Completed,18.900000000000002
6308,364,1,2026-01-18 20:57:23.384338,72,0.07,Pending,66.96
6309,371,5,2026-01-18 22:24:48.388838,1,0.21,Completed,0.79
6310,103,35,2026-01-18 23:52:13.393339,58,0.02,Pending,56.839999999999996
6311,490,36,2026-01-19 01:19:38.397839,13,0.11,Completed,11.57
6312,125,1,2026-01-19 02:47:03.402340,73,0.08,Completed,67.16
6313,313,14,2026-01-19 04:14:28.406840,92,0.07,Completed,85.55999999999999
6314,464,9,2026-01-19 05:41:53.411341,6,0.02,Pending,5.88
6315,483,30,2026-01-19 07:09:18.415841,87,0.06,Pending,81.78
6316,286,24,2026-01-19 08:36:43.420342,100,0.13,Completed,87.0
6317,458,4,2026-01-19 10:04:08.424842,58,0.15,Completed,49.3
6318,230,50,2026-01-19 11:31:33.429342,17,0.08,Pending,15.64
6319,146,14,2026-01-19 12:58:58.433843,73,0.2,Completed,58.400000000000006
6320,370,25,2026-01-19 14:26:23.438343,12,0.1,Completed,10.8
6321,197,4,2026-01-19 15:53:48.442844,86,0.11,Pending,76.54
6322,373,25,2026-01-19 17:21:13.447344,52,0.23,Completed,40.04
6323,221,10,2026-01-19 18:48:38.451845,76,0.17,Completed,63.08
6324,423,35,2026-01-19 20:16:03.456345,70,0.29,Pending,49.699999999999996
6325,60,7,2026-01-19 21:43:28.460846,73,0.11,Completed,64.97
6326,98,42,2026-01-19 23:10:53.465346,52,0.25,Completed,39.0
6327,171,13,2026-01-20 00:38:18.469846,37,0.22,Completed,28.86
6328,382,4,2026-01-20 02:05:43.474347,3,0.27,Completed,2.19
6329,173,50,2026-01-20 03:33:08.478847,98,0.29,Completed,69.58
6330,151,43,2026-01-20 05:00:33.483348,8,0.0,Completed,8.0
6331,453,36,2026-01-20 06:27:58.487848,10,0.03,Cancelled,9.7
6332,350,14,2026-01-20 07:55:23.492349,47,0.2,Completed,37.6
6333,390,18,2026-01-20 09:22:48.496849,41,0.12,Completed,36.08
6334,440,8,2026-01-20 10:50:13.501350,64,0.25,Completed,48.0
6335,122,32,2026-01-20 12:17:38.505850,42,0.0,Completed,42.0
6336,494,27,2026-01-20 13:45:03.510351,43,0.24,Completed,32.68
6337,108,42,2026-01-20 15:12:28.514851,9,0.04,Cancelled,8.64
6338,4,37,2026-01-20 16:39:53.519351,14,0.09,Pending,12.74
6339,93,23,2026-01-20 18:07:18.523852,91,0.29,Completed,64.61
6340,407,7,2026-01-20 19:34:43.528352,96,0.02,Completed,94.08
6341,6,12,2026-01-20 21:02:08.532853,4,0.1,Pending,3.6
6342,288,25,2026-01-20 22:29:33.537353,2,0.03,Completed,1.94
6343,106,3,2026-01-20 23:56:58.541854,97,0.26,Completed,71.78
6344,146,26,2026-01-21 01:24:23.546354,85,0.21,Completed,67.15
6345,271,4,2026-01-21 02:51:48.550855,1,0.24,Completed,0.76
6346,424,42,2026-01-21 04:19:13.555355,75,0.16,Completed,63.0
6347,378,36,2026-01-21 05:46:38.559855,65,0.11,Completed,57.85
6348,96,15,2026-01-21 07:14:03.564356,46,0.0,Pending,46.0
6349,457,32,2026-01-21 08:41:28.568856,59,0.08,Completed,54.28
6350,229,29,2026-01-21 10:08:53.573357,75,0.15,Completed,63.75
6351,202,10,2026-01-21 11:36:18.577857,7,0.2,Completed,5.6000000000000005
6352,212,21,2026-01-21 13:03:43.582358,66,0.07,Completed,61.379999999999995
6353,6,16,2026-01-21 14:31:08.586858,15,0.04,Completed,14.399999999999999
6354,112,47,2026-01-21 15:58:33.591359,72,0.06,Completed,67.67999999999999
6355,376,19,2026-01-21 17:25:58.595859,47,0.11,Completed,41.83
6356,379,29,2026-01-21 18:53:23.600360,90,0.04,Cancelled,86.39999999999999
6357,447,18,2026-01-21 20:20:48.604860,40,0.05,Completed,38.0
6358,323,44,2026-01-21 21:48:13.609360,42,0.01,Completed,41.58
6359,106,16,2026-01-21 23:15:38.613861,51,0.26,Completed,37.74
6360,139,1,2026-01-22 00:43:03.618361,35,0.07,Completed,32.55
6361,299,48,2026-01-22 02:10:28.622862,41,0.25,Completed,30.75
6362,401,2,2026-01-22 03:37:53.627362,85,0.13,Completed,73.95
6363,96,15,2026-01-22 05:05:18.631863,57,0.19,Completed,46.17
6364,388,39,2026-01-22 06:32:43.636363,38,0.02,Completed,37.24
6365,447,28,2026-01-22 08:00:08.640864,72,0.18,Pending,59.040000000000006
6366,452,1,2026-01-22 09:27:33.645364,96,0.09,Completed,87.36
6367,337,5,2026-01-22 10:54:58.649864,8,0.03,Completed,7.76
6368,297,42,2026-01-22 12:22:23.654365,74,0.27,Completed,54.019999999999996
6369,467,22,2026-01-22 13:49:48.658865,63,0.18,Completed,51.660000000000004
6370,389,36,2026-01-22 15:17:13.663366,87,0.07,Completed,80.91
6371,416,46,2026-01-22 16:44:38.667866,4,0.13,Completed,3.48
6372,214,13,2026-01-22 18:12:03.672367,48,0.11,Completed,42.72
6373,454,1,2026-01-22 19:39:28.676867,52,0.21,Pending,41.08
6374,291,16,2026-01-22 21:06:53.681368,38,0.18,Completed,31.160000000000004
6375,22,41,2026-01-22 22:34:18.685868,94,0.01,Completed,93.06
6376,193,22,2026-01-23 00:01:43.690369,87,0.06,Completed,81.78
6377,468,32,2026-01-23 01:29:08.694869,5,0.14,Completed,4.3
6378,150,16,2026-01-23 02:56:33.699369,85,0.13,Completed,73.95
6379,368,15,2026-01-23 04:23:58.703870,70,0.16,Completed,58.8
6380,247,46,2026-01-23 05:51:23.708370,81,0.21,Completed,63.99
6381,267,42,2026-01-23 07:18:48.712871,89,0.2,Cancelled,71.2
6382,461,12,2026-01-23 08:46:13.717371,24,0.11,Pending,21.36
6383,251,1,2026-01-23 10:13:38.721872,86,0.26,Pending,63.64
6384,490,17,2026-01-23 11:41:03.726372,77,0.02,Completed,75.46
6385,3,41,2026-01-23 13:08:28.730873,17,0.18,Completed,13.940000000000001
6386,393,50,2026-01-23 14:35:53.735373,78,0.28,Completed,56.16
6387,316,28,2026-01-23 16:03:18.739873,98,0.16,Completed,82.32
6388,76,7,2026-01-23 17:30:43.744374,90,0.14,Pending,77.4
6389,87,9,2026-01-23 18:58:08.748874,83,0.04,Completed,79.67999999999999
6390,270,22,2026-01-23 20:25:33.753375,26,0.24,Pending,19.76
6391,225,26,2026-01-23 21:52:58.757875,3,0.11,Completed,2.67
6392,18,12,2026-01-23 23:20:23.762376,2,0.21,Completed,1.58
6393,113,7,2026-01-24 00:47:48.766876,92,0.06,Completed,86.47999999999999
6394,251,46,2026-01-24 02:15:13.771377,2,0.01,Completed,1.98
6395,233,47,2026-01-24 03:42:38.775877,22,0.09,Completed,20.02
6396,329,15,2026-01-24 05:10:03.780378,71,0.08,Pending,65.32000000000001
6397,279,38,2026-01-24 06:37:28.784878,4,0.26,Completed,2.96
6398,202,21,2026-01-24 08:04:53.789378,38,0.26,Completed,28.12
6399,83,14,2026-01-24 09:32:18.793879,84,0.16,Pending,70.56
6400,125,2,2026-01-24 10:59:43.798379,70,0.01,Completed,69.3
6401,175,8,2026-01-24 12:27:08.802880,73,0.07,Completed,67.89
6402,69,45,2026-01-24 13:54:33.807380,52,0.19,Completed,42.120000000000005
6403,47,6,2026-01-24 15:21:58.811881,31,0.03,Completed,30.07
6404,372,37,2026-01-24 16:49:23.816381,26,0.21,Completed,20.54
6405,256,37,2026-01-24 18:16:48.820882,36,0.0,Pending,36.0
6406,215,33,2026-01-24 19:44:13.825382,26,0.2,Cancelled,20.8
6407,30,41,2026-01-24 21:11:38.829882,28,0.25,Pending,21.0
6408,281,6,2026-01-24 22:39:03.834383,5,0.14,Completed,4.3
6409,412,26,2026-01-25 00:06:28.838883,74,0.25,Completed,55.5
6410,482,39,2026-01-25 01:33:53.843384,18,0.23,Completed,13.86
6411,237,41,2026-01-25 03:01:18.847884,15,0.2,Completed,12.0
6412,248,37,2026-01-25 04:28:43.852385,57,0.13,Completed,49.589999999999996
6413,368,14,2026-01-25 05:56:08.856885,97,0.08,Cancelled,89.24000000000001
6414,495,37,2026-01-25 07:23:33.861386,5,0.26,Completed,3.7
6415,25,8,2026-01-25 08:50:58.865886,37,0.19,Completed,29.970000000000002
6416,74,39,2026-01-25 10:18:23.870387,86,0.24,Completed,65.36
6417,206,13,2026-01-25 11:45:48.874887,86,0.17,Completed,71.38
6418,490,13,2026-01-25 13:13:13.879387,22,0.05,Completed,20.9
6419,494,40,2026-01-25 14:40:38.883888,52,0.29,Completed,36.92
6420,314,43,2026-01-25 16:08:03.888388,15,0.05,Completed,14.25
6421,94,28,2026-01-25 17:35:28.892889,17,0.27,Completed,12.41
6422,375,18,2026-01-25 19:02:53.897389,51,0.06,Completed,47.94
6423,127,19,2026-01-25 20:30:18.901890,45,0.11,Completed,40.05
6424,425,38,2026-01-25 21:57:43.906390,63,0.13,Pending,54.81
6425,25,32,2026-01-25 23:25:08.910891,28,0.28,Completed,20.16
6426,334,22,2026-01-26 00:52:33.915391,59,0.27,Completed,43.07
6427,355,2,2026-01-26 02:19:58.919891,86,0.25,Completed,64.5
6428,116,13,2026-01-26 03:47:23.924392,21,0.11,Completed,18.69
6429,48,23,2026-01-26 05:14:48.928892,42,0.0,Completed,42.0
6430,226,25,2026-01-26 06:42:13.933393,81,0.2,Completed,64.8
6431,266,28,2026-01-26 08:09:38.937893,69,0.12,Completed,60.72
6432,99,11,2026-01-26 09:37:03.942394,82,0.23,Completed,63.14
6433,459,33,2026-01-26 11:04:28.946894,17,0.24,Pending,12.92
6434,11,24,2026-01-26 12:31:53.951395,68,0.13,Completed,59.16
6435,85,2,2026-01-26 13:59:18.955895,7,0.22,Completed,5.46
6436,405,30,2026-01-26 15:26:43.960396,89,0.25,Completed,66.75
6437,214,17,2026-01-26 16:54:08.964896,40,0.28,Pending,28.799999999999997
6438,173,40,2026-01-26 18:21:33.969396,40,0.17,Completed,33.199999999999996
6439,391,34,2026-01-26 19:48:58.973897,43,0.23,Completed,33.11
6440,209,38,2026-01-26 21:16:23.978397,73,0.15,Completed,62.05
6441,448,22,2026-01-26 22:43:48.982898,83,0.01,Completed,82.17
6442,382,5,2026-01-27 00:11:13.987398,51,0.05,Completed,48.449999999999996
6443,64,48,2026-01-27 01:38:38.991899,73,0.04,Completed,70.08
6444,258,40,2026-01-27 03:06:03.996399,23,0.05,Completed,21.849999999999998
6445,332,16,2026-01-27 04:33:29.000900,95,0.0,Completed,95.0
6446,121,13,2026-01-27 06:00:54.005400,32,0.26,Completed,23.68
6447,298,26,2026-01-27 07:28:19.009900,31,0.17,Completed,25.73
6448,466,31,2026-01-27 08:55:44.014401,17,0.11,Cancelled,15.13
6449,54,39,2026-01-27 10:23:09.018901,58,0.12,Completed,51.04
6450,331,48,2026-01-27 11:50:34.023402,86,0.14,Completed,73.96
6451,272,23,2026-01-27 13:17:59.027902,35,0.02,Completed,34.3
6452,241,48,2026-01-27 14:45:24.032403,30,0.08,Pending,27.6
6453,243,12,2026-01-27 16:12:49.036903,64,0.26,Completed,47.36
6454,18,14,2026-01-27 17:40:14.041404,53,0.22,Completed,41.34
6455,483,18,2026-01-27 19:07:39.045904,51,0.17,Completed,42.33
6456,187,27,2026-01-27 20:35:04.050405,37,0.14,Completed,31.82
6457,346,28,2026-01-27 22:02:29.054905,90,0.08,Completed,82.8
6458,144,18,2026-01-27 23:29:54.059405,6,0.14,Completed,5.16
6459,262,16,2026-01-28 00:57:19.063906,34,0.18,Completed,27.880000000000003
6460,441,16,2026-01-28 02:24:44.068406,56,0.21,Cancelled,44.24
6461,364,13,2026-01-28 03:52:09.072907,96,0.05,Completed,91.19999999999999
6462,491,29,2026-01-28 05:19:34.077407,25,0.24,Completed,19.0
6463,431,9,2026-01-28 06:46:59.081908,13,0.1,Completed,11.700000000000001
6464,239,26,2026-01-28 08:14:24.086408,63,0.15,Completed,53.55
6465,304,28,2026-01-28 09:41:49.090909,66,0.18,Completed,54.120000000000005
6466,298,41,2026-01-28 11:09:14.095409,5,0.15,Completed,4.25
6467,76,13,2026-01-28 12:36:39.099909,75,0.17,Pending,62.25
6468,188,36,2026-01-28 14:04:04.104410,11,0.03,Completed,10.67
6469,333,9,2026-01-28 15:31:29.108910,88,0.13,Pending,76.56
6470,388,47,2026-01-28 16:58:54.113411,78,0.08,Completed,71.76
6471,487,14,2026-01-28 18:26:19.117911,94,0.03,Completed,91.17999999999999
6472,246,12,2026-01-28 19:53:44.122412,44,0.06,Completed,41.36
6473,130,32,2026-01-28 21:21:09.126912,99,0.18,Completed,81.18
6474,474,38,2026-01-28 22:48:34.131413,85,0.06,Completed,79.89999999999999
6475,315,3,2026-01-29 00:15:59.135913,69,0.05,Completed,65.55
6476,411,16,2026-01-29 01:43:24.140414,2,0.17,Completed,1.66
6477,283,20,2026-01-29 03:10:49.144914,40,0.27,Pending,29.2
6478,79,32,2026-01-29 04:38:14.149414,37,0.24,Completed,28.12
6479,72,23,2026-01-29 06:05:39.153915,49,0.27,Completed,35.769999999999996
6480,263,17,2026-01-29 07:33:04.158415,98,0.17,Completed,81.33999999999999
6481,191,16,2026-01-29 09:00:29.162916,75,0.12,Pending,66.0
6482,367,38,2026-01-29 10:27:54.167416,36,0.22,Pending,28.080000000000002
6483,375,8,2026-01-29 11:55:19.171917,75,0.08,Completed,69.0
6484,430,19,2026-01-29 13:22:44.176417,73,0.02,Completed,71.53999999999999
6485,63,30,2026-01-29 14:50:09.180918,70,0.1,Completed,63.0
6486,488,34,2026-01-29 16:17:34.185418,34,0.09,Completed,30.94
6487,380,14,2026-01-29 17:44:59.189918,58,0.2,Cancelled,46.400000000000006
6488,12,22,2026-01-29 19:12:24.194419,37,0.17,Completed,30.709999999999997
6489,141,44,2026-01-29 20:39:49.198919,96,0.04,Completed,92.16
6490,254,17,2026-01-29 22:07:14.203420,60,0.27,Completed,43.8
6491,43,15,2026-01-29 23:34:39.207920,12,0.18,Completed,9.84
6492,17,50,2026-01-30 01:02:04.212421,32,0.14,Completed,27.52
6493,63,48,2026-01-30 02:29:29.216921,81,0.28,Completed,58.32
6494,253,32,2026-01-30 03:56:54.221422,4,0.03,Completed,3.88
6495,465,13,2026-01-30 05:24:19.225922,33,0.24,Completed,25.080000000000002
6496,376,21,2026-01-30 06:51:44.230423,43,0.11,Completed,38.27
6497,292,49,2026-01-30 08:19:09.234923,9,0.21,Completed,7.11
6498,469,40,2026-01-30 09:46:34.239423,98,0.28,Completed,70.56
6499,8,33,2026-01-30 11:13:59.243924,51,0.16,Completed,42.839999999999996
6500,325,27,2026-01-30 12:41:24.248424,94,0.01,Completed,93.06
6501,90,35,2026-01-30 14:08:49.252925,20,0.01,Completed,19.8
6502,208,16,2026-01-30 15:36:14.257425,39,0.1,Completed,35.1
6503,292,28,2026-01-30 17:03:39.261926,23,0.23,Completed,17.71
6504,284,34,2026-01-30 18:31:04.266426,41,0.09,Completed,37.31
6505,118,47,2026-01-30 19:58:29.270927,44,0.1,Completed,39.6
6506,349,1,2026-01-30 21:25:54.275427,35,0.24,Completed,26.6
6507,175,41,2026-01-30 22:53:19.279927,23,0.03,Completed,22.31
6508,76,48,2026-01-31 00:20:44.284428,58,0.25,Cancelled,43.5
6509,101,31,2026-01-31 01:48:09.288928,48,0.08,Completed,44.160000000000004
6510,414,36,2026-01-31 03:15:34.293429,87,0.02,Pending,85.26
6511,151,44,2026-01-31 04:42:59.297929,58,0.04,Completed,55.68
6512,400,33,2026-01-31 06:10:24.302430,57,0.29,Completed,40.47
6513,270,33,2026-01-31 07:37:49.306930,87,0.14,Completed,74.82
6514,458,39,2026-01-31 09:05:14.311431,39,0.08,Completed,35.88
6515,71,18,2026-01-31 10:32:39.315931,28,0.16,Completed,23.52
6516,493,23,2026-01-31 12:00:04.320432,64,0.2,Completed,51.2
6517,180,23,2026-01-31 13:27:29.324932,62,0.1,Completed,55.800000000000004
6518,124,15,2026-01-31 14:54:54.329432,83,0.22,Pending,64.74000000000001
6519,381,26,2026-01-31 16:22:19.333933,62,0.08,Completed,57.04
6520,293,30,2026-01-31 17:49:44.338433,94,0.03,Completed,91.17999999999999
6521,285,25,2026-01-31 19:17:09.342934,85,0.16,Completed,71.39999999999999
6522,195,45,2026-01-31 20:44:34.347434,88,0.05,Completed,83.6
6523,399,16,2026-01-31 22:11:59.351935,85,0.28,Completed,61.199999999999996
6524,228,39,2026-01-31 23:39:24.356435,26,0.0,Completed,26.0
6525,431,48,2026-02-01 01:06:49.360936,51,0.23,Completed,39.27
6526,430,45,2026-02-01 02:34:14.365436,50,0.08,Cancelled,46.0
6527,436,14,2026-02-01 04:01:39.369936,36,0.25,Completed,27.0
6528,275,17,2026-02-01 05:29:04.374437,26,0.02,Pending,25.48
6529,461,12,2026-02-01 06:56:29.378937,33,0.29,Pending,23.43
6530,106,29,2026-02-01 08:23:54.383438,100,0.03,Completed,97.0
6531,21,32,2026-02-01 09:51:19.387938,68,0.24,Completed,51.68
6532,64,24,2026-02-01 11:18:44.392439,73,0.16,Completed,61.32
6533,165,13,2026-02-01 12:46:09.396939,8,0.13,Completed,6.96
6534,27,20,2026-02-01 14:13:34.401440,66,0.08,Completed,60.720000000000006
6535,311,15,2026-02-01 15:40:59.405940,93,0.25,Completed,69.75
6536,500,4,2026-02-01 17:08:24.410441,23,0.06,Completed,21.619999999999997
6537,285,34,2026-02-01 18:35:49.414941,70,0.22,Completed,54.6
6538,148,28,2026-02-01 20:03:14.419441,55,0.13,Pending,47.85
6539,281,50,2026-02-01 21:30:39.423942,43,0.3,Completed,30.099999999999998
6540,326,2,2026-02-01 22:58:04.428442,100,0.18,Completed,82.0
6541,319,47,2026-02-02 00:25:29.432943,21,0.03,Completed,20.37
6542,164,30,2026-02-02 01:52:54.437443,22,0.13,Completed,19.14
6543,386,26,2026-02-02 03:20:19.441944,9,0.02,Completed,8.82
6544,406,47,2026-02-02 04:47:44.446444,34,0.09,Cancelled,30.94
6545,224,26,2026-02-02 06:15:09.450945,59,0.1,Completed,53.1
6546,272,20,2026-02-02 07:42:34.455445,26,0.26,Cancelled,19.24
6547,146,42,2026-02-02 09:09:59.459945,1,0.25,Completed,0.75
6548,453,28,2026-02-02 10:37:24.464446,100,0.0,Completed,100.0
6549,438,20,2026-02-02 12:04:49.468946,5,0.16,Completed,4.2
6550,356,11,2026-02-02 13:32:14.473447,41,0.07,Completed,38.129999999999995
6551,30,10,2026-02-02 14:59:39.477947,63,0.1,Completed,56.7
6552,45,23,2026-02-02 16:27:04.482448,22,0.01,Pending,21.78
6553,275,37,2026-02-02 17:54:29.486948,68,0.22,Completed,53.04
6554,471,41,2026-02-02 19:21:54.491449,48,0.29,Completed,34.08
6555,34,19,2026-02-02 20:49:19.495949,66,0.07,Completed,61.379999999999995
6556,141,45,2026-02-02 22:16:44.500450,16,0.1,Completed,14.4
6557,427,18,2026-02-02 23:44:09.504950,80,0.06,Completed,75.19999999999999
6558,318,49,2026-02-03 01:11:34.509450,53,0.28,Cancelled,38.16
6559,374,27,2026-02-03 02:38:59.513951,86,0.0,Completed,86.0
6560,221,6,2026-02-03 04:06:24.518451,65,0.18,Completed,53.300000000000004
6561,356,10,2026-02-03 05:33:49.522952,79,0.26,Completed,58.46
6562,22,2,2026-02-03 07:01:14.527452,64,0.06,Completed,60.16
6563,180,24,2026-02-03 08:28:39.531953,88,0.18,Completed,72.16000000000001
6564,436,38,2026-02-03 09:56:04.536453,68,0.02,Pending,66.64
6565,367,28,2026-02-03 11:23:29.540954,63,0.24,Completed,47.88
6566,420,28,2026-02-03 12:50:54.545454,62,0.08,Completed,57.04
6567,329,45,2026-02-03 14:18:19.549954,82,0.3,Completed,57.4
6568,231,50,2026-02-03 15:45:44.554455,81,0.28,Completed,58.32
6569,499,39,2026-02-03 17:13:09.558955,71,0.22,Completed,55.38
6570,403,2,2026-02-03 18:40:34.563456,45,0.15,Completed,38.25
6571,38,46,2026-02-03 20:07:59.567956,52,0.23,Completed,40.04
6572,70,5,2026-02-03 21:35:24.572457,74,0.04,Completed,71.03999999999999
6573,116,50,2026-02-03 23:02:49.576957,65,0.09,Completed,59.15
6574,239,11,2026-02-04 00:30:14.581458,2,0.01,Completed,1.98
6575,335,10,2026-02-04 01:57:39.585958,49,0.19,Completed,39.690000000000005
6576,441,43,2026-02-04 03:25:04.590459,22,0.24,Completed,16.72
6577,148,2,2026-02-04 04:52:29.594959,96,0.28,Completed,69.12
6578,9,15,2026-02-04 06:19:54.599459,29,0.21,Completed,22.91
6579,288,39,2026-02-04 07:47:19.603960,35,0.22,Completed,27.3
6580,388,41,2026-02-04 09:14:44.608460,81,0.27,Completed,59.129999999999995
6581,50,37,2026-02-04 10:42:09.612961,76,0.28,Completed,54.72
6582,338,7,2026-02-04 12:09:34.617461,24,0.15,Completed,20.4
6583,5,20,2026-02-04 13:36:59.621962,94,0.03,Cancelled,91.17999999999999
6584,404,34,2026-02-04 15:04:24.626462,30,0.14,Completed,25.8
6585,343,35,2026-02-04 16:31:49.630963,84,0.17,Completed,69.72
6586,126,34,2026-02-04 17:59:14.635463,42,0.19,Completed,34.02
6587,75,22,2026-02-04 19:26:39.639963,71,0.3,Completed,49.699999999999996
6588,165,31,2026-02-04 20:54:04.644464,50,0.28,Completed,36.0
6589,278,23,2026-02-04 22:21:29.648964,71,0.12,Completed,62.48
6590,442,19,2026-02-04 23:48:54.653465,60,0.03,Completed,58.199999999999996
6591,324,4,2026-02-05 01:16:19.657965,30,0.06,Pending,28.2
6592,477,24,2026-02-05 02:43:44.662466,12,0.05,Completed,11.399999999999999
6593,300,20,2026-02-05 04:11:09.666966,49,0.11,Completed,43.61
6594,290,39,2026-02-05 05:38:34.671467,95,0.26,Completed,70.3
6595,77,28,2026-02-05 07:05:59.675967,82,0.13,Completed,71.34
6596,298,39,2026-02-05 08:33:24.680468,46,0.17,Pending,38.18
6597,137,17,2026-02-05 10:00:49.684968,43,0.05,Completed,40.85
6598,106,19,2026-02-05 11:28:14.689468,2,0.15,Completed,1.7
6599,95,48,2026-02-05 12:55:39.693969,97,0.26,Completed,71.78
6600,135,35,2026-02-05 14:23:04.698469,75,0.23,Completed,57.75
6601,68,32,2026-02-05 15:50:29.702970,98,0.02,Completed,96.03999999999999
6602,147,47,2026-02-05 17:17:54.707470,80,0.26,Completed,59.2
6603,490,46,2026-02-05 18:45:19.711971,54,0.08,Completed,49.68
6604,478,47,2026-02-05 20:12:44.716471,35,0.2,Completed,28.0
6605,159,46,2026-02-05 21:40:09.720972,52,0.04,Completed,49.92
6606,384,39,2026-02-05 23:07:34.725472,33,0.2,Completed,26.400000000000002
6607,163,35,2026-02-06 00:34:59.729972,85,0.01,Completed,84.15
6608,441,30,2026-02-06 02:02:24.734473,84,0.18,Completed,68.88000000000001
6609,341,17,2026-02-06 03:29:49.738973,72,0.19,Pending,58.32000000000001
6610,189,42,2026-02-06 04:57:14.743474,51,0.07,Completed,47.43
6611,415,47,2026-02-06 06:24:39.747974,26,0.28,Completed,18.72
6612,339,29,2026-02-06 07:52:04.752475,97,0.01,Pending,96.03
6613,95,6,2026-02-06 09:19:29.756975,62,0.27,Completed,45.26
6614,181,17,2026-02-06 10:46:54.761476,61,0.11,Completed,54.29
6615,288,17,2026-02-06 12:14:19.765976,26,0.21,Completed,20.54
6616,322,14,2026-02-06 13:41:44.770477,37,0.2,Cancelled,29.6
6617,187,24,2026-02-06 15:09:09.774977,30,0.05,Completed,28.5
6618,372,50,2026-02-06 16:36:34.779477,95,0.1,Cancelled,85.5
6619,138,37,2026-02-06 18:03:59.783978,97,0.16,Pending,81.48
6620,130,40,2026-02-06 19:31:24.788478,11,0.25,Completed,8.25
6621,194,39,2026-02-06 20:58:49.792979,53,0.29,Completed,37.629999999999995
6622,316,32,2026-02-06 22:26:14.797479,41,0.01,Completed,40.589999999999996
6623,472,36,2026-02-06 23:53:39.801980,5,0.11,Completed,4.45
6624,273,50,2026-02-07 01:21:04.806480,66,0.2,Completed,52.800000000000004
6625,352,37,2026-02-07 02:48:29.810981,13,0.16,Pending,10.92
6626,144,48,2026-02-07 04:15:54.815481,63,0.28,Completed,45.36
6627,16,14,2026-02-07 05:43:19.819981,82,0.01,Pending,81.17999999999999
6628,302,27,2026-02-07 07:10:44.824482,90,0.13,Completed,78.3
6629,423,19,2026-02-07 08:38:09.828982,25,0.2,Completed,20.0
6630,245,31,2026-02-07 10:05:34.833483,44,0.07,Completed,40.919999999999995
6631,415,46,2026-02-07 11:32:59.837983,14,0.22,Completed,10.92
6632,107,9,2026-02-07 13:00:24.842484,69,0.02,Pending,67.62
6633,88,38,2026-02-07 14:27:49.846984,59,0.14,Completed,50.74
6634,129,17,2026-02-07 15:55:14.851485,56,0.2,Completed,44.800000000000004
6635,395,19,2026-02-07 17:22:39.855985,52,0.08,Completed,47.84
6636,375,44,2026-02-07 18:50:04.860486,66,0.02,Completed,64.67999999999999
6637,341,4,2026-02-07 20:17:29.864986,68,0.29,Completed,48.28
6638,4,48,2026-02-07 21:44:54.869486,12,0.27,Completed,8.76
6639,327,11,2026-02-07 23:12:19.873987,75,0.28,Completed,54.0
6640,410,22,2026-02-08 00:39:44.878487,68,0.29,Completed,48.28
6641,367,4,2026-02-08 02:07:09.882988,43,0.06,Completed,40.419999999999995
6642,306,17,2026-02-08 03:34:34.887488,73,0.05,Pending,69.35
6643,396,8,2026-02-08 05:01:59.891989,74,0.01,Completed,73.26
6644,95,46,2026-02-08 06:29:24.896489,91,0.27,Completed,66.42999999999999
6645,209,34,2026-02-08 07:56:49.900990,6,0.23,Completed,4.62
6646,225,11,2026-02-08 09:24:14.905490,15,0.19,Completed,12.15
6647,459,31,2026-02-08 10:51:39.909990,42,0.28,Completed,30.24
6648,348,11,2026-02-08 12:19:04.914491,31,0.17,Pending,25.73
6649,480,38,2026-02-08 13:46:29.918991,86,0.04,Cancelled,82.56
6650,321,21,2026-02-08 15:13:54.923492,53,0.05,Completed,50.349999999999994
6651,47,46,2026-02-08 16:41:19.927992,6,0.04,Completed,5.76
6652,476,30,2026-02-08 18:08:44.932493,33,0.09,Completed,30.03
6653,181,10,2026-02-08 19:36:09.936993,29,0.11,Cancelled,25.81
6654,106,26,2026-02-08 21:03:34.941494,21,0.24,Completed,15.96
6655,199,27,2026-02-08 22:30:59.945994,54,0.06,Pending,50.76
6656,386,8,2026-02-08 23:58:24.950495,56,0.22,Pending,43.68
6657,106,39,2026-02-09 01:25:49.954995,94,0.15,Pending,79.89999999999999
6658,280,8,2026-02-09 02:53:14.959495,21,0.3,Completed,14.7
6659,260,8,2026-02-09 04:20:39.963996,100,0.23,Completed,77.0
6660,108,34,2026-02-09 05:48:04.968496,55,0.29,Completed,39.05
6661,19,16,2026-02-09 07:15:29.972997,58,0.1,Completed,52.2
6662,410,41,2026-02-09 08:42:54.977497,64,0.04,Completed,61.44
6663,459,13,2026-02-09 10:10:19.981998,86,0.15,Completed,73.1
6664,296,23,2026-02-09 11:37:44.986498,46,0.04,Completed,44.16
6665,306,12,2026-02-09 13:05:09.990999,84,0.15,Completed,71.39999999999999
6666,171,27,2026-02-09 14:32:34.995499,22,0.08,Completed,20.240000000000002
6667,331,22,2026-02-09 15:59:59.999999,60,0.15,Completed,51.0
6668,493,32,2026-02-09 17:27:25.004500,11,0.28,Completed,7.92
6669,195,49,2026-02-09 18:54:50.009000,47,0.09,Completed,42.77
6670,12,27,2026-02-09 20:22:15.013501,31,0.3,Pending,21.7
6671,195,2,2026-02-09 21:49:40.018001,77,0.07,Completed,71.61
6672,490,45,2026-02-09 23:17:05.022502,18,0.06,Completed,16.919999999999998
6673,283,33,2026-02-10 00:44:30.027002,22,0.16,Completed,18.48
6674,369,26,2026-02-10 02:11:55.031503,56,0.25,Pending,42.0
6675,182,28,2026-02-10 03:39:20.036003,17,0.22,Cancelled,13.26
6676,450,19,2026-02-10 05:06:45.040504,38,0.22,Completed,29.64
6677,305,43,2026-02-10 06:34:10.045004,25,0.08,Completed,23.0
6678,144,5,2026-02-10 08:01:35.049504,32,0.01,Completed,31.68
6679,386,33,2026-02-10 09:29:00.054005,15,0.05,Completed,14.25
6680,316,20,2026-02-10 10:56:25.058505,13,0.1,Completed,11.700000000000001
6681,182,30,2026-02-10 12:23:50.063006,58,0.29,Pending,41.18
6682,30,45,2026-02-10 13:51:15.067506,90,0.28,Completed,64.8
6683,84,8,2026-02-10 15:18:40.072007,50,0.06,Completed,47.0
6684,166,38,2026-02-10 16:46:05.076507,11,0.22,Completed,8.58
6685,284,17,2026-02-10 18:13:30.081008,13,0.17,Completed,10.79
6686,281,44,2026-02-10 19:40:55.085508,97,0.01,Completed,96.03
6687,96,1,2026-02-10 21:08:20.090009,50,0.11,Completed,44.5
6688,381,3,2026-02-10 22:35:45.094509,38,0.15,Cancelled,32.3
6689,266,46,2026-02-11 00:03:10.099009,1,0.2,Completed,0.8
6690,444,26,2026-02-11 01:30:35.103510,39,0.09,Pending,35.49
6691,298,31,2026-02-11 02:58:00.108010,27,0.28,Cancelled,19.439999999999998
6692,296,8,2026-02-11 04:25:25.112511,36,0.14,Completed,30.96
6693,225,43,2026-02-11 05:52:50.117011,32,0.07,Completed,29.759999999999998
6694,333,46,2026-02-11 07:20:15.121512,41,0.09,Pending,37.31
6695,361,8,2026-02-11 08:47:40.126012,15,0.23,Completed,11.55
6696,374,35,2026-02-11 10:15:05.130513,31,0.19,Completed,25.110000000000003
6697,42,39,2026-02-11 11:42:30.135013,6,0.22,Completed,4.68
6698,303,28,2026-02-11 13:09:55.139513,89,0.09,Pending,80.99000000000001
6699,421,4,2026-02-11 14:37:20.144014,52,0.1,Completed,46.800000000000004
6700,246,16,2026-02-11 16:04:45.148514,82,0.12,Pending,72.16
6701,208,13,2026-02-11 17:32:10.153015,22,0.06,Cancelled,20.68
6702,237,20,2026-02-11 18:59:35.157515,31,0.21,Completed,24.490000000000002
6703,22,5,2026-02-11 20:27:00.162016,100,0.1,Completed,90.0
6704,185,37,2026-02-11 21:54:25.166516,73,0.1,Completed,65.7
6705,468,20,2026-02-11 23:21:50.171017,46,0.08,Completed,42.32
6706,242,24,2026-02-12 00:49:15.175517,67,0.14,Completed,57.62
6707,363,36,2026-02-12 02:16:40.180018,97,0.23,Completed,74.69
6708,283,34,2026-02-12 03:44:05.184518,91,0.25,Cancelled,68.25
6709,41,45,2026-02-12 05:11:30.189018,43,0.24,Completed,32.68
6710,336,48,2026-02-12 06:38:55.193519,1,0.19,Cancelled,0.81
6711,162,34,2026-02-12 08:06:20.198019,44,0.08,Completed,40.480000000000004
6712,160,19,2026-02-12 09:33:45.202520,57,0.22,Pending,44.46
6713,474,17,2026-02-12 11:01:10.207020,9,0.01,Completed,8.91
6714,89,5,2026-02-12 12:28:35.211521,5,0.24,Pending,3.8
6715,322,25,2026-02-12 13:56:00.216021,79,0.23,Completed,60.83
6716,12,18,2026-02-12 15:23:25.220522,9,0.2,Completed,7.2
6717,424,50,2026-02-12 16:50:50.225022,45,0.03,Completed,43.65
6718,73,8,2026-02-12 18:18:15.229522,92,0.3,Completed,64.39999999999999
6719,76,27,2026-02-12 19:45:40.234023,77,0.23,Completed,59.29
6720,346,15,2026-02-12 21:13:05.238523,24,0.22,Pending,18.72
6721,201,45,2026-02-12 22:40:30.243024,74,0.02,Completed,72.52
6722,10,13,2026-02-13 00:07:55.247524,42,0.12,Completed,36.96
6723,352,16,2026-02-13 01:35:20.252025,22,0.03,Completed,21.34
6724,226,22,2026-02-13 03:02:45.256525,60,0.11,Pending,53.4
6725,176,20,2026-02-13 04:30:10.261026,86,0.17,Completed,71.38
6726,276,13,2026-02-13 05:57:35.265526,37,0.26,Completed,27.38
6727,39,20,2026-02-13 07:25:00.270027,39,0.08,Completed,35.88
6728,60,2,2026-02-13 08:52:25.274527,84,0.19,Pending,68.04
6729,66,35,2026-02-13 10:19:50.279027,74,0.05,Completed,70.3
6730,321,47,2026-02-13 11:47:15.283528,74,0.11,Completed,65.86
6731,435,19,2026-02-13 13:14:40.288028,90,0.28,Completed,64.8
6732,124,45,2026-02-13 14:42:05.292529,89,0.22,Completed,69.42
6733,164,37,2026-02-13 16:09:30.297029,53,0.16,Completed,44.519999999999996
6734,408,6,2026-02-13 17:36:55.301530,28,0.08,Completed,25.76
6735,411,14,2026-02-13 19:04:20.306030,77,0.11,Completed,68.53
6736,386,4,2026-02-13 20:31:45.310531,15,0.05,Completed,14.25
6737,159,22,2026-02-13 21:59:10.315031,60,0.11,Completed,53.4
6738,57,39,2026-02-13 23:26:35.319531,60,0.05,Completed,57.0
6739,78,36,2026-02-14 00:54:00.324032,6,0.24,Completed,4.5600000000000005
6740,194,34,2026-02-14 02:21:25.328532,52,0.02,Completed,50.96
6741,285,27,2026-02-14 03:48:50.333033,12,0.06,Completed,11.28
6742,15,7,2026-02-14 05:16:15.337533,19,0.21,Completed,15.010000000000002
6743,12,3,2026-02-14 06:43:40.342034,96,0.27,Completed,70.08
6744,101,47,2026-02-14 08:11:05.346534,75,0.29,Completed,53.25
6745,156,33,2026-02-14 09:38:30.351035,97,0.25,Completed,72.75
6746,340,2,2026-02-14 11:05:55.355535,2,0.06,Completed,1.88
6747,125,42,2026-02-14 12:33:20.360036,55,0.09,Completed,50.050000000000004
6748,359,16,2026-02-14 14:00:45.364536,15,0.26,Pending,11.1
6749,280,25,2026-02-14 15:28:10.369036,64,0.27,Pending,46.72
6750,405,15,2026-02-14 16:55:35.373537,100,0.19,Completed,81.0
6751,394,24,2026-02-14 18:23:00.378037,69,0.09,Completed,62.79
6752,110,15,2026-02-14 19:50:25.382538,15,0.07,Completed,13.95
6753,334,31,2026-02-14 21:17:50.387038,43,0.26,Completed,31.82
6754,357,14,2026-02-14 22:45:15.391539,74,0.06,Pending,69.56
6755,146,14,2026-02-15 00:12:40.396039,17,0.2,Completed,13.600000000000001
6756,216,6,2026-02-15 01:40:05.400540,98,0.29,Completed,69.58
6757,398,14,2026-02-15 03:07:30.405040,24,0.21,Completed,18.96
6758,162,17,2026-02-15 04:34:55.409540,74,0.08,Pending,68.08
6759,128,18,2026-02-15 06:02:20.414041,30,0.08,Completed,27.6
6760,314,20,2026-02-15 07:29:45.418541,67,0.03,Completed,64.99
6761,332,17,2026-02-15 08:57:10.423042,51,0.21,Completed,40.29
6762,150,16,2026-02-15 10:24:35.427542,60,0.16,Completed,50.4
6763,454,40,2026-02-15 11:52:00.432043,3,0.06,Completed,2.82
6764,36,39,2026-02-15 13:19:25.436543,5,0.07,Completed,4.6499999999999995
6765,173,32,2026-02-15 14:46:50.441044,28,0.0,Completed,28.0
6766,420,44,2026-02-15 16:14:15.445544,78,0.29,Completed,55.379999999999995
6767,22,9,2026-02-15 17:41:40.450045,11,0.25,Completed,8.25
6768,206,27,2026-02-15 19:09:05.454545,72,0.12,Completed,63.36
6769,127,46,2026-02-15 20:36:30.459045,72,0.28,Cancelled,51.839999999999996
6770,336,33,2026-02-15 22:03:55.463546,76,0.2,Completed,60.800000000000004
6771,445,10,2026-02-15 23:31:20.468046,15,0.23,Completed,11.55
6772,356,17,2026-02-16 00:58:45.472547,83,0.2,Completed,66.4
6773,440,49,2026-02-16 02:26:10.477047,48,0.23,Completed,36.96
6774,217,49,2026-02-16 03:53:35.481548,46,0.05,Completed,43.699999999999996
6775,96,36,2026-02-16 05:21:00.486048,28,0.17,Completed,23.24
6776,417,17,2026-02-16 06:48:25.490549,7,0.25,Completed,5.25
6777,429,18,2026-02-16 08:15:50.495049,71,0.01,Completed,70.29
6778,164,23,2026-02-16 09:43:15.499549,94,0.04,Completed,90.24
6779,148,34,2026-02-16 11:10:40.504050,82,0.07,Completed,76.25999999999999
6780,18,8,2026-02-16 12:38:05.508550,88,0.09,Completed,80.08
6781,294,13,2026-02-16 14:05:30.513051,6,0.05,Completed,5.699999999999999
6782,195,23,2026-02-16 15:32:55.517551,58,0.19,Completed,46.980000000000004
6783,151,20,2026-02-16 17:00:20.522052,68,0.09,Completed,61.88
6784,480,22,2026-02-16 18:27:45.526552,55,0.05,Completed,52.25
6785,365,47,2026-02-16 19:55:10.531053,67,0.27,Completed,48.91
6786,123,23,2026-02-16 21:22:35.535553,49,0.21,Completed,38.71
6787,400,41,2026-02-16 22:50:00.540054,51,0.07,Completed,47.43
6788,187,35,2026-02-17 00:17:25.544554,59,0.11,Completed,52.51
6789,453,3,2026-02-17 01:44:50.549054,6,0.22,Cancelled,4.68
6790,452,34,2026-02-17 03:12:15.553555,90,0.24,Completed,68.4
6791,149,33,2026-02-17 04:39:40.558055,51,0.05,Completed,48.449999999999996
6792,104,46,2026-02-17 06:07:05.562556,38,0.28,Completed,27.36
6793,243,17,2026-02-17 07:34:30.567056,11,0.24,Pending,8.36
6794,462,45,2026-02-17 09:01:55.571557,52,0.26,Completed,38.48
6795,231,19,2026-02-17 10:29:20.576057,93,0.04,Completed,89.28
6796,479,30,2026-02-17 11:56:45.580558,20,0.04,Pending,19.2
6797,206,23,2026-02-17 13:24:10.585058,10,0.09,Completed,9.1
6798,198,15,2026-02-17 14:51:35.589558,26,0.02,Completed,25.48
6799,396,14,2026-02-17 16:19:00.594059,48,0.03,Pending,46.56
6800,400,2,2026-02-17 17:46:25.598559,91,0.04,Completed,87.36
6801,337,39,2026-02-17 19:13:50.603060,14,0.21,Pending,11.06
6802,493,49,2026-02-17 20:41:15.607560,100,0.01,Completed,99.0
6803,87,18,2026-02-17 22:08:40.612061,59,0.02,Pending,57.82
6804,142,6,2026-02-17 23:36:05.616561,12,0.28,Completed,8.64
6805,317,32,2026-02-18 01:03:30.621062,23,0.03,Completed,22.31
6806,199,21,2026-02-18 02:30:55.625562,85,0.16,Pending,71.39999999999999
6807,46,40,2026-02-18 03:58:20.630063,72,0.19,Completed,58.32000000000001
6808,288,28,2026-02-18 05:25:45.634563,39,0.29,Completed,27.689999999999998
6809,15,27,2026-02-18 06:53:10.639063,9,0.27,Completed,6.57
6810,44,2,2026-02-18 08:20:35.643564,88,0.13,Completed,76.56
6811,401,33,2026-02-18 09:48:00.648064,95,0.28,Pending,68.39999999999999
6812,169,16,2026-02-18 11:15:25.652565,25,0.13,Completed,21.75
6813,310,39,2026-02-18 12:42:50.657065,17,0.2,Completed,13.600000000000001
6814,495,22,2026-02-18 14:10:15.661566,42,0.08,Completed,38.64
6815,44,43,2026-02-18 15:37:40.666066,29,0.19,Pending,23.490000000000002
6816,98,47,2026-02-18 17:05:05.670567,60,0.16,Completed,50.4
6817,261,13,2026-02-18 18:32:30.675067,67,0.18,Completed,54.940000000000005
6818,109,2,2026-02-18 19:59:55.679567,85,0.2,Pending,68.0
6819,283,14,2026-02-18 21:27:20.684068,57,0.05,Completed,54.15
6820,372,38,2026-02-18 22:54:45.688568,72,0.09,Completed,65.52
6821,343,41,2026-02-19 00:22:10.693069,14,0.22,Completed,10.92
6822,104,28,2026-02-19 01:49:35.697569,39,0.05,Completed,37.05
6823,256,7,2026-02-19 03:17:00.702070,16,0.1,Completed,14.4
6824,379,18,2026-02-19 04:44:25.706570,18,0.2,Completed,14.4
6825,206,41,2026-02-19 06:11:50.711071,95,0.28,Completed,68.39999999999999
6826,335,36,2026-02-19 07:39:15.715571,75,0.02,Completed,73.5
6827,43,41,2026-02-19 09:06:40.720072,20,0.15,Completed,17.0
6828,353,36,2026-02-19 10:34:05.724572,46,0.02,Completed,45.08
6829,245,44,2026-02-19 12:01:30.729072,45,0.11,Completed,40.05
6830,287,4,2026-02-19 13:28:55.733573,4,0.05,Completed,3.8
6831,355,30,2026-02-19 14:56:20.738073,84,0.19,Completed,68.04
6832,273,24,2026-02-19 16:23:45.742574,95,0.23,Completed,73.15
6833,476,20,2026-02-19 17:51:10.747074,20,0.07,Pending,18.599999999999998
6834,83,46,2026-02-19 19:18:35.751575,11,0.21,Completed,8.690000000000001
6835,110,31,2026-02-19 20:46:00.756075,65,0.13,Completed,56.55
6836,438,24,2026-02-19 22:13:25.760576,18,0.09,Completed,16.38
6837,190,7,2026-02-19 23:40:50.765076,39,0.16,Completed,32.76
6838,471,26,2026-02-20 01:08:15.769576,44,0.11,Pending,39.160000000000004
6839,288,13,2026-02-20 02:35:40.774077,97,0.07,Completed,90.21
6840,424,8,2026-02-20 04:03:05.778577,100,0.23,Completed,77.0
6841,397,5,2026-02-20 05:30:30.783078,18,0.24,Completed,13.68
6842,251,44,2026-02-20 06:57:55.787578,47,0.24,Completed,35.72
6843,212,13,2026-02-20 08:25:20.792079,31,0.11,Completed,27.59
6844,291,29,2026-02-20 09:52:45.796579,99,0.05,Completed,94.05
6845,133,20,2026-02-20 11:20:10.801080,39,0.25,Completed,29.25
6846,201,14,2026-02-20 12:47:35.805580,38,0.1,Completed,34.2
6847,285,32,2026-02-20 14:15:00.810081,79,0.22,Completed,61.620000000000005
6848,326,50,2026-02-20 15:42:25.814581,47,0.25,Completed,35.25
6849,409,27,2026-02-20 17:09:50.819081,70,0.23,Completed,53.9
6850,95,25,2026-02-20 18:37:15.823582,8,0.12,Completed,7.04
6851,278,4,2026-02-20 20:04:40.828082,86,0.28,Completed,61.919999999999995
6852,450,21,2026-02-20 21:32:05.832583,65,0.2,Cancelled,52.0
6853,429,18,2026-02-20 22:59:30.837083,13,0.17,Completed,10.79
6854,325,39,2026-02-21 00:26:55.841584,55,0.21,Completed,43.45
6855,219,15,2026-02-21 01:54:20.846084,88,0.01,Completed,87.12
6856,89,38,2026-02-21 03:21:45.850585,85,0.12,Completed,74.8
6857,72,48,2026-02-21 04:49:10.855085,43,0.26,Completed,31.82
6858,247,24,2026-02-21 06:16:35.859585,4,0.05,Completed,3.8
6859,129,8,2026-02-21 07:44:00.864086,71,0.12,Completed,62.48
6860,212,28,2026-02-21 09:11:25.868586,60,0.12,Completed,52.8
6861,428,21,2026-02-21 10:38:50.873087,12,0.11,Completed,10.68
6862,343,16,2026-02-21 12:06:15.877587,59,0.17,Pending,48.97
6863,96,16,2026-02-21 13:33:40.882088,77,0.3,Completed,53.9
6864,75,35,2026-02-21 15:01:05.886588,54,0.08,Completed,49.68
6865,423,17,2026-02-21 16:28:30.891089,44,0.21,Completed,34.760000000000005
6866,495,9,2026-02-21 17:55:55.895589,16,0.23,Completed,12.32
6867,54,35,2026-02-21 19:23:20.900090,6,0.18,Completed,4.92
6868,344,29,2026-02-21 20:50:45.904590,14,0.03,Completed,13.58
6869,459,39,2026-02-21 22:18:10.909090,58,0.17,Completed,48.14
6870,413,18,2026-02-21 23:45:35.913591,31,0.29,Completed,22.009999999999998
6871,54,12,2026-02-22 01:13:00.918091,100,0.1,Completed,90.0
6872,218,19,2026-02-22 02:40:25.922592,41,0.19,Cancelled,33.21
6873,16,48,2026-02-22 04:07:50.927092,35,0.29,Completed,24.849999999999998
6874,99,22,2026-02-22 05:35:15.931593,10,0.24,Completed,7.6
6875,20,49,2026-02-22 07:02:40.936093,81,0.21,Completed,63.99
6876,46,15,2026-02-22 08:30:05.940594,30,0.29,Completed,21.299999999999997
6877,451,1,2026-02-22 09:57:30.945094,44,0.05,Completed,41.8
6878,193,2,2026-02-22 11:24:55.949594,55,0.23,Pending,42.35
6879,383,8,2026-02-22 12:52:20.954095,71,0.12,Completed,62.48
6880,58,22,2026-02-22 14:19:45.958595,18,0.11,Completed,16.02
6881,437,25,2026-02-22 15:47:10.963096,83,0.16,Completed,69.72
6882,111,2,2026-02-22 17:14:35.967596,79,0.01,Completed,78.21
6883,129,9,2026-02-22 18:42:00.972097,86,0.09,Completed,78.26
6884,337,9,2026-02-22 20:09:25.976597,39,0.05,Completed,37.05
6885,194,13,2026-02-22 21:36:50.981098,42,0.04,Completed,40.32
6886,413,6,2026-02-22 23:04:15.985598,54,0.1,Completed,48.6
6887,340,30,2026-02-23 00:31:40.990099,30,0.24,Completed,22.8
6888,326,15,2026-02-23 01:59:05.994599,20,0.06,Completed,18.799999999999997
6889,8,15,2026-02-23 03:26:30.999099,96,0.16,Completed,80.64
6890,29,50,2026-02-23 04:53:56.003600,42,0.22,Completed,32.76
6891,112,7,2026-02-23 06:21:21.008100,89,0.07,Completed,82.77
6892,435,11,2026-02-23 07:48:46.012601,87,0.28,Completed,62.64
6893,161,40,2026-02-23 09:16:11.017101,5,0.26,Pending,3.7
6894,131,38,2026-02-23 10:43:36.021602,50,0.08,Pending,46.0
6895,188,40,2026-02-23 12:11:01.026102,41,0.3,Completed,28.7
6896,163,2,2026-02-23 13:38:26.030603,94,0.2,Completed,75.2
6897,197,48,2026-02-23 15:05:51.035103,39,0.09,Completed,35.49
6898,475,39,2026-02-23 16:33:16.039603,57,0.2,Completed,45.6
6899,364,10,2026-02-23 18:00:41.044104,91,0.2,Completed,72.8
6900,204,44,2026-02-23 19:28:06.048604,57,0.18,Completed,46.74
6901,212,17,2026-02-23 20:55:31.053105,37,0.21,Cancelled,29.23
6902,109,7,2026-02-23 22:22:56.057605,7,0.08,Completed,6.44
6903,276,40,2026-02-23 23:50:21.062106,5,0.29,Completed,3.55
6904,73,39,2026-02-24 01:17:46.066606,79,0.26,Pending,58.46
6905,167,4,2026-02-24 02:45:11.071107,51,0.22,Completed,39.78
6906,260,35,2026-02-24 04:12:36.075607,8,0.01,Completed,7.92
6907,243,47,2026-02-24 05:40:01.080108,56,0.18,Pending,45.92
6908,275,36,2026-02-24 07:07:26.084608,73,0.21,Completed,57.67
6909,102,31,2026-02-24 08:34:51.089108,11,0.26,Completed,8.14
6910,475,25,2026-02-24 10:02:16.093609,22,0.28,Completed,15.84
6911,173,41,2026-02-24 11:29:41.098109,98,0.27,Completed,71.53999999999999
6912,171,13,2026-02-24 12:57:06.102610,99,0.12,Completed,87.12
6913,141,18,2026-02-24 14:24:31.107110,77,0.27,Completed,56.21
6914,397,21,2026-02-24 15:51:56.111611,11,0.0,Completed,11.0
6915,188,48,2026-02-24 17:19:21.116111,60,0.11,Completed,53.4
6916,441,1,2026-02-24 18:46:46.120612,96,0.03,Pending,93.12
6917,86,36,2026-02-24 20:14:11.125112,15,0.26,Completed,11.1
6918,476,50,2026-02-24 21:41:36.129612,38,0.28,Completed,27.36
6919,52,8,2026-02-24 23:09:01.134113,1,0.08,Completed,0.92
6920,111,48,2026-02-25 00:36:26.138613,46,0.11,Pending,40.94
6921,437,21,2026-02-25 02:03:51.143114,88,0.3,Completed,61.599999999999994
6922,365,43,2026-02-25 03:31:16.147614,43,0.17,Completed,35.69
6923,342,21,2026-02-25 04:58:41.152115,22,0.15,Completed,18.7
6924,43,27,2026-02-25 06:26:06.156615,3,0.15,Pending,2.55
6925,211,19,2026-02-25 07:53:31.161116,14,0.21,Pending,11.06
6926,456,23,2026-02-25 09:20:56.165616,2,0.29,Completed,1.42
6927,500,50,2026-02-25 10:48:21.170117,61,0.11,Completed,54.29
6928,200,43,2026-02-25 12:15:46.174617,32,0.05,Completed,30.4
6929,298,35,2026-02-25 13:43:11.179117,38,0.06,Completed,35.72
6930,346,40,2026-02-25 15:10:36.183618,97,0.01,Completed,96.03
6931,240,42,2026-02-25 16:38:01.188118,46,0.17,Completed,38.18
6932,115,48,2026-02-25 18:05:26.192619,42,0.28,Pending,30.24
6933,26,5,2026-02-25 19:32:51.197119,6,0.21,Pending,4.74
6934,407,41,2026-02-25 21:00:16.201620,41,0.3,Completed,28.7
6935,299,8,2026-02-25 22:27:41.206120,25,0.27,Completed,18.25
6936,77,11,2026-02-25 23:55:06.210621,98,0.15,Completed,83.3
6937,412,16,2026-02-26 01:22:31.215121,11,0.15,Completed,9.35
6938,137,39,2026-02-26 02:49:56.219621,41,0.19,Completed,33.21
6939,20,47,2026-02-26 04:17:21.224122,71,0.03,Completed,68.87
6940,440,24,2026-02-26 05:44:46.228622,57,0.18,Completed,46.74
6941,211,21,2026-02-26 07:12:11.233123,46,0.14,Pending,39.56
6942,240,23,2026-02-26 08:39:36.237623,86,0.19,Pending,69.66000000000001
6943,39,49,2026-02-26 10:07:01.242124,48,0.17,Pending,39.839999999999996
6944,435,38,2026-02-26 11:34:26.246624,63,0.09,Completed,57.330000000000005
6945,268,47,2026-02-26 13:01:51.251125,39,0.18,Completed,31.980000000000004
6946,207,8,2026-02-26 14:29:16.255625,10,0.11,Pending,8.9
6947,479,7,2026-02-26 15:56:41.260126,85,0.06,Completed,79.89999999999999
6948,439,2,2026-02-26 17:24:06.264626,70,0.2,Completed,56.0
6949,462,30,2026-02-26 18:51:31.269126,65,0.09,Cancelled,59.15
6950,267,13,2026-02-26 20:18:56.273627,98,0.27,Completed,71.53999999999999
6951,154,23,2026-02-26 21:46:21.278127,59,0.06,Cancelled,55.459999999999994
6952,42,29,2026-02-26 23:13:46.282628,78,0.18,Completed,63.96000000000001
6953,411,38,2026-02-27 00:41:11.287128,36,0.17,Completed,29.88
6954,11,37,2026-02-27 02:08:36.291629,27,0.06,Completed,25.38
6955,294,20,2026-02-27 03:36:01.296129,73,0.13,Completed,63.51
6956,98,33,2026-02-27 05:03:26.300630,55,0.2,Completed,44.0
6957,427,29,2026-02-27 06:30:51.305130,70,0.1,Completed,63.0
6958,275,50,2026-02-27 07:58:16.309630,95,0.03,Completed,92.14999999999999
6959,448,15,2026-02-27 09:25:41.314131,81,0.18,Cancelled,66.42
6960,390,23,2026-02-27 10:53:06.318631,53,0.07,Completed,49.29
6961,430,42,2026-02-27 12:20:31.323132,60,0.2,Completed,48.0
6962,372,3,2026-02-27 13:47:56.327632,61,0.25,Completed,45.75
6963,230,37,2026-02-27 15:15:21.332133,36,0.04,Pending,34.56
6964,369,29,2026-02-27 16:42:46.336633,85,0.13,Completed,73.95
6965,426,45,2026-02-27 18:10:11.341134,27,0.13,Pending,23.49
6966,220,8,2026-02-27 19:37:36.345634,41,0.19,Completed,33.21
6967,65,22,2026-02-27 21:05:01.350135,28,0.1,Completed,25.2
6968,355,29,2026-02-27 22:32:26.354635,16,0.13,Completed,13.92
6969,232,2,2026-02-27 23:59:51.359135,35,0.0,Completed,35.0
6970,328,41,2026-02-28 01:27:16.363636,36,0.04,Completed,34.56
6971,443,49,2026-02-28 02:54:41.368136,56,0.17,Completed,46.48
6972,52,50,2026-02-28 04:22:06.372637,99,0.06,Completed,93.05999999999999
6973,374,45,2026-02-28 05:49:31.377137,19,0.04,Completed,18.24
6974,431,1,2026-02-28 07:16:56.381638,57,0.1,Completed,51.300000000000004
6975,376,44,2026-02-28 08:44:21.386138,85,0.05,Pending,80.75
6976,263,20,2026-02-28 10:11:46.390639,33,0.02,Completed,32.339999999999996
6977,267,21,2026-02-28 11:39:11.395139,23,0.09,Completed,20.93
6978,359,37,2026-02-28 13:06:36.399639,63,0.05,Completed,59.849999999999994
6979,317,8,2026-02-28 14:34:01.404140,70,0.24,Completed,53.2
6980,324,27,2026-02-28 16:01:26.408640,96,0.02,Pending,94.08
6981,409,47,2026-02-28 17:28:51.413141,22,0.22,Completed,17.16
6982,396,35,2026-02-28 18:56:16.417641,67,0.11,Completed,59.63
6983,154,6,2026-02-28 20:23:41.422142,99,0.2,Completed,79.2
6984,358,45,2026-02-28 21:51:06.426642,80,0.02,Completed,78.4
6985,366,44,2026-02-28 23:18:31.431143,59,0.28,Completed,42.48
6986,140,19,2026-03-01 00:45:56.435643,25,0.23,Completed,19.25
6987,427,18,2026-03-01 02:13:21.440144,17,0.04,Completed,16.32
6988,51,1,2026-03-01 03:40:46.444644,39,0.07,Completed,36.269999999999996
6989,117,25,2026-03-01 05:08:11.449144,77,0.19,Completed,62.370000000000005
6990,421,27,2026-03-01 06:35:36.453645,92,0.28,Completed,66.24
6991,46,7,2026-03-01 08:03:01.458145,75,0.13,Completed,65.25
6992,309,44,2026-03-01 09:30:26.462646,74,0.15,Completed,62.9
6993,88,42,2026-03-01 10:57:51.467146,39,0.07,Completed,36.269999999999996
6994,208,29,2026-03-01 12:25:16.471647,24,0.11,Completed,21.36
6995,377,31,2026-03-01 13:52:41.476147,38,0.09,Completed,34.58
6996,269,44,2026-03-01 15:20:06.480648,88,0.11,Completed,78.32000000000001
6997,89,43,2026-03-01 16:47:31.485148,97,0.01,Completed,96.03
6998,381,36,2026-03-01 18:14:56.489648,81,0.01,Completed,80.19
6999,118,19,2026-03-01 19:42:21.494149,57,0.2,Completed,45.6
7000,54,6,2026-03-01 21:09:46.498649,44,0.2,Completed,35.2
7001,441,25,2026-03-01 22:37:11.503150,36,0.1,Completed,32.4
7002,116,31,2026-03-02 00:04:36.507650,99,0.27,Completed,72.27
7003,118,9,2026-03-02 01:32:01.512151,70,0.08,Completed,64.4
7004,260,20,2026-03-02 02:59:26.516651,80,0.12,Completed,70.4
7005,75,10,2026-03-02 04:26:51.521152,45,0.22,Completed,35.1
7006,480,37,2026-03-02 05:54:16.525652,92,0.22,Completed,71.76
7007,305,27,2026-03-02 07:21:41.530153,96,0.26,Pending,71.03999999999999
7008,7,13,2026-03-02 08:49:06.534653,26,0.01,Completed,25.74
7009,366,41,2026-03-02 10:16:31.539153,11,0.06,Completed,10.34
7010,122,2,2026-03-02 11:43:56.543654,52,0.19,Completed,42.120000000000005
7011,11,50,2026-03-02 13:11:21.548154,25,0.1,Cancelled,22.5
7012,348,21,2026-03-02 14:38:46.552655,31,0.01,Completed,30.69
7013,438,33,2026-03-02 16:06:11.557155,85,0.18,Completed,69.7
7014,489,24,2026-03-02 17:33:36.561656,45,0.12,Cancelled,39.6
7015,215,44,2026-03-02 19:01:01.566156,67,0.11,Completed,59.63
7016,429,42,2026-03-02 20:28:26.570657,76,0.08,Completed,69.92
7017,279,34,2026-03-02 21:55:51.575157,40,0.0,Completed,40.0
7018,498,9,2026-03-02 23:23:16.579657,46,0.05,Completed,43.699999999999996
7019,28,2,2026-03-03 00:50:41.584158,54,0.14,Completed,46.44
7020,235,30,2026-03-03 02:18:06.588658,41,0.08,Completed,37.72
7021,367,22,2026-03-03 03:45:31.593159,89,0.26,Completed,65.86
7022,313,46,2026-03-03 05:12:56.597659,81,0.04,Completed,77.75999999999999
7023,26,11,2026-03-03 06:40:21.602160,38,0.26,Pending,28.12
7024,409,43,2026-03-03 08:07:46.606660,100,0.12,Completed,88.0
7025,54,17,2026-03-03 09:35:11.611161,36,0.08,Completed,33.120000000000005
7026,29,36,2026-03-03 11:02:36.615661,83,0.09,Completed,75.53
7027,467,13,2026-03-03 12:30:01.620162,44,0.1,Completed,39.6
7028,353,7,2026-03-03 13:57:26.624662,57,0.15,Cancelled,48.449999999999996
7029,164,16,2026-03-03 15:24:51.629162,66,0.11,Completed,58.74
7030,270,33,2026-03-03 16:52:16.633663,81,0.19,Completed,65.61
7031,334,45,2026-03-03 18:19:41.638163,30,0.13,Completed,26.1
7032,35,1,2026-03-03 19:47:06.642664,10,0.2,Completed,8.0
7033,286,11,2026-03-03 21:14:31.647164,99,0.18,Completed,81.18
7034,348,6,2026-03-03 22:41:56.651665,61,0.07,Completed,56.73
7035,273,20,2026-03-04 00:09:21.656165,63,0.24,Completed,47.88
7036,451,35,2026-03-04 01:36:46.660666,36,0.24,Pending,27.36
7037,208,44,2026-03-04 03:04:11.665166,54,0.3,Completed,37.8
7038,238,37,2026-03-04 04:31:36.669666,97,0.05,Completed,92.14999999999999
7039,414,41,2026-03-04 05:59:01.674167,65,0.25,Completed,48.75
7040,500,26,2026-03-04 07:26:26.678667,82,0.26,Completed,60.68
7041,93,12,2026-03-04 08:53:51.683168,4,0.19,Completed,3.24
7042,173,30,2026-03-04 10:21:16.687668,55,0.15,Completed,46.75
7043,79,28,2026-03-04 11:48:41.692169,54,0.29,Pending,38.339999999999996
7044,110,27,2026-03-04 13:16:06.696669,91,0.29,Cancelled,64.61
7045,217,42,2026-03-04 14:43:31.701170,89,0.19,Completed,72.09
7046,435,19,2026-03-04 16:10:56.705670,64,0.11,Completed,56.96
7047,358,5,2026-03-04 17:38:21.710171,92,0.25,Cancelled,69.0
7048,106,5,2026-03-04 19:05:46.714671,22,0.03,Completed,21.34
7049,47,41,2026-03-04 20:33:11.719171,25,0.09,Completed,22.75
7050,181,27,2026-03-04 22:00:36.723672,81,0.3,Completed,56.699999999999996
7051,64,28,2026-03-04 23:28:01.728172,59,0.24,Completed,44.84
7052,246,26,2026-03-05 00:55:26.732673,57,0.28,Completed,41.04
7053,244,27,2026-03-05 02:22:51.737173,54,0.18,Completed,44.28
7054,422,49,2026-03-05 03:50:16.741674,44,0.12,Completed,38.72
7055,320,42,2026-03-05 05:17:41.746174,52,0.29,Completed,36.92
7056,87,21,2026-03-05 06:45:06.750675,76,0.09,Completed,69.16
7057,217,1,2026-03-05 08:12:31.755175,16,0.23,Pending,12.32
7058,490,28,2026-03-05 09:39:56.759675,16,0.17,Pending,13.28
7059,7,48,2026-03-05 11:07:21.764176,81,0.07,Completed,75.33
7060,278,15,2026-03-05 12:34:46.768676,55,0.01,Completed,54.45
7061,337,17,2026-03-05 14:02:11.773177,61,0.12,Completed,53.68
7062,210,26,2026-03-05 15:29:36.777677,95,0.16,Completed,79.8
7063,497,20,2026-03-05 16:57:01.782178,79,0.05,Completed,75.05
7064,169,25,2026-03-05 18:24:26.786678,77,0.12,Pending,67.76
7065,330,13,2026-03-05 19:51:51.791179,40,0.18,Completed,32.800000000000004
7066,138,33,2026-03-05 21:19:16.795679,91,0.21,Completed,71.89
7067,441,25,2026-03-05 22:46:41.800180,21,0.02,Completed,20.58
7068,391,8,2026-03-06 00:14:06.804680,66,0.2,Completed,52.800000000000004
7069,496,5,2026-03-06 01:41:31.809180,8,0.02,Completed,7.84
7070,381,6,2026-03-06 03:08:56.813681,71,0.01,Completed,70.29
7071,306,23,2026-03-06 04:36:21.818181,10,0.05,Completed,9.5
7072,230,30,2026-03-06 06:03:46.822682,57,0.2,Completed,45.6
7073,475,14,2026-03-06 07:31:11.827182,4,0.02,Pending,3.92
7074,308,23,2026-03-06 08:58:36.831683,43,0.01,Completed,42.57
7075,161,11,2026-03-06 10:26:01.836183,100,0.04,Completed,96.0
7076,1,31,2026-03-06 11:53:26.840684,99,0.28,Pending,71.28
7077,236,6,2026-03-06 13:20:51.845184,63,0.27,Completed,45.99
7078,437,11,2026-03-06 14:48:16.849684,43,0.03,Completed,41.71
7079,188,13,2026-03-06 16:15:41.854185,67,0.09,Completed,60.97
7080,418,12,2026-03-06 17:43:06.858685,82,0.28,Completed,59.04
7081,4,2,2026-03-06 19:10:31.863186,51,0.03,Completed,49.47
7082,401,35,2026-03-06 20:37:56.867686,56,0.03,Completed,54.32
7083,132,36,2026-03-06 22:05:21.872187,43,0.03,Completed,41.71
7084,427,17,2026-03-06 23:32:46.876687,24,0.29,Completed,17.04
7085,218,28,2026-03-07 01:00:11.881188,96,0.22,Completed,74.88
7086,260,28,2026-03-07 02:27:36.885688,34,0.06,Completed,31.959999999999997
7087,1,22,2026-03-07 03:55:01.890189,59,0.01,Completed,58.41
7088,71,38,2026-03-07 05:22:26.894689,2,0.29,Completed,1.42
7089,478,7,2026-03-07 06:49:51.899189,2,0.13,Completed,1.74
7090,178,15,2026-03-07 08:17:16.903690,10,0.18,Completed,8.200000000000001
7091,457,32,2026-03-07 09:44:41.908190,23,0.08,Completed,21.16
7092,189,11,2026-03-07 11:12:06.912691,15,0.23,Completed,11.55
7093,291,24,2026-03-07 12:39:31.917191,76,0.06,Completed,71.44
7094,8,3,2026-03-07 14:06:56.921692,17,0.24,Completed,12.92
7095,253,30,2026-03-07 15:34:21.926192,82,0.07,Completed,76.25999999999999
7096,408,6,2026-03-07 17:01:46.930693,14,0.03,Completed,13.58
7097,467,2,2026-03-07 18:29:11.935193,81,0.14,Completed,69.66
7098,292,14,2026-03-07 19:56:36.939693,79,0.24,Completed,60.04
7099,434,41,2026-03-07 21:24:01.944194,76,0.12,Cancelled,66.88
7100,244,18,2026-03-07 22:51:26.948694,16,0.01,Pending,15.84
7101,123,44,2026-03-08 00:18:51.953195,32,0.17,Completed,26.56
7102,299,31,2026-03-08 01:46:16.957695,23,0.2,Completed,18.400000000000002
7103,283,13,2026-03-08 03:13:41.962196,34,0.22,Pending,26.52
7104,32,26,2026-03-08 04:41:06.966696,98,0.12,Completed,86.24
7105,334,44,2026-03-08 06:08:31.971197,16,0.03,Completed,15.52
7106,377,12,2026-03-08 07:35:56.975697,34,0.18,Cancelled,27.880000000000003
7107,146,18,2026-03-08 09:03:21.980198,71,0.1,Completed,63.9
7108,156,9,2026-03-08 10:30:46.984698,33,0.28,Completed,23.759999999999998
7109,413,49,2026-03-08 11:58:11.989198,68,0.15,Completed,57.8
7110,16,21,2026-03-08 13:25:36.993699,43,0.14,Completed,36.98
7111,355,48,2026-03-08 14:53:01.998199,64,0.09,Pending,58.24
7112,47,49,2026-03-08 16:20:27.002700,71,0.1,Completed,63.9
7113,251,40,2026-03-08 17:47:52.007200,18,0.15,Completed,15.299999999999999
7114,187,43,2026-03-08 19:15:17.011701,68,0.09,Completed,61.88
7115,31,24,2026-03-08 20:42:42.016201,61,0.27,Completed,44.53
7116,260,34,2026-03-08 22:10:07.020702,75,0.13,Completed,65.25
7117,421,8,2026-03-08 23:37:32.025202,20,0.09,Completed,18.2
7118,17,44,2026-03-09 01:04:57.029702,11,0.05,Completed,10.45
7119,39,33,2026-03-09 02:32:22.034203,79,0.2,Pending,63.2
7120,304,23,2026-03-09 03:59:47.038703,46,0.01,Completed,45.54
7121,430,13,2026-03-09 05:27:12.043204,64,0.13,Completed,55.68
7122,474,49,2026-03-09 06:54:37.047704,81,0.17,Completed,67.22999999999999
7123,432,14,2026-03-09 08:22:02.052205,98,0.1,Completed,88.2
7124,39,14,2026-03-09 09:49:27.056705,76,0.22,Completed,59.28
7125,489,16,2026-03-09 11:16:52.061206,28,0.2,Completed,22.400000000000002
7126,132,49,2026-03-09 12:44:17.065706,48,0.29,Completed,34.08
7127,30,38,2026-03-09 14:11:42.070207,35,0.15,Completed,29.75
7128,158,39,2026-03-09 15:39:07.074707,8,0.16,Completed,6.72
7129,278,26,2026-03-09 17:06:32.079207,91,0.07,Completed,84.63
7130,203,26,2026-03-09 18:33:57.083708,22,0.12,Completed,19.36
7131,66,1,2026-03-09 20:01:22.088208,24,0.01,Pending,23.759999999999998
7132,108,32,2026-03-09 21:28:47.092709,66,0.21,Completed,52.14
7133,268,15,2026-03-09 22:56:12.097209,95,0.09,Completed,86.45
7134,222,21,2026-03-10 00:23:37.101710,86,0.16,Pending,72.24
7135,292,18,2026-03-10 01:51:02.106210,64,0.08,Completed,58.88
7136,18,30,2026-03-10 03:18:27.110711,65,0.19,Completed,52.650000000000006
7137,90,13,2026-03-10 04:45:52.115211,14,0.13,Completed,12.18
7138,181,24,2026-03-10 06:13:17.119711,25,0.14,Completed,21.5
7139,255,30,2026-03-10 07:40:42.124212,100,0.28,Pending,72.0
7140,455,2,2026-03-10 09:08:07.128712,100,0.21,Cancelled,79.0
7141,253,19,2026-03-10 10:35:32.133213,3,0.08,Completed,2.7600000000000002
7142,257,47,2026-03-10 12:02:57.137713,5,0.15,Completed,4.25
7143,383,44,2026-03-10 13:30:22.142214,65,0.14,Pending,55.9
7144,442,47,2026-03-10 14:57:47.146714,54,0.24,Completed,41.04
7145,346,25,2026-03-10 16:25:12.151215,19,0.25,Completed,14.25
7146,87,50,2026-03-10 17:52:37.155715,97,0.09,Completed,88.27
7147,90,14,2026-03-10 19:20:02.160216,54,0.25,Pending,40.5
7148,237,6,2026-03-10 20:47:27.164716,94,0.05,Pending,89.3
7149,390,12,2026-03-10 22:14:52.169216,76,0.23,Pending,58.52
7150,70,20,2026-03-10 23:42:17.173717,10,0.07,Completed,9.299999999999999
7151,44,23,2026-03-11 01:09:42.178217,98,0.09,Completed,89.18
7152,200,30,2026-03-11 02:37:07.182718,16,0.26,Completed,11.84
7153,152,30,2026-03-11 04:04:32.187218,46,0.13,Completed,40.02
7154,86,38,2026-03-11 05:31:57.191719,29,0.3,Completed,20.299999999999997
7155,19,30,2026-03-11 06:59:22.196219,15,0.05,Completed,14.25
7156,101,41,2026-03-11 08:26:47.200720,48,0.14,Completed,41.28
7157,402,30,2026-03-11 09:54:12.205220,11,0.22,Completed,8.58
7158,95,36,2026-03-11 11:21:37.209720,34,0.0,Completed,34.0
7159,254,49,2026-03-11 12:49:02.214221,36,0.05,Completed,34.199999999999996
7160,357,34,2026-03-11 14:16:27.218721,30,0.01,Completed,29.7
7161,30,16,2026-03-11 15:43:52.223222,99,0.3,Completed,69.3
7162,249,24,2026-03-11 17:11:17.227722,73,0.23,Completed,56.21
7163,426,14,2026-03-11 18:38:42.232223,82,0.11,Completed,72.98
7164,33,26,2026-03-11 20:06:07.236723,19,0.05,Completed,18.05
7165,458,8,2026-03-11 21:33:32.241224,68,0.03,Completed,65.96
7166,229,14,2026-03-11 23:00:57.245724,70,0.16,Completed,58.8
7167,12,31,2026-03-12 00:28:22.250225,33,0.29,Pending,23.43
7168,118,2,2026-03-12 01:55:47.254725,96,0.2,Completed,76.80000000000001
7169,350,48,2026-03-12 03:23:12.259225,80,0.11,Completed,71.2
7170,155,4,2026-03-12 04:50:37.263726,75,0.15,Completed,63.75
7171,423,1,2026-03-12 06:18:02.268226,22,0.3,Completed,15.399999999999999
7172,393,20,2026-03-12 07:45:27.272727,36,0.16,Completed,30.24
7173,246,14,2026-03-12 09:12:52.277227,23,0.29,Completed,16.33
7174,405,40,2026-03-12 10:40:17.281728,63,0.0,Pending,63.0
7175,332,25,2026-03-12 12:07:42.286228,26,0.22,Pending,20.28
7176,247,25,2026-03-12 13:35:07.290729,60,0.19,Pending,48.6
7177,29,3,2026-03-12 15:02:32.295229,95,0.21,Cancelled,75.05
7178,161,5,2026-03-12 16:29:57.299729,93,0.17,Completed,77.19
7179,235,38,2026-03-12 17:57:22.304230,5,0.01,Completed,4.95
7180,190,26,2026-03-12 19:24:47.308730,54,0.04,Completed,51.839999999999996
7181,117,40,2026-03-12 20:52:12.313231,38,0.28,Completed,27.36
7182,271,38,2026-03-12 22:19:37.317731,62,0.07,Completed,57.66
7183,258,38,2026-03-12 23:47:02.322232,25,0.3,Pending,17.5
7184,180,4,2026-03-13 01:14:27.326732,98,0.2,Completed,78.4
7185,487,7,2026-03-13 02:41:52.331233,12,0.13,Completed,10.44
7186,373,30,2026-03-13 04:09:17.335733,22,0.28,Completed,15.84
7187,172,30,2026-03-13 05:36:42.340234,9,0.24,Completed,6.84
7188,438,19,2026-03-13 07:04:07.344734,84,0.13,Completed,73.08
7189,274,39,2026-03-13 08:31:32.349234,29,0.02,Cancelled,28.419999999999998
7190,259,35,2026-03-13 09:58:57.353735,44,0.26,Completed,32.56
7191,135,40,2026-03-13 11:26:22.358235,93,0.23,Completed,71.61
7192,171,33,2026-03-13 12:53:47.362736,27,0.24,Cancelled,20.52
7193,210,33,2026-03-13 14:21:12.367236,55,0.22,Completed,42.9
7194,236,14,2026-03-13 15:48:37.371737,81,0.08,Completed,74.52000000000001
7195,422,38,2026-03-13 17:16:02.376237,5,0.26,Completed,3.7
7196,421,10,2026-03-13 18:43:27.380738,52,0.0,Completed,52.0
7197,186,28,2026-03-13 20:10:52.385238,13,0.07,Pending,12.09
7198,417,14,2026-03-13 21:38:17.389738,42,0.01,Completed,41.58
7199,364,36,2026-03-13 23:05:42.394239,15,0.03,Completed,14.549999999999999
7200,443,38,2026-03-14 00:33:07.398739,79,0.16,Completed,66.36
7201,95,16,2026-03-14 02:00:32.403240,18,0.01,Completed,17.82
7202,378,21,2026-03-14 03:27:57.407740,50,0.05,Completed,47.5
7203,11,28,2026-03-14 04:55:22.412241,2,0.07,Completed,1.8599999999999999
7204,68,33,2026-03-14 06:22:47.416741,87,0.2,Completed,69.60000000000001
7205,379,6,2026-03-14 07:50:12.421242,13,0.14,Completed,11.18
7206,210,41,2026-03-14 09:17:37.425742,68,0.14,Completed,58.48
7207,196,15,2026-03-14 10:45:02.430243,47,0.23,Completed,36.19
7208,369,44,2026-03-14 12:12:27.434743,89,0.14,Pending,76.53999999999999
7209,98,3,2026-03-14 13:39:52.439243,75,0.1,Completed,67.5
7210,93,43,2026-03-14 15:07:17.443744,50,0.29,Completed,35.5
7211,472,47,2026-03-14 16:34:42.448244,12,0.0,Completed,12.0
7212,22,35,2026-03-14 18:02:07.452745,13,0.09,Completed,11.83
7213,450,14,2026-03-14 19:29:32.457245,9,0.18,Completed,7.380000000000001
7214,172,2,2026-03-14 20:56:57.461746,59,0.23,Completed,45.43
7215,383,29,2026-03-14 22:24:22.466246,45,0.24,Completed,34.2
7216,134,4,2026-03-14 23:51:47.470747,70,0.01,Completed,69.3
7217,426,26,2026-03-15 01:19:12.475247,43,0.21,Completed,33.97
7218,25,12,2026-03-15 02:46:37.479747,74,0.22,Pending,57.72
7219,185,2,2026-03-15 04:14:02.484248,23,0.06,Pending,21.619999999999997
7220,85,17,2026-03-15 05:41:27.488748,79,0.03,Completed,76.63
7221,55,35,2026-03-15 07:08:52.493249,45,0.22,Completed,35.1
7222,251,10,2026-03-15 08:36:17.497749,23,0.07,Completed,21.389999999999997
7223,144,48,2026-03-15 10:03:42.502250,34,0.0,Completed,34.0
7224,351,22,2026-03-15 11:31:07.506750,16,0.07,Pending,14.879999999999999
7225,398,41,2026-03-15 12:58:32.511251,63,0.01,Completed,62.37
7226,167,43,2026-03-15 14:25:57.515751,51,0.07,Completed,47.43
7227,412,21,2026-03-15 15:53:22.520252,32,0.1,Completed,28.8
7228,224,15,2026-03-15 17:20:47.524752,38,0.08,Completed,34.96
7229,220,35,2026-03-15 18:48:12.529252,56,0.28,Completed,40.32
7230,179,48,2026-03-15 20:15:37.533753,69,0.07,Completed,64.17
7231,119,21,2026-03-15 21:43:02.538253,17,0.14,Completed,14.62
7232,433,21,2026-03-15 23:10:27.542754,86,0.29,Completed,61.059999999999995
7233,265,21,2026-03-16 00:37:52.547254,39,0.26,Completed,28.86
7234,442,44,2026-03-16 02:05:17.551755,41,0.09,Completed,37.31
7235,429,32,2026-03-16 03:32:42.556255,48,0.1,Completed,43.2
7236,150,5,2026-03-16 05:00:07.560756,82,0.18,Completed,67.24000000000001
7237,416,39,2026-03-16 06:27:32.565256,28,0.28,Completed,20.16
7238,453,9,2026-03-16 07:54:57.569756,77,0.0,Completed,77.0
7239,215,18,2026-03-16 09:22:22.574257,50,0.12,Completed,44.0
7240,197,21,2026-03-16 10:49:47.578757,1,0.25,Completed,0.75
7241,42,8,2026-03-16 12:17:12.583258,50,0.12,Completed,44.0
7242,53,44,2026-03-16 13:44:37.587758,19,0.22,Completed,14.82
7243,480,34,2026-03-16 15:12:02.592259,98,0.21,Completed,77.42
7244,443,10,2026-03-16 16:39:27.596759,59,0.06,Completed,55.459999999999994
7245,330,41,2026-03-16 18:06:52.601260,68,0.13,Completed,59.16
7246,251,24,2026-03-16 19:34:17.605760,67,0.17,Completed,55.61
7247,295,40,2026-03-16 21:01:42.610261,41,0.21,Completed,32.39
7248,378,24,2026-03-16 22:29:07.614761,10,0.25,Completed,7.5
7249,271,32,2026-03-16 23:56:32.619261,28,0.23,Cancelled,21.560000000000002
7250,455,33,2026-03-17 01:23:57.623762,34,0.01,Completed,33.66
7251,413,38,2026-03-17 02:51:22.628262,39,0.2,Completed,31.200000000000003
7252,123,44,2026-03-17 04:18:47.632763,83,0.15,Completed,70.55
7253,367,49,2026-03-17 05:46:12.637263,56,0.17,Completed,46.48
7254,387,34,2026-03-17 07:13:37.641764,52,0.11,Completed,46.28
7255,339,11,2026-03-17 08:41:02.646264,100,0.21,Completed,79.0
7256,266,31,2026-03-17 10:08:27.650765,3,0.2,Completed,2.4000000000000004
7257,348,18,2026-03-17 11:35:52.655265,23,0.17,Completed,19.09
7258,29,23,2026-03-17 13:03:17.659765,17,0.26,Completed,12.58
7259,463,22,2026-03-17 14:30:42.664266,71,0.03,Completed,68.87
7260,35,43,2026-03-17 15:58:07.668766,26,0.09,Cancelled,23.66
7261,6,18,2026-03-17 17:25:32.673267,18,0.15,Completed,15.299999999999999
7262,396,40,2026-03-17 18:52:57.677767,46,0.29,Completed,32.66
7263,111,47,2026-03-17 20:20:22.682268,70,0.02,Pending,68.6
7264,294,41,2026-03-17 21:47:47.686768,31,0.1,Completed,27.900000000000002
7265,77,47,2026-03-17 23:15:12.691269,93,0.28,Completed,66.96
7266,349,39,2026-03-18 00:42:37.695769,9,0.27,Completed,6.57
7267,147,20,2026-03-18 02:10:02.700270,35,0.26,Completed,25.9
7268,67,13,2026-03-18 03:37:27.704770,81,0.09,Completed,73.71000000000001
7269,392,45,2026-03-18 05:04:52.709270,60,0.25,Pending,45.0
7270,8,1,2026-03-18 06:32:17.713771,76,0.15,Completed,64.6
7271,122,4,2026-03-18 07:59:42.718271,63,0.19,Pending,51.03
7272,340,24,2026-03-18 09:27:07.722772,100,0.07,Completed,93.0
7273,175,36,2026-03-18 10:54:32.727272,52,0.21,Completed,41.08
7274,388,36,2026-03-18 12:21:57.731773,48,0.1,Completed,43.2
7275,179,45,2026-03-18 13:49:22.736273,61,0.1,Cancelled,54.9
7276,85,2,2026-03-18 15:16:47.740774,24,0.19,Completed,19.44
7277,451,28,2026-03-18 16:44:12.745274,74,0.07,Cancelled,68.82
7278,45,26,2026-03-18 18:11:37.749774,58,0.07,Completed,53.94
7279,136,23,2026-03-18 19:39:02.754275,64,0.11,Completed,56.96
7280,343,15,2026-03-18 21:06:27.758775,30,0.23,Completed,23.1
7281,16,36,2026-03-18 22:33:52.763276,29,0.07,Completed,26.97
7282,333,27,2026-03-19 00:01:17.767776,10,0.24,Completed,7.6
7283,195,6,2026-03-19 01:28:42.772277,39,0.21,Completed,30.810000000000002
7284,496,35,2026-03-19 02:56:07.776777,55,0.2,Completed,44.0
7285,9,39,2026-03-19 04:23:32.781278,28,0.14,Completed,24.08
7286,316,38,2026-03-19 05:50:57.785778,18,0.22,Pending,14.040000000000001
7287,334,35,2026-03-19 07:18:22.790279,41,0.0,Completed,41.0
7288,333,36,2026-03-19 08:45:47.794779,81,0.09,Completed,73.71000000000001
7289,327,10,2026-03-19 10:13:12.799279,75,0.2,Completed,60.0
7290,15,30,2026-03-19 11:40:37.803780,65,0.3,Pending,45.5
7291,327,41,2026-03-19 13:08:02.808280,81,0.0,Cancelled,81.0
7292,102,38,2026-03-19 14:35:27.812781,100,0.15,Completed,85.0
7293,226,29,2026-03-19 16:02:52.817281,100,0.28,Completed,72.0
7294,425,43,2026-03-19 17:30:17.821782,46,0.26,Completed,34.04
7295,278,39,2026-03-19 18:57:42.826282,60,0.01,Completed,59.4
7296,408,50,2026-03-19 20:25:07.830783,9,0.16,Pending,7.56
7297,113,4,2026-03-19 21:52:32.835283,45,0.0,Cancelled,45.0
7298,485,5,2026-03-19 23:19:57.839783,60,0.24,Completed,45.6
7299,428,4,2026-03-20 00:47:22.844284,28,0.09,Cancelled,25.48
7300,1,36,2026-03-20 02:14:47.848784,97,0.23,Completed,74.69
7301,266,45,2026-03-20 03:42:12.853285,3,0.28,Completed,2.16
7302,491,16,2026-03-20 05:09:37.857785,51,0.29,Completed,36.21
7303,208,25,2026-03-20 06:37:02.862286,8,0.27,Completed,5.84
7304,110,14,2026-03-20 08:04:27.866786,70,0.06,Completed,65.8
7305,200,11,2026-03-20 09:31:52.871287,59,0.06,Completed,55.459999999999994
7306,440,29,2026-03-20 10:59:17.875787,61,0.19,Completed,49.410000000000004
7307,369,34,2026-03-20 12:26:42.880288,58,0.16,Completed,48.72
7308,473,22,2026-03-20 13:54:07.884788,70,0.0,Pending,70.0
7309,306,14,2026-03-20 15:21:32.889288,93,0.12,Completed,81.84
7310,12,24,2026-03-20 16:48:57.893789,12,0.27,Completed,8.76
7311,345,39,2026-03-20 18:16:22.898289,9,0.27,Completed,6.57
7312,465,26,2026-03-20 19:43:47.902790,49,0.06,Completed,46.059999999999995
7313,188,43,2026-03-20 21:11:12.907290,83,0.11,Completed,73.87
7314,154,36,2026-03-20 22:38:37.911791,17,0.17,Completed,14.11
7315,494,39,2026-03-21 00:06:02.916291,54,0.26,Completed,39.96
7316,368,16,2026-03-21 01:33:27.920792,44,0.16,Completed,36.96
7317,334,38,2026-03-21 03:00:52.925292,32,0.29,Completed,22.72
7318,425,32,2026-03-21 04:28:17.929792,35,0.24,Completed,26.6
7319,420,6,2026-03-21 05:55:42.934293,78,0.29,Completed,55.379999999999995
7320,377,34,2026-03-21 07:23:07.938793,49,0.22,Completed,38.22
7321,279,8,2026-03-21 08:50:32.943294,54,0.26,Completed,39.96
7322,171,30,2026-03-21 10:17:57.947794,16,0.25,Completed,12.0
7323,134,27,2026-03-21 11:45:22.952295,85,0.08,Completed,78.2
7324,495,7,2026-03-21 13:12:47.956795,12,0.07,Completed,11.16
7325,453,27,2026-03-21 14:40:12.961296,88,0.26,Completed,65.12
7326,427,25,2026-03-21 16:07:37.965796,98,0.03,Completed,95.06
7327,25,46,2026-03-21 17:35:02.970297,8,0.12,Completed,7.04
7328,18,41,2026-03-21 19:02:27.974797,21,0.25,Completed,15.75
7329,190,15,2026-03-21 20:29:52.979297,48,0.24,Completed,36.480000000000004
7330,141,25,2026-03-21 21:57:17.983798,8,0.04,Completed,7.68
7331,43,22,2026-03-21 23:24:42.988298,28,0.15,Completed,23.8
7332,334,18,2026-03-22 00:52:07.992799,80,0.14,Completed,68.8
7333,284,12,2026-03-22 02:19:32.997299,10,0.1,Cancelled,9.0
7334,146,23,2026-03-22 03:46:58.001800,52,0.28,Completed,37.44
7335,315,45,2026-03-22 05:14:23.006300,15,0.2,Completed,12.0
7336,444,39,2026-03-22 06:41:48.010801,4,0.29,Completed,2.84
7337,319,25,2026-03-22 08:09:13.015301,90,0.02,Completed,88.2
7338,441,10,2026-03-22 09:36:38.019801,79,0.12,Completed,69.52
7339,92,30,2026-03-22 11:04:03.024302,100,0.25,Completed,75.0
7340,179,10,2026-03-22 12:31:28.028802,96,0.13,Completed,83.52
7341,56,34,2026-03-22 13:58:53.033303,62,0.08,Cancelled,57.04
7342,155,46,2026-03-22 15:26:18.037803,4,0.3,Pending,2.8
7343,160,13,2026-03-22 16:53:43.042304,41,0.26,Completed,30.34
7344,111,29,2026-03-22 18:21:08.046804,73,0.16,Pending,61.32
7345,137,38,2026-03-22 19:48:33.051305,99,0.17,Completed,82.17
7346,232,41,2026-03-22 21:15:58.055805,55,0.0,Completed,55.0
7347,480,45,2026-03-22 22:43:23.060306,28,0.29,Completed,19.88
7348,468,9,2026-03-23 00:10:48.064806,47,0.24,Completed,35.72
7349,220,13,2026-03-23 01:38:13.069306,9,0.01,Completed,8.91
7350,481,37,2026-03-23 03:05:38.073807,2,0.05,Completed,1.9
7351,68,14,2026-03-23 04:33:03.078307,67,0.25,Completed,50.25
7352,302,37,2026-03-23 06:00:28.082808,48,0.03,Completed,46.56
7353,249,9,2026-03-23 07:27:53.087308,69,0.28,Completed,49.68
7354,482,8,2026-03-23 08:55:18.091809,74,0.3,Pending,51.8
7355,496,39,2026-03-23 10:22:43.096309,28,0.27,Pending,20.439999999999998
7356,323,40,2026-03-23 11:50:08.100810,79,0.22,Completed,61.620000000000005
7357,410,3,2026-03-23 13:17:33.105310,14,0.15,Completed,11.9
7358,392,47,2026-03-23 14:44:58.109810,46,0.02,Completed,45.08
7359,6,40,2026-03-23 16:12:23.114311,87,0.22,Completed,67.86
7360,464,33,2026-03-23 17:39:48.118811,13,0.12,Pending,11.44
7361,280,32,2026-03-23 19:07:13.123312,16,0.17,Completed,13.28
7362,432,7,2026-03-23 20:34:38.127812,94,0.09,Completed,85.54
7363,487,19,2026-03-23 22:02:03.132313,40,0.07,Completed,37.199999999999996
7364,94,34,2026-03-23 23:29:28.136813,72,0.1,Completed,64.8
7365,429,14,2026-03-24 00:56:53.141314,81,0.24,Completed,61.56
7366,269,50,2026-03-24 02:24:18.145814,30,0.13,Completed,26.1
7367,197,47,2026-03-24 03:51:43.150315,81,0.09,Completed,73.71000000000001
7368,25,46,2026-03-24 05:19:08.154815,99,0.13,Completed,86.13
7369,148,19,2026-03-24 06:46:33.159315,65,0.01,Completed,64.35
7370,118,26,2026-03-24 08:13:58.163816,58,0.27,Completed,42.339999999999996
7371,338,17,2026-03-24 09:41:23.168316,88,0.17,Completed,73.03999999999999
7372,367,28,2026-03-24 11:08:48.172817,48,0.03,Completed,46.56
7373,338,19,2026-03-24 12:36:13.177317,49,0.09,Completed,44.59
7374,66,27,2026-03-24 14:03:38.181818,89,0.3,Completed,62.3
7375,458,48,2026-03-24 15:31:03.186318,2,0.18,Completed,1.6400000000000001
7376,301,19,2026-03-24 16:58:28.190819,89,0.09,Completed,80.99000000000001
7377,370,33,2026-03-24 18:25:53.195319,14,0.13,Completed,12.18
7378,175,7,2026-03-24 19:53:18.199819,97,0.08,Completed,89.24000000000001
7379,319,29,2026-03-24 21:20:43.204320,17,0.01,Completed,16.83
7380,76,43,2026-03-24 22:48:08.208820,31,0.25,Cancelled,23.25
7381,495,5,2026-03-25 00:15:33.213321,10,0.09,Pending,9.1
7382,461,30,2026-03-25 01:42:58.217821,70,0.25,Pending,52.5
7383,114,49,2026-03-25 03:10:23.222322,89,0.14,Pending,76.53999999999999
7384,111,43,2026-03-25 04:37:48.226822,37,0.05,Completed,35.15
7385,249,8,2026-03-25 06:05:13.231323,64,0.24,Pending,48.64
7386,439,42,2026-03-25 07:32:38.235823,30,0.11,Completed,26.7
7387,203,12,2026-03-25 09:00:03.240324,34,0.21,Completed,26.86
7388,147,42,2026-03-25 10:27:28.244824,18,0.25,Completed,13.5
7389,35,13,2026-03-25 11:54:53.249324,88,0.29,Completed,62.48
7390,487,26,2026-03-25 13:22:18.253825,63,0.03,Pending,61.11
7391,309,18,2026-03-25 14:49:43.258325,49,0.0,Completed,49.0
7392,26,42,2026-03-25 16:17:08.262826,56,0.16,Completed,47.04
7393,238,49,2026-03-25 17:44:33.267326,91,0.08,Completed,83.72
7394,14,20,2026-03-25 19:11:58.271827,58,0.14,Completed,49.88
7395,374,16,2026-03-25 20:39:23.276327,27,0.02,Pending,26.46
7396,45,37,2026-03-25 22:06:48.280828,55,0.15,Cancelled,46.75
7397,428,3,2026-03-25 23:34:13.285328,85,0.04,Completed,81.6
7398,216,27,2026-03-26 01:01:38.289828,19,0.25,Completed,14.25
7399,233,15,2026-03-26 02:29:03.294329,23,0.23,Completed,17.71
7400,193,34,2026-03-26 03:56:28.298829,47,0.02,Pending,46.06
7401,51,45,2026-03-26 05:23:53.303330,79,0.25,Completed,59.25
7402,427,22,2026-03-26 06:51:18.307830,66,0.1,Completed,59.4
7403,375,40,2026-03-26 08:18:43.312331,99,0.11,Completed,88.11
7404,214,23,2026-03-26 09:46:08.316831,51,0.05,Completed,48.449999999999996
7405,151,49,2026-03-26 11:13:33.321332,84,0.25,Completed,63.0
7406,440,4,2026-03-26 12:40:58.325832,28,0.12,Pending,24.64
7407,275,41,2026-03-26 14:08:23.330333,57,0.01,Completed,56.43
7408,338,23,2026-03-26 15:35:48.334833,58,0.29,Pending,41.18
7409,76,47,2026-03-26 17:03:13.339333,15,0.08,Completed,13.8
7410,439,9,2026-03-26 18:30:38.343834,16,0.28,Completed,11.52
7411,220,24,2026-03-26 19:58:03.348334,97,0.09,Completed,88.27
7412,348,21,2026-03-26 21:25:28.352835,47,0.25,Completed,35.25
7413,444,41,2026-03-26 22:52:53.357335,63,0.2,Completed,50.400000000000006
7414,187,46,2026-03-27 00:20:18.361836,12,0.26,Completed,8.879999999999999
7415,289,16,2026-03-27 01:47:43.366336,43,0.29,Completed,30.529999999999998
7416,403,25,2026-03-27 03:15:08.370837,84,0.26,Completed,62.16
7417,28,26,2026-03-27 04:42:33.375337,29,0.12,Completed,25.52
7418,379,49,2026-03-27 06:09:58.379837,49,0.24,Completed,37.24
7419,180,45,2026-03-27 07:37:23.384338,3,0.21,Completed,2.37
7420,253,9,2026-03-27 09:04:48.388838,69,0.02,Completed,67.62
7421,126,15,2026-03-27 10:32:13.393339,60,0.28,Completed,43.199999999999996
7422,177,39,2026-03-27 11:59:38.397839,66,0.14,Completed,56.76
7423,37,33,2026-03-27 13:27:03.402340,87,0.04,Completed,83.52
7424,410,1,2026-03-27 14:54:28.406840,90,0.13,Cancelled,78.3
7425,99,5,2026-03-27 16:21:53.411341,26,0.18,Completed,21.32
7426,98,9,2026-03-27 17:49:18.415841,71,0.17,Completed,58.93
7427,127,44,2026-03-27 19:16:43.420342,74,0.17,Completed,61.419999999999995
7428,483,6,2026-03-27 20:44:08.424842,69,0.08,Completed,63.480000000000004
7429,168,28,2026-03-27 22:11:33.429342,47,0.19,Completed,38.07
7430,80,45,2026-03-27 23:38:58.433843,76,0.27,Completed,55.48
7431,294,26,2026-03-28 01:06:23.438343,96,0.12,Completed,84.48
7432,333,28,2026-03-28 02:33:48.442844,42,0.19,Pending,34.02
7433,126,40,2026-03-28 04:01:13.447344,31,0.07,Cancelled,28.83
7434,343,15,2026-03-28 05:28:38.451845,22,0.01,Completed,21.78
7435,310,6,2026-03-28 06:56:03.456345,17,0.18,Cancelled,13.940000000000001
7436,150,27,2026-03-28 08:23:28.460846,84,0.01,Completed,83.16
7437,16,38,2026-03-28 09:50:53.465346,20,0.22,Completed,15.600000000000001
7438,28,4,2026-03-28 11:18:18.469846,8,0.2,Completed,6.4
7439,496,11,2026-03-28 12:45:43.474347,98,0.11,Pending,87.22
7440,419,21,2026-03-28 14:13:08.478847,49,0.12,Pending,43.12
7441,444,30,2026-03-28 15:40:33.483348,87,0.28,Completed,62.64
7442,173,18,2026-03-28 17:07:58.487848,38,0.0,Completed,38.0
7443,46,35,2026-03-28 18:35:23.492349,53,0.17,Pending,43.989999999999995
7444,328,3,2026-03-28 20:02:48.496849,28,0.28,Completed,20.16
7445,236,12,2026-03-28 21:30:13.501350,77,0.27,Completed,56.21
7446,439,27,2026-03-28 22:57:38.505850,29,0.18,Completed,23.78
7447,214,30,2026-03-29 00:25:03.510351,72,0.11,Completed,64.08
7448,85,21,2026-03-29 01:52:28.514851,11,0.03,Completed,10.67
7449,282,38,2026-03-29 03:19:53.519351,47,0.05,Completed,44.65
7450,232,21,2026-03-29 04:47:18.523852,45,0.2,Completed,36.0
7451,85,38,2026-03-29 06:14:43.528352,18,0.0,Pending,18.0
7452,409,40,2026-03-29 07:42:08.532853,50,0.27,Completed,36.5
7453,489,15,2026-03-29 09:09:33.537353,89,0.18,Completed,72.98
7454,65,18,2026-03-29 10:36:58.541854,49,0.01,Pending,48.51
7455,134,29,2026-03-29 12:04:23.546354,22,0.07,Pending,20.459999999999997
7456,151,48,2026-03-29 13:31:48.550855,45,0.18,Completed,36.900000000000006
7457,115,38,2026-03-29 14:59:13.555355,61,0.01,Completed,60.39
7458,64,21,2026-03-29 16:26:38.559855,99,0.23,Completed,76.23
7459,343,17,2026-03-29 17:54:03.564356,93,0.28,Completed,66.96
7460,427,41,2026-03-29 19:21:28.568856,21,0.29,Pending,14.91
7461,363,18,2026-03-29 20:48:53.573357,71,0.22,Completed,55.38
7462,407,37,2026-03-29 22:16:18.577857,61,0.26,Completed,45.14
7463,352,38,2026-03-29 23:43:43.582358,76,0.18,Completed,62.32000000000001
7464,158,12,2026-03-30 01:11:08.586858,36,0.14,Pending,30.96
7465,77,11,2026-03-30 02:38:33.591359,24,0.21,Completed,18.96
7466,491,48,2026-03-30 04:05:58.595859,32,0.07,Completed,29.759999999999998
7467,146,49,2026-03-30 05:33:23.600360,91,0.03,Completed,88.27
7468,343,20,2026-03-30 07:00:48.604860,96,0.23,Completed,73.92
7469,463,9,2026-03-30 08:28:13.609360,59,0.29,Pending,41.89
7470,225,1,2026-03-30 09:55:38.613861,96,0.17,Completed,79.67999999999999
7471,405,3,2026-03-30 11:23:03.618361,96,0.14,Completed,82.56
7472,313,21,2026-03-30 12:50:28.622862,90,0.16,Pending,75.6
7473,103,23,2026-03-30 14:17:53.627362,75,0.14,Completed,64.5
7474,407,9,2026-03-30 15:45:18.631863,82,0.13,Completed,71.34
7475,347,19,2026-03-30 17:12:43.636363,5,0.28,Completed,3.5999999999999996
7476,301,45,2026-03-30 18:40:08.640864,16,0.14,Completed,13.76
7477,428,46,2026-03-30 20:07:33.645364,11,0.02,Completed,10.78
7478,466,19,2026-03-30 21:34:58.649864,35,0.23,Completed,26.95
7479,88,23,2026-03-30 23:02:23.654365,75,0.12,Completed,66.0
7480,371,27,2026-03-31 00:29:48.658865,42,0.21,Completed,33.18
7481,303,27,2026-03-31 01:57:13.663366,87,0.17,Completed,72.21
7482,168,39,2026-03-31 03:24:38.667866,98,0.21,Completed,77.42
7483,435,36,2026-03-31 04:52:03.672367,81,0.02,Completed,79.38
7484,170,12,2026-03-31 06:19:28.676867,10,0.01,Completed,9.9
7485,135,27,2026-03-31 07:46:53.681368,82,0.11,Completed,72.98
7486,50,46,2026-03-31 09:14:18.685868,8,0.21,Pending,6.32
7487,432,34,2026-03-31 10:41:43.690369,26,0.07,Completed,24.18
7488,340,33,2026-03-31 12:09:08.694869,3,0.13,Completed,2.61
7489,347,28,2026-03-31 13:36:33.699369,59,0.29,Pending,41.89
7490,134,31,2026-03-31 15:03:58.703870,88,0.06,Completed,82.72
7491,347,32,2026-03-31 16:31:23.708370,3,0.25,Completed,2.25
7492,137,50,2026-03-31 17:58:48.712871,38,0.25,Completed,28.5
7493,245,20,2026-03-31 19:26:13.717371,2,0.27,Completed,1.46
7494,109,40,2026-03-31 20:53:38.721872,99,0.27,Pending,72.27
7495,313,35,2026-03-31 22:21:03.726372,17,0.15,Completed,14.45
7496,287,31,2026-03-31 23:48:28.730873,73,0.2,Completed,58.400000000000006
7497,21,31,2026-04-01 01:15:53.735373,36,0.19,Completed,29.160000000000004
7498,90,38,2026-04-01 02:43:18.739873,86,0.09,Cancelled,78.26
7499,296,22,2026-04-01 04:10:43.744374,95,0.08,Completed,87.4
7500,112,45,2026-04-01 05:38:08.748874,98,0.1,Completed,88.2
7501,301,41,2026-04-01 07:05:33.753375,88,0.07,Pending,81.83999999999999
7502,77,9,2026-04-01 08:32:58.757875,73,0.23,Completed,56.21
7503,177,9,2026-04-01 10:00:23.762376,2,0.29,Completed,1.42
7504,343,15,2026-04-01 11:27:48.766876,85,0.26,Pending,62.9
7505,148,13,2026-04-01 12:55:13.771377,34,0.07,Completed,31.619999999999997
7506,101,22,2026-04-01 14:22:38.775877,27,0.02,Completed,26.46
7507,246,16,2026-04-01 15:50:03.780378,37,0.23,Completed,28.490000000000002
7508,117,32,2026-04-01 17:17:28.784878,71,0.12,Completed,62.48
7509,92,2,2026-04-01 18:44:53.789378,22,0.25,Completed,16.5
7510,401,26,2026-04-01 20:12:18.793879,68,0.23,Completed,52.36
7511,28,14,2026-04-01 21:39:43.798379,14,0.19,Completed,11.34
7512,425,38,2026-04-01 23:07:08.802880,98,0.08,Completed,90.16000000000001
7513,450,34,2026-04-02 00:34:33.807380,23,0.03,Completed,22.31
7514,25,8,2026-04-02 02:01:58.811881,44,0.08,Completed,40.480000000000004
7515,58,36,2026-04-02 03:29:23.816381,89,0.15,Pending,75.64999999999999
7516,498,21,2026-04-02 04:56:48.820882,65,0.29,Completed,46.15
7517,297,46,2026-04-02 06:24:13.825382,79,0.02,Pending,77.42
7518,134,43,2026-04-02 07:51:38.829882,96,0.06,Completed,90.24
7519,331,28,2026-04-02 09:19:03.834383,78,0.19,Completed,63.18000000000001
7520,249,46,2026-04-02 10:46:28.838883,61,0.09,Completed,55.510000000000005
7521,38,44,2026-04-02 12:13:53.843384,85,0.26,Pending,62.9
7522,390,48,2026-04-02 13:41:18.847884,55,0.04,Completed,52.8
7523,429,6,2026-04-02 15:08:43.852385,71,0.29,Completed,50.41
7524,75,20,2026-04-02 16:36:08.856885,100,0.27,Completed,73.0
7525,142,31,2026-04-02 18:03:33.861386,85,0.27,Completed,62.05
7526,322,33,2026-04-02 19:30:58.865886,50,0.05,Pending,47.5
7527,168,44,2026-04-02 20:58:23.870387,12,0.1,Completed,10.8
7528,259,7,2026-04-02 22:25:48.874887,79,0.24,Completed,60.04
7529,373,8,2026-04-02 23:53:13.879387,15,0.24,Cancelled,11.4
7530,355,9,2026-04-03 01:20:38.883888,17,0.21,Cancelled,13.43
7531,225,2,2026-04-03 02:48:03.888388,34,0.13,Completed,29.58
7532,152,17,2026-04-03 04:15:28.892889,35,0.09,Completed,31.85
7533,19,45,2026-04-03 05:42:53.897389,39,0.29,Completed,27.689999999999998
7534,146,37,2026-04-03 07:10:18.901890,78,0.04,Completed,74.88
7535,448,42,2026-04-03 08:37:43.906390,55,0.01,Completed,54.45
7536,241,44,2026-04-03 10:05:08.910891,59,0.0,Completed,59.0
7537,372,17,2026-04-03 11:32:33.915391,5,0.23,Cancelled,3.85
7538,381,38,2026-04-03 12:59:58.919891,30,0.02,Completed,29.4
7539,344,35,2026-04-03 14:27:23.924392,4,0.16,Completed,3.36
7540,237,47,2026-04-03 15:54:48.928892,15,0.11,Pending,13.35
7541,35,39,2026-04-03 17:22:13.933393,35,0.04,Completed,33.6
7542,190,30,2026-04-03 18:49:38.937893,74,0.22,Completed,57.72
7543,1,6,2026-04-03 20:17:03.942394,55,0.02,Completed,53.9
7544,484,4,2026-04-03 21:44:28.946894,66,0.1,Completed,59.4
7545,153,37,2026-04-03 23:11:53.951395,60,0.17,Pending,49.8
7546,429,35,2026-04-04 00:39:18.955895,24,0.12,Completed,21.12
7547,433,9,2026-04-04 02:06:43.960396,92,0.08,Completed,84.64
7548,126,6,2026-04-04 03:34:08.964896,22,0.28,Completed,15.84
7549,491,13,2026-04-04 05:01:33.969396,44,0.28,Completed,31.68
7550,482,22,2026-04-04 06:28:58.973897,32,0.12,Completed,28.16
7551,345,28,2026-04-04 07:56:23.978397,95,0.12,Completed,83.6
7552,400,30,2026-04-04 09:23:48.982898,83,0.09,Completed,75.53
7553,226,36,2026-04-04 10:51:13.987398,51,0.26,Completed,37.74
7554,221,2,2026-04-04 12:18:38.991899,85,0.17,Completed,70.55
7555,403,36,2026-04-04 13:46:03.996399,3,0.03,Completed,2.91
7556,407,8,2026-04-04 15:13:29.000900,70,0.26,Completed,51.8
7557,211,45,2026-04-04 16:40:54.005400,32,0.16,Completed,26.88
7558,25,42,2026-04-04 18:08:19.009900,2,0.12,Completed,1.76
7559,16,50,2026-04-04 19:35:44.014401,88,0.1,Completed,79.2
7560,182,9,2026-04-04 21:03:09.018901,59,0.03,Completed,57.23
7561,499,1,2026-04-04 22:30:34.023402,91,0.29,Pending,64.61
7562,329,13,2026-04-04 23:57:59.027902,73,0.22,Completed,56.940000000000005
7563,129,50,2026-04-05 01:25:24.032403,77,0.04,Completed,73.92
7564,42,15,2026-04-05 02:52:49.036903,14,0.15,Cancelled,11.9
7565,403,32,2026-04-05 04:20:14.041404,51,0.17,Completed,42.33
7566,481,34,2026-04-05 05:47:39.045904,11,0.05,Completed,10.45
7567,418,43,2026-04-05 07:15:04.050405,78,0.13,Pending,67.86
7568,336,31,2026-04-05 08:42:29.054905,80,0.19,Completed,64.80000000000001
7569,236,14,2026-04-05 10:09:54.059405,10,0.09,Completed,9.1
7570,360,47,2026-04-05 11:37:19.063906,84,0.1,Completed,75.60000000000001
7571,439,14,2026-04-05 13:04:44.068406,80,0.04,Completed,76.8
7572,402,48,2026-04-05 14:32:09.072907,58,0.12,Completed,51.04
7573,34,29,2026-04-05 15:59:34.077407,34,0.18,Completed,27.880000000000003
7574,345,47,2026-04-05 17:26:59.081908,80,0.03,Completed,77.6
7575,381,19,2026-04-05 18:54:24.086408,78,0.18,Completed,63.96000000000001
7576,45,27,2026-04-05 20:21:49.090909,53,0.12,Completed,46.64
7577,134,9,2026-04-05 21:49:14.095409,28,0.2,Completed,22.400000000000002
7578,21,37,2026-04-05 23:16:39.099909,18,0.09,Pending,16.38
7579,122,37,2026-04-06 00:44:04.104410,26,0.17,Completed,21.58
7580,70,43,2026-04-06 02:11:29.108910,7,0.18,Completed,5.74
7581,352,28,2026-04-06 03:38:54.113411,45,0.21,Completed,35.550000000000004
7582,361,24,2026-04-06 05:06:19.117911,98,0.23,Completed,75.46000000000001
7583,48,28,2026-04-06 06:33:44.122412,45,0.04,Completed,43.199999999999996
7584,491,36,2026-04-06 08:01:09.126912,71,0.29,Completed,50.41
7585,39,18,2026-04-06 09:28:34.131413,97,0.25,Completed,72.75
7586,287,25,2026-04-06 10:55:59.135913,35,0.17,Pending,29.049999999999997
7587,490,35,2026-04-06 12:23:24.140414,52,0.27,Pending,37.96
7588,10,4,2026-04-06 13:50:49.144914,21,0.11,Completed,18.69
7589,30,14,2026-04-06 15:18:14.149414,28,0.01,Pending,27.72
7590,244,39,2026-04-06 16:45:39.153915,96,0.22,Completed,74.88
7591,274,26,2026-04-06 18:13:04.158415,44,0.28,Completed,31.68
7592,444,8,2026-04-06 19:40:29.162916,80,0.05,Completed,76.0
7593,88,24,2026-04-06 21:07:54.167416,56,0.19,Completed,45.36
7594,244,16,2026-04-06 22:35:19.171917,10,0.24,Completed,7.6
7595,381,20,2026-04-07 00:02:44.176417,23,0.27,Completed,16.79
7596,329,15,2026-04-07 01:30:09.180918,48,0.08,Completed,44.160000000000004
7597,479,7,2026-04-07 02:57:34.185418,52,0.04,Completed,49.92
7598,15,17,2026-04-07 04:24:59.189918,15,0.07,Completed,13.95
7599,4,22,2026-04-07 05:52:24.194419,55,0.17,Cancelled,45.65
7600,191,22,2026-04-07 07:19:49.198919,43,0.28,Cancelled,30.959999999999997
7601,168,12,2026-04-07 08:47:14.203420,50,0.17,Cancelled,41.5
7602,9,18,2026-04-07 10:14:39.207920,6,0.28,Completed,4.32
7603,109,46,2026-04-07 11:42:04.212421,33,0.23,Completed,25.41
7604,137,47,2026-04-07 13:09:29.216921,62,0.18,Cancelled,50.84
7605,154,15,2026-04-07 14:36:54.221422,55,0.01,Cancelled,54.45
7606,388,37,2026-04-07 16:04:19.225922,39,0.1,Completed,35.1
7607,209,16,2026-04-07 17:31:44.230423,12,0.02,Completed,11.76
7608,272,5,2026-04-07 18:59:09.234923,100,0.1,Completed,90.0
7609,143,2,2026-04-07 20:26:34.239423,31,0.02,Pending,30.38
7610,99,28,2026-04-07 21:53:59.243924,74,0.05,Completed,70.3
7611,377,41,2026-04-07 23:21:24.248424,53,0.12,Pending,46.64
7612,308,27,2026-04-08 00:48:49.252925,34,0.15,Completed,28.9
7613,69,31,2026-04-08 02:16:14.257425,41,0.07,Completed,38.129999999999995
7614,247,41,2026-04-08 03:43:39.261926,10,0.22,Completed,7.800000000000001
7615,261,36,2026-04-08 05:11:04.266426,52,0.18,Completed,42.64
7616,276,47,2026-04-08 06:38:29.270927,75,0.21,Completed,59.25
7617,79,43,2026-04-08 08:05:54.275427,57,0.22,Completed,44.46
7618,146,1,2026-04-08 09:33:19.279927,78,0.22,Completed,60.84
7619,111,50,2026-04-08 11:00:44.284428,3,0.28,Completed,2.16
7620,258,29,2026-04-08 12:28:09.288928,57,0.07,Completed,53.01
7621,93,1,2026-04-08 13:55:34.293429,33,0.08,Completed,30.360000000000003
7622,13,8,2026-04-08 15:22:59.297929,7,0.03,Completed,6.79
7623,260,16,2026-04-08 16:50:24.302430,4,0.18,Completed,3.2800000000000002
7624,426,28,2026-04-08 18:17:49.306930,39,0.12,Cancelled,34.32
7625,109,22,2026-04-08 19:45:14.311431,48,0.15,Completed,40.8
7626,330,18,2026-04-08 21:12:39.315931,74,0.05,Completed,70.3
7627,189,22,2026-04-08 22:40:04.320432,79,0.19,Completed,63.99
7628,95,41,2026-04-09 00:07:29.324932,16,0.19,Completed,12.96
7629,105,12,2026-04-09 01:34:54.329432,38,0.08,Cancelled,34.96
7630,8,19,2026-04-09 03:02:19.333933,4,0.14,Completed,3.44
7631,67,25,2026-04-09 04:29:44.338433,4,0.27,Pending,2.92
7632,496,50,2026-04-09 05:57:09.342934,100,0.23,Completed,77.0
7633,191,5,2026-04-09 07:24:34.347434,27,0.07,Completed,25.11
7634,366,34,2026-04-09 08:51:59.351935,86,0.26,Completed,63.64
7635,256,39,2026-04-09 10:19:24.356435,86,0.02,Pending,84.28
7636,9,10,2026-04-09 11:46:49.360936,17,0.12,Completed,14.96
7637,478,47,2026-04-09 13:14:14.365436,98,0.02,Completed,96.03999999999999
7638,117,7,2026-04-09 14:41:39.369936,96,0.28,Completed,69.12
7639,267,37,2026-04-09 16:09:04.374437,70,0.01,Completed,69.3
7640,99,47,2026-04-09 17:36:29.378937,54,0.05,Completed,51.3
7641,485,15,2026-04-09 19:03:54.383438,97,0.27,Completed,70.81
7642,298,42,2026-04-09 20:31:19.387938,8,0.17,Completed,6.64
7643,397,24,2026-04-09 21:58:44.392439,53,0.24,Completed,40.28
7644,164,26,2026-04-09 23:26:09.396939,100,0.0,Cancelled,100.0
7645,376,26,2026-04-10 00:53:34.401440,5,0.13,Completed,4.35
7646,141,46,2026-04-10 02:20:59.405940,69,0.3,Completed,48.3
7647,268,26,2026-04-10 03:48:24.410441,47,0.17,Completed,39.01
7648,37,10,2026-04-10 05:15:49.414941,74,0.25,Completed,55.5
7649,74,17,2026-04-10 06:43:14.419441,40,0.29,Completed,28.4
7650,73,14,2026-04-10 08:10:39.423942,7,0.21,Completed,5.53
7651,308,2,2026-04-10 09:38:04.428442,12,0.1,Completed,10.8
7652,199,48,2026-04-10 11:05:29.432943,94,0.09,Completed,85.54
7653,130,13,2026-04-10 12:32:54.437443,25,0.02,Cancelled,24.5
7654,246,27,2026-04-10 14:00:19.441944,28,0.13,Pending,24.36
7655,312,9,2026-04-10 15:27:44.446444,43,0.27,Completed,31.39
7656,60,7,2026-04-10 16:55:09.450945,77,0.14,Completed,66.22
7657,279,48,2026-04-10 18:22:34.455445,47,0.27,Completed,34.31
7658,103,10,2026-04-10 19:49:59.459945,49,0.25,Pending,36.75
7659,296,9,2026-04-10 21:17:24.464446,86,0.3,Cancelled,60.199999999999996
7660,320,22,2026-04-10 22:44:49.468946,54,0.28,Pending,38.879999999999995
7661,487,23,2026-04-11 00:12:14.473447,18,0.21,Completed,14.22
7662,341,7,2026-04-11 01:39:39.477947,27,0.26,Completed,19.98
7663,151,48,2026-04-11 03:07:04.482448,72,0.22,Cancelled,56.160000000000004
7664,157,9,2026-04-11 04:34:29.486948,6,0.21,Pending,4.74
7665,206,27,2026-04-11 06:01:54.491449,75,0.21,Pending,59.25
7666,474,24,2026-04-11 07:29:19.495949,93,0.22,Completed,72.54
7667,179,29,2026-04-11 08:56:44.500450,69,0.11,Completed,61.410000000000004
7668,197,17,2026-04-11 10:24:09.504950,71,0.13,Completed,61.77
7669,223,20,2026-04-11 11:51:34.509450,22,0.09,Pending,20.02
7670,89,7,2026-04-11 13:18:59.513951,59,0.04,Pending,56.64
7671,287,43,2026-04-11 14:46:24.518451,47,0.14,Completed,40.42
7672,434,40,2026-04-11 16:13:49.522952,68,0.27,Completed,49.64
7673,276,7,2026-04-11 17:41:14.527452,32,0.2,Completed,25.6
7674,236,28,2026-04-11 19:08:39.531953,83,0.02,Completed,81.34
7675,183,19,2026-04-11 20:36:04.536453,97,0.24,Completed,73.72
7676,209,20,2026-04-11 22:03:29.540954,1,0.28,Completed,0.72
7677,493,44,2026-04-11 23:30:54.545454,54,0.25,Completed,40.5
7678,130,39,2026-04-12 00:58:19.549954,46,0.22,Completed,35.88
7679,153,40,2026-04-12 02:25:44.554455,41,0.05,Completed,38.949999999999996
7680,13,7,2026-04-12 03:53:09.558955,41,0.1,Completed,36.9
7681,122,6,2026-04-12 05:20:34.563456,8,0.17,Pending,6.64
7682,359,25,2026-04-12 06:47:59.567956,32,0.02,Completed,31.36
7683,220,41,2026-04-12 08:15:24.572457,30,0.03,Completed,29.099999999999998
7684,106,13,2026-04-12 09:42:49.576957,46,0.28,Pending,33.12
7685,375,39,2026-04-12 11:10:14.581458,92,0.21,Completed,72.68
7686,70,40,2026-04-12 12:37:39.585958,52,0.08,Completed,47.84
7687,195,22,2026-04-12 14:05:04.590459,96,0.1,Completed,86.4
7688,186,49,2026-04-12 15:32:29.594959,89,0.12,Completed,78.32000000000001
7689,99,17,2026-04-12 16:59:54.599459,98,0.02,Completed,96.03999999999999
7690,82,48,2026-04-12 18:27:19.603960,61,0.22,Completed,47.58
7691,75,22,2026-04-12 19:54:44.608460,97,0.05,Completed,92.14999999999999
7692,374,34,2026-04-12 21:22:09.612961,13,0.24,Completed,9.88
7693,340,8,2026-04-12 22:49:34.617461,89,0.25,Completed,66.75
7694,192,49,2026-04-13 00:16:59.621962,40,0.19,Completed,32.400000000000006
7695,325,45,2026-04-13 01:44:24.626462,61,0.23,Completed,46.97
7696,467,18,2026-04-13 03:11:49.630963,44,0.05,Completed,41.8
7697,214,24,2026-04-13 04:39:14.635463,62,0.17,Completed,51.46
7698,315,42,2026-04-13 06:06:39.639963,44,0.2,Pending,35.2
7699,444,2,2026-04-13 07:34:04.644464,48,0.2,Completed,38.400000000000006
7700,467,2,2026-04-13 09:01:29.648964,74,0.04,Completed,71.03999999999999
7701,382,27,2026-04-13 10:28:54.653465,59,0.1,Completed,53.1
7702,367,14,2026-04-13 11:56:19.657965,57,0.1,Completed,51.300000000000004
7703,318,48,2026-04-13 13:23:44.662466,95,0.17,Pending,78.85
7704,144,39,2026-04-13 14:51:09.666966,11,0.23,Cancelled,8.47
7705,384,12,2026-04-13 16:18:34.671467,25,0.17,Completed,20.75
7706,216,32,2026-04-13 17:45:59.675967,61,0.23,Completed,46.97
7707,361,28,2026-04-13 19:13:24.680468,46,0.03,Completed,44.62
7708,324,28,2026-04-13 20:40:49.684968,54,0.26,Completed,39.96
7709,15,46,2026-04-13 22:08:14.689468,34,0.16,Completed,28.56
7710,217,25,2026-04-13 23:35:39.693969,84,0.01,Cancelled,83.16
7711,492,4,2026-04-14 01:03:04.698469,7,0.19,Completed,5.67
7712,439,26,2026-04-14 02:30:29.702970,97,0.16,Completed,81.48
7713,35,36,2026-04-14 03:57:54.707470,62,0.07,Completed,57.66
7714,183,50,2026-04-14 05:25:19.711971,57,0.23,Pending,43.89
7715,270,3,2026-04-14 06:52:44.716471,99,0.28,Completed,71.28
7716,433,1,2026-04-14 08:20:09.720972,93,0.1,Completed,83.7
7717,467,17,2026-04-14 09:47:34.725472,76,0.15,Cancelled,64.6
7718,358,7,2026-04-14 11:14:59.729972,5,0.04,Cancelled,4.8
7719,100,48,2026-04-14 12:42:24.734473,76,0.28,Completed,54.72
7720,7,5,2026-04-14 14:09:49.738973,93,0.1,Pending,83.7
7721,30,19,2026-04-14 15:37:14.743474,35,0.06,Completed,32.9
7722,467,39,2026-04-14 17:04:39.747974,84,0.14,Completed,72.24
7723,305,46,2026-04-14 18:32:04.752475,37,0.01,Completed,36.63
7724,473,34,2026-04-14 19:59:29.756975,60,0.08,Completed,55.2
7725,144,35,2026-04-14 21:26:54.761476,65,0.02,Cancelled,63.699999999999996
7726,111,49,2026-04-14 22:54:19.765976,16,0.04,Pending,15.36
7727,232,16,2026-04-15 00:21:44.770477,30,0.03,Completed,29.099999999999998
7728,179,40,2026-04-15 01:49:09.774977,73,0.26,Completed,54.019999999999996
7729,72,50,2026-04-15 03:16:34.779477,42,0.28,Pending,30.24
7730,210,47,2026-04-15 04:43:59.783978,61,0.14,Completed,52.46
7731,220,39,2026-04-15 06:11:24.788478,74,0.19,Completed,59.940000000000005
7732,80,27,2026-04-15 07:38:49.792979,77,0.21,Completed,60.830000000000005
7733,500,41,2026-04-15 09:06:14.797479,48,0.12,Completed,42.24
7734,83,38,2026-04-15 10:33:39.801980,62,0.11,Pending,55.18
7735,42,50,2026-04-15 12:01:04.806480,84,0.2,Pending,67.2
7736,273,50,2026-04-15 13:28:29.810981,93,0.11,Cancelled,82.77
7737,191,25,2026-04-15 14:55:54.815481,64,0.17,Completed,53.12
7738,173,26,2026-04-15 16:23:19.819981,57,0.15,Pending,48.449999999999996
7739,461,14,2026-04-15 17:50:44.824482,68,0.16,Completed,57.12
7740,7,14,2026-04-15 19:18:09.828982,46,0.25,Completed,34.5
7741,155,14,2026-04-15 20:45:34.833483,28,0.21,Completed,22.12
7742,10,25,2026-04-15 22:12:59.837983,77,0.29,Pending,54.669999999999995
7743,34,36,2026-04-15 23:40:24.842484,3,0.24,Completed,2.2800000000000002
7744,36,4,2026-04-16 01:07:49.846984,37,0.04,Completed,35.519999999999996
7745,409,47,2026-04-16 02:35:14.851485,48,0.22,Cancelled,37.44
7746,6,15,2026-04-16 04:02:39.855985,19,0.2,Completed,15.200000000000001
7747,408,32,2026-04-16 05:30:04.860486,92,0.19,Pending,74.52000000000001
7748,402,18,2026-04-16 06:57:29.864986,83,0.14,Completed,71.38
7749,215,14,2026-04-16 08:24:54.869486,17,0.02,Completed,16.66
7750,134,1,2026-04-16 09:52:19.873987,82,0.29,Completed,58.22
7751,285,42,2026-04-16 11:19:44.878487,82,0.26,Completed,60.68
7752,126,20,2026-04-16 12:47:09.882988,87,0.15,Cancelled,73.95
7753,409,10,2026-04-16 14:14:34.887488,40,0.05,Completed,38.0
7754,439,10,2026-04-16 15:41:59.891989,50,0.25,Completed,37.5
7755,337,24,2026-04-16 17:09:24.896489,73,0.13,Completed,63.51
7756,174,34,2026-04-16 18:36:49.900990,29,0.12,Completed,25.52
7757,152,28,2026-04-16 20:04:14.905490,51,0.2,Completed,40.800000000000004
7758,331,27,2026-04-16 21:31:39.909991,42,0.23,Pending,32.34
7759,26,40,2026-04-16 22:59:04.914491,29,0.02,Completed,28.419999999999998
7760,383,1,2026-04-17 00:26:29.918991,66,0.23,Completed,50.82
7761,115,33,2026-04-17 01:53:54.923492,17,0.22,Completed,13.26
7762,382,4,2026-04-17 03:21:19.927992,31,0.18,Completed,25.42
7763,482,7,2026-04-17 04:48:44.932493,92,0.1,Completed,82.8
7764,284,9,2026-04-17 06:16:09.936993,52,0.05,Completed,49.4
7765,387,16,2026-04-17 07:43:34.941494,39,0.03,Completed,37.83
7766,75,5,2026-04-17 09:10:59.945994,60,0.0,Completed,60.0
7767,166,34,2026-04-17 10:38:24.950495,94,0.06,Completed,88.36
7768,189,23,2026-04-17 12:05:49.954995,99,0.12,Completed,87.12
7769,78,43,2026-04-17 13:33:14.959495,51,0.07,Completed,47.43
7770,435,50,2026-04-17 15:00:39.963996,84,0.09,Completed,76.44
7771,90,25,2026-04-17 16:28:04.968496,16,0.12,Completed,14.08
7772,176,13,2026-04-17 17:55:29.972997,98,0.09,Completed,89.18
7773,21,24,2026-04-17 19:22:54.977497,14,0.22,Completed,10.92
7774,54,11,2026-04-17 20:50:19.981998,90,0.15,Completed,76.5
7775,184,17,2026-04-17 22:17:44.986498,84,0.01,Completed,83.16
7776,359,37,2026-04-17 23:45:09.990999,42,0.07,Pending,39.059999999999995
7777,222,13,2026-04-18 01:12:34.995499,51,0.21,Completed,40.29
7778,315,27,2026-04-18 02:40:00.000000,24,0.09,Completed,21.84
7779,328,20,2026-04-18 04:07:25.004500,82,0.28,Completed,59.04
7780,179,33,2026-04-18 05:34:50.009000,43,0.21,Completed,33.97
7781,276,42,2026-04-18 07:02:15.013501,73,0.09,Completed,66.43
7782,112,32,2026-04-18 08:29:40.018001,19,0.15,Completed,16.15
7783,224,8,2026-04-18 09:57:05.022502,84,0.2,Completed,67.2
7784,214,29,2026-04-18 11:24:30.027002,61,0.06,Completed,57.339999999999996
7785,59,40,2026-04-18 12:51:55.031503,94,0.07,Completed,87.41999999999999
7786,327,19,2026-04-18 14:19:20.036003,63,0.15,Completed,53.55
7787,393,6,2026-04-18 15:46:45.040504,26,0.28,Pending,18.72
7788,109,44,2026-04-18 17:14:10.045004,95,0.1,Pending,85.5
7789,385,39,2026-04-18 18:41:35.049504,35,0.12,Completed,30.8
7790,157,48,2026-04-18 20:09:00.054005,67,0.06,Completed,62.98
7791,191,41,2026-04-18 21:36:25.058505,56,0.18,Completed,45.92
7792,200,21,2026-04-18 23:03:50.063006,40,0.22,Completed,31.200000000000003
7793,312,22,2026-04-19 00:31:15.067506,29,0.13,Completed,25.23
7794,196,42,2026-04-19 01:58:40.072007,6,0.23,Completed,4.62
7795,35,10,2026-04-19 03:26:05.076507,52,0.09,Completed,47.32
7796,379,10,2026-04-19 04:53:30.081008,1,0.21,Completed,0.79
7797,387,29,2026-04-19 06:20:55.085508,52,0.08,Completed,47.84
7798,246,16,2026-04-19 07:48:20.090009,24,0.23,Pending,18.48
7799,237,1,2026-04-19 09:15:45.094509,34,0.25,Pending,25.5
7800,104,17,2026-04-19 10:43:10.099009,7,0.24,Completed,5.32
7801,7,30,2026-04-19 12:10:35.103510,75,0.06,Completed,70.5
7802,283,26,2026-04-19 13:38:00.108010,11,0.21,Completed,8.690000000000001
7803,1,46,2026-04-19 15:05:25.112511,36,0.16,Completed,30.24
7804,219,19,2026-04-19 16:32:50.117011,20,0.3,Completed,14.0
7805,464,21,2026-04-19 18:00:15.121512,63,0.11,Completed,56.07
7806,230,17,2026-04-19 19:27:40.126012,80,0.23,Completed,61.6
7807,455,46,2026-04-19 20:55:05.130513,63,0.11,Cancelled,56.07
7808,172,40,2026-04-19 22:22:30.135013,69,0.12,Completed,60.72
7809,87,21,2026-04-19 23:49:55.139513,88,0.03,Completed,85.36
7810,41,41,2026-04-20 01:17:20.144014,30,0.07,Completed,27.9
7811,123,40,2026-04-20 02:44:45.148514,30,0.05,Completed,28.5
7812,331,45,2026-04-20 04:12:10.153015,97,0.05,Completed,92.14999999999999
7813,298,49,2026-04-20 05:39:35.157515,84,0.0,Completed,84.0
7814,373,19,2026-04-20 07:07:00.162016,22,0.24,Completed,16.72
7815,417,7,2026-04-20 08:34:25.166516,61,0.14,Pending,52.46
7816,178,17,2026-04-20 10:01:50.171017,21,0.24,Completed,15.96
7817,63,1,2026-04-20 11:29:15.175517,37,0.18,Completed,30.340000000000003
7818,484,37,2026-04-20 12:56:40.180018,27,0.25,Completed,20.25
7819,165,6,2026-04-20 14:24:05.184518,35,0.15,Completed,29.75
7820,489,26,2026-04-20 15:51:30.189018,38,0.03,Completed,36.86
7821,187,2,2026-04-20 17:18:55.193519,60,0.19,Completed,48.6
7822,383,32,2026-04-20 18:46:20.198019,70,0.2,Completed,56.0
7823,209,48,2026-04-20 20:13:45.202520,32,0.19,Pending,25.92
7824,227,5,2026-04-20 21:41:10.207020,80,0.24,Completed,60.8
7825,432,37,2026-04-20 23:08:35.211521,92,0.22,Completed,71.76
7826,389,31,2026-04-21 00:36:00.216021,80,0.13,Completed,69.6
7827,48,12,2026-04-21 02:03:25.220522,27,0.25,Completed,20.25
7828,224,35,2026-04-21 03:30:50.225022,3,0.21,Completed,2.37
7829,3,30,2026-04-21 04:58:15.229522,49,0.04,Completed,47.04
7830,372,48,2026-04-21 06:25:40.234023,85,0.16,Completed,71.39999999999999
7831,175,6,2026-04-21 07:53:05.238523,30,0.22,Completed,23.400000000000002
7832,446,15,2026-04-21 09:20:30.243024,22,0.17,Completed,18.259999999999998
7833,99,15,2026-04-21 10:47:55.247524,19,0.28,Completed,13.68
7834,116,16,2026-04-21 12:15:20.252025,31,0.03,Completed,30.07
7835,270,20,2026-04-21 13:42:45.256525,20,0.22,Completed,15.600000000000001
7836,447,13,2026-04-21 15:10:10.261026,19,0.25,Completed,14.25
7837,368,44,2026-04-21 16:37:35.265526,2,0.21,Completed,1.58
7838,253,42,2026-04-21 18:05:00.270027,40,0.12,Cancelled,35.2
7839,317,46,2026-04-21 19:32:25.274527,39,0.12,Completed,34.32
7840,415,31,2026-04-21 20:59:50.279027,91,0.18,Pending,74.62
7841,95,34,2026-04-21 22:27:15.283528,72,0.12,Completed,63.36
7842,273,29,2026-04-21 23:54:40.288028,54,0.26,Completed,39.96
7843,380,3,2026-04-22 01:22:05.292529,27,0.03,Completed,26.189999999999998
7844,24,9,2026-04-22 02:49:30.297029,79,0.19,Completed,63.99
7845,116,11,2026-04-22 04:16:55.301530,12,0.04,Completed,11.52
7846,151,11,2026-04-22 05:44:20.306030,78,0.16,Completed,65.52
7847,338,25,2026-04-22 07:11:45.310531,71,0.21,Completed,56.09
7848,50,22,2026-04-22 08:39:10.315031,17,0.05,Completed,16.15
7849,206,42,2026-04-22 10:06:35.319531,90,0.21,Completed,71.10000000000001
7850,498,46,2026-04-22 11:34:00.324032,84,0.04,Completed,80.64
7851,335,9,2026-04-22 13:01:25.328532,10,0.19,Completed,8.100000000000001
7852,79,20,2026-04-22 14:28:50.333033,19,0.15,Completed,16.15
7853,70,21,2026-04-22 15:56:15.337533,82,0.09,Completed,74.62
7854,27,10,2026-04-22 17:23:40.342034,30,0.03,Completed,29.099999999999998
7855,271,22,2026-04-22 18:51:05.346534,30,0.22,Completed,23.400000000000002
7856,50,29,2026-04-22 20:18:30.351035,25,0.11,Completed,22.25
7857,292,9,2026-04-22 21:45:55.355535,88,0.03,Completed,85.36
7858,247,5,2026-04-22 23:13:20.360036,74,0.23,Completed,56.980000000000004
7859,264,40,2026-04-23 00:40:45.364536,66,0.07,Completed,61.379999999999995
7860,79,11,2026-04-23 02:08:10.369036,96,0.22,Completed,74.88
7861,387,1,2026-04-23 03:35:35.373537,35,0.17,Completed,29.049999999999997
7862,190,42,2026-04-23 05:03:00.378037,51,0.06,Completed,47.94
7863,47,1,2026-04-23 06:30:25.382538,71,0.02,Pending,69.58
7864,461,39,2026-04-23 07:57:50.387038,71,0.18,Cancelled,58.220000000000006
7865,361,46,2026-04-23 09:25:15.391539,27,0.01,Completed,26.73
7866,354,5,2026-04-23 10:52:40.396039,10,0.02,Completed,9.8
7867,472,49,2026-04-23 12:20:05.400540,97,0.21,Completed,76.63000000000001
7868,488,22,2026-04-23 13:47:30.405040,43,0.16,Completed,36.12
7869,352,26,2026-04-23 15:14:55.409540,55,0.1,Completed,49.5
7870,189,6,2026-04-23 16:42:20.414041,71,0.16,Completed,59.64
7871,416,32,2026-04-23 18:09:45.418541,6,0.18,Completed,4.92
7872,256,48,2026-04-23 19:37:10.423042,6,0.17,Completed,4.9799999999999995
7873,222,11,2026-04-23 21:04:35.427542,77,0.19,Pending,62.370000000000005
7874,372,10,2026-04-23 22:32:00.432043,48,0.28,Completed,34.56
7875,241,47,2026-04-23 23:59:25.436543,77,0.12,Completed,67.76
7876,269,39,2026-04-24 01:26:50.441044,2,0.09,Completed,1.82
7877,1,34,2026-04-24 02:54:15.445544,83,0.01,Completed,82.17
7878,34,31,2026-04-24 04:21:40.450045,51,0.04,Completed,48.96
7879,446,12,2026-04-24 05:49:05.454545,61,0.03,Completed,59.17
7880,79,44,2026-04-24 07:16:30.459045,19,0.1,Pending,17.1
7881,236,16,2026-04-24 08:43:55.463546,2,0.18,Completed,1.6400000000000001
7882,334,38,2026-04-24 10:11:20.468046,51,0.01,Completed,50.49
7883,377,3,2026-04-24 11:38:45.472547,26,0.22,Pending,20.28
7884,349,2,2026-04-24 13:06:10.477047,70,0.12,Completed,61.6
7885,98,5,2026-04-24 14:33:35.481548,20,0.29,Completed,14.2
7886,82,11,2026-04-24 16:01:00.486048,23,0.17,Completed,19.09
7887,455,25,2026-04-24 17:28:25.490549,54,0.23,Completed,41.58
7888,477,35,2026-04-24 18:55:50.495049,15,0.26,Completed,11.1
7889,415,35,2026-04-24 20:23:15.499549,6,0.27,Completed,4.38
7890,192,22,2026-04-24 21:50:40.504050,92,0.16,Completed,77.28
7891,253,37,2026-04-24 23:18:05.508550,35,0.12,Completed,30.8
7892,409,22,2026-04-25 00:45:30.513051,75,0.17,Completed,62.25
7893,38,11,2026-04-25 02:12:55.517551,8,0.12,Completed,7.04
7894,14,32,2026-04-25 03:40:20.522052,57,0.07,Pending,53.01
7895,392,35,2026-04-25 05:07:45.526552,50,0.1,Completed,45.0
7896,347,31,2026-04-25 06:35:10.531053,49,0.07,Completed,45.57
7897,310,45,2026-04-25 08:02:35.535553,88,0.08,Completed,80.96000000000001
7898,386,8,2026-04-25 09:30:00.540054,21,0.03,Pending,20.37
7899,209,20,2026-04-25 10:57:25.544554,36,0.13,Completed,31.32
7900,357,42,2026-04-25 12:24:50.549054,71,0.07,Completed,66.03
7901,462,34,2026-04-25 13:52:15.553555,69,0.13,Completed,60.03
7902,89,4,2026-04-25 15:19:40.558055,58,0.24,Completed,44.08
7903,56,18,2026-04-25 16:47:05.562556,63,0.13,Completed,54.81
7904,94,4,2026-04-25 18:14:30.567056,93,0.29,Completed,66.03
7905,93,20,2026-04-25 19:41:55.571557,16,0.04,Cancelled,15.36
7906,340,9,2026-04-25 21:09:20.576057,6,0.26,Pending,4.4399999999999995
7907,85,16,2026-04-25 22:36:45.580558,78,0.07,Completed,72.53999999999999
7908,445,26,2026-04-26 00:04:10.585058,52,0.28,Pending,37.44
7909,245,38,2026-04-26 01:31:35.589558,2,0.07,Completed,1.8599999999999999
7910,22,25,2026-04-26 02:59:00.594059,89,0.22,Completed,69.42
7911,291,4,2026-04-26 04:26:25.598559,95,0.02,Pending,93.1
7912,485,41,2026-04-26 05:53:50.603060,77,0.19,Completed,62.370000000000005
7913,272,45,2026-04-26 07:21:15.607560,18,0.07,Completed,16.74
7914,306,41,2026-04-26 08:48:40.612061,81,0.2,Pending,64.8
7915,122,38,2026-04-26 10:16:05.616561,92,0.19,Completed,74.52000000000001
7916,128,19,2026-04-26 11:43:30.621062,76,0.28,Completed,54.72
7917,113,14,2026-04-26 13:10:55.625562,35,0.19,Completed,28.35
7918,427,21,2026-04-26 14:38:20.630063,86,0.12,Completed,75.68
7919,273,15,2026-04-26 16:05:45.634563,39,0.06,Pending,36.66
7920,336,3,2026-04-26 17:33:10.639063,1,0.2,Completed,0.8
7921,442,37,2026-04-26 19:00:35.643564,37,0.03,Cancelled,35.89
7922,130,50,2026-04-26 20:28:00.648064,21,0.25,Pending,15.75
7923,132,46,2026-04-26 21:55:25.652565,1,0.07,Completed,0.9299999999999999
7924,85,16,2026-04-26 23:22:50.657065,4,0.16,Completed,3.36
7925,423,14,2026-04-27 00:50:15.661566,96,0.18,Completed,78.72
7926,482,9,2026-04-27 02:17:40.666066,58,0.11,Completed,51.62
7927,350,47,2026-04-27 03:45:05.670567,1,0.2,Completed,0.8
7928,390,7,2026-04-27 05:12:30.675067,13,0.08,Pending,11.96
7929,81,14,2026-04-27 06:39:55.679567,46,0.01,Completed,45.54
7930,487,6,2026-04-27 08:07:20.684068,47,0.29,Pending,33.37
7931,473,21,2026-04-27 09:34:45.688568,81,0.1,Completed,72.9
7932,325,15,2026-04-27 11:02:10.693069,76,0.21,Completed,60.040000000000006
7933,69,8,2026-04-27 12:29:35.697569,7,0.15,Completed,5.95
7934,148,34,2026-04-27 13:57:00.702070,51,0.2,Completed,40.800000000000004
7935,448,40,2026-04-27 15:24:25.706570,3,0.03,Pending,2.91
7936,16,1,2026-04-27 16:51:50.711071,50,0.16,Completed,42.0
7937,307,32,2026-04-27 18:19:15.715571,26,0.12,Completed,22.88
7938,105,49,2026-04-27 19:46:40.720072,31,0.14,Completed,26.66
7939,165,5,2026-04-27 21:14:05.724572,100,0.29,Completed,71.0
7940,488,30,2026-04-27 22:41:30.729072,62,0.04,Completed,59.519999999999996
7941,201,22,2026-04-28 00:08:55.733573,26,0.23,Completed,20.02
7942,197,20,2026-04-28 01:36:20.738073,67,0.1,Completed,60.300000000000004
7943,426,16,2026-04-28 03:03:45.742574,55,0.09,Completed,50.050000000000004
7944,185,7,2026-04-28 04:31:10.747074,28,0.08,Completed,25.76
7945,322,7,2026-04-28 05:58:35.751575,44,0.1,Pending,39.6
7946,265,50,2026-04-28 07:26:00.756075,81,0.11,Completed,72.09
7947,363,50,2026-04-28 08:53:25.760576,38,0.08,Completed,34.96
7948,100,2,2026-04-28 10:20:50.765076,30,0.2,Completed,24.0
7949,342,47,2026-04-28 11:48:15.769576,66,0.01,Completed,65.34
7950,320,14,2026-04-28 13:15:40.774077,8,0.1,Completed,7.2
7951,214,31,2026-04-28 14:43:05.778577,14,0.08,Completed,12.88
7952,278,50,2026-04-28 16:10:30.783078,99,0.23,Pending,76.23
7953,162,41,2026-04-28 17:37:55.787578,62,0.04,Completed,59.519999999999996
7954,439,14,2026-04-28 19:05:20.792079,75,0.28,Pending,54.0
7955,157,5,2026-04-28 20:32:45.796579,63,0.05,Completed,59.849999999999994
7956,422,11,2026-04-28 22:00:10.801080,79,0.11,Completed,70.31
7957,251,40,2026-04-28 23:27:35.805580,66,0.06,Pending,62.04
7958,366,5,2026-04-29 00:55:00.810081,96,0.09,Completed,87.36
7959,97,29,2026-04-29 02:22:25.814581,40,0.23,Completed,30.8
7960,18,11,2026-04-29 03:49:50.819081,13,0.14,Completed,11.18
7961,327,5,2026-04-29 05:17:15.823582,17,0.05,Pending,16.15
7962,449,49,2026-04-29 06:44:40.828082,15,0.01,Completed,14.85
7963,383,32,2026-04-29 08:12:05.832583,33,0.07,Completed,30.689999999999998
7964,97,36,2026-04-29 09:39:30.837083,16,0.28,Completed,11.52
7965,1,15,2026-04-29 11:06:55.841584,13,0.25,Completed,9.75
7966,216,19,2026-04-29 12:34:20.846084,86,0.13,Completed,74.82
7967,132,22,2026-04-29 14:01:45.850585,23,0.14,Completed,19.78
7968,260,34,2026-04-29 15:29:10.855085,36,0.27,Completed,26.28
7969,125,17,2026-04-29 16:56:35.859585,43,0.18,Completed,35.260000000000005
7970,82,12,2026-04-29 18:24:00.864086,50,0.26,Completed,37.0
7971,283,25,2026-04-29 19:51:25.868586,74,0.15,Completed,62.9
7972,171,17,2026-04-29 21:18:50.873087,81,0.06,Pending,76.14
7973,59,10,2026-04-29 22:46:15.877587,94,0.22,Completed,73.32000000000001
7974,32,28,2026-04-30 00:13:40.882088,13,0.16,Completed,10.92
7975,161,18,2026-04-30 01:41:05.886588,30,0.2,Completed,24.0
7976,284,18,2026-04-30 03:08:30.891089,57,0.05,Cancelled,54.15
7977,106,45,2026-04-30 04:35:55.895589,30,0.19,Completed,24.3
7978,105,32,2026-04-30 06:03:20.900090,71,0.11,Completed,63.19
7979,439,14,2026-04-30 07:30:45.904590,10,0.1,Completed,9.0
7980,228,16,2026-04-30 08:58:10.909090,99,0.2,Completed,79.2
7981,188,50,2026-04-30 10:25:35.913591,66,0.18,Completed,54.120000000000005
7982,70,18,2026-04-30 11:53:00.918091,94,0.19,Completed,76.14
7983,318,16,2026-04-30 13:20:25.922592,83,0.29,Completed,58.93
7984,464,17,2026-04-30 14:47:50.927092,39,0.21,Completed,30.810000000000002
7985,290,7,2026-04-30 16:15:15.931593,37,0.19,Pending,29.970000000000002
7986,87,12,2026-04-30 17:42:40.936093,3,0.18,Completed,2.46
7987,370,34,2026-04-30 19:10:05.940594,89,0.12,Completed,78.32000000000001
7988,362,10,2026-04-30 20:37:30.945094,34,0.25,Completed,25.5
7989,472,5,2026-04-30 22:04:55.949594,86,0.11,Completed,76.54
7990,56,21,2026-04-30 23:32:20.954095,38,0.21,Pending,30.020000000000003
7991,113,3,2026-05-01 00:59:45.958595,14,0.09,Completed,12.74
7992,13,19,2026-05-01 02:27:10.963096,64,0.04,Completed,61.44
7993,440,45,2026-05-01 03:54:35.967596,39,0.04,Completed,37.44
7994,18,44,2026-05-01 05:22:00.972097,54,0.19,Pending,43.74
7995,182,35,2026-05-01 06:49:25.976597,2,0.1,Pending,1.8
7996,461,6,2026-05-01 08:16:50.981098,96,0.08,Completed,88.32000000000001
7997,113,14,2026-05-01 09:44:15.985598,43,0.18,Completed,35.260000000000005
7998,229,4,2026-05-01 11:11:40.990099,53,0.01,Completed,52.47
7999,171,45,2026-05-01 12:39:05.994599,3,0.07,Completed,2.79
8000,295,18,2026-05-01 14:06:30.999099,41,0.1,Completed,36.9
8001,189,29,2026-05-01 15:33:56.003600,8,0.21,Completed,6.32
8002,426,35,2026-05-01 17:01:21.008100,90,0.16,Cancelled,75.6
8003,465,38,2026-05-01 18:28:46.012601,96,0.26,Completed,71.03999999999999
8004,79,16,2026-05-01 19:56:11.017101,75,0.1,Completed,67.5
8005,146,20,2026-05-01 21:23:36.021602,63,0.09,Pending,57.330000000000005
8006,407,24,2026-05-01 22:51:01.026102,65,0.01,Pending,64.35
8007,182,35,2026-05-02 00:18:26.030603,79,0.29,Completed,56.089999999999996
8008,499,44,2026-05-02 01:45:51.035103,4,0.15,Pending,3.4
8009,286,19,2026-05-02 03:13:16.039603,68,0.15,Completed,57.8
8010,250,4,2026-05-02 04:40:41.044104,92,0.28,Completed,66.24
8011,354,33,2026-05-02 06:08:06.048604,10,0.09,Completed,9.1
8012,314,2,2026-05-02 07:35:31.053105,75,0.1,Completed,67.5
8013,196,13,2026-05-02 09:02:56.057605,50,0.2,Completed,40.0
8014,323,45,2026-05-02 10:30:21.062106,23,0.24,Pending,17.48
8015,71,30,2026-05-02 11:57:46.066606,61,0.21,Completed,48.190000000000005
8016,248,34,2026-05-02 13:25:11.071107,47,0.24,Completed,35.72
8017,146,30,2026-05-02 14:52:36.075607,3,0.17,Completed,2.4899999999999998
8018,106,24,2026-05-02 16:20:01.080108,17,0.26,Completed,12.58
8019,263,48,2026-05-02 17:47:26.084608,22,0.17,Completed,18.259999999999998
8020,296,44,2026-05-02 19:14:51.089108,91,0.07,Completed,84.63
8021,70,33,2026-05-02 20:42:16.093609,16,0.16,Completed,13.44
8022,470,41,2026-05-02 22:09:41.098109,80,0.21,Completed,63.2
8023,193,49,2026-05-02 23:37:06.102610,3,0.2,Completed,2.4000000000000004
8024,68,10,2026-05-03 01:04:31.107110,52,0.07,Pending,48.36
8025,494,18,2026-05-03 02:31:56.111611,33,0.01,Completed,32.67
8026,305,19,2026-05-03 03:59:21.116111,42,0.08,Completed,38.64
8027,52,7,2026-05-03 05:26:46.120612,2,0.3,Cancelled,1.4
8028,370,19,2026-05-03 06:54:11.125112,39,0.06,Cancelled,36.66
8029,363,24,2026-05-03 08:21:36.129612,46,0.14,Completed,39.56
8030,285,15,2026-05-03 09:49:01.134113,48,0.19,Completed,38.88
8031,405,41,2026-05-03 11:16:26.138613,27,0.26,Completed,19.98
8032,474,42,2026-05-03 12:43:51.143114,15,0.23,Completed,11.55
8033,334,23,2026-05-03 14:11:16.147614,7,0.27,Completed,5.109999999999999
8034,9,4,2026-05-03 15:38:41.152115,57,0.18,Completed,46.74
8035,251,38,2026-05-03 17:06:06.156615,42,0.26,Completed,31.08
8036,431,4,2026-05-03 18:33:31.161116,9,0.08,Completed,8.280000000000001
8037,332,5,2026-05-03 20:00:56.165616,6,0.13,Pending,5.22
8038,298,41,2026-05-03 21:28:21.170117,57,0.25,Completed,42.75
8039,435,44,2026-05-03 22:55:46.174617,76,0.1,Completed,68.4
8040,184,23,2026-05-04 00:23:11.179117,30,0.26,Completed,22.2
8041,179,40,2026-05-04 01:50:36.183618,55,0.11,Cancelled,48.95
8042,198,37,2026-05-04 03:18:01.188118,84,0.11,Cancelled,74.76
8043,128,11,2026-05-04 04:45:26.192619,84,0.09,Completed,76.44
8044,20,11,2026-05-04 06:12:51.197119,54,0.16,Completed,45.36
8045,472,13,2026-05-04 07:40:16.201620,27,0.04,Completed,25.919999999999998
8046,411,14,2026-05-04 09:07:41.206120,84,0.01,Completed,83.16
8047,422,8,2026-05-04 10:35:06.210621,59,0.27,Completed,43.07
8048,328,25,2026-05-04 12:02:31.215121,7,0.28,Completed,5.04
8049,65,18,2026-05-04 13:29:56.219621,40,0.02,Completed,39.2
8050,182,44,2026-05-04 14:57:21.224122,94,0.16,Completed,78.96
8051,241,44,2026-05-04 16:24:46.228622,72,0.16,Completed,60.48
8052,369,18,2026-05-04 17:52:11.233123,2,0.11,Completed,1.78
8053,24,10,2026-05-04 19:19:36.237623,14,0.17,Completed,11.62
8054,384,7,2026-05-04 20:47:01.242124,10,0.14,Pending,8.6
8055,431,50,2026-05-04 22:14:26.246624,50,0.15,Completed,42.5
8056,455,44,2026-05-04 23:41:51.251125,18,0.23,Completed,13.86
8057,83,14,2026-05-05 01:09:16.255625,18,0.16,Completed,15.12
8058,470,15,2026-05-05 02:36:41.260126,16,0.1,Completed,14.4
8059,319,16,2026-05-05 04:04:06.264626,52,0.17,Completed,43.16
8060,185,2,2026-05-05 05:31:31.269126,69,0.19,Completed,55.89
8061,439,30,2026-05-05 06:58:56.273627,52,0.2,Completed,41.6
8062,316,30,2026-05-05 08:26:21.278127,31,0.19,Completed,25.110000000000003
8063,99,18,2026-05-05 09:53:46.282628,84,0.2,Pending,67.2
8064,62,31,2026-05-05 11:21:11.287128,23,0.09,Pending,20.93
8065,286,44,2026-05-05 12:48:36.291629,96,0.13,Pending,83.52
8066,477,48,2026-05-05 14:16:01.296129,42,0.2,Pending,33.6
8067,22,13,2026-05-05 15:43:26.300630,81,0.23,Completed,62.370000000000005
8068,459,20,2026-05-05 17:10:51.305130,62,0.13,Completed,53.94
8069,212,49,2026-05-05 18:38:16.309630,77,0.11,Pending,68.53
8070,126,50,2026-05-05 20:05:41.314131,50,0.21,Completed,39.5
8071,413,35,2026-05-05 21:33:06.318631,77,0.07,Completed,71.61
8072,499,23,2026-05-05 23:00:31.323132,81,0.0,Completed,81.0
8073,425,42,2026-05-06 00:27:56.327632,15,0.14,Completed,12.9
8074,42,33,2026-05-06 01:55:21.332133,90,0.05,Completed,85.5
8075,98,38,2026-05-06 03:22:46.336633,44,0.11,Completed,39.160000000000004
8076,449,35,2026-05-06 04:50:11.341134,92,0.09,Completed,83.72
8077,31,36,2026-05-06 06:17:36.345634,42,0.23,Completed,32.34
8078,158,20,2026-05-06 07:45:01.350135,45,0.1,Pending,40.5
8079,112,3,2026-05-06 09:12:26.354635,94,0.19,Completed,76.14
8080,402,8,2026-05-06 10:39:51.359135,35,0.2,Completed,28.0
8081,247,40,2026-05-06 12:07:16.363636,22,0.14,Completed,18.919999999999998
8082,122,32,2026-05-06 13:34:41.368136,74,0.02,Completed,72.52
8083,273,29,2026-05-06 15:02:06.372637,75,0.21,Completed,59.25
8084,294,7,2026-05-06 16:29:31.377137,38,0.02,Pending,37.24
8085,398,2,2026-05-06 17:56:56.381638,97,0.03,Completed,94.09
8086,471,21,2026-05-06 19:24:21.386138,70,0.06,Completed,65.8
8087,473,6,2026-05-06 20:51:46.390639,64,0.08,Completed,58.88
8088,207,28,2026-05-06 22:19:11.395139,7,0.25,Completed,5.25
8089,110,48,2026-05-06 23:46:36.399639,44,0.2,Completed,35.2
8090,440,42,2026-05-07 01:14:01.404140,76,0.12,Completed,66.88
8091,278,36,2026-05-07 02:41:26.408640,7,0.29,Completed,4.97
8092,451,32,2026-05-07 04:08:51.413141,66,0.07,Completed,61.379999999999995
8093,56,45,2026-05-07 05:36:16.417641,60,0.18,Completed,49.2
8094,375,42,2026-05-07 07:03:41.422142,1,0.25,Completed,0.75
8095,403,46,2026-05-07 08:31:06.426642,62,0.24,Completed,47.12
8096,57,9,2026-05-07 09:58:31.431143,87,0.03,Completed,84.39
8097,428,11,2026-05-07 11:25:56.435643,89,0.21,Pending,70.31
8098,482,23,2026-05-07 12:53:21.440144,18,0.08,Completed,16.560000000000002
8099,291,50,2026-05-07 14:20:46.444644,7,0.11,Completed,6.23
8100,114,11,2026-05-07 15:48:11.449144,54,0.15,Completed,45.9
8101,381,49,2026-05-07 17:15:36.453645,67,0.24,Completed,50.92
8102,385,2,2026-05-07 18:43:01.458145,93,0.05,Completed,88.35
8103,308,3,2026-05-07 20:10:26.462646,10,0.03,Completed,9.7
8104,341,11,2026-05-07 21:37:51.467146,61,0.05,Completed,57.949999999999996
8105,477,50,2026-05-07 23:05:16.471647,59,0.07,Completed,54.87
8106,198,35,2026-05-08 00:32:41.476147,59,0.02,Completed,57.82
8107,421,15,2026-05-08 02:00:06.480648,69,0.28,Completed,49.68
8108,321,43,2026-05-08 03:27:31.485148,63,0.1,Completed,56.7
8109,179,11,2026-05-08 04:54:56.489648,98,0.05,Completed,93.1
8110,385,31,2026-05-08 06:22:21.494149,8,0.19,Completed,6.48
8111,219,28,2026-05-08 07:49:46.498649,78,0.24,Completed,59.28
8112,277,28,2026-05-08 09:17:11.503150,55,0.23,Completed,42.35
8113,437,32,2026-05-08 10:44:36.507650,6,0.22,Pending,4.68
8114,16,25,2026-05-08 12:12:01.512151,1,0.02,Completed,0.98
8115,492,20,2026-05-08 13:39:26.516651,56,0.23,Pending,43.120000000000005
8116,379,28,2026-05-08 15:06:51.521152,97,0.15,Completed,82.45
8117,61,25,2026-05-08 16:34:16.525652,75,0.19,Pending,60.75000000000001
8118,54,11,2026-05-08 18:01:41.530153,88,0.29,Completed,62.48
8119,168,19,2026-05-08 19:29:06.534653,10,0.24,Completed,7.6
8120,26,28,2026-05-08 20:56:31.539153,23,0.25,Completed,17.25
8121,336,1,2026-05-08 22:23:56.543654,16,0.05,Pending,15.2
8122,476,5,2026-05-08 23:51:21.548154,16,0.14,Completed,13.76
8123,65,10,2026-05-09 01:18:46.552655,56,0.28,Completed,40.32
8124,100,42,2026-05-09 02:46:11.557155,95,0.17,Pending,78.85
8125,74,46,2026-05-09 04:13:36.561656,6,0.03,Completed,5.82
8126,192,34,2026-05-09 05:41:01.566156,30,0.22,Completed,23.400000000000002
8127,171,36,2026-05-09 07:08:26.570657,63,0.01,Completed,62.37
8128,273,2,2026-05-09 08:35:51.575157,1,0.22,Completed,0.78
8129,377,18,2026-05-09 10:03:16.579657,51,0.26,Completed,37.74
8130,187,13,2026-05-09 11:30:41.584158,89,0.13,Completed,77.42999999999999
8131,23,5,2026-05-09 12:58:06.588658,46,0.12,Completed,40.48
8132,391,20,2026-05-09 14:25:31.593159,21,0.09,Completed,19.11
8133,428,2,2026-05-09 15:52:56.597659,99,0.26,Completed,73.26
8134,181,11,2026-05-09 17:20:21.602160,38,0.16,Completed,31.919999999999998
8135,327,30,2026-05-09 18:47:46.606660,69,0.17,Completed,57.269999999999996
8136,108,32,2026-05-09 20:15:11.611161,63,0.2,Completed,50.400000000000006
8137,335,32,2026-05-09 21:42:36.615661,50,0.09,Completed,45.5
8138,162,50,2026-05-09 23:10:01.620162,12,0.13,Completed,10.44
8139,302,38,2026-05-10 00:37:26.624662,69,0.22,Pending,53.82
8140,493,28,2026-05-10 02:04:51.629162,73,0.3,Completed,51.099999999999994
8141,452,10,2026-05-10 03:32:16.633663,44,0.01,Completed,43.56
8142,206,22,2026-05-10 04:59:41.638163,52,0.01,Completed,51.48
8143,78,17,2026-05-10 06:27:06.642664,9,0.13,Completed,7.83
8144,16,22,2026-05-10 07:54:31.647164,99,0.2,Cancelled,79.2
8145,327,43,2026-05-10 09:21:56.651665,65,0.12,Pending,57.2
8146,96,19,2026-05-10 10:49:21.656165,10,0.3,Completed,7.0
8147,147,17,2026-05-10 12:16:46.660666,46,0.06,Completed,43.239999999999995
8148,2,24,2026-05-10 13:44:11.665166,100,0.0,Completed,100.0
8149,10,36,2026-05-10 15:11:36.669666,58,0.06,Completed,54.519999999999996
8150,434,32,2026-05-10 16:39:01.674167,37,0.27,Pending,27.009999999999998
8151,125,46,2026-05-10 18:06:26.678667,52,0.04,Completed,49.92
8152,81,36,2026-05-10 19:33:51.683168,99,0.14,Completed,85.14
8153,485,28,2026-05-10 21:01:16.687668,81,0.13,Completed,70.47
8154,140,14,2026-05-10 22:28:41.692169,13,0.2,Completed,10.4
8155,326,36,2026-05-10 23:56:06.696669,6,0.02,Completed,5.88
8156,150,6,2026-05-11 01:23:31.701170,58,0.2,Completed,46.400000000000006
8157,288,9,2026-05-11 02:50:56.705670,48,0.11,Completed,42.72
8158,361,21,2026-05-11 04:18:21.710171,32,0.28,Completed,23.04
8159,340,12,2026-05-11 05:45:46.714671,11,0.25,Cancelled,8.25
8160,129,30,2026-05-11 07:13:11.719171,81,0.12,Completed,71.28
8161,438,31,2026-05-11 08:40:36.723672,5,0.3,Completed,3.5
8162,239,40,2026-05-11 10:08:01.728172,6,0.02,Completed,5.88
8163,58,4,2026-05-11 11:35:26.732673,74,0.24,Completed,56.24
8164,198,31,2026-05-11 13:02:51.737173,97,0.13,Pending,84.39
8165,211,27,2026-05-11 14:30:16.741674,94,0.13,Completed,81.78
8166,402,25,2026-05-11 15:57:41.746174,21,0.05,Completed,19.95
8167,390,5,2026-05-11 17:25:06.750675,42,0.15,Completed,35.699999999999996
8168,45,6,2026-05-11 18:52:31.755175,81,0.03,Completed,78.57
8169,97,5,2026-05-11 20:19:56.759675,27,0.18,Completed,22.14
8170,279,27,2026-05-11 21:47:21.764176,3,0.07,Completed,2.79
8171,23,8,2026-05-11 23:14:46.768676,60,0.22,Completed,46.800000000000004
8172,410,9,2026-05-12 00:42:11.773177,93,0.18,Completed,76.26
8173,461,15,2026-05-12 02:09:36.777677,66,0.22,Completed,51.480000000000004
8174,391,36,2026-05-12 03:37:01.782178,93,0.22,Completed,72.54
8175,335,41,2026-05-12 05:04:26.786678,49,0.06,Completed,46.059999999999995
8176,44,7,2026-05-12 06:31:51.791179,100,0.0,Completed,100.0
8177,27,32,2026-05-12 07:59:16.795679,34,0.11,Completed,30.26
8178,282,8,2026-05-12 09:26:41.800180,37,0.28,Completed,26.64
8179,97,47,2026-05-12 10:54:06.804680,42,0.17,Completed,34.86
8180,463,15,2026-05-12 12:21:31.809180,65,0.22,Completed,50.7
8181,36,37,2026-05-12 13:48:56.813681,60,0.26,Completed,44.4
8182,109,19,2026-05-12 15:16:21.818181,90,0.27,Completed,65.7
8183,55,39,2026-05-12 16:43:46.822682,1,0.16,Completed,0.84
8184,192,6,2026-05-12 18:11:11.827182,59,0.16,Cancelled,49.559999999999995
8185,219,19,2026-05-12 19:38:36.831683,4,0.26,Completed,2.96
8186,185,28,2026-05-12 21:06:01.836183,14,0.24,Completed,10.64
8187,69,17,2026-05-12 22:33:26.840684,18,0.21,Completed,14.22
8188,317,42,2026-05-13 00:00:51.845184,34,0.18,Completed,27.880000000000003
8189,130,19,2026-05-13 01:28:16.849684,1,0.19,Completed,0.81
8190,55,31,2026-05-13 02:55:41.854185,53,0.11,Completed,47.17
8191,378,11,2026-05-13 04:23:06.858685,22,0.25,Completed,16.5
8192,97,15,2026-05-13 05:50:31.863186,80,0.19,Completed,64.80000000000001
8193,336,10,2026-05-13 07:17:56.867686,61,0.07,Completed,56.73
8194,87,43,2026-05-13 08:45:21.872187,22,0.07,Cancelled,20.459999999999997
8195,294,23,2026-05-13 10:12:46.876687,50,0.26,Completed,37.0
8196,119,3,2026-05-13 11:40:11.881188,16,0.19,Pending,12.96
8197,208,3,2026-05-13 13:07:36.885688,28,0.12,Pending,24.64
8198,334,18,2026-05-13 14:35:01.890189,92,0.06,Completed,86.47999999999999
8199,413,25,2026-05-13 16:02:26.894689,86,0.18,Pending,70.52000000000001
8200,154,43,2026-05-13 17:29:51.899189,70,0.06,Completed,65.8
8201,35,20,2026-05-13 18:57:16.903690,89,0.14,Pending,76.53999999999999
8202,79,29,2026-05-13 20:24:41.908190,42,0.2,Completed,33.6
8203,67,22,2026-05-13 21:52:06.912691,66,0.17,Completed,54.779999999999994
8204,343,50,2026-05-13 23:19:31.917191,71,0.28,Completed,51.12
8205,413,15,2026-05-14 00:46:56.921692,81,0.01,Completed,80.19
8206,34,39,2026-05-14 02:14:21.926192,35,0.08,Completed,32.2
8207,97,10,2026-05-14 03:41:46.930693,20,0.02,Completed,19.6
8208,169,21,2026-05-14 05:09:11.935193,2,0.06,Pending,1.88
8209,169,29,2026-05-14 06:36:36.939693,7,0.04,Completed,6.72
8210,151,32,2026-05-14 08:04:01.944194,96,0.22,Completed,74.88
8211,71,10,2026-05-14 09:31:26.948694,49,0.11,Completed,43.61
8212,3,13,2026-05-14 10:58:51.953195,83,0.28,Completed,59.76
8213,314,47,2026-05-14 12:26:16.957695,76,0.01,Completed,75.24
8214,32,23,2026-05-14 13:53:41.962196,9,0.2,Completed,7.2
8215,287,50,2026-05-14 15:21:06.966696,27,0.29,Completed,19.169999999999998
8216,82,23,2026-05-14 16:48:31.971197,78,0.05,Completed,74.1
8217,43,31,2026-05-14 18:15:56.975697,2,0.13,Completed,1.74
8218,391,4,2026-05-14 19:43:21.980198,85,0.21,Completed,67.15
8219,105,49,2026-05-14 21:10:46.984698,68,0.19,Pending,55.080000000000005
8220,1,3,2026-05-14 22:38:11.989198,60,0.17,Cancelled,49.8
8221,61,21,2026-05-15 00:05:36.993699,85,0.1,Completed,76.5
8222,270,2,2026-05-15 01:33:01.998199,86,0.22,Completed,67.08
8223,180,4,2026-05-15 03:00:27.002700,49,0.2,Completed,39.2
8224,224,1,2026-05-15 04:27:52.007200,2,0.05,Completed,1.9
8225,6,15,2026-05-15 05:55:17.011701,17,0.29,Cancelled,12.07
8226,103,33,2026-05-15 07:22:42.016201,83,0.17,Completed,68.89
8227,10,6,2026-05-15 08:50:07.020702,88,0.16,Completed,73.92
8228,71,7,2026-05-15 10:17:32.025202,20,0.25,Completed,15.0
8229,90,19,2026-05-15 11:44:57.029702,76,0.19,Pending,61.56
8230,226,44,2026-05-15 13:12:22.034203,89,0.02,Completed,87.22
8231,158,1,2026-05-15 14:39:47.038703,87,0.15,Completed,73.95
8232,228,39,2026-05-15 16:07:12.043204,98,0.23,Completed,75.46000000000001
8233,405,19,2026-05-15 17:34:37.047704,32,0.21,Completed,25.28
8234,126,45,2026-05-15 19:02:02.052205,51,0.29,Completed,36.21
8235,444,26,2026-05-15 20:29:27.056705,88,0.01,Completed,87.12
8236,209,44,2026-05-15 21:56:52.061206,42,0.08,Completed,38.64
8237,97,12,2026-05-15 23:24:17.065706,63,0.16,Pending,52.919999999999995
8238,74,22,2026-05-16 00:51:42.070207,89,0.19,Cancelled,72.09
8239,115,13,2026-05-16 02:19:07.074707,61,0.08,Completed,56.120000000000005
8240,191,28,2026-05-16 03:46:32.079207,62,0.25,Pending,46.5
8241,495,14,2026-05-16 05:13:57.083708,3,0.05,Cancelled,2.8499999999999996
8242,170,22,2026-05-16 06:41:22.088208,89,0.0,Completed,89.0
8243,307,30,2026-05-16 08:08:47.092709,92,0.29,Completed,65.32
8244,448,44,2026-05-16 09:36:12.097209,76,0.12,Cancelled,66.88
8245,204,20,2026-05-16 11:03:37.101710,26,0.29,Completed,18.46
8246,56,44,2026-05-16 12:31:02.106210,48,0.08,Completed,44.160000000000004
8247,208,27,2026-05-16 13:58:27.110711,8,0.02,Completed,7.84
8248,41,38,2026-05-16 15:25:52.115211,5,0.23,Completed,3.85
8249,32,42,2026-05-16 16:53:17.119711,11,0.25,Completed,8.25
8250,15,41,2026-05-16 18:20:42.124212,42,0.15,Completed,35.699999999999996
8251,62,34,2026-05-16 19:48:07.128712,99,0.02,Completed,97.02
8252,155,39,2026-05-16 21:15:32.133213,91,0.2,Completed,72.8
8253,284,41,2026-05-16 22:42:57.137713,41,0.05,Completed,38.949999999999996
8254,209,44,2026-05-17 00:10:22.142214,19,0.25,Completed,14.25
8255,320,37,2026-05-17 01:37:47.146714,48,0.08,Pending,44.160000000000004
8256,494,1,2026-05-17 03:05:12.151215,53,0.25,Pending,39.75
8257,187,15,2026-05-17 04:32:37.155715,55,0.13,Completed,47.85
8258,498,32,2026-05-17 06:00:02.160216,61,0.18,Completed,50.02
8259,442,8,2026-05-17 07:27:27.164716,32,0.24,Pending,24.32
8260,130,33,2026-05-17 08:54:52.169216,46,0.01,Completed,45.54
8261,127,18,2026-05-17 10:22:17.173717,92,0.25,Completed,69.0
8262,292,45,2026-05-17 11:49:42.178217,36,0.04,Pending,34.56
8263,114,29,2026-05-17 13:17:07.182718,18,0.11,Completed,16.02
8264,199,32,2026-05-17 14:44:32.187218,74,0.14,Completed,63.64
8265,13,33,2026-05-17 16:11:57.191719,96,0.27,Pending,70.08
8266,271,5,2026-05-17 17:39:22.196219,18,0.01,Cancelled,17.82
8267,89,18,2026-05-17 19:06:47.200720,12,0.17,Completed,9.959999999999999
8268,215,48,2026-05-17 20:34:12.205220,72,0.19,Pending,58.32000000000001
8269,444,10,2026-05-17 22:01:37.209720,97,0.09,Completed,88.27
8270,278,36,2026-05-17 23:29:02.214221,46,0.09,Completed,41.86
8271,447,33,2026-05-18 00:56:27.218721,55,0.15,Pending,46.75
8272,474,23,2026-05-18 02:23:52.223222,38,0.06,Completed,35.72
8273,481,40,2026-05-18 03:51:17.227722,78,0.14,Completed,67.08
8274,203,5,2026-05-18 05:18:42.232223,2,0.23,Completed,1.54
8275,74,34,2026-05-18 06:46:07.236723,9,0.25,Completed,6.75
8276,25,24,2026-05-18 08:13:32.241224,5,0.12,Completed,4.4
8277,101,17,2026-05-18 09:40:57.245724,98,0.19,Pending,79.38000000000001
8278,176,31,2026-05-18 11:08:22.250225,19,0.0,Completed,19.0
8279,427,7,2026-05-18 12:35:47.254725,71,0.17,Completed,58.93
8280,117,17,2026-05-18 14:03:12.259225,39,0.29,Completed,27.689999999999998
8281,166,28,2026-05-18 15:30:37.263726,42,0.09,Completed,38.22
8282,41,38,2026-05-18 16:58:02.268226,17,0.18,Completed,13.940000000000001
8283,429,22,2026-05-18 18:25:27.272727,63,0.23,Completed,48.51
8284,344,15,2026-05-18 19:52:52.277227,90,0.18,Completed,73.80000000000001
8285,424,37,2026-05-18 21:20:17.281728,46,0.13,Completed,40.02
8286,366,15,2026-05-18 22:47:42.286228,91,0.05,Pending,86.45
8287,120,50,2026-05-19 00:15:07.290729,92,0.14,Completed,79.12
8288,97,50,2026-05-19 01:42:32.295229,20,0.09,Completed,18.2
8289,145,25,2026-05-19 03:09:57.299729,70,0.21,Completed,55.300000000000004
8290,216,21,2026-05-19 04:37:22.304230,8,0.13,Completed,6.96
8291,229,38,2026-05-19 06:04:47.308730,96,0.25,Completed,72.0
8292,313,2,2026-05-19 07:32:12.313231,19,0.06,Completed,17.86
8293,130,27,2026-05-19 08:59:37.317731,32,0.13,Completed,27.84
8294,352,49,2026-05-19 10:27:02.322232,19,0.17,Completed,15.77
8295,377,32,2026-05-19 11:54:27.326732,24,0.04,Completed,23.04
8296,318,21,2026-05-19 13:21:52.331233,24,0.18,Completed,19.68
8297,472,4,2026-05-19 14:49:17.335733,56,0.09,Completed,50.96
8298,137,44,2026-05-19 16:16:42.340234,81,0.07,Pending,75.33
8299,324,19,2026-05-19 17:44:07.344734,18,0.04,Cancelled,17.28
8300,337,2,2026-05-19 19:11:32.349234,12,0.1,Completed,10.8
8301,273,26,2026-05-19 20:38:57.353735,41,0.28,Completed,29.52
8302,117,34,2026-05-19 22:06:22.358235,87,0.01,Completed,86.13
8303,306,14,2026-05-19 23:33:47.362736,48,0.26,Completed,35.519999999999996
8304,368,15,2026-05-20 01:01:12.367236,82,0.12,Completed,72.16
8305,94,20,2026-05-20 02:28:37.371737,64,0.17,Completed,53.12
8306,168,34,2026-05-20 03:56:02.376237,16,0.15,Completed,13.6
8307,442,36,2026-05-20 05:23:27.380738,80,0.28,Completed,57.599999999999994
8308,203,19,2026-05-20 06:50:52.385238,100,0.23,Completed,77.0
8309,341,9,2026-05-20 08:18:17.389738,23,0.3,Completed,16.099999999999998
8310,149,7,2026-05-20 09:45:42.394239,86,0.24,Completed,65.36
8311,402,30,2026-05-20 11:13:07.398739,39,0.09,Completed,35.49
8312,183,13,2026-05-20 12:40:32.403240,33,0.29,Completed,23.43
8313,413,27,2026-05-20 14:07:57.407740,24,0.3,Completed,16.799999999999997
8314,152,44,2026-05-20 15:35:22.412241,61,0.04,Completed,58.559999999999995
8315,74,35,2026-05-20 17:02:47.416741,55,0.27,Completed,40.15
8316,365,13,2026-05-20 18:30:12.421242,61,0.2,Completed,48.800000000000004
8317,401,15,2026-05-20 19:57:37.425742,84,0.28,Completed,60.48
8318,274,46,2026-05-20 21:25:02.430243,97,0.27,Completed,70.81
8319,42,9,2026-05-20 22:52:27.434743,95,0.27,Completed,69.35
8320,496,45,2026-05-21 00:19:52.439243,40,0.27,Cancelled,29.2
8321,212,23,2026-05-21 01:47:17.443744,58,0.04,Pending,55.68
8322,101,36,2026-05-21 03:14:42.448244,72,0.04,Completed,69.12
8323,45,40,2026-05-21 04:42:07.452745,74,0.04,Completed,71.03999999999999
8324,82,3,2026-05-21 06:09:32.457245,1,0.03,Completed,0.97
8325,17,34,2026-05-21 07:36:57.461746,85,0.11,Cancelled,75.65
8326,73,19,2026-05-21 09:04:22.466246,25,0.21,Completed,19.75
8327,14,28,2026-05-21 10:31:47.470747,96,0.11,Pending,85.44
8328,433,23,2026-05-21 11:59:12.475247,53,0.22,Completed,41.34
8329,157,40,2026-05-21 13:26:37.479747,61,0.25,Completed,45.75
8330,223,49,2026-05-21 14:54:02.484248,46,0.2,Completed,36.800000000000004
8331,132,45,2026-05-21 16:21:27.488748,74,0.14,Pending,63.64
8332,338,7,2026-05-21 17:48:52.493249,60,0.09,Completed,54.6
8333,404,41,2026-05-21 19:16:17.497749,51,0.04,Completed,48.96
8334,376,12,2026-05-21 20:43:42.502250,73,0.15,Completed,62.05
8335,376,14,2026-05-21 22:11:07.506750,84,0.22,Pending,65.52
8336,47,46,2026-05-21 23:38:32.511251,48,0.16,Completed,40.32
8337,107,15,2026-05-22 01:05:57.515751,84,0.22,Pending,65.52
8338,108,3,2026-05-22 02:33:22.520252,40,0.1,Completed,36.0
8339,265,15,2026-05-22 04:00:47.524752,7,0.02,Completed,6.859999999999999
8340,205,24,2026-05-22 05:28:12.529252,75,0.23,Completed,57.75
8341,79,46,2026-05-22 06:55:37.533753,85,0.07,Pending,79.05
8342,155,8,2026-05-22 08:23:02.538253,19,0.18,Completed,15.580000000000002
8343,271,5,2026-05-22 09:50:27.542754,15,0.24,Completed,11.4
8344,476,4,2026-05-22 11:17:52.547254,70,0.04,Completed,67.2
8345,485,14,2026-05-22 12:45:17.551755,61,0.18,Completed,50.02
8346,247,16,2026-05-22 14:12:42.556255,56,0.21,Completed,44.24
8347,19,20,2026-05-22 15:40:07.560756,10,0.22,Completed,7.800000000000001
8348,346,24,2026-05-22 17:07:32.565256,46,0.04,Completed,44.16
8349,436,6,2026-05-22 18:34:57.569756,80,0.25,Completed,60.0
8350,26,31,2026-05-22 20:02:22.574257,75,0.03,Completed,72.75
8351,217,6,2026-05-22 21:29:47.578757,57,0.16,Completed,47.879999999999995
8352,154,35,2026-05-22 22:57:12.583258,35,0.13,Pending,30.45
8353,154,15,2026-05-23 00:24:37.587758,72,0.07,Completed,66.96
8354,174,29,2026-05-23 01:52:02.592259,92,0.09,Completed,83.72
8355,92,3,2026-05-23 03:19:27.596759,3,0.05,Pending,2.8499999999999996
8356,433,11,2026-05-23 04:46:52.601260,66,0.13,Completed,57.42
8357,338,3,2026-05-23 06:14:17.605760,53,0.01,Completed,52.47
8358,480,28,2026-05-23 07:41:42.610261,78,0.27,Completed,56.94
8359,181,10,2026-05-23 09:09:07.614761,52,0.05,Pending,49.4
8360,131,50,2026-05-23 10:36:32.619261,93,0.27,Completed,67.89
8361,450,33,2026-05-23 12:03:57.623762,53,0.26,Completed,39.22
8362,481,48,2026-05-23 13:31:22.628262,54,0.14,Completed,46.44
8363,298,16,2026-05-23 14:58:47.632763,47,0.15,Completed,39.949999999999996
8364,275,10,2026-05-23 16:26:12.637263,3,0.09,Completed,2.73
8365,273,33,2026-05-23 17:53:37.641764,65,0.3,Completed,45.5
8366,492,36,2026-05-23 19:21:02.646264,15,0.2,Completed,12.0
8367,417,3,2026-05-23 20:48:27.650765,84,0.29,Completed,59.64
8368,76,5,2026-05-23 22:15:52.655265,86,0.12,Completed,75.68
8369,177,12,2026-05-23 23:43:17.659765,34,0.26,Pending,25.16
8370,184,44,2026-05-24 01:10:42.664266,50,0.13,Completed,43.5
8371,319,13,2026-05-24 02:38:07.668766,33,0.26,Completed,24.419999999999998
8372,131,24,2026-05-24 04:05:32.673267,73,0.04,Completed,70.08
8373,363,44,2026-05-24 05:32:57.677767,3,0.19,Completed,2.43
8374,49,32,2026-05-24 07:00:22.682268,2,0.2,Completed,1.6
8375,55,16,2026-05-24 08:27:47.686768,4,0.2,Pending,3.2
8376,154,32,2026-05-24 09:55:12.691269,16,0.13,Completed,13.92
8377,355,45,2026-05-24 11:22:37.695769,54,0.21,Completed,42.660000000000004
8378,200,37,2026-05-24 12:50:02.700270,33,0.07,Completed,30.689999999999998
8379,308,36,2026-05-24 14:17:27.704770,9,0.18,Completed,7.380000000000001
8380,356,21,2026-05-24 15:44:52.709270,57,0.17,Completed,47.309999999999995
8381,373,47,2026-05-24 17:12:17.713771,40,0.1,Completed,36.0
8382,118,12,2026-05-24 18:39:42.718271,52,0.23,Pending,40.04
8383,263,21,2026-05-24 20:07:07.722772,82,0.02,Completed,80.36
8384,46,21,2026-05-24 21:34:32.727272,16,0.05,Completed,15.2
8385,302,43,2026-05-24 23:01:57.731773,8,0.14,Completed,6.88
8386,356,6,2026-05-25 00:29:22.736273,87,0.27,Completed,63.51
8387,400,9,2026-05-25 01:56:47.740774,60,0.17,Completed,49.8
8388,408,1,2026-05-25 03:24:12.745274,36,0.25,Completed,27.0
8389,189,12,2026-05-25 04:51:37.749774,3,0.16,Completed,2.52
8390,310,14,2026-05-25 06:19:02.754275,15,0.24,Completed,11.4
8391,318,6,2026-05-25 07:46:27.758775,97,0.1,Pending,87.3
8392,129,1,2026-05-25 09:13:52.763276,82,0.24,Completed,62.32
8393,49,22,2026-05-25 10:41:17.767776,23,0.12,Completed,20.24
8394,25,34,2026-05-25 12:08:42.772277,3,0.17,Completed,2.4899999999999998
8395,266,11,2026-05-25 13:36:07.776777,30,0.05,Completed,28.5
8396,118,3,2026-05-25 15:03:32.781278,45,0.28,Completed,32.4
8397,464,42,2026-05-25 16:30:57.785778,17,0.21,Completed,13.43
8398,144,6,2026-05-25 17:58:22.790279,58,0.26,Completed,42.92
8399,442,6,2026-05-25 19:25:47.794779,58,0.06,Completed,54.519999999999996
8400,200,20,2026-05-25 20:53:12.799279,96,0.02,Completed,94.08
8401,157,21,2026-05-25 22:20:37.803780,57,0.1,Completed,51.300000000000004
8402,487,2,2026-05-25 23:48:02.808280,7,0.16,Completed,5.88
8403,348,26,2026-05-26 01:15:27.812781,39,0.24,Completed,29.64
8404,134,31,2026-05-26 02:42:52.817281,78,0.12,Completed,68.64
8405,400,26,2026-05-26 04:10:17.821782,58,0.08,Pending,53.36
8406,148,32,2026-05-26 05:37:42.826282,56,0.11,Pending,49.84
8407,336,10,2026-05-26 07:05:07.830783,15,0.21,Pending,11.850000000000001
8408,71,23,2026-05-26 08:32:32.835283,44,0.1,Completed,39.6
8409,233,6,2026-05-26 09:59:57.839783,12,0.29,Completed,8.52
8410,334,23,2026-05-26 11:27:22.844284,8,0.05,Completed,7.6
8411,299,28,2026-05-26 12:54:47.848784,80,0.23,Completed,61.6
8412,154,49,2026-05-26 14:22:12.853285,41,0.18,Pending,33.620000000000005
8413,90,30,2026-05-26 15:49:37.857785,34,0.07,Cancelled,31.619999999999997
8414,334,14,2026-05-26 17:17:02.862286,46,0.23,Completed,35.42
8415,199,37,2026-05-26 18:44:27.866786,88,0.13,Completed,76.56
8416,161,32,2026-05-26 20:11:52.871287,29,0.2,Completed,23.200000000000003
8417,26,49,2026-05-26 21:39:17.875787,16,0.2,Completed,12.8
8418,121,34,2026-05-26 23:06:42.880288,5,0.03,Completed,4.85
8419,301,41,2026-05-27 00:34:07.884788,5,0.25,Completed,3.75
8420,212,44,2026-05-27 02:01:32.889288,30,0.2,Completed,24.0
8421,63,22,2026-05-27 03:28:57.893789,50,0.23,Completed,38.5
8422,451,31,2026-05-27 04:56:22.898289,5,0.13,Completed,4.35
8423,436,7,2026-05-27 06:23:47.902790,13,0.06,Completed,12.219999999999999
8424,68,41,2026-05-27 07:51:12.907290,99,0.1,Cancelled,89.10000000000001
8425,253,21,2026-05-27 09:18:37.911791,49,0.27,Completed,35.769999999999996
8426,410,16,2026-05-27 10:46:02.916291,89,0.28,Completed,64.08
8427,459,20,2026-05-27 12:13:27.920792,50,0.14,Completed,43.0
8428,2,43,2026-05-27 13:40:52.925292,14,0.09,Completed,12.74
8429,398,44,2026-05-27 15:08:17.929792,46,0.22,Pending,35.88
8430,108,47,2026-05-27 16:35:42.934293,90,0.23,Completed,69.3
8431,286,50,2026-05-27 18:03:07.938793,82,0.24,Completed,62.32
8432,49,19,2026-05-27 19:30:32.943294,84,0.01,Completed,83.16
8433,140,48,2026-05-27 20:57:57.947794,34,0.0,Pending,34.0
8434,218,32,2026-05-27 22:25:22.952295,71,0.11,Completed,63.19
8435,44,15,2026-05-27 23:52:47.956795,47,0.05,Completed,44.65
8436,417,5,2026-05-28 01:20:12.961296,60,0.24,Completed,45.6
8437,269,11,2026-05-28 02:47:37.965796,74,0.16,Completed,62.16
8438,78,15,2026-05-28 04:15:02.970297,79,0.25,Completed,59.25
8439,216,29,2026-05-28 05:42:27.974797,81,0.05,Completed,76.95
8440,382,50,2026-05-28 07:09:52.979297,11,0.19,Completed,8.91
8441,98,45,2026-05-28 08:37:17.983798,98,0.17,Completed,81.33999999999999
8442,236,4,2026-05-28 10:04:42.988298,91,0.1,Completed,81.9
8443,282,49,2026-05-28 11:32:07.992799,85,0.16,Completed,71.39999999999999
8444,149,36,2026-05-28 12:59:32.997299,95,0.18,Completed,77.9
8445,412,48,2026-05-28 14:26:58.001800,50,0.27,Completed,36.5
8446,304,23,2026-05-28 15:54:23.006300,4,0.02,Completed,3.92
8447,484,15,2026-05-28 17:21:48.010801,41,0.25,Completed,30.75
8448,424,46,2026-05-28 18:49:13.015301,59,0.29,Completed,41.89
8449,66,44,2026-05-28 20:16:38.019801,60,0.22,Pending,46.800000000000004
8450,234,3,2026-05-28 21:44:03.024302,81,0.22,Completed,63.18
8451,457,32,2026-05-28 23:11:28.028802,62,0.07,Completed,57.66
8452,87,10,2026-05-29 00:38:53.033303,84,0.16,Completed,70.56
8453,79,40,2026-05-29 02:06:18.037803,25,0.21,Completed,19.75
8454,205,38,2026-05-29 03:33:43.042304,87,0.18,Completed,71.34
8455,279,22,2026-05-29 05:01:08.046804,79,0.12,Completed,69.52
8456,337,14,2026-05-29 06:28:33.051305,33,0.28,Completed,23.759999999999998
8457,254,17,2026-05-29 07:55:58.055805,19,0.15,Pending,16.15
8458,304,21,2026-05-29 09:23:23.060306,57,0.29,Completed,40.47
8459,380,48,2026-05-29 10:50:48.064806,15,0.17,Completed,12.45
8460,130,15,2026-05-29 12:18:13.069306,41,0.24,Pending,31.16
8461,84,15,2026-05-29 13:45:38.073807,69,0.22,Pending,53.82
8462,276,1,2026-05-29 15:13:03.078307,80,0.2,Completed,64.0
8463,187,24,2026-05-29 16:40:28.082808,60,0.0,Completed,60.0
8464,46,12,2026-05-29 18:07:53.087308,96,0.02,Completed,94.08
8465,387,10,2026-05-29 19:35:18.091809,22,0.17,Completed,18.259999999999998
8466,183,46,2026-05-29 21:02:43.096309,43,0.27,Completed,31.39
8467,268,42,2026-05-29 22:30:08.100810,32,0.18,Cancelled,26.240000000000002
8468,296,42,2026-05-29 23:57:33.105310,13,0.07,Completed,12.09
8469,322,31,2026-05-30 01:24:58.109810,38,0.1,Completed,34.2
8470,100,11,2026-05-30 02:52:23.114311,26,0.19,Completed,21.060000000000002
8471,78,16,2026-05-30 04:19:48.118811,81,0.18,Completed,66.42
8472,272,9,2026-05-30 05:47:13.123312,5,0.29,Pending,3.55
8473,339,47,2026-05-30 07:14:38.127812,49,0.16,Completed,41.16
8474,162,14,2026-05-30 08:42:03.132313,97,0.11,Completed,86.33
8475,44,19,2026-05-30 10:09:28.136813,91,0.16,Completed,76.44
8476,238,31,2026-05-30 11:36:53.141314,5,0.24,Completed,3.8
8477,134,9,2026-05-30 13:04:18.145814,71,0.16,Completed,59.64
8478,461,36,2026-05-30 14:31:43.150315,48,0.1,Pending,43.2
8479,192,39,2026-05-30 15:59:08.154815,18,0.1,Completed,16.2
8480,356,26,2026-05-30 17:26:33.159315,95,0.23,Pending,73.15
8481,278,8,2026-05-30 18:53:58.163816,6,0.02,Completed,5.88
8482,18,24,2026-05-30 20:21:23.168316,66,0.08,Pending,60.720000000000006
8483,12,8,2026-05-30 21:48:48.172817,77,0.05,Completed,73.14999999999999
8484,180,19,2026-05-30 23:16:13.177317,42,0.28,Completed,30.24
8485,123,47,2026-05-31 00:43:38.181818,52,0.03,Completed,50.44
8486,246,48,2026-05-31 02:11:03.186318,11,0.23,Completed,8.47
8487,222,30,2026-05-31 03:38:28.190819,26,0.19,Completed,21.060000000000002
8488,373,22,2026-05-31 05:05:53.195319,21,0.19,Completed,17.01
8489,51,9,2026-05-31 06:33:18.199819,66,0.23,Completed,50.82
8490,488,44,2026-05-31 08:00:43.204320,40,0.12,Completed,35.2
8491,71,48,2026-05-31 09:28:08.208820,56,0.12,Completed,49.28
8492,480,4,2026-05-31 10:55:33.213321,51,0.09,Completed,46.410000000000004
8493,48,37,2026-05-31 12:22:58.217821,20,0.18,Cancelled,16.400000000000002
8494,19,8,2026-05-31 13:50:23.222322,81,0.28,Completed,58.32
8495,262,1,2026-05-31 15:17:48.226822,80,0.28,Completed,57.599999999999994
8496,84,28,2026-05-31 16:45:13.231323,57,0.21,Completed,45.03
8497,155,6,2026-05-31 18:12:38.235823,5,0.27,Completed,3.65
8498,53,47,2026-05-31 19:40:03.240324,14,0.29,Completed,9.94
8499,107,36,2026-05-31 21:07:28.244824,24,0.24,Completed,18.240000000000002
8500,357,11,2026-05-31 22:34:53.249324,68,0.12,Completed,59.84
8501,304,5,2026-06-01 00:02:18.253825,52,0.14,Pending,44.72
8502,135,50,2026-06-01 01:29:43.258325,48,0.28,Pending,34.56
8503,443,24,2026-06-01 02:57:08.262826,88,0.2,Pending,70.4
8504,69,47,2026-06-01 04:24:33.267326,47,0.25,Completed,35.25
8505,11,18,2026-06-01 05:51:58.271827,60,0.03,Completed,58.199999999999996
8506,143,20,2026-06-01 07:19:23.276327,73,0.06,Completed,68.61999999999999
8507,192,28,2026-06-01 08:46:48.280828,3,0.1,Completed,2.7
8508,387,13,2026-06-01 10:14:13.285328,9,0.06,Completed,8.459999999999999
8509,378,5,2026-06-01 11:41:38.289828,82,0.27,Completed,59.86
8510,69,30,2026-06-01 13:09:03.294329,100,0.07,Completed,93.0
8511,23,1,2026-06-01 14:36:28.298829,83,0.17,Completed,68.89
8512,181,22,2026-06-01 16:03:53.303330,24,0.03,Completed,23.28
8513,293,18,2026-06-01 17:31:18.307830,4,0.05,Completed,3.8
8514,9,46,2026-06-01 18:58:43.312331,9,0.07,Completed,8.37
8515,271,5,2026-06-01 20:26:08.316831,97,0.29,Pending,68.86999999999999
8516,387,31,2026-06-01 21:53:33.321332,1,0.24,Completed,0.76
8517,93,6,2026-06-01 23:20:58.325832,35,0.2,Completed,28.0
8518,454,27,2026-06-02 00:48:23.330333,74,0.27,Completed,54.019999999999996
8519,17,25,2026-06-02 02:15:48.334833,12,0.29,Completed,8.52
8520,154,29,2026-06-02 03:43:13.339333,18,0.14,Completed,15.48
8521,405,28,2026-06-02 05:10:38.343834,78,0.1,Completed,70.2
8522,328,16,2026-06-02 06:38:03.348334,10,0.09,Completed,9.1
8523,149,12,2026-06-02 08:05:28.352835,74,0.01,Completed,73.26
8524,377,20,2026-06-02 09:32:53.357335,18,0.08,Pending,16.560000000000002
8525,267,18,2026-06-02 11:00:18.361836,24,0.11,Cancelled,21.36
8526,422,34,2026-06-02 12:27:43.366336,1,0.01,Completed,0.99
8527,328,23,2026-06-02 13:55:08.370837,94,0.26,Completed,69.56
8528,106,45,2026-06-02 15:22:33.375337,79,0.25,Completed,59.25
8529,472,27,2026-06-02 16:49:58.379837,72,0.08,Pending,66.24000000000001
8530,381,49,2026-06-02 18:17:23.384338,99,0.24,Completed,75.24
8531,35,17,2026-06-02 19:44:48.388838,82,0.24,Completed,62.32
8532,119,48,2026-06-02 21:12:13.393339,16,0.1,Pending,14.4
8533,14,21,2026-06-02 22:39:38.397839,85,0.21,Completed,67.15
8534,14,50,2026-06-03 00:07:03.402340,15,0.09,Completed,13.65
8535,266,40,2026-06-03 01:34:28.406840,62,0.02,Cancelled,60.76
8536,140,31,2026-06-03 03:01:53.411341,5,0.15,Completed,4.25
8537,294,3,2026-06-03 04:29:18.415841,45,0.13,Completed,39.15
8538,364,17,2026-06-03 05:56:43.420342,52,0.04,Completed,49.92
8539,119,50,2026-06-03 07:24:08.424842,71,0.15,Completed,60.35
8540,238,26,2026-06-03 08:51:33.429342,7,0.28,Cancelled,5.04
8541,34,23,2026-06-03 10:18:58.433843,27,0.22,Completed,21.060000000000002
8542,169,6,2026-06-03 11:46:23.438343,89,0.22,Pending,69.42
8543,10,28,2026-06-03 13:13:48.442844,86,0.23,Completed,66.22
8544,122,8,2026-06-03 14:41:13.447344,13,0.22,Completed,10.14
8545,401,45,2026-06-03 16:08:38.451845,17,0.01,Completed,16.83
8546,145,8,2026-06-03 17:36:03.456345,44,0.28,Pending,31.68
8547,451,19,2026-06-03 19:03:28.460846,13,0.25,Completed,9.75
8548,446,38,2026-06-03 20:30:53.465346,90,0.08,Completed,82.8
8549,223,29,2026-06-03 21:58:18.469846,73,0.17,Completed,60.589999999999996
8550,371,23,2026-06-03 23:25:43.474347,5,0.18,Pending,4.1000000000000005
8551,257,47,2026-06-04 00:53:08.478847,33,0.04,Pending,31.68
8552,268,32,2026-06-04 02:20:33.483348,4,0.08,Completed,3.68
8553,359,10,2026-06-04 03:47:58.487848,92,0.01,Completed,91.08
8554,4,27,2026-06-04 05:15:23.492349,26,0.26,Completed,19.24
8555,426,49,2026-06-04 06:42:48.496849,68,0.01,Completed,67.32
8556,397,1,2026-06-04 08:10:13.501350,16,0.1,Completed,14.4
8557,354,39,2026-06-04 09:37:38.505850,22,0.02,Completed,21.56
8558,106,29,2026-06-04 11:05:03.510351,36,0.23,Completed,27.72
8559,85,45,2026-06-04 12:32:28.514851,58,0.28,Completed,41.76
8560,214,3,2026-06-04 13:59:53.519351,55,0.17,Completed,45.65
8561,121,47,2026-06-04 15:27:18.523852,35,0.04,Pending,33.6
8562,132,37,2026-06-04 16:54:43.528352,25,0.17,Cancelled,20.75
8563,338,31,2026-06-04 18:22:08.532853,72,0.23,Completed,55.44
8564,197,11,2026-06-04 19:49:33.537353,81,0.22,Completed,63.18
8565,19,22,2026-06-04 21:16:58.541854,61,0.22,Completed,47.58
8566,130,18,2026-06-04 22:44:23.546354,18,0.08,Completed,16.560000000000002
8567,12,35,2026-06-05 00:11:48.550855,58,0.02,Completed,56.839999999999996
8568,81,6,2026-06-05 01:39:13.555355,76,0.04,Cancelled,72.96
8569,330,3,2026-06-05 03:06:38.559855,57,0.29,Completed,40.47
8570,354,5,2026-06-05 04:34:03.564356,97,0.18,Completed,79.54
8571,262,9,2026-06-05 06:01:28.568856,87,0.22,Completed,67.86
8572,392,28,2026-06-05 07:28:53.573357,63,0.27,Completed,45.99
8573,125,19,2026-06-05 08:56:18.577857,12,0.26,Completed,8.879999999999999
8574,307,28,2026-06-05 10:23:43.582358,11,0.07,Pending,10.229999999999999
8575,267,27,2026-06-05 11:51:08.586858,13,0.02,Completed,12.74
8576,447,13,2026-06-05 13:18:33.591359,35,0.28,Completed,25.2
8577,441,38,2026-06-05 14:45:58.595859,27,0.29,Completed,19.169999999999998
8578,383,43,2026-06-05 16:13:23.600360,89,0.17,Completed,73.86999999999999
8579,140,21,2026-06-05 17:40:48.604860,67,0.27,Completed,48.91
8580,329,27,2026-06-05 19:08:13.609360,89,0.07,Completed,82.77
8581,2,46,2026-06-05 20:35:38.613861,45,0.03,Completed,43.65
8582,8,6,2026-06-05 22:03:03.618361,74,0.15,Completed,62.9
8583,250,38,2026-06-05 23:30:28.622862,81,0.24,Completed,61.56
8584,139,49,2026-06-06 00:57:53.627362,67,0.2,Cancelled,53.6
8585,124,11,2026-06-06 02:25:18.631863,22,0.19,Completed,17.82
8586,309,47,2026-06-06 03:52:43.636363,78,0.01,Pending,77.22
8587,228,41,2026-06-06 05:20:08.640864,91,0.1,Completed,81.9
8588,10,17,2026-06-06 06:47:33.645364,42,0.28,Completed,30.24
8589,469,39,2026-06-06 08:14:58.649864,20,0.04,Completed,19.2
8590,212,7,2026-06-06 09:42:23.654365,48,0.22,Completed,37.44
8591,112,30,2026-06-06 11:09:48.658865,18,0.23,Completed,13.86
8592,8,21,2026-06-06 12:37:13.663366,77,0.22,Completed,60.06
8593,292,1,2026-06-06 14:04:38.667866,70,0.3,Completed,49.0
8594,477,25,2026-06-06 15:32:03.672367,74,0.12,Completed,65.12
8595,362,32,2026-06-06 16:59:28.676867,93,0.2,Completed,74.4
8596,460,8,2026-06-06 18:26:53.681368,6,0.06,Completed,5.64
8597,253,5,2026-06-06 19:54:18.685868,39,0.12,Completed,34.32
8598,14,30,2026-06-06 21:21:43.690369,11,0.15,Completed,9.35
8599,240,8,2026-06-06 22:49:08.694869,25,0.06,Completed,23.5
8600,438,49,2026-06-07 00:16:33.699369,94,0.27,Completed,68.62
8601,242,19,2026-06-07 01:43:58.703870,55,0.21,Completed,43.45
8602,469,44,2026-06-07 03:11:23.708370,84,0.09,Completed,76.44
8603,342,30,2026-06-07 04:38:48.712871,58,0.04,Completed,55.68
8604,149,15,2026-06-07 06:06:13.717371,37,0.09,Completed,33.67
8605,236,36,2026-06-07 07:33:38.721872,16,0.19,Completed,12.96
8606,306,44,2026-06-07 09:01:03.726372,95,0.25,Completed,71.25
8607,478,27,2026-06-07 10:28:28.730873,93,0.15,Completed,79.05
8608,167,13,2026-06-07 11:55:53.735373,70,0.03,Completed,67.89999999999999
8609,20,14,2026-06-07 13:23:18.739873,93,0.07,Completed,86.49
8610,216,37,2026-06-07 14:50:43.744374,96,0.1,Cancelled,86.4
8611,343,48,2026-06-07 16:18:08.748874,73,0.19,Pending,59.13
8612,135,30,2026-06-07 17:45:33.753375,37,0.07,Completed,34.41
8613,393,39,2026-06-07 19:12:58.757875,53,0.07,Completed,49.29
8614,129,47,2026-06-07 20:40:23.762376,87,0.09,Completed,79.17
8615,410,13,2026-06-07 22:07:48.766876,16,0.18,Completed,13.120000000000001
8616,422,16,2026-06-07 23:35:13.771377,18,0.15,Completed,15.299999999999999
8617,294,44,2026-06-08 01:02:38.775877,19,0.25,Completed,14.25
8618,246,7,2026-06-08 02:30:03.780378,44,0.21,Completed,34.760000000000005
8619,189,48,2026-06-08 03:57:28.784878,2,0.2,Completed,1.6
8620,44,27,2026-06-08 05:24:53.789378,58,0.05,Pending,55.099999999999994
8621,86,45,2026-06-08 06:52:18.793879,10,0.02,Completed,9.8
8622,44,35,2026-06-08 08:19:43.798379,76,0.15,Completed,64.6
8623,330,15,2026-06-08 09:47:08.802880,46,0.02,Completed,45.08
8624,375,28,2026-06-08 11:14:33.807380,82,0.11,Completed,72.98
8625,446,35,2026-06-08 12:41:58.811881,19,0.01,Completed,18.81
8626,378,7,2026-06-08 14:09:23.816381,38,0.05,Pending,36.1
8627,390,50,2026-06-08 15:36:48.820882,37,0.03,Completed,35.89
8628,145,46,2026-06-08 17:04:13.825382,91,0.24,Completed,69.16
8629,51,50,2026-06-08 18:31:38.829882,78,0.1,Completed,70.2
8630,242,46,2026-06-08 19:59:03.834383,45,0.02,Pending,44.1
8631,294,20,2026-06-08 21:26:28.838883,34,0.08,Completed,31.28
8632,408,32,2026-06-08 22:53:53.843384,2,0.2,Completed,1.6
8633,51,38,2026-06-09 00:21:18.847884,44,0.22,Cancelled,34.32
8634,266,40,2026-06-09 01:48:43.852385,97,0.04,Completed,93.11999999999999
8635,120,32,2026-06-09 03:16:08.856885,83,0.23,Completed,63.910000000000004
8636,200,26,2026-06-09 04:43:33.861386,27,0.11,Completed,24.03
8637,405,39,2026-06-09 06:10:58.865886,48,0.2,Completed,38.400000000000006
8638,248,20,2026-06-09 07:38:23.870387,94,0.2,Completed,75.2
8639,70,18,2026-06-09 09:05:48.874887,7,0.24,Completed,5.32
8640,341,50,2026-06-09 10:33:13.879387,27,0.21,Completed,21.330000000000002
8641,57,15,2026-06-09 12:00:38.883888,85,0.01,Completed,84.15
8642,382,22,2026-06-09 13:28:03.888388,71,0.16,Completed,59.64
8643,39,22,2026-06-09 14:55:28.892889,89,0.05,Completed,84.55
8644,472,21,2026-06-09 16:22:53.897389,18,0.29,Completed,12.78
8645,289,2,2026-06-09 17:50:18.901890,33,0.08,Pending,30.360000000000003
8646,443,40,2026-06-09 19:17:43.906390,33,0.13,Completed,28.71
8647,18,43,2026-06-09 20:45:08.910891,96,0.06,Completed,90.24
8648,440,18,2026-06-09 22:12:33.915391,25,0.04,Completed,24.0
8649,220,23,2026-06-09 23:39:58.919891,14,0.18,Completed,11.48
8650,313,13,2026-06-10 01:07:23.924392,38,0.15,Completed,32.3
8651,244,41,2026-06-10 02:34:48.928892,38,0.11,Pending,33.82
8652,352,9,2026-06-10 04:02:13.933393,4,0.03,Completed,3.88
8653,460,49,2026-06-10 05:29:38.937893,62,0.22,Completed,48.36
8654,304,7,2026-06-10 06:57:03.942394,82,0.0,Completed,82.0
8655,298,41,2026-06-10 08:24:28.946894,10,0.14,Completed,8.6
8656,283,1,2026-06-10 09:51:53.951395,35,0.19,Completed,28.35
8657,74,2,2026-06-10 11:19:18.955895,99,0.13,Completed,86.13
8658,110,4,2026-06-10 12:46:43.960396,23,0.04,Completed,22.08
8659,180,14,2026-06-10 14:14:08.964896,89,0.23,Completed,68.53
8660,426,32,2026-06-10 15:41:33.969396,65,0.1,Completed,58.5
8661,32,36,2026-06-10 17:08:58.973897,82,0.04,Completed,78.72
8662,234,2,2026-06-10 18:36:23.978397,79,0.17,Completed,65.57
8663,282,40,2026-06-10 20:03:48.982898,25,0.01,Pending,24.75
8664,25,50,2026-06-10 21:31:13.987398,96,0.1,Completed,86.4
8665,331,14,2026-06-10 22:58:38.991899,53,0.23,Completed,40.81
8666,279,20,2026-06-11 00:26:03.996399,84,0.27,Pending,61.32
8667,226,25,2026-06-11 01:53:29.000900,17,0.18,Completed,13.940000000000001
8668,57,42,2026-06-11 03:20:54.005400,57,0.07,Completed,53.01
8669,180,49,2026-06-11 04:48:19.009900,75,0.07,Completed,69.75
8670,232,8,2026-06-11 06:15:44.014401,77,0.18,Completed,63.14000000000001
8671,382,28,2026-06-11 07:43:09.018901,89,0.12,Completed,78.32000000000001
8672,343,46,2026-06-11 09:10:34.023402,20,0.05,Pending,19.0
8673,477,21,2026-06-11 10:37:59.027902,25,0.24,Completed,19.0
8674,287,23,2026-06-11 12:05:24.032403,42,0.06,Completed,39.48
8675,64,32,2026-06-11 13:32:49.036903,45,0.1,Completed,40.5
8676,455,8,2026-06-11 15:00:14.041404,31,0.02,Pending,30.38
8677,232,31,2026-06-11 16:27:39.045904,65,0.21,Completed,51.35
8678,289,37,2026-06-11 17:55:04.050405,52,0.08,Cancelled,47.84
8679,213,16,2026-06-11 19:22:29.054905,80,0.07,Completed,74.39999999999999
8680,258,40,2026-06-11 20:49:54.059405,92,0.09,Completed,83.72
8681,18,42,2026-06-11 22:17:19.063906,21,0.26,Completed,15.54
8682,175,27,2026-06-11 23:44:44.068406,30,0.16,Pending,25.2
8683,417,40,2026-06-12 01:12:09.072907,3,0.05,Completed,2.8499999999999996
8684,229,41,2026-06-12 02:39:34.077407,98,0.23,Completed,75.46000000000001
8685,226,18,2026-06-12 04:06:59.081908,70,0.06,Completed,65.8
8686,84,35,2026-06-12 05:34:24.086408,43,0.12,Pending,37.84
8687,291,49,2026-06-12 07:01:49.090909,29,0.17,Completed,24.07
8688,435,15,2026-06-12 08:29:14.095409,3,0.18,Completed,2.46
8689,370,27,2026-06-12 09:56:39.099909,58,0.02,Pending,56.839999999999996
8690,246,17,2026-06-12 11:24:04.104410,33,0.25,Pending,24.75
8691,402,40,2026-06-12 12:51:29.108910,75,0.14,Completed,64.5
8692,110,2,2026-06-12 14:18:54.113411,45,0.3,Pending,31.499999999999996
8693,254,49,2026-06-12 15:46:19.117911,69,0.22,Completed,53.82
8694,88,50,2026-06-12 17:13:44.122412,32,0.3,Completed,22.4
8695,72,31,2026-06-12 18:41:09.126912,82,0.14,Completed,70.52
8696,381,37,2026-06-12 20:08:34.131413,84,0.04,Completed,80.64
8697,30,41,2026-06-12 21:35:59.135913,52,0.22,Pending,40.56
8698,172,41,2026-06-12 23:03:24.140414,64,0.23,Completed,49.28
8699,309,34,2026-06-13 00:30:49.144914,40,0.26,Completed,29.6
8700,394,34,2026-06-13 01:58:14.149414,92,0.09,Completed,83.72
8701,343,3,2026-06-13 03:25:39.153915,13,0.15,Pending,11.049999999999999
8702,436,17,2026-06-13 04:53:04.158415,90,0.26,Completed,66.6
8703,177,14,2026-06-13 06:20:29.162916,80,0.26,Completed,59.2
8704,139,14,2026-06-13 07:47:54.167416,89,0.01,Completed,88.11
8705,194,46,2026-06-13 09:15:19.171917,74,0.2,Completed,59.2
8706,186,38,2026-06-13 10:42:44.176417,29,0.18,Completed,23.78
8707,218,35,2026-06-13 12:10:09.180918,63,0.03,Completed,61.11
8708,164,1,2026-06-13 13:37:34.185418,84,0.28,Completed,60.48
8709,161,48,2026-06-13 15:04:59.189918,26,0.13,Cancelled,22.62
8710,431,29,2026-06-13 16:32:24.194419,96,0.2,Pending,76.80000000000001
8711,13,4,2026-06-13 17:59:49.198919,59,0.26,Pending,43.66
8712,296,33,2026-06-13 19:27:14.203420,49,0.04,Completed,47.04
8713,89,17,2026-06-13 20:54:39.207920,53,0.26,Completed,39.22
8714,324,28,2026-06-13 22:22:04.212421,88,0.22,Completed,68.64
8715,42,50,2026-06-13 23:49:29.216921,31,0.25,Completed,23.25
8716,403,26,2026-06-14 01:16:54.221422,12,0.15,Completed,10.2
8717,210,8,2026-06-14 02:44:19.225922,58,0.01,Completed,57.42
8718,229,34,2026-06-14 04:11:44.230423,36,0.2,Completed,28.8
8719,350,18,2026-06-14 05:39:09.234923,10,0.11,Completed,8.9
8720,275,31,2026-06-14 07:06:34.239423,6,0.12,Completed,5.28
8721,442,27,2026-06-14 08:33:59.243924,7,0.13,Completed,6.09
8722,279,16,2026-06-14 10:01:24.248424,31,0.15,Pending,26.349999999999998
8723,251,10,2026-06-14 11:28:49.252925,91,0.2,Completed,72.8
8724,310,40,2026-06-14 12:56:14.257425,72,0.22,Completed,56.160000000000004
8725,208,12,2026-06-14 14:23:39.261926,3,0.23,Completed,2.31
8726,321,22,2026-06-14 15:51:04.266426,47,0.2,Pending,37.6
8727,140,16,2026-06-14 17:18:29.270927,85,0.24,Completed,64.6
8728,280,12,2026-06-14 18:45:54.275427,1,0.04,Completed,0.96
8729,34,11,2026-06-14 20:13:19.279927,45,0.25,Completed,33.75
8730,309,20,2026-06-14 21:40:44.284428,54,0.12,Completed,47.52
8731,392,1,2026-06-14 23:08:09.288928,50,0.16,Completed,42.0
8732,18,27,2026-06-15 00:35:34.293429,79,0.13,Completed,68.73
8733,57,3,2026-06-15 02:02:59.297929,7,0.14,Completed,6.02
8734,112,12,2026-06-15 03:30:24.302430,63,0.09,Completed,57.330000000000005
8735,5,30,2026-06-15 04:57:49.306930,15,0.05,Completed,14.25
8736,410,9,2026-06-15 06:25:14.311431,89,0.03,Completed,86.33
8737,414,37,2026-06-15 07:52:39.315931,67,0.14,Completed,57.62
8738,182,1,2026-06-15 09:20:04.320432,30,0.04,Pending,28.799999999999997
8739,13,42,2026-06-15 10:47:29.324932,78,0.07,Cancelled,72.53999999999999
8740,339,49,2026-06-15 12:14:54.329432,68,0.04,Completed,65.28
8741,285,4,2026-06-15 13:42:19.333933,36,0.03,Completed,34.92
8742,259,15,2026-06-15 15:09:44.338433,67,0.26,Cancelled,49.58
8743,90,27,2026-06-15 16:37:09.342934,5,0.2,Completed,4.0
8744,104,8,2026-06-15 18:04:34.347434,25,0.28,Pending,18.0
8745,379,23,2026-06-15 19:31:59.351935,95,0.19,Completed,76.95
8746,186,15,2026-06-15 20:59:24.356435,11,0.25,Completed,8.25
8747,250,27,2026-06-15 22:26:49.360936,72,0.17,Pending,59.76
8748,255,31,2026-06-15 23:54:14.365436,90,0.14,Completed,77.4
8749,76,39,2026-06-16 01:21:39.369936,66,0.16,Completed,55.44
8750,386,47,2026-06-16 02:49:04.374437,28,0.1,Completed,25.2
8751,459,8,2026-06-16 04:16:29.378937,60,0.2,Pending,48.0
8752,108,30,2026-06-16 05:43:54.383438,10,0.27,Cancelled,7.3
8753,156,42,2026-06-16 07:11:19.387938,50,0.23,Completed,38.5
8754,82,18,2026-06-16 08:38:44.392439,39,0.14,Completed,33.54
8755,77,4,2026-06-16 10:06:09.396939,37,0.29,Completed,26.27
8756,485,47,2026-06-16 11:33:34.401440,63,0.3,Pending,44.099999999999994
8757,470,43,2026-06-16 13:00:59.405940,61,0.15,Completed,51.85
8758,460,22,2026-06-16 14:28:24.410441,85,0.26,Completed,62.9
8759,258,3,2026-06-16 15:55:49.414941,92,0.0,Pending,92.0
8760,127,15,2026-06-16 17:23:14.419441,38,0.02,Completed,37.24
8761,485,35,2026-06-16 18:50:39.423942,33,0.01,Pending,32.67
8762,391,47,2026-06-16 20:18:04.428442,75,0.23,Completed,57.75
8763,282,38,2026-06-16 21:45:29.432943,45,0.02,Completed,44.1
8764,474,33,2026-06-16 23:12:54.437443,44,0.01,Completed,43.56
8765,88,14,2026-06-17 00:40:19.441944,1,0.04,Completed,0.96
8766,204,48,2026-06-17 02:07:44.446444,53,0.09,Completed,48.230000000000004
8767,16,1,2026-06-17 03:35:09.450945,47,0.14,Completed,40.42
8768,151,49,2026-06-17 05:02:34.455445,33,0.02,Completed,32.339999999999996
8769,424,26,2026-06-17 06:29:59.459945,67,0.15,Completed,56.949999999999996
8770,254,8,2026-06-17 07:57:24.464446,90,0.07,Completed,83.69999999999999
8771,188,50,2026-06-17 09:24:49.468946,15,0.08,Pending,13.8
8772,329,16,2026-06-17 10:52:14.473447,14,0.25,Cancelled,10.5
8773,32,38,2026-06-17 12:19:39.477947,23,0.3,Completed,16.099999999999998
8774,271,10,2026-06-17 13:47:04.482448,54,0.14,Completed,46.44
8775,485,42,2026-06-17 15:14:29.486948,8,0.1,Pending,7.2
8776,397,37,2026-06-17 16:41:54.491449,54,0.28,Completed,38.879999999999995
8777,5,26,2026-06-17 18:09:19.495949,36,0.15,Cancelled,30.599999999999998
8778,459,28,2026-06-17 19:36:44.500450,84,0.22,Completed,65.52
8779,330,12,2026-06-17 21:04:09.504950,52,0.12,Completed,45.76
8780,308,20,2026-06-17 22:31:34.509450,6,0.06,Cancelled,5.64
8781,333,49,2026-06-17 23:58:59.513951,97,0.2,Completed,77.60000000000001
8782,169,14,2026-06-18 01:26:24.518451,28,0.2,Completed,22.400000000000002
8783,181,46,2026-06-18 02:53:49.522952,50,0.14,Completed,43.0
8784,366,35,2026-06-18 04:21:14.527452,38,0.08,Completed,34.96
8785,178,29,2026-06-18 05:48:39.531953,30,0.25,Completed,22.5
8786,143,12,2026-06-18 07:16:04.536453,81,0.08,Completed,74.52000000000001
8787,362,18,2026-06-18 08:43:29.540954,73,0.2,Completed,58.400000000000006
8788,248,44,2026-06-18 10:10:54.545454,92,0.12,Pending,80.96
8789,127,2,2026-06-18 11:38:19.549954,54,0.14,Completed,46.44
8790,263,2,2026-06-18 13:05:44.554455,71,0.06,Completed,66.74
8791,40,17,2026-06-18 14:33:09.558955,46,0.19,Completed,37.260000000000005
8792,412,10,2026-06-18 16:00:34.563456,28,0.07,Pending,26.04
8793,416,18,2026-06-18 17:27:59.567956,17,0.15,Completed,14.45
8794,355,22,2026-06-18 18:55:24.572457,48,0.1,Pending,43.2
8795,255,19,2026-06-18 20:22:49.576957,44,0.29,Completed,31.24
8796,143,1,2026-06-18 21:50:14.581458,60,0.29,Completed,42.599999999999994
8797,240,24,2026-06-18 23:17:39.585958,60,0.23,Completed,46.2
8798,228,36,2026-06-19 00:45:04.590459,5,0.3,Completed,3.5
8799,341,25,2026-06-19 02:12:29.594959,69,0.03,Completed,66.92999999999999
8800,198,36,2026-06-19 03:39:54.599459,78,0.3,Pending,54.599999999999994
8801,65,31,2026-06-19 05:07:19.603960,70,0.03,Completed,67.89999999999999
8802,388,31,2026-06-19 06:34:44.608460,7,0.12,Pending,6.16
8803,11,2,2026-06-19 08:02:09.612961,53,0.07,Completed,49.29
8804,108,19,2026-06-19 09:29:34.617461,17,0.29,Completed,12.07
8805,26,12,2026-06-19 10:56:59.621962,59,0.19,Completed,47.790000000000006
8806,445,10,2026-06-19 12:24:24.626462,9,0.18,Pending,7.380000000000001
8807,421,31,2026-06-19 13:51:49.630963,95,0.3,Completed,66.5
8808,151,45,2026-06-19 15:19:14.635463,22,0.18,Completed,18.040000000000003
8809,221,22,2026-06-19 16:46:39.639963,45,0.19,Completed,36.45
8810,341,23,2026-06-19 18:14:04.644464,73,0.01,Completed,72.27
8811,496,23,2026-06-19 19:41:29.648964,59,0.26,Pending,43.66
8812,237,15,2026-06-19 21:08:54.653465,80,0.29,Completed,56.8
8813,237,26,2026-06-19 22:36:19.657965,100,0.29,Completed,71.0
8814,497,3,2026-06-20 00:03:44.662466,98,0.07,Completed,91.14
8815,219,23,2026-06-20 01:31:09.666966,13,0.07,Pending,12.09
8816,487,20,2026-06-20 02:58:34.671467,83,0.11,Completed,73.87
8817,424,45,2026-06-20 04:25:59.675967,12,0.09,Completed,10.92
8818,461,40,2026-06-20 05:53:24.680468,36,0.09,Completed,32.76
8819,151,39,2026-06-20 07:20:49.684968,10,0.18,Completed,8.200000000000001
8820,123,8,2026-06-20 08:48:14.689468,16,0.24,Completed,12.16
8821,144,18,2026-06-20 10:15:39.693969,92,0.28,Completed,66.24
8822,478,41,2026-06-20 11:43:04.698469,19,0.02,Pending,18.62
8823,189,6,2026-06-20 13:10:29.702970,6,0.08,Completed,5.5200000000000005
8824,255,27,2026-06-20 14:37:54.707470,4,0.08,Completed,3.68
8825,68,36,2026-06-20 16:05:19.711971,30,0.11,Cancelled,26.7
8826,104,15,2026-06-20 17:32:44.716471,95,0.13,Completed,82.65
8827,336,37,2026-06-20 19:00:09.720972,46,0.12,Completed,40.48
8828,159,5,2026-06-20 20:27:34.725472,27,0.29,Cancelled,19.169999999999998
8829,309,39,2026-06-20 21:54:59.729972,45,0.13,Pending,39.15
8830,362,9,2026-06-20 23:22:24.734473,85,0.17,Completed,70.55
8831,409,7,2026-06-21 00:49:49.738973,37,0.22,Completed,28.86
8832,300,41,2026-06-21 02:17:14.743474,9,0.22,Completed,7.0200000000000005
8833,396,20,2026-06-21 03:44:39.747974,61,0.17,Completed,50.629999999999995
8834,90,10,2026-06-21 05:12:04.752475,35,0.26,Completed,25.9
8835,357,26,2026-06-21 06:39:29.756975,47,0.19,Pending,38.07
8836,256,4,2026-06-21 08:06:54.761476,21,0.26,Completed,15.54
8837,496,38,2026-06-21 09:34:19.765976,17,0.09,Completed,15.47
8838,353,24,2026-06-21 11:01:44.770477,55,0.04,Completed,52.8
8839,220,14,2026-06-21 12:29:09.774977,88,0.25,Completed,66.0
8840,9,41,2026-06-21 13:56:34.779477,95,0.11,Completed,84.55
8841,12,1,2026-06-21 15:23:59.783978,6,0.2,Completed,4.800000000000001
8842,325,17,2026-06-21 16:51:24.788478,35,0.22,Completed,27.3
8843,438,45,2026-06-21 18:18:49.792979,50,0.1,Completed,45.0
8844,244,24,2026-06-21 19:46:14.797479,37,0.15,Completed,31.45
8845,182,27,2026-06-21 21:13:39.801980,13,0.27,Completed,9.49
8846,284,7,2026-06-21 22:41:04.806480,25,0.26,Completed,18.5
8847,312,9,2026-06-22 00:08:29.810981,96,0.22,Completed,74.88
8848,99,43,2026-06-22 01:35:54.815481,1,0.23,Completed,0.77
8849,197,35,2026-06-22 03:03:19.819981,49,0.27,Completed,35.769999999999996
8850,482,12,2026-06-22 04:30:44.824482,35,0.22,Completed,27.3
8851,366,21,2026-06-22 05:58:09.828982,83,0.1,Completed,74.7
8852,226,3,2026-06-22 07:25:34.833483,53,0.04,Completed,50.879999999999995
8853,333,15,2026-06-22 08:52:59.837983,52,0.13,Completed,45.24
8854,103,21,2026-06-22 10:20:24.842484,54,0.03,Completed,52.379999999999995
8855,106,10,2026-06-22 11:47:49.846984,76,0.03,Completed,73.72
8856,365,33,2026-06-22 13:15:14.851485,47,0.29,Completed,33.37
8857,368,46,2026-06-22 14:42:39.855985,43,0.2,Completed,34.4
8858,58,6,2026-06-22 16:10:04.860486,20,0.26,Completed,14.8
8859,78,2,2026-06-22 17:37:29.864986,33,0.19,Pending,26.73
8860,75,29,2026-06-22 19:04:54.869486,93,0.13,Completed,80.91
8861,42,40,2026-06-22 20:32:19.873987,16,0.01,Completed,15.84
8862,422,33,2026-06-22 21:59:44.878487,78,0.29,Completed,55.379999999999995
8863,324,4,2026-06-22 23:27:09.882988,7,0.02,Completed,6.859999999999999
8864,181,4,2026-06-23 00:54:34.887488,70,0.18,Completed,57.400000000000006
8865,33,29,2026-06-23 02:21:59.891989,21,0.03,Pending,20.37
8866,71,37,2026-06-23 03:49:24.896489,36,0.09,Completed,32.76
8867,56,20,2026-06-23 05:16:49.900990,86,0.06,Completed,80.83999999999999
8868,105,41,2026-06-23 06:44:14.905490,54,0.17,Pending,44.82
8869,200,23,2026-06-23 08:11:39.909990,19,0.27,Completed,13.87
8870,101,45,2026-06-23 09:39:04.914491,25,0.19,Completed,20.25
8871,256,18,2026-06-23 11:06:29.918991,67,0.2,Completed,53.6
8872,307,49,2026-06-23 12:33:54.923492,100,0.27,Completed,73.0
8873,74,25,2026-06-23 14:01:19.927992,53,0.22,Completed,41.34
8874,171,1,2026-06-23 15:28:44.932493,98,0.26,Completed,72.52
8875,377,15,2026-06-23 16:56:09.936993,75,0.12,Completed,66.0
8876,143,34,2026-06-23 18:23:34.941494,48,0.26,Completed,35.519999999999996
8877,166,48,2026-06-23 19:50:59.945994,42,0.19,Completed,34.02
8878,399,20,2026-06-23 21:18:24.950495,47,0.04,Completed,45.12
8879,261,37,2026-06-23 22:45:49.954995,91,0.01,Pending,90.09
8880,221,27,2026-06-24 00:13:14.959495,42,0.07,Completed,39.059999999999995
8881,83,22,2026-06-24 01:40:39.963996,2,0.11,Completed,1.78
8882,182,5,2026-06-24 03:08:04.968496,6,0.25,Completed,4.5
8883,307,34,2026-06-24 04:35:29.972997,46,0.22,Completed,35.88
8884,10,39,2026-06-24 06:02:54.977497,66,0.29,Completed,46.86
8885,396,3,2026-06-24 07:30:19.981998,81,0.17,Completed,67.22999999999999
8886,4,17,2026-06-24 08:57:44.986498,40,0.22,Completed,31.200000000000003
8887,351,24,2026-06-24 10:25:09.990999,58,0.08,Completed,53.36
8888,402,24,2026-06-24 11:52:34.995499,78,0.2,Completed,62.400000000000006
8889,336,3,2026-06-24 13:20:00.000000,74,0.21,Completed,58.46
8890,488,45,2026-06-24 14:47:25.004500,33,0.25,Completed,24.75
8891,292,7,2026-06-24 16:14:50.009000,62,0.16,Pending,52.08
8892,281,25,2026-06-24 17:42:15.013501,12,0.19,Completed,9.72
8893,215,3,2026-06-24 19:09:40.018001,96,0.06,Completed,90.24
8894,460,15,2026-06-24 20:37:05.022502,49,0.22,Completed,38.22
8895,98,29,2026-06-24 22:04:30.027002,88,0.25,Completed,66.0
8896,420,50,2026-06-24 23:31:55.031503,78,0.18,Completed,63.96000000000001
8897,101,29,2026-06-25 00:59:20.036003,5,0.03,Completed,4.85
8898,451,10,2026-06-25 02:26:45.040504,51,0.09,Completed,46.410000000000004
8899,9,32,2026-06-25 03:54:10.045004,69,0.14,Completed,59.339999999999996
8900,61,23,2026-06-25 05:21:35.049504,32,0.2,Completed,25.6
8901,309,39,2026-06-25 06:49:00.054005,49,0.1,Completed,44.1
8902,146,9,2026-06-25 08:16:25.058505,97,0.25,Completed,72.75
8903,427,37,2026-06-25 09:43:50.063006,60,0.11,Completed,53.4
8904,419,40,2026-06-25 11:11:15.067506,46,0.01,Completed,45.54
8905,63,14,2026-06-25 12:38:40.072007,68,0.24,Completed,51.68
8906,121,4,2026-06-25 14:06:05.076507,94,0.19,Pending,76.14
8907,226,20,2026-06-25 15:33:30.081008,41,0.24,Completed,31.16
8908,105,28,2026-06-25 17:00:55.085508,81,0.1,Completed,72.9
8909,462,14,2026-06-25 18:28:20.090009,67,0.01,Completed,66.33
8910,260,44,2026-06-25 19:55:45.094509,13,0.02,Completed,12.74
8911,349,34,2026-06-25 21:23:10.099009,100,0.03,Pending,97.0
8912,425,13,2026-06-25 22:50:35.103510,18,0.24,Completed,13.68
8913,255,31,2026-06-26 00:18:00.108010,87,0.09,Completed,79.17
8914,429,33,2026-06-26 01:45:25.112511,99,0.3,Completed,69.3
8915,434,39,2026-06-26 03:12:50.117011,97,0.23,Pending,74.69
8916,207,28,2026-06-26 04:40:15.121512,51,0.18,Completed,41.82
8917,28,25,2026-06-26 06:07:40.126012,36,0.3,Completed,25.2
8918,170,32,2026-06-26 07:35:05.130513,81,0.09,Pending,73.71000000000001
8919,336,9,2026-06-26 09:02:30.135013,34,0.05,Pending,32.3
8920,76,28,2026-06-26 10:29:55.139513,12,0.22,Completed,9.36
8921,116,31,2026-06-26 11:57:20.144014,5,0.08,Completed,4.6000000000000005
8922,69,17,2026-06-26 13:24:45.148514,48,0.29,Completed,34.08
8923,354,23,2026-06-26 14:52:10.153015,91,0.3,Completed,63.699999999999996
8924,234,13,2026-06-26 16:19:35.157515,40,0.28,Completed,28.799999999999997
8925,1,10,2026-06-26 17:47:00.162016,13,0.28,Pending,9.36
8926,167,16,2026-06-26 19:14:25.166516,26,0.18,Completed,21.32
8927,352,6,2026-06-26 20:41:50.171017,14,0.21,Pending,11.06
8928,218,48,2026-06-26 22:09:15.175517,96,0.03,Completed,93.12
8929,273,11,2026-06-26 23:36:40.180018,11,0.23,Completed,8.47
8930,368,3,2026-06-27 01:04:05.184518,38,0.06,Completed,35.72
8931,251,28,2026-06-27 02:31:30.189018,80,0.25,Pending,60.0
8932,347,41,2026-06-27 03:58:55.193519,57,0.29,Completed,40.47
8933,344,15,2026-06-27 05:26:20.198019,22,0.06,Completed,20.68
8934,419,13,2026-06-27 06:53:45.202520,16,0.02,Completed,15.68
8935,174,42,2026-06-27 08:21:10.207020,77,0.15,Pending,65.45
8936,170,45,2026-06-27 09:48:35.211521,76,0.24,Completed,57.76
8937,246,17,2026-06-27 11:16:00.216021,82,0.23,Pending,63.14
8938,423,7,2026-06-27 12:43:25.220522,29,0.21,Completed,22.91
8939,90,28,2026-06-27 14:10:50.225022,82,0.25,Completed,61.5
8940,49,38,2026-06-27 15:38:15.229522,2,0.05,Pending,1.9
8941,446,13,2026-06-27 17:05:40.234023,54,0.2,Completed,43.2
8942,294,17,2026-06-27 18:33:05.238523,2,0.18,Completed,1.6400000000000001
8943,407,15,2026-06-27 20:00:30.243024,3,0.05,Completed,2.8499999999999996
8944,150,36,2026-06-27 21:27:55.247524,93,0.12,Completed,81.84
8945,132,28,2026-06-27 22:55:20.252025,56,0.26,Completed,41.44
8946,433,15,2026-06-28 00:22:45.256525,72,0.29,Completed,51.12
8947,59,46,2026-06-28 01:50:10.261026,11,0.2,Completed,8.8
8948,457,11,2026-06-28 03:17:35.265526,76,0.28,Completed,54.72
8949,324,31,2026-06-28 04:45:00.270027,32,0.04,Completed,30.72
8950,199,4,2026-06-28 06:12:25.274527,4,0.29,Completed,2.84
8951,215,35,2026-06-28 07:39:50.279027,9,0.01,Completed,8.91
8952,386,34,2026-06-28 09:07:15.283528,88,0.16,Completed,73.92
8953,49,27,2026-06-28 10:34:40.288028,56,0.09,Completed,50.96
8954,472,10,2026-06-28 12:02:05.292529,16,0.24,Completed,12.16
8955,232,30,2026-06-28 13:29:30.297029,81,0.07,Completed,75.33
8956,247,45,2026-06-28 14:56:55.301530,86,0.0,Completed,86.0
8957,382,20,2026-06-28 16:24:20.306030,71,0.12,Completed,62.48
8958,479,29,2026-06-28 17:51:45.310531,10,0.02,Completed,9.8
8959,239,29,2026-06-28 19:19:10.315031,93,0.09,Completed,84.63000000000001
8960,415,23,2026-06-28 20:46:35.319531,36,0.19,Completed,29.160000000000004
8961,367,50,2026-06-28 22:14:00.324032,24,0.09,Completed,21.84
8962,168,21,2026-06-28 23:41:25.328532,64,0.07,Completed,59.519999999999996
8963,48,48,2026-06-29 01:08:50.333033,56,0.05,Completed,53.199999999999996
8964,51,43,2026-06-29 02:36:15.337533,78,0.04,Completed,74.88
8965,299,10,2026-06-29 04:03:40.342034,78,0.16,Completed,65.52
8966,98,41,2026-06-29 05:31:05.346534,89,0.2,Completed,71.2
8967,439,12,2026-06-29 06:58:30.351035,22,0.14,Completed,18.919999999999998
8968,216,30,2026-06-29 08:25:55.355535,52,0.04,Completed,49.92
8969,177,33,2026-06-29 09:53:20.360036,50,0.19,Completed,40.5
8970,380,18,2026-06-29 11:20:45.364536,47,0.17,Completed,39.01
8971,474,14,2026-06-29 12:48:10.369036,23,0.11,Cancelled,20.47
8972,80,22,2026-06-29 14:15:35.373537,96,0.1,Completed,86.4
8973,185,21,2026-06-29 15:43:00.378037,90,0.05,Completed,85.5
8974,367,1,2026-06-29 17:10:25.382538,91,0.04,Completed,87.36
8975,461,49,2026-06-29 18:37:50.387038,76,0.1,Completed,68.4
8976,399,43,2026-06-29 20:05:15.391539,83,0.01,Completed,82.17
8977,27,15,2026-06-29 21:32:40.396039,19,0.13,Completed,16.53
8978,452,36,2026-06-29 23:00:05.400540,52,0.18,Completed,42.64
8979,464,47,2026-06-30 00:27:30.405040,34,0.28,Completed,24.48
8980,448,22,2026-06-30 01:54:55.409540,96,0.19,Pending,77.76
8981,478,32,2026-06-30 03:22:20.414041,29,0.19,Completed,23.490000000000002
8982,492,46,2026-06-30 04:49:45.418541,61,0.11,Completed,54.29
8983,414,33,2026-06-30 06:17:10.423042,85,0.04,Completed,81.6
8984,420,41,2026-06-30 07:44:35.427542,35,0.13,Completed,30.45
8985,195,39,2026-06-30 09:12:00.432043,5,0.18,Pending,4.1000000000000005
8986,214,23,2026-06-30 10:39:25.436543,76,0.22,Completed,59.28
8987,369,43,2026-06-30 12:06:50.441044,7,0.25,Pending,5.25
8988,342,2,2026-06-30 13:34:15.445544,41,0.08,Completed,37.72
8989,114,2,2026-06-30 15:01:40.450045,2,0.07,Completed,1.8599999999999999
8990,242,38,2026-06-30 16:29:05.454545,89,0.17,Completed,73.86999999999999
8991,124,29,2026-06-30 17:56:30.459045,10,0.17,Completed,8.299999999999999
8992,305,46,2026-06-30 19:23:55.463546,44,0.07,Completed,40.919999999999995
8993,76,3,2026-06-30 20:51:20.468046,70,0.18,Cancelled,57.400000000000006
8994,311,39,2026-06-30 22:18:45.472547,91,0.1,Completed,81.9
8995,469,7,2026-06-30 23:46:10.477047,35,0.19,Completed,28.35
8996,312,36,2026-07-01 01:13:35.481548,62,0.09,Pending,56.42
8997,196,29,2026-07-01 02:41:00.486048,74,0.18,Completed,60.68000000000001
8998,351,37,2026-07-01 04:08:25.490549,73,0.23,Cancelled,56.21
8999,44,49,2026-07-01 05:35:50.495049,20,0.29,Completed,14.2
9000,415,36,2026-07-01 07:03:15.499549,35,0.27,Completed,25.55
9001,186,23,2026-07-01 08:30:40.504050,37,0.15,Completed,31.45
9002,343,45,2026-07-01 09:58:05.508550,72,0.15,Completed,61.199999999999996
9003,246,16,2026-07-01 11:25:30.513051,54,0.13,Completed,46.98
9004,437,48,2026-07-01 12:52:55.517551,95,0.01,Completed,94.05
9005,84,31,2026-07-01 14:20:20.522052,80,0.05,Completed,76.0
9006,207,34,2026-07-01 15:47:45.526552,28,0.02,Completed,27.439999999999998
9007,151,50,2026-07-01 17:15:10.531053,70,0.21,Pending,55.300000000000004
9008,156,1,2026-07-01 18:42:35.535553,32,0.12,Completed,28.16
9009,16,18,2026-07-01 20:10:00.540054,92,0.02,Cancelled,90.16
9010,165,40,2026-07-01 21:37:25.544554,11,0.21,Completed,8.690000000000001
9011,405,43,2026-07-01 23:04:50.549054,42,0.19,Completed,34.02
9012,463,15,2026-07-02 00:32:15.553555,23,0.22,Completed,17.94
9013,145,48,2026-07-02 01:59:40.558055,30,0.18,Pending,24.6
9014,498,49,2026-07-02 03:27:05.562556,9,0.05,Completed,8.549999999999999
9015,37,17,2026-07-02 04:54:30.567056,92,0.02,Completed,90.16
9016,333,44,2026-07-02 06:21:55.571557,88,0.25,Pending,66.0
9017,403,10,2026-07-02 07:49:20.576057,59,0.06,Completed,55.459999999999994
9018,414,20,2026-07-02 09:16:45.580558,28,0.16,Pending,23.52
9019,45,6,2026-07-02 10:44:10.585058,88,0.15,Pending,74.8
9020,402,8,2026-07-02 12:11:35.589558,79,0.28,Pending,56.879999999999995
9021,206,45,2026-07-02 13:39:00.594059,33,0.17,Completed,27.389999999999997
9022,62,34,2026-07-02 15:06:25.598559,47,0.17,Completed,39.01
9023,420,32,2026-07-02 16:33:50.603060,98,0.1,Completed,88.2
9024,356,42,2026-07-02 18:01:15.607560,22,0.29,Completed,15.62
9025,468,4,2026-07-02 19:28:40.612061,29,0.18,Completed,23.78
9026,308,44,2026-07-02 20:56:05.616561,34,0.0,Completed,34.0
9027,19,50,2026-07-02 22:23:30.621062,42,0.17,Pending,34.86
9028,365,39,2026-07-02 23:50:55.625562,52,0.11,Completed,46.28
9029,300,20,2026-07-03 01:18:20.630063,47,0.01,Cancelled,46.53
9030,7,24,2026-07-03 02:45:45.634563,74,0.13,Completed,64.38
9031,249,24,2026-07-03 04:13:10.639063,51,0.23,Completed,39.27
9032,428,26,2026-07-03 05:40:35.643564,45,0.15,Completed,38.25
9033,117,25,2026-07-03 07:08:00.648064,94,0.19,Pending,76.14
9034,68,36,2026-07-03 08:35:25.652565,75,0.19,Completed,60.75000000000001
9035,34,7,2026-07-03 10:02:50.657065,34,0.2,Completed,27.200000000000003
9036,194,10,2026-07-03 11:30:15.661566,21,0.12,Completed,18.48
9037,325,47,2026-07-03 12:57:40.666066,13,0.11,Completed,11.57
9038,55,12,2026-07-03 14:25:05.670567,54,0.0,Completed,54.0
9039,266,1,2026-07-03 15:52:30.675067,25,0.05,Cancelled,23.75
9040,480,50,2026-07-03 17:19:55.679567,21,0.29,Completed,14.91
9041,42,25,2026-07-03 18:47:20.684068,1,0.25,Completed,0.75
9042,297,16,2026-07-03 20:14:45.688568,58,0.08,Completed,53.36
9043,461,5,2026-07-03 21:42:10.693069,69,0.12,Completed,60.72
9044,231,19,2026-07-03 23:09:35.697569,86,0.28,Cancelled,61.919999999999995
9045,453,4,2026-07-04 00:37:00.702070,71,0.08,Completed,65.32000000000001
9046,378,6,2026-07-04 02:04:25.706570,13,0.16,Pending,10.92
9047,394,26,2026-07-04 03:31:50.711071,52,0.01,Pending,51.48
9048,10,49,2026-07-04 04:59:15.715571,23,0.19,Pending,18.630000000000003
9049,358,39,2026-07-04 06:26:40.720072,21,0.28,Completed,15.12
9050,475,39,2026-07-04 07:54:05.724572,6,0.27,Pending,4.38
9051,444,9,2026-07-04 09:21:30.729072,20,0.15,Completed,17.0
9052,128,45,2026-07-04 10:48:55.733573,76,0.19,Completed,61.56
9053,179,14,2026-07-04 12:16:20.738073,40,0.17,Completed,33.199999999999996
9054,405,48,2026-07-04 13:43:45.742574,9,0.02,Completed,8.82
9055,392,9,2026-07-04 15:11:10.747074,50,0.05,Cancelled,47.5
9056,193,15,2026-07-04 16:38:35.751575,28,0.29,Completed,19.88
9057,92,37,2026-07-04 18:06:00.756075,11,0.08,Pending,10.120000000000001
9058,369,50,2026-07-04 19:33:25.760576,96,0.12,Completed,84.48
9059,231,20,2026-07-04 21:00:50.765076,75,0.15,Cancelled,63.75
9060,78,8,2026-07-04 22:28:15.769576,88,0.29,Completed,62.48
9061,85,32,2026-07-04 23:55:40.774077,56,0.21,Pending,44.24
9062,30,47,2026-07-05 01:23:05.778577,79,0.19,Pending,63.99
9063,213,21,2026-07-05 02:50:30.783078,35,0.16,Completed,29.4
9064,49,41,2026-07-05 04:17:55.787578,81,0.21,Completed,63.99
9065,265,19,2026-07-05 05:45:20.792079,25,0.2,Completed,20.0
9066,145,29,2026-07-05 07:12:45.796579,99,0.27,Completed,72.27
9067,69,31,2026-07-05 08:40:10.801080,19,0.16,Completed,15.959999999999999
9068,58,6,2026-07-05 10:07:35.805580,31,0.13,Pending,26.97
9069,185,4,2026-07-05 11:35:00.810081,81,0.24,Completed,61.56
9070,62,43,2026-07-05 13:02:25.814581,50,0.24,Completed,38.0
9071,479,29,2026-07-05 14:29:50.819081,87,0.05,Completed,82.64999999999999
9072,308,42,2026-07-05 15:57:15.823582,63,0.07,Completed,58.589999999999996
9073,445,3,2026-07-05 17:24:40.828082,47,0.29,Completed,33.37
9074,296,1,2026-07-05 18:52:05.832583,1,0.13,Completed,0.87
9075,166,44,2026-07-05 20:19:30.837083,58,0.16,Completed,48.72
9076,171,15,2026-07-05 21:46:55.841584,10,0.09,Completed,9.1
9077,63,47,2026-07-05 23:14:20.846084,8,0.14,Completed,6.88
9078,147,21,2026-07-06 00:41:45.850585,26,0.22,Completed,20.28
9079,484,46,2026-07-06 02:09:10.855085,34,0.14,Cancelled,29.24
9080,306,31,2026-07-06 03:36:35.859585,19,0.09,Completed,17.29
9081,161,7,2026-07-06 05:04:00.864086,78,0.03,Cancelled,75.66
9082,141,17,2026-07-06 06:31:25.868586,72,0.28,Completed,51.839999999999996
9083,334,19,2026-07-06 07:58:50.873087,1,0.26,Completed,0.74
9084,97,39,2026-07-06 09:26:15.877587,48,0.24,Completed,36.480000000000004
9085,446,3,2026-07-06 10:53:40.882088,25,0.21,Completed,19.75
9086,221,30,2026-07-06 12:21:05.886588,24,0.15,Completed,20.4
9087,43,35,2026-07-06 13:48:30.891089,47,0.27,Pending,34.31
9088,433,29,2026-07-06 15:15:55.895589,84,0.24,Cancelled,63.84
9089,292,50,2026-07-06 16:43:20.900090,94,0.24,Cancelled,71.44
9090,378,14,2026-07-06 18:10:45.904590,69,0.09,Completed,62.79
9091,108,35,2026-07-06 19:38:10.909090,67,0.13,Completed,58.29
9092,266,28,2026-07-06 21:05:35.913591,32,0.21,Completed,25.28
9093,95,30,2026-07-06 22:33:00.918091,17,0.11,Completed,15.13
9094,262,26,2026-07-07 00:00:25.922592,61,0.15,Completed,51.85
9095,313,7,2026-07-07 01:27:50.927092,69,0.19,Completed,55.89
9096,385,39,2026-07-07 02:55:15.931593,11,0.13,Pending,9.57
9097,71,31,2026-07-07 04:22:40.936093,38,0.24,Completed,28.88
9098,442,5,2026-07-07 05:50:05.940594,68,0.03,Pending,65.96
9099,219,35,2026-07-07 07:17:30.945094,19,0.22,Cancelled,14.82
9100,21,50,2026-07-07 08:44:55.949594,87,0.04,Completed,83.52
9101,92,47,2026-07-07 10:12:20.954095,17,0.28,Pending,12.24
9102,127,14,2026-07-07 11:39:45.958595,13,0.09,Completed,11.83
9103,80,36,2026-07-07 13:07:10.963096,91,0.24,Completed,69.16
9104,312,27,2026-07-07 14:34:35.967596,1,0.16,Completed,0.84
9105,238,24,2026-07-07 16:02:00.972097,2,0.03,Completed,1.94
9106,471,40,2026-07-07 17:29:25.976597,82,0.17,Completed,68.06
9107,372,29,2026-07-07 18:56:50.981098,100,0.27,Completed,73.0
9108,404,45,2026-07-07 20:24:15.985598,97,0.05,Pending,92.14999999999999
9109,486,22,2026-07-07 21:51:40.990099,100,0.1,Pending,90.0
9110,182,8,2026-07-07 23:19:05.994599,66,0.13,Completed,57.42
9111,25,15,2026-07-08 00:46:30.999099,68,0.08,Completed,62.56
9112,156,49,2026-07-08 02:13:56.003600,16,0.28,Completed,11.52
9113,5,5,2026-07-08 03:41:21.008100,4,0.11,Completed,3.56
9114,120,4,2026-07-08 05:08:46.012601,57,0.2,Completed,45.6
9115,277,11,2026-07-08 06:36:11.017101,73,0.07,Completed,67.89
9116,18,18,2026-07-08 08:03:36.021602,85,0.07,Completed,79.05
9117,431,42,2026-07-08 09:31:01.026102,23,0.05,Completed,21.849999999999998
9118,198,49,2026-07-08 10:58:26.030603,2,0.13,Completed,1.74
9119,57,30,2026-07-08 12:25:51.035103,67,0.16,Completed,56.28
9120,93,15,2026-07-08 13:53:16.039603,87,0.0,Completed,87.0
9121,19,6,2026-07-08 15:20:41.044104,26,0.25,Completed,19.5
9122,384,16,2026-07-08 16:48:06.048604,7,0.15,Completed,5.95
9123,353,47,2026-07-08 18:15:31.053105,100,0.05,Completed,95.0
9124,193,40,2026-07-08 19:42:56.057605,44,0.02,Completed,43.12
9125,237,9,2026-07-08 21:10:21.062106,33,0.02,Completed,32.339999999999996
9126,387,43,2026-07-08 22:37:46.066606,64,0.08,Completed,58.88
9127,426,34,2026-07-09 00:05:11.071107,36,0.15,Completed,30.599999999999998
9128,277,27,2026-07-09 01:32:36.075607,4,0.26,Completed,2.96
9129,227,13,2026-07-09 03:00:01.080108,23,0.27,Completed,16.79
9130,233,36,2026-07-09 04:27:26.084608,25,0.25,Completed,18.75
9131,40,27,2026-07-09 05:54:51.089108,90,0.1,Completed,81.0
9132,323,9,2026-07-09 07:22:16.093609,92,0.09,Completed,83.72
9133,153,5,2026-07-09 08:49:41.098109,92,0.3,Completed,64.39999999999999
9134,127,22,2026-07-09 10:17:06.102610,85,0.2,Completed,68.0
9135,237,31,2026-07-09 11:44:31.107110,74,0.09,Pending,67.34
9136,486,3,2026-07-09 13:11:56.111611,27,0.1,Completed,24.3
9137,493,30,2026-07-09 14:39:21.116111,51,0.13,Completed,44.37
9138,55,21,2026-07-09 16:06:46.120612,79,0.19,Completed,63.99
9139,468,35,2026-07-09 17:34:11.125112,81,0.27,Completed,59.129999999999995
9140,436,6,2026-07-09 19:01:36.129612,99,0.06,Completed,93.05999999999999
9141,172,28,2026-07-09 20:29:01.134113,69,0.03,Cancelled,66.92999999999999
9142,109,32,2026-07-09 21:56:26.138613,80,0.12,Completed,70.4
9143,354,42,2026-07-09 23:23:51.143114,23,0.07,Completed,21.389999999999997
9144,469,37,2026-07-10 00:51:16.147614,9,0.17,Completed,7.47
9145,184,25,2026-07-10 02:18:41.152115,33,0.21,Completed,26.07
9146,439,32,2026-07-10 03:46:06.156615,35,0.09,Completed,31.85
9147,368,35,2026-07-10 05:13:31.161116,50,0.21,Completed,39.5
9148,471,22,2026-07-10 06:40:56.165616,24,0.1,Completed,21.6
9149,198,24,2026-07-10 08:08:21.170117,88,0.19,Completed,71.28
9150,371,39,2026-07-10 09:35:46.174617,24,0.19,Completed,19.44
9151,373,30,2026-07-10 11:03:11.179117,19,0.08,Completed,17.48
9152,461,50,2026-07-10 12:30:36.183618,39,0.19,Completed,31.590000000000003
9153,497,32,2026-07-10 13:58:01.188118,61,0.11,Completed,54.29
9154,87,31,2026-07-10 15:25:26.192619,25,0.1,Completed,22.5
9155,201,23,2026-07-10 16:52:51.197119,95,0.09,Completed,86.45
9156,337,40,2026-07-10 18:20:16.201620,25,0.1,Completed,22.5
9157,322,33,2026-07-10 19:47:41.206120,27,0.24,Completed,20.52
9158,275,25,2026-07-10 21:15:06.210621,32,0.07,Pending,29.759999999999998
9159,211,36,2026-07-10 22:42:31.215121,11,0.2,Completed,8.8
9160,391,24,2026-07-11 00:09:56.219621,69,0.27,Completed,50.37
9161,118,31,2026-07-11 01:37:21.224122,33,0.11,Pending,29.37
9162,191,39,2026-07-11 03:04:46.228622,19,0.01,Pending,18.81
9163,42,46,2026-07-11 04:32:11.233123,16,0.01,Completed,15.84
9164,42,13,2026-07-11 05:59:36.237623,99,0.04,Completed,95.03999999999999
9165,315,10,2026-07-11 07:27:01.242124,11,0.03,Completed,10.67
9166,276,23,2026-07-11 08:54:26.246624,75,0.22,Completed,58.5
9167,329,18,2026-07-11 10:21:51.251125,74,0.09,Pending,67.34
9168,17,32,2026-07-11 11:49:16.255625,98,0.2,Pending,78.4
9169,283,33,2026-07-11 13:16:41.260126,69,0.01,Completed,68.31
9170,431,36,2026-07-11 14:44:06.264626,87,0.09,Completed,79.17
9171,258,28,2026-07-11 16:11:31.269126,55,0.07,Completed,51.15
9172,63,16,2026-07-11 17:38:56.273627,25,0.08,Completed,23.0
9173,62,16,2026-07-11 19:06:21.278127,93,0.06,Completed,87.42
9174,100,18,2026-07-11 20:33:46.282628,77,0.19,Completed,62.370000000000005
9175,19,8,2026-07-11 22:01:11.287128,96,0.2,Completed,76.80000000000001
9176,17,42,2026-07-11 23:28:36.291629,34,0.04,Completed,32.64
9177,325,16,2026-07-12 00:56:01.296129,12,0.22,Pending,9.36
9178,423,11,2026-07-12 02:23:26.300630,88,0.08,Completed,80.96000000000001
9179,466,6,2026-07-12 03:50:51.305130,21,0.08,Completed,19.32
9180,373,1,2026-07-12 05:18:16.309630,29,0.25,Completed,21.75
9181,246,12,2026-07-12 06:45:41.314131,51,0.27,Completed,37.23
9182,251,38,2026-07-12 08:13:06.318631,23,0.25,Completed,17.25
9183,455,28,2026-07-12 09:40:31.323132,33,0.04,Completed,31.68
9184,81,45,2026-07-12 11:07:56.327632,8,0.3,Cancelled,5.6
9185,39,17,2026-07-12 12:35:21.332133,42,0.2,Completed,33.6
9186,36,1,2026-07-12 14:02:46.336633,77,0.15,Completed,65.45
9187,424,32,2026-07-12 15:30:11.341134,69,0.29,Completed,48.989999999999995
9188,429,8,2026-07-12 16:57:36.345634,41,0.25,Pending,30.75
9189,388,40,2026-07-12 18:25:01.350135,74,0.21,Completed,58.46
9190,486,43,2026-07-12 19:52:26.354635,63,0.25,Completed,47.25
9191,409,46,2026-07-12 21:19:51.359135,14,0.12,Completed,12.32
9192,197,24,2026-07-12 22:47:16.363636,88,0.21,Completed,69.52000000000001
9193,158,10,2026-07-13 00:14:41.368136,62,0.06,Completed,58.279999999999994
9194,204,47,2026-07-13 01:42:06.372637,75,0.3,Completed,52.5
9195,196,39,2026-07-13 03:09:31.377137,46,0.18,Completed,37.720000000000006
9196,216,39,2026-07-13 04:36:56.381638,67,0.24,Completed,50.92
9197,285,10,2026-07-13 06:04:21.386138,93,0.12,Completed,81.84
9198,457,36,2026-07-13 07:31:46.390639,53,0.23,Cancelled,40.81
9199,196,25,2026-07-13 08:59:11.395139,52,0.12,Pending,45.76
9200,307,50,2026-07-13 10:26:36.399639,94,0.18,Completed,77.08000000000001
9201,152,10,2026-07-13 11:54:01.404140,7,0.23,Pending,5.390000000000001
9202,14,19,2026-07-13 13:21:26.408640,81,0.03,Completed,78.57
9203,325,46,2026-07-13 14:48:51.413141,84,0.11,Completed,74.76
9204,146,45,2026-07-13 16:16:16.417641,54,0.16,Completed,45.36
9205,426,15,2026-07-13 17:43:41.422142,11,0.1,Pending,9.9
9206,57,16,2026-07-13 19:11:06.426642,25,0.09,Completed,22.75
9207,211,2,2026-07-13 20:38:31.431143,59,0.08,Completed,54.28
9208,268,29,2026-07-13 22:05:56.435643,88,0.07,Pending,81.83999999999999
9209,210,4,2026-07-13 23:33:21.440144,66,0.25,Completed,49.5
9210,17,50,2026-07-14 01:00:46.444644,27,0.28,Completed,19.439999999999998
9211,286,29,2026-07-14 02:28:11.449144,83,0.21,Completed,65.57000000000001
9212,344,31,2026-07-14 03:55:36.453645,58,0.01,Completed,57.42
9213,203,17,2026-07-14 05:23:01.458145,93,0.24,Completed,70.68
9214,99,10,2026-07-14 06:50:26.462646,11,0.16,Completed,9.24
9215,279,27,2026-07-14 08:17:51.467146,55,0.23,Completed,42.35
9216,209,41,2026-07-14 09:45:16.471647,19,0.13,Completed,16.53
9217,129,15,2026-07-14 11:12:41.476147,92,0.01,Completed,91.08
9218,335,44,2026-07-14 12:40:06.480648,39,0.2,Completed,31.200000000000003
9219,288,31,2026-07-14 14:07:31.485148,85,0.13,Completed,73.95
9220,252,21,2026-07-14 15:34:56.489648,90,0.26,Completed,66.6
9221,265,41,2026-07-14 17:02:21.494149,86,0.22,Completed,67.08
9222,271,46,2026-07-14 18:29:46.498649,70,0.11,Completed,62.300000000000004
9223,412,45,2026-07-14 19:57:11.503150,11,0.22,Pending,8.58
9224,408,26,2026-07-14 21:24:36.507650,14,0.15,Pending,11.9
9225,188,38,2026-07-14 22:52:01.512151,60,0.06,Completed,56.4
9226,419,36,2026-07-15 00:19:26.516651,36,0.13,Pending,31.32
9227,214,17,2026-07-15 01:46:51.521152,41,0.07,Completed,38.129999999999995
9228,283,3,2026-07-15 03:14:16.525652,2,0.0,Completed,2.0
9229,211,14,2026-07-15 04:41:41.530153,57,0.07,Completed,53.01
9230,365,49,2026-07-15 06:09:06.534653,60,0.06,Completed,56.4
9231,76,13,2026-07-15 07:36:31.539153,20,0.0,Completed,20.0
9232,148,41,2026-07-15 09:03:56.543654,22,0.24,Completed,16.72
9233,321,27,2026-07-15 10:31:21.548154,4,0.02,Completed,3.92
9234,213,1,2026-07-15 11:58:46.552655,56,0.13,Completed,48.72
9235,433,17,2026-07-15 13:26:11.557155,93,0.13,Completed,80.91
9236,109,48,2026-07-15 14:53:36.561656,58,0.05,Completed,55.099999999999994
9237,129,50,2026-07-15 16:21:01.566156,88,0.29,Completed,62.48
9238,10,34,2026-07-15 17:48:26.570657,65,0.18,Completed,53.300000000000004
9239,47,14,2026-07-15 19:15:51.575157,88,0.24,Pending,66.88
9240,379,17,2026-07-15 20:43:16.579657,58,0.15,Completed,49.3
9241,315,3,2026-07-15 22:10:41.584158,30,0.22,Completed,23.400000000000002
9242,96,34,2026-07-15 23:38:06.588658,76,0.29,Completed,53.959999999999994
9243,446,40,2026-07-16 01:05:31.593159,19,0.1,Cancelled,17.1
9244,103,25,2026-07-16 02:32:56.597659,62,0.15,Completed,52.699999999999996
9245,380,2,2026-07-16 04:00:21.602160,68,0.15,Completed,57.8
9246,342,34,2026-07-16 05:27:46.606660,79,0.3,Completed,55.3
9247,146,26,2026-07-16 06:55:11.611161,84,0.07,Completed,78.11999999999999
9248,368,31,2026-07-16 08:22:36.615661,44,0.2,Cancelled,35.2
9249,430,9,2026-07-16 09:50:01.620162,84,0.04,Completed,80.64
9250,416,30,2026-07-16 11:17:26.624662,61,0.28,Cancelled,43.92
9251,27,20,2026-07-16 12:44:51.629162,21,0.18,Completed,17.220000000000002
9252,220,21,2026-07-16 14:12:16.633663,10,0.26,Completed,7.4
9253,18,29,2026-07-16 15:39:41.638163,30,0.27,Pending,21.9
9254,167,25,2026-07-16 17:07:06.642664,24,0.17,Completed,19.919999999999998
9255,433,38,2026-07-16 18:34:31.647164,48,0.2,Completed,38.400000000000006
9256,477,44,2026-07-16 20:01:56.651665,55,0.21,Completed,43.45
9257,82,25,2026-07-16 21:29:21.656165,52,0.14,Completed,44.72
9258,428,9,2026-07-16 22:56:46.660666,38,0.13,Completed,33.06
9259,72,39,2026-07-17 00:24:11.665166,67,0.06,Completed,62.98
9260,310,44,2026-07-17 01:51:36.669666,93,0.12,Completed,81.84
9261,479,26,2026-07-17 03:19:01.674167,8,0.3,Completed,5.6
9262,254,37,2026-07-17 04:46:26.678667,29,0.08,Completed,26.68
9263,162,16,2026-07-17 06:13:51.683168,10,0.23,Pending,7.7
9264,327,37,2026-07-17 07:41:16.687668,69,0.02,Completed,67.62
9265,420,12,2026-07-17 09:08:41.692169,75,0.14,Completed,64.5
9266,402,24,2026-07-17 10:36:06.696669,68,0.02,Completed,66.64
9267,38,26,2026-07-17 12:03:31.701170,49,0.14,Completed,42.14
9268,443,20,2026-07-17 13:30:56.705670,58,0.01,Completed,57.42
9269,393,9,2026-07-17 14:58:21.710171,35,0.18,Completed,28.700000000000003
9270,201,23,2026-07-17 16:25:46.714671,50,0.18,Completed,41.0
9271,494,39,2026-07-17 17:53:11.719171,40,0.24,Pending,30.4
9272,200,29,2026-07-17 19:20:36.723672,12,0.17,Completed,9.959999999999999
9273,255,31,2026-07-17 20:48:01.728172,85,0.28,Completed,61.199999999999996
9274,179,19,2026-07-17 22:15:26.732673,16,0.23,Cancelled,12.32
9275,35,20,2026-07-17 23:42:51.737173,78,0.04,Completed,74.88
9276,82,23,2026-07-18 01:10:16.741674,85,0.08,Completed,78.2
9277,389,43,2026-07-18 02:37:41.746174,48,0.01,Completed,47.519999999999996
9278,398,27,2026-07-18 04:05:06.750675,91,0.12,Pending,80.08
9279,220,30,2026-07-18 05:32:31.755175,100,0.15,Completed,85.0
9280,158,21,2026-07-18 06:59:56.759675,1,0.28,Completed,0.72
9281,4,44,2026-07-18 08:27:21.764176,65,0.16,Completed,54.6
9282,167,35,2026-07-18 09:54:46.768676,22,0.23,Completed,16.94
9283,468,49,2026-07-18 11:22:11.773177,15,0.08,Pending,13.8
9284,448,7,2026-07-18 12:49:36.777677,84,0.05,Pending,79.8
9285,409,22,2026-07-18 14:17:01.782178,67,0.24,Completed,50.92
9286,412,10,2026-07-18 15:44:26.786678,14,0.07,Completed,13.02
9287,204,23,2026-07-18 17:11:51.791179,73,0.26,Completed,54.019999999999996
9288,194,15,2026-07-18 18:39:16.795679,19,0.05,Completed,18.05
9289,235,30,2026-07-18 20:06:41.800180,40,0.26,Completed,29.6
9290,206,34,2026-07-18 21:34:06.804680,98,0.23,Completed,75.46000000000001
9291,150,13,2026-07-18 23:01:31.809180,4,0.18,Completed,3.2800000000000002
9292,159,4,2026-07-19 00:28:56.813681,33,0.26,Completed,24.419999999999998
9293,279,18,2026-07-19 01:56:21.818181,43,0.1,Completed,38.7
9294,304,23,2026-07-19 03:23:46.822682,37,0.05,Pending,35.15
9295,404,33,2026-07-19 04:51:11.827182,66,0.05,Completed,62.699999999999996
9296,381,34,2026-07-19 06:18:36.831683,27,0.08,Completed,24.84
9297,166,34,2026-07-19 07:46:01.836183,45,0.13,Completed,39.15
9298,311,36,2026-07-19 09:13:26.840684,81,0.26,Completed,59.94
9299,68,35,2026-07-19 10:40:51.845184,50,0.03,Completed,48.5
9300,463,17,2026-07-19 12:08:16.849684,95,0.27,Completed,69.35
9301,88,28,2026-07-19 13:35:41.854185,63,0.28,Completed,45.36
9302,217,14,2026-07-19 15:03:06.858685,6,0.22,Completed,4.68
9303,1,34,2026-07-19 16:30:31.863186,95,0.27,Completed,69.35
9304,135,48,2026-07-19 17:57:56.867686,67,0.23,Completed,51.59
9305,185,11,2026-07-19 19:25:21.872187,67,0.16,Completed,56.28
9306,351,13,2026-07-19 20:52:46.876687,97,0.18,Pending,79.54
9307,140,33,2026-07-19 22:20:11.881188,59,0.19,Completed,47.790000000000006
9308,106,2,2026-07-19 23:47:36.885688,13,0.04,Completed,12.48
9309,133,34,2026-07-20 01:15:01.890189,21,0.06,Completed,19.74
9310,108,29,2026-07-20 02:42:26.894689,64,0.16,Completed,53.76
9311,178,37,2026-07-20 04:09:51.899189,37,0.03,Completed,35.89
9312,298,4,2026-07-20 05:37:16.903690,80,0.29,Completed,56.8
9313,358,12,2026-07-20 07:04:41.908190,85,0.15,Completed,72.25
9314,380,26,2026-07-20 08:32:06.912691,48,0.11,Completed,42.72
9315,396,28,2026-07-20 09:59:31.917191,56,0.05,Pending,53.199999999999996
9316,359,3,2026-07-20 11:26:56.921692,44,0.12,Completed,38.72
9317,146,20,2026-07-20 12:54:21.926192,13,0.09,Pending,11.83
9318,450,10,2026-07-20 14:21:46.930693,4,0.03,Completed,3.88
9319,74,18,2026-07-20 15:49:11.935193,95,0.29,Completed,67.45
9320,463,27,2026-07-20 17:16:36.939693,73,0.08,Completed,67.16
9321,478,31,2026-07-20 18:44:01.944194,33,0.21,Completed,26.07
9322,108,27,2026-07-20 20:11:26.948694,37,0.03,Cancelled,35.89
9323,122,42,2026-07-20 21:38:51.953195,53,0.27,Completed,38.69
9324,17,1,2026-07-20 23:06:16.957695,24,0.18,Pending,19.68
9325,196,6,2026-07-21 00:33:41.962196,89,0.2,Completed,71.2
9326,327,11,2026-07-21 02:01:06.966696,51,0.23,Pending,39.27
9327,318,34,2026-07-21 03:28:31.971197,41,0.18,Completed,33.620000000000005
9328,297,39,2026-07-21 04:55:56.975697,29,0.02,Completed,28.419999999999998
9329,479,20,2026-07-21 06:23:21.980198,59,0.13,Completed,51.33
9330,499,21,2026-07-21 07:50:46.984698,40,0.08,Completed,36.800000000000004
9331,252,21,2026-07-21 09:18:11.989198,51,0.15,Completed,43.35
9332,487,18,2026-07-21 10:45:36.993699,50,0.12,Completed,44.0
9333,119,21,2026-07-21 12:13:01.998199,36,0.25,Pending,27.0
9334,162,19,2026-07-21 13:40:27.002700,79,0.07,Completed,73.47
9335,198,4,2026-07-21 15:07:52.007200,60,0.06,Cancelled,56.4
9336,498,13,2026-07-21 16:35:17.011701,18,0.29,Pending,12.78
9337,486,18,2026-07-21 18:02:42.016201,20,0.28,Completed,14.399999999999999
9338,45,29,2026-07-21 19:30:07.020702,5,0.3,Completed,3.5
9339,314,25,2026-07-21 20:57:32.025202,18,0.17,Completed,14.94
9340,179,13,2026-07-21 22:24:57.029702,40,0.03,Completed,38.8
9341,382,27,2026-07-21 23:52:22.034203,1,0.26,Pending,0.74
9342,418,19,2026-07-22 01:19:47.038703,19,0.04,Completed,18.24
9343,44,49,2026-07-22 02:47:12.043204,87,0.05,Completed,82.64999999999999
9344,271,1,2026-07-22 04:14:37.047704,26,0.06,Completed,24.439999999999998
9345,78,38,2026-07-22 05:42:02.052205,29,0.2,Completed,23.200000000000003
9346,326,19,2026-07-22 07:09:27.056705,59,0.03,Completed,57.23
9347,178,1,2026-07-22 08:36:52.061206,63,0.23,Completed,48.51
9348,357,40,2026-07-22 10:04:17.065706,98,0.02,Cancelled,96.03999999999999
9349,498,17,2026-07-22 11:31:42.070207,83,0.03,Completed,80.50999999999999
9350,416,21,2026-07-22 12:59:07.074707,62,0.13,Completed,53.94
9351,451,22,2026-07-22 14:26:32.079207,48,0.11,Pending,42.72
9352,3,15,2026-07-22 15:53:57.083708,62,0.3,Completed,43.4
9353,214,50,2026-07-22 17:21:22.088208,18,0.29,Completed,12.78
9354,342,39,2026-07-22 18:48:47.092709,66,0.06,Completed,62.04
9355,74,48,2026-07-22 20:16:12.097209,27,0.28,Completed,19.439999999999998
9356,51,39,2026-07-22 21:43:37.101710,6,0.21,Completed,4.74
9357,67,32,2026-07-22 23:11:02.106210,70,0.12,Completed,61.6
9358,332,49,2026-07-23 00:38:27.110711,59,0.22,Completed,46.02
9359,93,4,2026-07-23 02:05:52.115211,6,0.27,Completed,4.38
9360,176,44,2026-07-23 03:33:17.119711,31,0.05,Completed,29.45
9361,145,45,2026-07-23 05:00:42.124212,94,0.06,Completed,88.36
9362,7,32,2026-07-23 06:28:07.128712,56,0.12,Cancelled,49.28
9363,269,4,2026-07-23 07:55:32.133213,54,0.05,Pending,51.3
9364,376,1,2026-07-23 09:22:57.137713,85,0.11,Completed,75.65
9365,322,33,2026-07-23 10:50:22.142214,41,0.19,Completed,33.21
9366,4,7,2026-07-23 12:17:47.146714,18,0.24,Completed,13.68
9367,138,9,2026-07-23 13:45:12.151215,87,0.09,Completed,79.17
9368,231,1,2026-07-23 15:12:37.155715,23,0.08,Completed,21.16
9369,88,16,2026-07-23 16:40:02.160216,92,0.23,Completed,70.84
9370,17,18,2026-07-23 18:07:27.164716,36,0.11,Completed,32.04
9371,52,47,2026-07-23 19:34:52.169216,25,0.25,Cancelled,18.75
9372,134,6,2026-07-23 21:02:17.173717,7,0.3,Completed,4.8999999999999995
9373,211,2,2026-07-23 22:29:42.178217,82,0.29,Completed,58.22
9374,325,9,2026-07-23 23:57:07.182718,20,0.2,Completed,16.0
9375,480,4,2026-07-24 01:24:32.187218,5,0.11,Completed,4.45
9376,458,45,2026-07-24 02:51:57.191719,18,0.02,Completed,17.64
9377,393,23,2026-07-24 04:19:22.196219,33,0.22,Completed,25.740000000000002
9378,219,43,2026-07-24 05:46:47.200720,79,0.29,Completed,56.089999999999996
9379,205,45,2026-07-24 07:14:12.205220,35,0.02,Completed,34.3
9380,211,43,2026-07-24 08:41:37.209720,65,0.0,Pending,65.0
9381,277,8,2026-07-24 10:09:02.214221,63,0.25,Cancelled,47.25
9382,24,39,2026-07-24 11:36:27.218721,85,0.03,Pending,82.45
9383,486,25,2026-07-24 13:03:52.223222,72,0.02,Completed,70.56
9384,4,16,2026-07-24 14:31:17.227722,71,0.27,Completed,51.83
9385,152,35,2026-07-24 15:58:42.232223,41,0.02,Completed,40.18
9386,443,17,2026-07-24 17:26:07.236723,50,0.03,Completed,48.5
9387,483,18,2026-07-24 18:53:32.241224,30,0.17,Completed,24.9
9388,259,27,2026-07-24 20:20:57.245724,38,0.23,Completed,29.26
9389,324,15,2026-07-24 21:48:22.250225,35,0.12,Completed,30.8
9390,357,17,2026-07-24 23:15:47.254725,66,0.13,Completed,57.42
9391,168,43,2026-07-25 00:43:12.259225,46,0.19,Completed,37.260000000000005
9392,176,5,2026-07-25 02:10:37.263726,8,0.15,Completed,6.8
9393,310,16,2026-07-25 03:38:02.268226,68,0.01,Pending,67.32
9394,291,15,2026-07-25 05:05:27.272727,37,0.03,Cancelled,35.89
9395,479,42,2026-07-25 06:32:52.277227,85,0.17,Completed,70.55
9396,56,46,2026-07-25 08:00:17.281728,13,0.24,Pending,9.88
9397,108,34,2026-07-25 09:27:42.286228,73,0.23,Completed,56.21
9398,473,48,2026-07-25 10:55:07.290729,45,0.22,Completed,35.1
9399,296,19,2026-07-25 12:22:32.295229,29,0.23,Pending,22.330000000000002
9400,461,8,2026-07-25 13:49:57.299729,41,0.01,Completed,40.589999999999996
9401,324,47,2026-07-25 15:17:22.304230,56,0.27,Pending,40.879999999999995
9402,302,10,2026-07-25 16:44:47.308730,88,0.27,Completed,64.24
9403,334,5,2026-07-25 18:12:12.313231,16,0.16,Completed,13.44
9404,141,48,2026-07-25 19:39:37.317731,12,0.07,Completed,11.16
9405,155,26,2026-07-25 21:07:02.322232,66,0.18,Completed,54.120000000000005
9406,262,22,2026-07-25 22:34:27.326732,62,0.17,Completed,51.46
9407,273,44,2026-07-26 00:01:52.331233,19,0.07,Completed,17.669999999999998
9408,420,23,2026-07-26 01:29:17.335733,30,0.18,Completed,24.6
9409,232,13,2026-07-26 02:56:42.340234,16,0.24,Completed,12.16
9410,241,9,2026-07-26 04:24:07.344734,88,0.24,Completed,66.88
9411,355,49,2026-07-26 05:51:32.349234,13,0.02,Completed,12.74
9412,337,20,2026-07-26 07:18:57.353735,69,0.06,Completed,64.86
9413,489,28,2026-07-26 08:46:22.358235,23,0.2,Completed,18.400000000000002
9414,258,44,2026-07-26 10:13:47.362736,62,0.26,Completed,45.88
9415,249,37,2026-07-26 11:41:12.367236,31,0.16,Completed,26.04
9416,77,24,2026-07-26 13:08:37.371737,53,0.21,Completed,41.870000000000005
9417,180,44,2026-07-26 14:36:02.376237,17,0.01,Pending,16.83
9418,66,33,2026-07-26 16:03:27.380738,49,0.18,Completed,40.18
9419,308,20,2026-07-26 17:30:52.385238,49,0.29,Completed,34.79
9420,348,48,2026-07-26 18:58:17.389738,67,0.2,Completed,53.6
9421,171,30,2026-07-26 20:25:42.394239,26,0.28,Completed,18.72
9422,474,44,2026-07-26 21:53:07.398739,13,0.17,Completed,10.79
9423,22,9,2026-07-26 23:20:32.403240,38,0.25,Completed,28.5
9424,367,45,2026-07-27 00:47:57.407740,22,0.04,Completed,21.119999999999997
9425,107,49,2026-07-27 02:15:22.412241,85,0.04,Completed,81.6
9426,439,17,2026-07-27 03:42:47.416741,29,0.04,Completed,27.84
9427,323,36,2026-07-27 05:10:12.421242,45,0.15,Completed,38.25
9428,227,14,2026-07-27 06:37:37.425742,46,0.1,Completed,41.4
9429,444,19,2026-07-27 08:05:02.430243,39,0.22,Completed,30.42
9430,442,7,2026-07-27 09:32:27.434743,69,0.27,Completed,50.37
9431,396,3,2026-07-27 10:59:52.439243,78,0.19,Pending,63.18000000000001
9432,216,33,2026-07-27 12:27:17.443744,82,0.06,Completed,77.08
9433,69,44,2026-07-27 13:54:42.448244,68,0.28,Cancelled,48.96
9434,84,32,2026-07-27 15:22:07.452745,97,0.16,Completed,81.48
9435,103,47,2026-07-27 16:49:32.457245,39,0.22,Completed,30.42
9436,39,11,2026-07-27 18:16:57.461746,20,0.27,Pending,14.6
9437,13,42,2026-07-27 19:44:22.466246,77,0.3,Completed,53.9
9438,297,2,2026-07-27 21:11:47.470747,100,0.15,Completed,85.0
9439,313,26,2026-07-27 22:39:12.475247,68,0.24,Completed,51.68
9440,181,4,2026-07-28 00:06:37.479747,35,0.17,Completed,29.049999999999997
9441,493,17,2026-07-28 01:34:02.484248,8,0.15,Completed,6.8
9442,268,17,2026-07-28 03:01:27.488748,52,0.16,Pending,43.68
9443,13,28,2026-07-28 04:28:52.493249,40,0.15,Completed,34.0
9444,120,30,2026-07-28 05:56:17.497749,36,0.13,Completed,31.32
9445,458,40,2026-07-28 07:23:42.502250,6,0.22,Completed,4.68
9446,353,23,2026-07-28 08:51:07.506750,86,0.07,Completed,79.97999999999999
9447,57,46,2026-07-28 10:18:32.511251,70,0.18,Pending,57.400000000000006
9448,40,24,2026-07-28 11:45:57.515751,100,0.21,Completed,79.0
9449,374,29,2026-07-28 13:13:22.520252,73,0.27,Completed,53.29
9450,336,4,2026-07-28 14:40:47.524752,16,0.1,Completed,14.4
9451,128,38,2026-07-28 16:08:12.529252,46,0.26,Completed,34.04
9452,173,29,2026-07-28 17:35:37.533753,59,0.28,Pending,42.48
9453,35,19,2026-07-28 19:03:02.538253,38,0.19,Completed,30.78
9454,259,27,2026-07-28 20:30:27.542754,97,0.23,Completed,74.69
9455,376,29,2026-07-28 21:57:52.547254,18,0.12,Pending,15.84
9456,5,36,2026-07-28 23:25:17.551755,12,0.29,Completed,8.52
9457,218,35,2026-07-29 00:52:42.556255,54,0.2,Completed,43.2
9458,11,6,2026-07-29 02:20:07.560756,91,0.09,Completed,82.81
9459,382,23,2026-07-29 03:47:32.565256,47,0.12,Completed,41.36
9460,327,39,2026-07-29 05:14:57.569756,1,0.19,Completed,0.81
9461,117,46,2026-07-29 06:42:22.574257,15,0.07,Cancelled,13.95
9462,184,44,2026-07-29 08:09:47.578757,91,0.23,Completed,70.07000000000001
9463,394,48,2026-07-29 09:37:12.583258,80,0.07,Completed,74.39999999999999
9464,362,8,2026-07-29 11:04:37.587758,21,0.18,Completed,17.220000000000002
9465,116,2,2026-07-29 12:32:02.592259,1,0.21,Completed,0.79
9466,162,13,2026-07-29 13:59:27.596759,93,0.26,Completed,68.82
9467,67,40,2026-07-29 15:26:52.601260,67,0.22,Completed,52.260000000000005
9468,200,21,2026-07-29 16:54:17.605760,12,0.24,Completed,9.120000000000001
9469,31,31,2026-07-29 18:21:42.610261,28,0.27,Pending,20.439999999999998
9470,75,48,2026-07-29 19:49:07.614761,39,0.18,Completed,31.980000000000004
9471,237,36,2026-07-29 21:16:32.619261,37,0.25,Completed,27.75
9472,327,48,2026-07-29 22:43:57.623762,95,0.07,Completed,88.35
9473,493,38,2026-07-30 00:11:22.628262,60,0.24,Pending,45.6
9474,66,27,2026-07-30 01:38:47.632763,31,0.07,Completed,28.83
9475,70,36,2026-07-30 03:06:12.637263,58,0.28,Completed,41.76
9476,297,48,2026-07-30 04:33:37.641764,97,0.1,Completed,87.3
9477,447,23,2026-07-30 06:01:02.646264,97,0.05,Completed,92.14999999999999
9478,416,21,2026-07-30 07:28:27.650765,11,0.04,Pending,10.559999999999999
9479,20,13,2026-07-30 08:55:52.655265,29,0.06,Pending,27.259999999999998
9480,441,37,2026-07-30 10:23:17.659765,89,0.13,Completed,77.42999999999999
9481,226,47,2026-07-30 11:50:42.664266,13,0.16,Pending,10.92
9482,434,26,2026-07-30 13:18:07.668766,51,0.27,Completed,37.23
9483,464,40,2026-07-30 14:45:32.673267,54,0.11,Completed,48.06
9484,409,7,2026-07-30 16:12:57.677767,19,0.07,Completed,17.669999999999998
9485,396,46,2026-07-30 17:40:22.682268,58,0.22,Completed,45.24
9486,199,39,2026-07-30 19:07:47.686768,36,0.04,Pending,34.56
9487,39,22,2026-07-30 20:35:12.691269,28,0.27,Completed,20.439999999999998
9488,145,39,2026-07-30 22:02:37.695769,68,0.12,Completed,59.84
9489,45,23,2026-07-30 23:30:02.700270,3,0.18,Pending,2.46
9490,395,30,2026-07-31 00:57:27.704770,89,0.06,Completed,83.66
9491,326,18,2026-07-31 02:24:52.709270,41,0.04,Completed,39.36
9492,381,42,2026-07-31 03:52:17.713771,35,0.24,Completed,26.6
9493,407,18,2026-07-31 05:19:42.718271,93,0.13,Pending,80.91
9494,91,46,2026-07-31 06:47:07.722772,93,0.3,Completed,65.1
9495,238,10,2026-07-31 08:14:32.727272,76,0.16,Pending,63.839999999999996
9496,70,39,2026-07-31 09:41:57.731773,99,0.25,Completed,74.25
9497,166,30,2026-07-31 11:09:22.736273,84,0.29,Completed,59.64
9498,130,26,2026-07-31 12:36:47.740774,81,0.08,Cancelled,74.52000000000001
9499,214,7,2026-07-31 14:04:12.745274,76,0.24,Completed,57.76
9500,340,7,2026-07-31 15:31:37.749774,50,0.01,Completed,49.5
9501,89,5,2026-07-31 16:59:02.754275,100,0.2,Pending,80.0
9502,335,1,2026-07-31 18:26:27.758775,74,0.22,Completed,57.72
9503,252,46,2026-07-31 19:53:52.763276,82,0.14,Completed,70.52
9504,369,18,2026-07-31 21:21:17.767776,30,0.05,Completed,28.5
9505,349,13,2026-07-31 22:48:42.772277,72,0.19,Completed,58.32000000000001
9506,72,25,2026-08-01 00:16:07.776777,77,0.27,Completed,56.21
9507,165,40,2026-08-01 01:43:32.781278,95,0.28,Completed,68.39999999999999
9508,49,8,2026-08-01 03:10:57.785778,70,0.22,Pending,54.6
9509,52,10,2026-08-01 04:38:22.790279,54,0.08,Completed,49.68
9510,289,32,2026-08-01 06:05:47.794779,71,0.26,Completed,52.54
9511,278,17,2026-08-01 07:33:12.799279,85,0.27,Completed,62.05
9512,114,38,2026-08-01 09:00:37.803780,51,0.11,Completed,45.39
9513,239,15,2026-08-01 10:28:02.808280,28,0.05,Completed,26.599999999999998
9514,133,15,2026-08-01 11:55:27.812781,64,0.26,Completed,47.36
9515,487,48,2026-08-01 13:22:52.817281,85,0.27,Completed,62.05
9516,274,40,2026-08-01 14:50:17.821782,21,0.03,Pending,20.37
9517,166,20,2026-08-01 16:17:42.826282,88,0.29,Completed,62.48
9518,374,15,2026-08-01 17:45:07.830783,27,0.16,Completed,22.68
9519,373,35,2026-08-01 19:12:32.835283,27,0.3,Completed,18.9
9520,293,6,2026-08-01 20:39:57.839783,77,0.13,Pending,66.99
9521,478,30,2026-08-01 22:07:22.844284,50,0.16,Cancelled,42.0
9522,243,8,2026-08-01 23:34:47.848784,29,0.08,Completed,26.68
9523,479,31,2026-08-02 01:02:12.853285,39,0.27,Completed,28.47
9524,320,48,2026-08-02 02:29:37.857785,57,0.13,Completed,49.589999999999996
9525,138,47,2026-08-02 03:57:02.862286,92,0.24,Completed,69.92
9526,79,32,2026-08-02 05:24:27.866786,37,0.02,Completed,36.26
9527,170,45,2026-08-02 06:51:52.871287,93,0.24,Pending,70.68
9528,123,15,2026-08-02 08:19:17.875787,64,0.15,Completed,54.4
9529,176,18,2026-08-02 09:46:42.880288,48,0.0,Completed,48.0
9530,300,13,2026-08-02 11:14:07.884788,22,0.07,Completed,20.459999999999997
9531,82,24,2026-08-02 12:41:32.889288,100,0.06,Completed,94.0
9532,87,40,2026-08-02 14:08:57.893789,30,0.23,Completed,23.1
9533,225,14,2026-08-02 15:36:22.898289,28,0.14,Completed,24.08
9534,16,28,2026-08-02 17:03:47.902790,23,0.05,Completed,21.849999999999998
9535,310,11,2026-08-02 18:31:12.907290,97,0.08,Cancelled,89.24000000000001
9536,358,6,2026-08-02 19:58:37.911791,4,0.15,Completed,3.4
9537,163,25,2026-08-02 21:26:02.916291,3,0.01,Completed,2.9699999999999998
9538,98,1,2026-08-02 22:53:27.920792,61,0.13,Pending,53.07
9539,156,25,2026-08-03 00:20:52.925292,96,0.2,Completed,76.80000000000001
9540,2,2,2026-08-03 01:48:17.929792,4,0.16,Pending,3.36
9541,350,32,2026-08-03 03:15:42.934293,65,0.18,Cancelled,53.300000000000004
9542,397,13,2026-08-03 04:43:07.938793,12,0.1,Completed,10.8
9543,169,33,2026-08-03 06:10:32.943294,13,0.05,Cancelled,12.35
9544,464,32,2026-08-03 07:37:57.947794,34,0.24,Completed,25.84
9545,315,24,2026-08-03 09:05:22.952295,59,0.27,Completed,43.07
9546,325,27,2026-08-03 10:32:47.956795,93,0.15,Completed,79.05
9547,375,4,2026-08-03 12:00:12.961296,73,0.09,Cancelled,66.43
9548,92,24,2026-08-03 13:27:37.965796,31,0.15,Completed,26.349999999999998
9549,181,23,2026-08-03 14:55:02.970297,71,0.26,Completed,52.54
9550,231,29,2026-08-03 16:22:27.974797,13,0.21,Completed,10.27
9551,301,34,2026-08-03 17:49:52.979297,54,0.26,Completed,39.96
9552,148,21,2026-08-03 19:17:17.983798,2,0.1,Pending,1.8
9553,280,30,2026-08-03 20:44:42.988298,33,0.21,Completed,26.07
9554,189,26,2026-08-03 22:12:07.992799,50,0.2,Completed,40.0
9555,347,20,2026-08-03 23:39:32.997299,7,0.17,Completed,5.81
9556,350,16,2026-08-04 01:06:58.001800,18,0.16,Completed,15.12
9557,314,3,2026-08-04 02:34:23.006300,51,0.17,Completed,42.33
9558,493,49,2026-08-04 04:01:48.010801,8,0.25,Completed,6.0
9559,411,37,2026-08-04 05:29:13.015301,55,0.27,Completed,40.15
9560,410,40,2026-08-04 06:56:38.019801,76,0.03,Completed,73.72
9561,128,44,2026-08-04 08:24:03.024302,43,0.17,Completed,35.69
9562,7,25,2026-08-04 09:51:28.028802,59,0.28,Completed,42.48
9563,426,23,2026-08-04 11:18:53.033303,30,0.04,Pending,28.799999999999997
9564,47,44,2026-08-04 12:46:18.037803,59,0.12,Completed,51.92
9565,53,1,2026-08-04 14:13:43.042304,9,0.03,Completed,8.73
9566,187,33,2026-08-04 15:41:08.046804,92,0.03,Completed,89.24
9567,38,15,2026-08-04 17:08:33.051305,68,0.27,Completed,49.64
9568,453,17,2026-08-04 18:35:58.055805,39,0.13,Completed,33.93
9569,471,34,2026-08-04 20:03:23.060306,81,0.21,Completed,63.99
9570,476,17,2026-08-04 21:30:48.064806,11,0.04,Completed,10.559999999999999
9571,226,41,2026-08-04 22:58:13.069306,2,0.01,Completed,1.98
9572,53,44,2026-08-05 00:25:38.073807,23,0.27,Completed,16.79
9573,399,4,2026-08-05 01:53:03.078307,63,0.17,Pending,52.29
9574,224,13,2026-08-05 03:20:28.082808,22,0.01,Completed,21.78
9575,154,4,2026-08-05 04:47:53.087308,61,0.3,Pending,42.699999999999996
9576,48,7,2026-08-05 06:15:18.091809,26,0.15,Completed,22.099999999999998
9577,351,46,2026-08-05 07:42:43.096309,12,0.14,Completed,10.32
9578,147,9,2026-08-05 09:10:08.100810,32,0.19,Completed,25.92
9579,393,23,2026-08-05 10:37:33.105310,9,0.0,Completed,9.0
9580,64,33,2026-08-05 12:04:58.109810,69,0.17,Pending,57.269999999999996
9581,349,33,2026-08-05 13:32:23.114311,90,0.19,Completed,72.9
9582,182,20,2026-08-05 14:59:48.118811,71,0.09,Completed,64.61
9583,125,4,2026-08-05 16:27:13.123312,93,0.22,Cancelled,72.54
9584,179,1,2026-08-05 17:54:38.127812,33,0.11,Completed,29.37
9585,39,42,2026-08-05 19:22:03.132313,24,0.22,Completed,18.72
9586,260,34,2026-08-05 20:49:28.136813,89,0.04,Completed,85.44
9587,382,27,2026-08-05 22:16:53.141314,95,0.27,Completed,69.35
9588,3,21,2026-08-05 23:44:18.145814,93,0.26,Pending,68.82
9589,64,24,2026-08-06 01:11:43.150315,69,0.05,Completed,65.55
9590,29,15,2026-08-06 02:39:08.154815,38,0.28,Completed,27.36
9591,372,35,2026-08-06 04:06:33.159315,11,0.17,Completed,9.129999999999999
9592,11,25,2026-08-06 05:33:58.163816,32,0.21,Completed,25.28
9593,97,9,2026-08-06 07:01:23.168316,64,0.25,Completed,48.0
9594,358,17,2026-08-06 08:28:48.172817,72,0.03,Completed,69.84
9595,442,21,2026-08-06 09:56:13.177317,20,0.05,Completed,19.0
9596,203,13,2026-08-06 11:23:38.181818,34,0.09,Completed,30.94
9597,411,3,2026-08-06 12:51:03.186318,42,0.14,Completed,36.12
9598,481,4,2026-08-06 14:18:28.190819,8,0.1,Completed,7.2
9599,21,4,2026-08-06 15:45:53.195319,66,0.15,Completed,56.1
9600,39,43,2026-08-06 17:13:18.199819,21,0.06,Completed,19.74
9601,223,28,2026-08-06 18:40:43.204320,79,0.2,Completed,63.2
9602,102,7,2026-08-06 20:08:08.208820,70,0.02,Completed,68.6
9603,46,26,2026-08-06 21:35:33.213321,5,0.11,Completed,4.45
9604,66,11,2026-08-06 23:02:58.217821,67,0.05,Completed,63.65
9605,91,24,2026-08-07 00:30:23.222322,43,0.22,Completed,33.54
9606,164,43,2026-08-07 01:57:48.226822,16,0.27,Completed,11.68
9607,459,10,2026-08-07 03:25:13.231323,99,0.02,Completed,97.02
9608,111,37,2026-08-07 04:52:38.235823,73,0.24,Completed,55.480000000000004
9609,338,13,2026-08-07 06:20:03.240324,35,0.27,Completed,25.55
9610,123,44,2026-08-07 07:47:28.244824,83,0.29,Completed,58.93
9611,193,42,2026-08-07 09:14:53.249324,43,0.17,Completed,35.69
9612,447,39,2026-08-07 10:42:18.253825,98,0.1,Completed,88.2
9613,99,19,2026-08-07 12:09:43.258325,39,0.1,Pending,35.1
9614,291,19,2026-08-07 13:37:08.262826,10,0.11,Completed,8.9
9615,159,12,2026-08-07 15:04:33.267326,74,0.18,Completed,60.68000000000001
9616,412,22,2026-08-07 16:31:58.271827,20,0.15,Completed,17.0
9617,103,47,2026-08-07 17:59:23.276327,1,0.2,Completed,0.8
9618,385,37,2026-08-07 19:26:48.280828,6,0.01,Completed,5.9399999999999995
9619,281,30,2026-08-07 20:54:13.285328,53,0.03,Completed,51.41
9620,43,46,2026-08-07 22:21:38.289828,46,0.29,Completed,32.66
9621,486,12,2026-08-07 23:49:03.294329,66,0.3,Completed,46.199999999999996
9622,84,29,2026-08-08 01:16:28.298829,38,0.22,Completed,29.64
9623,451,21,2026-08-08 02:43:53.303330,33,0.08,Completed,30.360000000000003
9624,191,11,2026-08-08 04:11:18.307830,67,0.29,Completed,47.57
9625,51,37,2026-08-08 05:38:43.312331,100,0.06,Pending,94.0
9626,386,48,2026-08-08 07:06:08.316831,77,0.22,Completed,60.06
9627,210,18,2026-08-08 08:33:33.321332,35,0.03,Completed,33.949999999999996
9628,126,44,2026-08-08 10:00:58.325832,79,0.19,Completed,63.99
9629,492,27,2026-08-08 11:28:23.330333,45,0.23,Completed,34.65
9630,448,37,2026-08-08 12:55:48.334833,22,0.26,Completed,16.28
9631,458,48,2026-08-08 14:23:13.339333,68,0.22,Pending,53.04
9632,69,12,2026-08-08 15:50:38.343834,17,0.28,Completed,12.24
9633,265,23,2026-08-08 17:18:03.348334,5,0.16,Completed,4.2
9634,258,34,2026-08-08 18:45:28.352835,85,0.2,Pending,68.0
9635,418,38,2026-08-08 20:12:53.357335,57,0.11,Pending,50.730000000000004
9636,188,23,2026-08-08 21:40:18.361836,88,0.0,Cancelled,88.0
9637,230,25,2026-08-08 23:07:43.366336,95,0.23,Completed,73.15
9638,189,4,2026-08-09 00:35:08.370837,40,0.26,Completed,29.6
9639,415,30,2026-08-09 02:02:33.375337,30,0.05,Pending,28.5
9640,10,30,2026-08-09 03:29:58.379837,42,0.01,Pending,41.58
9641,114,13,2026-08-09 04:57:23.384338,7,0.05,Completed,6.6499999999999995
9642,76,42,2026-08-09 06:24:48.388838,71,0.27,Completed,51.83
9643,164,49,2026-08-09 07:52:13.393339,91,0.09,Completed,82.81
9644,85,14,2026-08-09 09:19:38.397839,88,0.07,Completed,81.83999999999999
9645,49,47,2026-08-09 10:47:03.402340,19,0.0,Completed,19.0
9646,495,8,2026-08-09 12:14:28.406840,41,0.09,Completed,37.31
9647,326,24,2026-08-09 13:41:53.411341,34,0.21,Completed,26.86
9648,496,18,2026-08-09 15:09:18.415841,22,0.29,Completed,15.62
9649,177,35,2026-08-09 16:36:43.420342,52,0.09,Completed,47.32
9650,387,25,2026-08-09 18:04:08.424842,91,0.07,Completed,84.63
9651,458,17,2026-08-09 19:31:33.429342,6,0.27,Pending,4.38
9652,389,32,2026-08-09 20:58:58.433843,74,0.26,Completed,54.76
9653,494,24,2026-08-09 22:26:23.438343,95,0.1,Completed,85.5
9654,218,7,2026-08-09 23:53:48.442844,25,0.02,Completed,24.5
9655,189,13,2026-08-10 01:21:13.447344,66,0.3,Completed,46.199999999999996
9656,469,27,2026-08-10 02:48:38.451845,10,0.2,Pending,8.0
9657,493,48,2026-08-10 04:16:03.456345,74,0.28,Completed,53.28
9658,346,5,2026-08-10 05:43:28.460846,26,0.1,Completed,23.400000000000002
9659,230,36,2026-08-10 07:10:53.465346,5,0.19,Completed,4.050000000000001
9660,255,26,2026-08-10 08:38:18.469846,86,0.2,Completed,68.8
9661,236,42,2026-08-10 10:05:43.474347,68,0.26,Pending,50.32
9662,26,45,2026-08-10 11:33:08.478847,98,0.3,Completed,68.6
9663,72,31,2026-08-10 13:00:33.483348,71,0.03,Completed,68.87
9664,261,10,2026-08-10 14:27:58.487848,50,0.19,Completed,40.5
9665,254,46,2026-08-10 15:55:23.492349,17,0.1,Cancelled,15.3
9666,271,26,2026-08-10 17:22:48.496849,11,0.24,Completed,8.36
9667,123,22,2026-08-10 18:50:13.501350,53,0.23,Completed,40.81
9668,144,12,2026-08-10 20:17:38.505850,50,0.27,Completed,36.5
9669,257,32,2026-08-10 21:45:03.510351,8,0.1,Pending,7.2
9670,144,27,2026-08-10 23:12:28.514851,92,0.06,Completed,86.47999999999999
9671,421,33,2026-08-11 00:39:53.519351,97,0.01,Completed,96.03
9672,259,20,2026-08-11 02:07:18.523852,62,0.08,Completed,57.04
9673,436,39,2026-08-11 03:34:43.528352,89,0.11,Completed,79.21000000000001
9674,47,41,2026-08-11 05:02:08.532853,85,0.28,Completed,61.199999999999996
9675,351,40,2026-08-11 06:29:33.537353,76,0.15,Completed,64.6
9676,13,13,2026-08-11 07:56:58.541854,90,0.17,Completed,74.7
9677,376,14,2026-08-11 09:24:23.546354,29,0.26,Completed,21.46
9678,208,44,2026-08-11 10:51:48.550855,99,0.27,Pending,72.27
9679,311,40,2026-08-11 12:19:13.555355,44,0.16,Completed,36.96
9680,235,22,2026-08-11 13:46:38.559855,45,0.03,Completed,43.65
9681,149,18,2026-08-11 15:14:03.564356,29,0.08,Completed,26.68
9682,322,48,2026-08-11 16:41:28.568856,88,0.14,Completed,75.67999999999999
9683,438,29,2026-08-11 18:08:53.573357,59,0.23,Completed,45.43
9684,155,43,2026-08-11 19:36:18.577857,15,0.21,Completed,11.850000000000001
9685,166,16,2026-08-11 21:03:43.582358,70,0.19,Completed,56.7
9686,90,46,2026-08-11 22:31:08.586858,96,0.26,Completed,71.03999999999999
9687,186,35,2026-08-11 23:58:33.591359,44,0.24,Cancelled,33.44
9688,318,34,2026-08-12 01:25:58.595859,98,0.29,Completed,69.58
9689,358,3,2026-08-12 02:53:23.600360,36,0.27,Pending,26.28
9690,174,4,2026-08-12 04:20:48.604860,84,0.06,Pending,78.96
9691,217,5,2026-08-12 05:48:13.609360,57,0.02,Completed,55.86
9692,395,10,2026-08-12 07:15:38.613861,64,0.12,Completed,56.32
9693,456,29,2026-08-12 08:43:03.618361,76,0.19,Completed,61.56
9694,264,32,2026-08-12 10:10:28.622862,99,0.19,Pending,80.19000000000001
9695,97,31,2026-08-12 11:37:53.627362,38,0.08,Completed,34.96
9696,117,2,2026-08-12 13:05:18.631863,17,0.26,Completed,12.58
9697,199,12,2026-08-12 14:32:43.636363,27,0.1,Completed,24.3
9698,320,27,2026-08-12 16:00:08.640864,17,0.28,Completed,12.24
9699,486,5,2026-08-12 17:27:33.645364,63,0.14,Completed,54.18
9700,21,37,2026-08-12 18:54:58.649864,11,0.0,Completed,11.0
9701,200,27,2026-08-12 20:22:23.654365,64,0.05,Completed,60.8
9702,371,23,2026-08-12 21:49:48.658865,39,0.03,Pending,37.83
9703,447,33,2026-08-12 23:17:13.663366,2,0.01,Completed,1.98
9704,341,4,2026-08-13 00:44:38.667866,66,0.21,Completed,52.14
9705,448,21,2026-08-13 02:12:03.672367,54,0.06,Completed,50.76
9706,248,24,2026-08-13 03:39:28.676867,29,0.25,Pending,21.75
9707,276,44,2026-08-13 05:06:53.681368,45,0.08,Completed,41.4
9708,264,31,2026-08-13 06:34:18.685868,88,0.01,Completed,87.12
9709,58,44,2026-08-13 08:01:43.690369,88,0.25,Completed,66.0
9710,302,48,2026-08-13 09:29:08.694869,80,0.14,Completed,68.8
9711,31,24,2026-08-13 10:56:33.699369,31,0.18,Completed,25.42
9712,498,49,2026-08-13 12:23:58.703870,49,0.1,Completed,44.1
9713,249,10,2026-08-13 13:51:23.708370,9,0.01,Completed,8.91
9714,93,49,2026-08-13 15:18:48.712871,27,0.11,Completed,24.03
9715,496,49,2026-08-13 16:46:13.717371,56,0.16,Completed,47.04
9716,265,50,2026-08-13 18:13:38.721872,78,0.0,Completed,78.0
9717,271,2,2026-08-13 19:41:03.726372,45,0.17,Pending,37.35
9718,94,31,2026-08-13 21:08:28.730873,89,0.27,Completed,64.97
9719,154,25,2026-08-13 22:35:53.735373,43,0.07,Completed,39.989999999999995
9720,394,4,2026-08-14 00:03:18.739873,22,0.28,Completed,15.84
9721,285,11,2026-08-14 01:30:43.744374,99,0.03,Completed,96.03
9722,80,17,2026-08-14 02:58:08.748874,33,0.25,Completed,24.75
9723,292,44,2026-08-14 04:25:33.753375,27,0.25,Completed,20.25
9724,84,2,2026-08-14 05:52:58.757875,40,0.08,Completed,36.800000000000004
9725,365,6,2026-08-14 07:20:23.762376,26,0.29,Cancelled,18.46
9726,374,9,2026-08-14 08:47:48.766876,83,0.12,Pending,73.04
9727,37,5,2026-08-14 10:15:13.771377,45,0.04,Completed,43.199999999999996
9728,342,20,2026-08-14 11:42:38.775877,45,0.18,Completed,36.900000000000006
9729,327,29,2026-08-14 13:10:03.780378,26,0.3,Completed,18.2
9730,407,21,2026-08-14 14:37:28.784878,70,0.27,Completed,51.1
9731,425,9,2026-08-14 16:04:53.789378,67,0.08,Completed,61.64
9732,232,28,2026-08-14 17:32:18.793879,6,0.17,Completed,4.9799999999999995
9733,93,8,2026-08-14 18:59:43.798379,28,0.03,Pending,27.16
9734,336,31,2026-08-14 20:27:08.802880,67,0.14,Completed,57.62
9735,102,20,2026-08-14 21:54:33.807380,13,0.16,Completed,10.92
9736,412,27,2026-08-14 23:21:58.811881,63,0.09,Completed,57.330000000000005
9737,432,8,2026-08-15 00:49:23.816381,13,0.15,Completed,11.049999999999999
9738,166,21,2026-08-15 02:16:48.820882,77,0.28,Completed,55.44
9739,159,28,2026-08-15 03:44:13.825382,1,0.15,Cancelled,0.85
9740,14,23,2026-08-15 05:11:38.829882,40,0.25,Completed,30.0
9741,373,6,2026-08-15 06:39:03.834383,37,0.1,Completed,33.300000000000004
9742,225,3,2026-08-15 08:06:28.838883,31,0.29,Completed,22.009999999999998
9743,73,5,2026-08-15 09:33:53.843384,17,0.03,Completed,16.49
9744,249,9,2026-08-15 11:01:18.847884,9,0.18,Completed,7.380000000000001
9745,91,7,2026-08-15 12:28:43.852385,64,0.24,Completed,48.64
9746,216,4,2026-08-15 13:56:08.856885,57,0.24,Completed,43.32
9747,461,39,2026-08-15 15:23:33.861386,13,0.06,Completed,12.219999999999999
9748,90,5,2026-08-15 16:50:58.865886,37,0.12,Completed,32.56
9749,29,11,2026-08-15 18:18:23.870387,14,0.19,Completed,11.34
9750,435,15,2026-08-15 19:45:48.874887,75,0.09,Completed,68.25
9751,305,34,2026-08-15 21:13:13.879387,25,0.2,Completed,20.0
9752,427,13,2026-08-15 22:40:38.883888,95,0.11,Completed,84.55
9753,476,48,2026-08-16 00:08:03.888388,78,0.11,Completed,69.42
9754,220,7,2026-08-16 01:35:28.892889,57,0.03,Completed,55.29
9755,328,40,2026-08-16 03:02:53.897389,71,0.01,Pending,70.29
9756,215,6,2026-08-16 04:30:18.901890,88,0.25,Completed,66.0
9757,221,39,2026-08-16 05:57:43.906390,100,0.15,Completed,85.0
9758,389,50,2026-08-16 07:25:08.910891,42,0.17,Completed,34.86
9759,42,30,2026-08-16 08:52:33.915391,42,0.11,Completed,37.38
9760,135,22,2026-08-16 10:19:58.919891,47,0.04,Completed,45.12
9761,42,25,2026-08-16 11:47:23.924392,44,0.13,Pending,38.28
9762,164,28,2026-08-16 13:14:48.928892,41,0.07,Completed,38.129999999999995
9763,361,20,2026-08-16 14:42:13.933393,3,0.25,Pending,2.25
9764,283,39,2026-08-16 16:09:38.937893,90,0.3,Pending,62.99999999999999
9765,58,3,2026-08-16 17:37:03.942394,90,0.27,Pending,65.7
9766,302,5,2026-08-16 19:04:28.946894,1,0.16,Completed,0.84
9767,322,1,2026-08-16 20:31:53.951395,79,0.19,Completed,63.99
9768,25,15,2026-08-16 21:59:18.955895,11,0.28,Completed,7.92
9769,73,26,2026-08-16 23:26:43.960396,7,0.16,Completed,5.88
9770,373,3,2026-08-17 00:54:08.964896,12,0.19,Completed,9.72
9771,411,40,2026-08-17 02:21:33.969396,38,0.19,Pending,30.78
9772,129,41,2026-08-17 03:48:58.973897,54,0.21,Pending,42.660000000000004
9773,87,47,2026-08-17 05:16:23.978397,67,0.19,Completed,54.27
9774,330,42,2026-08-17 06:43:48.982898,53,0.2,Completed,42.400000000000006
9775,426,34,2026-08-17 08:11:13.987398,90,0.22,Completed,70.2
9776,436,5,2026-08-17 09:38:38.991899,94,0.24,Completed,71.44
9777,153,31,2026-08-17 11:06:03.996399,32,0.12,Completed,28.16
9778,182,13,2026-08-17 12:33:29.000900,100,0.22,Completed,78.0
9779,125,43,2026-08-17 14:00:54.005400,45,0.03,Completed,43.65
9780,67,1,2026-08-17 15:28:19.009900,51,0.26,Pending,37.74
9781,6,22,2026-08-17 16:55:44.014401,37,0.09,Completed,33.67
9782,125,15,2026-08-17 18:23:09.018901,59,0.12,Completed,51.92
9783,314,26,2026-08-17 19:50:34.023402,54,0.24,Completed,41.04
9784,326,18,2026-08-17 21:17:59.027902,18,0.19,Pending,14.580000000000002
9785,53,48,2026-08-17 22:45:24.032403,1,0.09,Pending,0.91
9786,66,9,2026-08-18 00:12:49.036903,21,0.07,Completed,19.529999999999998
9787,314,1,2026-08-18 01:40:14.041404,28,0.29,Pending,19.88
9788,82,43,2026-08-18 03:07:39.045904,16,0.03,Completed,15.52
9789,87,9,2026-08-18 04:35:04.050405,48,0.0,Pending,48.0
9790,2,23,2026-08-18 06:02:29.054905,28,0.2,Completed,22.400000000000002
9791,204,43,2026-08-18 07:29:54.059405,22,0.18,Completed,18.040000000000003
9792,150,45,2026-08-18 08:57:19.063906,83,0.22,Pending,64.74000000000001
9793,293,2,2026-08-18 10:24:44.068406,1,0.22,Completed,0.78
9794,404,14,2026-08-18 11:52:09.072907,95,0.26,Pending,70.3
9795,103,38,2026-08-18 13:19:34.077407,42,0.28,Completed,30.24
9796,24,40,2026-08-18 14:46:59.081908,98,0.23,Completed,75.46000000000001
9797,368,18,2026-08-18 16:14:24.086408,70,0.07,Completed,65.1
9798,212,16,2026-08-18 17:41:49.090909,92,0.14,Completed,79.12
9799,65,29,2026-08-18 19:09:14.095409,3,0.19,Cancelled,2.43
9800,449,44,2026-08-18 20:36:39.099909,95,0.16,Completed,79.8
9801,209,11,2026-08-18 22:04:04.104410,80,0.05,Pending,76.0
9802,251,6,2026-08-18 23:31:29.108910,81,0.18,Completed,66.42
9803,385,3,2026-08-19 00:58:54.113411,44,0.27,Completed,32.12
9804,117,14,2026-08-19 02:26:19.117911,27,0.13,Completed,23.49
9805,116,2,2026-08-19 03:53:44.122412,51,0.2,Completed,40.800000000000004
9806,237,32,2026-08-19 05:21:09.126912,24,0.18,Completed,19.68
9807,478,31,2026-08-19 06:48:34.131413,20,0.11,Completed,17.8
9808,105,11,2026-08-19 08:15:59.135913,32,0.17,Pending,26.56
9809,495,22,2026-08-19 09:43:24.140414,99,0.06,Completed,93.05999999999999
9810,259,3,2026-08-19 11:10:49.144914,13,0.16,Completed,10.92
9811,46,50,2026-08-19 12:38:14.149414,43,0.24,Cancelled,32.68
9812,311,31,2026-08-19 14:05:39.153915,20,0.23,Completed,15.4
9813,331,33,2026-08-19 15:33:04.158415,2,0.11,Completed,1.78
9814,216,24,2026-08-19 17:00:29.162916,68,0.03,Completed,65.96
9815,470,1,2026-08-19 18:27:54.167416,91,0.24,Completed,69.16
9816,448,44,2026-08-19 19:55:19.171917,60,0.08,Completed,55.2
9817,492,15,2026-08-19 21:22:44.176417,89,0.02,Completed,87.22
9818,301,37,2026-08-19 22:50:09.180918,4,0.13,Completed,3.48
9819,410,27,2026-08-20 00:17:34.185418,96,0.22,Completed,74.88
9820,333,38,2026-08-20 01:44:59.189918,17,0.24,Completed,12.92
9821,449,48,2026-08-20 03:12:24.194419,1,0.29,Completed,0.71
9822,24,27,2026-08-20 04:39:49.198919,33,0.06,Completed,31.02
9823,458,44,2026-08-20 06:07:14.203420,30,0.09,Completed,27.3
9824,35,12,2026-08-20 07:34:39.207920,5,0.18,Pending,4.1000000000000005
9825,24,3,2026-08-20 09:02:04.212421,12,0.24,Completed,9.120000000000001
9826,28,30,2026-08-20 10:29:29.216921,32,0.07,Completed,29.759999999999998
9827,484,32,2026-08-20 11:56:54.221422,38,0.12,Completed,33.44
9828,464,23,2026-08-20 13:24:19.225922,17,0.12,Completed,14.96
9829,488,2,2026-08-20 14:51:44.230423,58,0.23,Completed,44.660000000000004
9830,16,7,2026-08-20 16:19:09.234923,40,0.07,Pending,37.199999999999996
9831,59,34,2026-08-20 17:46:34.239423,96,0.29,Completed,68.16
9832,465,32,2026-08-20 19:13:59.243924,24,0.15,Completed,20.4
9833,243,39,2026-08-20 20:41:24.248424,12,0.08,Completed,11.040000000000001
9834,438,32,2026-08-20 22:08:49.252925,95,0.09,Completed,86.45
9835,207,43,2026-08-20 23:36:14.257425,19,0.01,Pending,18.81
9836,400,43,2026-08-21 01:03:39.261926,29,0.21,Completed,22.91
9837,271,14,2026-08-21 02:31:04.266426,85,0.23,Completed,65.45
9838,249,3,2026-08-21 03:58:29.270927,90,0.01,Completed,89.1
9839,482,46,2026-08-21 05:25:54.275427,52,0.18,Completed,42.64
9840,267,32,2026-08-21 06:53:19.279927,92,0.23,Completed,70.84
9841,193,43,2026-08-21 08:20:44.284428,17,0.11,Completed,15.13
9842,335,36,2026-08-21 09:48:09.288928,73,0.13,Completed,63.51
9843,218,17,2026-08-21 11:15:34.293429,21,0.11,Completed,18.69
9844,115,48,2026-08-21 12:42:59.297929,60,0.09,Completed,54.6
9845,68,3,2026-08-21 14:10:24.302430,98,0.15,Completed,83.3
9846,299,10,2026-08-21 15:37:49.306930,75,0.05,Completed,71.25
9847,325,47,2026-08-21 17:05:14.311431,20,0.13,Completed,17.4
9848,483,40,2026-08-21 18:32:39.315931,53,0.28,Completed,38.16
9849,397,18,2026-08-21 20:00:04.320432,80,0.01,Completed,79.2
9850,394,3,2026-08-21 21:27:29.324932,63,0.05,Pending,59.849999999999994
9851,75,39,2026-08-21 22:54:54.329432,57,0.23,Completed,43.89
9852,466,10,2026-08-22 00:22:19.333933,29,0.04,Cancelled,27.84
9853,482,9,2026-08-22 01:49:44.338433,1,0.08,Completed,0.92
9854,103,46,2026-08-22 03:17:09.342934,82,0.14,Completed,70.52
9855,297,46,2026-08-22 04:44:34.347434,59,0.28,Completed,42.48
9856,490,11,2026-08-22 06:11:59.351935,64,0.06,Pending,60.16
9857,178,33,2026-08-22 07:39:24.356435,86,0.28,Completed,61.919999999999995
9858,215,36,2026-08-22 09:06:49.360936,72,0.22,Completed,56.160000000000004
9859,455,26,2026-08-22 10:34:14.365436,71,0.2,Completed,56.800000000000004
9860,315,27,2026-08-22 12:01:39.369936,89,0.22,Completed,69.42
9861,39,38,2026-08-22 13:29:04.374437,94,0.01,Completed,93.06
9862,259,22,2026-08-22 14:56:29.378937,98,0.03,Completed,95.06
9863,204,26,2026-08-22 16:23:54.383438,44,0.1,Completed,39.6
9864,7,22,2026-08-22 17:51:19.387938,48,0.02,Completed,47.04
9865,49,5,2026-08-22 19:18:44.392439,75,0.3,Completed,52.5
9866,26,35,2026-08-22 20:46:09.396939,15,0.17,Completed,12.45
9867,161,2,2026-08-22 22:13:34.401440,35,0.15,Completed,29.75
9868,357,35,2026-08-22 23:40:59.405940,23,0.24,Completed,17.48
9869,176,9,2026-08-23 01:08:24.410441,53,0.29,Completed,37.629999999999995
9870,79,49,2026-08-23 02:35:49.414941,45,0.29,Completed,31.95
9871,2,18,2026-08-23 04:03:14.419441,85,0.24,Pending,64.6
9872,489,43,2026-08-23 05:30:39.423942,92,0.11,Completed,81.88
9873,383,12,2026-08-23 06:58:04.428442,13,0.02,Completed,12.74
9874,455,3,2026-08-23 08:25:29.432943,34,0.03,Completed,32.98
9875,416,18,2026-08-23 09:52:54.437443,38,0.0,Completed,38.0
9876,132,38,2026-08-23 11:20:19.441944,70,0.0,Completed,70.0
9877,276,7,2026-08-23 12:47:44.446444,68,0.28,Completed,48.96
9878,498,33,2026-08-23 14:15:09.450945,5,0.28,Completed,3.5999999999999996
9879,117,6,2026-08-23 15:42:34.455445,40,0.2,Completed,32.0
9880,164,18,2026-08-23 17:09:59.459945,70,0.22,Completed,54.6
9881,288,45,2026-08-23 18:37:24.464446,21,0.15,Completed,17.849999999999998
9882,28,22,2026-08-23 20:04:49.468946,28,0.07,Pending,26.04
9883,333,39,2026-08-23 21:32:14.473447,3,0.27,Completed,2.19
9884,1,9,2026-08-23 22:59:39.477947,23,0.08,Completed,21.16
9885,188,35,2026-08-24 00:27:04.482448,72,0.22,Completed,56.160000000000004
9886,56,23,2026-08-24 01:54:29.486948,19,0.07,Completed,17.669999999999998
9887,35,12,2026-08-24 03:21:54.491449,75,0.26,Cancelled,55.5
9888,112,24,2026-08-24 04:49:19.495949,50,0.2,Completed,40.0
9889,286,50,2026-08-24 06:16:44.500450,74,0.19,Completed,59.940000000000005
9890,310,40,2026-08-24 07:44:09.504950,58,0.03,Completed,56.26
9891,36,9,2026-08-24 09:11:34.509450,92,0.13,Pending,80.04
9892,439,13,2026-08-24 10:38:59.513951,20,0.16,Pending,16.8
9893,217,40,2026-08-24 12:06:24.518451,92,0.09,Completed,83.72
9894,80,42,2026-08-24 13:33:49.522952,93,0.26,Completed,68.82
9895,314,17,2026-08-24 15:01:14.527452,72,0.25,Completed,54.0
9896,83,7,2026-08-24 16:28:39.531953,83,0.15,Cancelled,70.55
9897,65,17,2026-08-24 17:56:04.536453,53,0.1,Completed,47.7
9898,325,50,2026-08-24 19:23:29.540954,85,0.24,Completed,64.6
9899,128,24,2026-08-24 20:50:54.545454,82,0.06,Cancelled,77.08
9900,307,2,2026-08-24 22:18:19.549954,9,0.02,Completed,8.82
9901,22,35,2026-08-24 23:45:44.554455,4,0.01,Completed,3.96
9902,216,28,2026-08-25 01:13:09.558955,41,0.01,Completed,40.589999999999996
9903,107,19,2026-08-25 02:40:34.563456,25,0.15,Pending,21.25
9904,109,33,2026-08-25 04:07:59.567956,34,0.08,Completed,31.28
9905,372,21,2026-08-25 05:35:24.572457,73,0.21,Completed,57.67
9906,357,10,2026-08-25 07:02:49.576957,9,0.2,Completed,7.2
9907,181,46,2026-08-25 08:30:14.581458,82,0.16,Completed,68.88
9908,356,45,2026-08-25 09:57:39.585958,75,0.11,Pending,66.75
9909,164,9,2026-08-25 11:25:04.590459,13,0.26,Completed,9.62
9910,68,38,2026-08-25 12:52:29.594959,9,0.21,Completed,7.11
9911,292,6,2026-08-25 14:19:54.599459,80,0.08,Completed,73.60000000000001
9912,180,42,2026-08-25 15:47:19.603960,4,0.15,Completed,3.4
9913,181,35,2026-08-25 17:14:44.608460,34,0.05,Completed,32.3
9914,466,18,2026-08-25 18:42:09.612961,7,0.1,Completed,6.3
9915,434,19,2026-08-25 20:09:34.617461,15,0.3,Completed,10.5
9916,464,5,2026-08-25 21:36:59.621962,38,0.07,Completed,35.339999999999996
9917,169,25,2026-08-25 23:04:24.626462,75,0.21,Pending,59.25
9918,402,11,2026-08-26 00:31:49.630963,96,0.07,Completed,89.28
9919,22,10,2026-08-26 01:59:14.635463,91,0.28,Completed,65.52
9920,66,17,2026-08-26 03:26:39.639963,94,0.09,Completed,85.54
9921,21,36,2026-08-26 04:54:04.644464,52,0.1,Completed,46.800000000000004
9922,100,26,2026-08-26 06:21:29.648964,81,0.18,Pending,66.42
9923,384,31,2026-08-26 07:48:54.653465,100,0.18,Completed,82.0
9924,300,32,2026-08-26 09:16:19.657965,83,0.17,Completed,68.89
9925,103,21,2026-08-26 10:43:44.662466,7,0.17,Cancelled,5.81
9926,47,18,2026-08-26 12:11:09.666966,45,0.09,Completed,40.95
9927,39,18,2026-08-26 13:38:34.671467,59,0.13,Completed,51.33
9928,285,1,2026-08-26 15:05:59.675967,21,0.18,Completed,17.220000000000002
9929,310,14,2026-08-26 16:33:24.680468,28,0.2,Completed,22.400000000000002
9930,90,8,2026-08-26 18:00:49.684968,3,0.08,Completed,2.7600000000000002
9931,85,2,2026-08-26 19:28:14.689468,14,0.21,Pending,11.06
9932,273,15,2026-08-26 20:55:39.693969,2,0.28,Completed,1.44
9933,336,34,2026-08-26 22:23:04.698469,29,0.23,Completed,22.330000000000002
9934,188,36,2026-08-26 23:50:29.702970,18,0.03,Cancelled,17.46
9935,159,1,2026-08-27 01:17:54.707470,37,0.14,Completed,31.82
9936,243,21,2026-08-27 02:45:19.711971,45,0.13,Completed,39.15
9937,73,42,2026-08-27 04:12:44.716471,45,0.1,Pending,40.5
9938,479,1,2026-08-27 05:40:09.720972,24,0.15,Completed,20.4
9939,462,32,2026-08-27 07:07:34.725472,46,0.13,Completed,40.02
9940,49,20,2026-08-27 08:34:59.729972,12,0.0,Pending,12.0
9941,101,47,2026-08-27 10:02:24.734473,53,0.07,Completed,49.29
9942,2,36,2026-08-27 11:29:49.738973,45,0.06,Completed,42.3
9943,244,39,2026-08-27 12:57:14.743474,32,0.1,Completed,28.8
9944,176,30,2026-08-27 14:24:39.747974,18,0.05,Completed,17.099999999999998
9945,238,7,2026-08-27 15:52:04.752475,13,0.02,Pending,12.74
9946,398,22,2026-08-27 17:19:29.756975,4,0.06,Completed,3.76
9947,59,50,2026-08-27 18:46:54.761476,23,0.26,Completed,17.02
9948,353,45,2026-08-27 20:14:19.765976,62,0.24,Completed,47.12
9949,99,10,2026-08-27 21:41:44.770477,54,0.13,Completed,46.98
9950,442,8,2026-08-27 23:09:09.774977,74,0.26,Completed,54.76
9951,359,27,2026-08-28 00:36:34.779477,55,0.07,Completed,51.15
9952,442,10,2026-08-28 02:03:59.783978,69,0.18,Completed,56.580000000000005
9953,495,14,2026-08-28 03:31:24.788478,40,0.04,Completed,38.4
9954,435,46,2026-08-28 04:58:49.792979,14,0.25,Completed,10.5
9955,468,11,2026-08-28 06:26:14.797479,98,0.04,Completed,94.08
9956,2,6,2026-08-28 07:53:39.801980,28,0.01,Completed,27.72
9957,243,21,2026-08-28 09:21:04.806480,72,0.08,Completed,66.24000000000001
9958,297,33,2026-08-28 10:48:29.810981,80,0.27,Completed,58.4
9959,211,19,2026-08-28 12:15:54.815481,95,0.04,Completed,91.2
9960,123,39,2026-08-28 13:43:19.819981,71,0.1,Completed,63.9
9961,229,24,2026-08-28 15:10:44.824482,67,0.09,Completed,60.97
9962,82,18,2026-08-28 16:38:09.828982,29,0.24,Completed,22.04
9963,144,35,2026-08-28 18:05:34.833483,100,0.13,Completed,87.0
9964,388,43,2026-08-28 19:32:59.837983,61,0.18,Completed,50.02
9965,140,37,2026-08-28 21:00:24.842484,68,0.12,Completed,59.84
9966,29,19,2026-08-28 22:27:49.846984,9,0.17,Completed,7.47
9967,391,24,2026-08-28 23:55:14.851485,17,0.02,Completed,16.66
9968,270,34,2026-08-29 01:22:39.855985,49,0.11,Completed,43.61
9969,247,22,2026-08-29 02:50:04.860486,63,0.26,Completed,46.62
9970,12,4,2026-08-29 04:17:29.864986,84,0.21,Completed,66.36
9971,355,10,2026-08-29 05:44:54.869486,78,0.29,Completed,55.379999999999995
9972,389,2,2026-08-29 07:12:19.873987,46,0.24,Pending,34.96
9973,337,8,2026-08-29 08:39:44.878487,93,0.14,Completed,79.98
9974,106,33,2026-08-29 10:07:09.882988,13,0.2,Completed,10.4
9975,32,38,2026-08-29 11:34:34.887488,100,0.23,Completed,77.0
9976,74,43,2026-08-29 13:01:59.891989,45,0.08,Completed,41.4
9977,171,28,2026-08-29 14:29:24.896489,53,0.02,Completed,51.94
9978,337,10,2026-08-29 15:56:49.900990,17,0.12,Cancelled,14.96
9979,69,45,2026-08-29 17:24:14.905490,47,0.04,Pending,45.12
9980,301,1,2026-08-29 18:51:39.909990,62,0.08,Completed,57.04
9981,362,34,2026-08-29 20:19:04.914491,50,0.28,Completed,36.0
9982,137,3,2026-08-29 21:46:29.918991,43,0.25,Completed,32.25
9983,433,9,2026-08-29 23:13:54.923492,68,0.18,Completed,55.760000000000005
9984,417,5,2026-08-30 00:41:19.927992,84,0.12,Cancelled,73.92
9985,484,42,2026-08-30 02:08:44.932493,75,0.08,Completed,69.0
9986,100,10,2026-08-30 03:36:09.936993,86,0.17,Completed,71.38
9987,146,12,2026-08-30 05:03:34.941494,72,0.16,Completed,60.48
9988,9,18,2026-08-30 06:30:59.945994,28,0.23,Completed,21.560000000000002
9989,62,21,2026-08-30 07:58:24.950495,45,0.28,Pending,32.4
9990,185,21,2026-08-30 09:25:49.954995,41,0.1,Pending,36.9
9991,29,1,2026-08-30 10:53:14.959495,94,0.06,Cancelled,88.36
9992,381,3,2026-08-30 12:20:39.963996,97,0.12,Completed,85.36
9993,114,5,2026-08-30 13:48:04.968496,97,0.13,Completed,84.39
9994,462,25,2026-08-30 15:15:29.972997,36,0.01,Completed,35.64
9995,409,49,2026-08-30 16:42:54.977497,91,0.26,Completed,67.34
9996,143,8,2026-08-30 18:10:19.981998,84,0.3,Cancelled,58.8
9997,390,17,2026-08-30 19:37:44.986498,33,0.28,Completed,23.759999999999998
9998,120,9,2026-08-30 21:05:09.990999,25,0.26,Cancelled,18.5
9999,170,32,2026-08-30 22:32:34.995499,19,0.3,Completed,13.299999999999999
10000,157,6,2026-08-31 00:00:00.000000,47,0.27,Completed,34.31
