order_id,customer_id,product_id,order_date,quantity,discount,status
1,264.0,15,2025-01-01 00:00:00.000000,21,0.24,Completed
2,424.0,29,2025-01-01 01:27:25.004500,7,0.17,Completed
3,369.0,4,2025-01-01 02:54:50.009000,7,0.0,Completed
4,236.0,18,2025-01-01 04:22:15.013501,27,0.01,Completed
5,83.0,50,2025-01-01 05:49:40.018001,8,0.29,Completed
6,42.0,49,2025-01-01 07:17:05.022502,73,0.04,Pending
7,425.0,44,2025-01-01 08:44:30.027002,28,0.12,Completed
8,101.0,39,2025-01-01 10:11:55.031503,79,0.28,Completed
9,6.0,16,2025-01-01 11:39:20.036003,66,0.06,Completed
10,180.0,11,2025-01-01 13:06:45.040504,71,0.25,Completed
11,,14,2025-01-01 14:34:10.045004,47,0.25,Completed
12,,3,2025-01-01 16:01:35.049504,82,0.3,Completed
13,,50,2025-01-01 17:29:00.054005,86,0.08,Completed
14,,42,2025-01-01 18:56:25.058505,10,0.09,Completed
15,,38,2025-01-01 20:23:50.063006,33,0.27,Completed
16,,45,2025-01-01 21:51:15.067506,7,0.07,Completed
17,,42,2025-01-01 23:18:40.072007,3,0.16,Completed
18,454.0,18,2025-01-02 00:46:05.076507,14,0.21,Completed
19,229.0,20,2025-01-02 02:13:30.081008,44,0.08,Completed
20,377.0,48,2025-01-02 03:40:55.085508,46,0.28,Completed
21,289.0,25,2025-01-02 05:08:20.090009,61,1.5,Completed
22,437.0,38,2025-01-02 06:35:45.094509,36,1.5,Completed
23,150.0,13,2025-01-02 08:03:10.099009,13,1.5,Pending
24,277.0,4,2025-01-02 09:30:35.103510,16,1.5,Completed
25,198.0,14,2025-01-02 10:58:00.108010,80,0.07,Completed
26,70.0,33,2025-01-02 12:25:25.112511,5,0.22,Pending
27,112.0,28,2025-01-02 13:52:50.117011,89,0.03,Pending
28,4.0,37,2025-01-02 15:20:15.121512,38,0.11,Completed
29,350.0,8,2025-01-02 16:47:40.126012,50,0.27,Pending
30,331.0,44,2025-01-02 18:15:05.130513,38,0.17,Pending
31,446.0,34,2025-01-02 19:42:30.135013,-5,0.08,Completed
32,318.0,44,2025-01-02 21:09:55.139513,-5,0.29,Completed
33,350.0,5,2025-01-02 22:37:20.144014,48,0.07,Completed
34,95.0,5,2025-01-03 00:04:45.148514,90,0.27,Completed
35,152.0,31,2025-01-03 01:32:10.153015,59,0.22,Completed
36,311.0,45,2025-01-03 02:59:35.157515,77,0.22,Completed
37,137.0,9,2025-01-03 04:27:00.162016,44,0.23,Pending
38,247.0,42,2025-01-03 05:54:25.166516,90,0.15,Pending
39,387.0,32,2025-01-03 07:21:50.171017,55,0.24,Pending
40,243.0,33,2025-01-03 08:49:15.175517,55,0.25,Completed
41,31.0,3,2025-01-03 10:16:40.180018,1,0.11,Completed
42,40.0,30,2025-01-03 11:44:05.184518,8,0.12,Pending
43,229.0,50,2025-01-03 13:11:30.189018,4,0.27,Completed
44,36.0,12,2025-01-03 14:38:55.193519,85,0.16,Completed
45,408.0,29,2025-01-03 16:06:20.198019,86,0.26,Pending
46,223.0,3,2025-01-03 17:33:45.202520,53,0.19,Completed
47,6.0,26,2025-01-03 19:01:10.207020,58,0.18,Completed
48,322.0,30,2025-01-03 20:28:35.211521,37,0.01,Completed
49,468.0,9,2025-01-03 21:56:00.216021,49,0.08,Completed
50,220.0,26,2025-01-03 23:23:25.220522,67,0.15,Completed
51,75.0,2,2025-01-04 00:50:50.225022,19,0.18,Completed
52,4.0,3,2025-01-04 02:18:15.229522,1,0.19,Completed
53,335.0,46,2025-01-04 03:45:40.234023,29,0.21,Pending
54,134.0,4,2025-01-04 05:13:05.238523,87,0.2,Completed
55,118.0,25,2025-01-04 06:40:30.243024,33,0.25,Completed
56,369.0,13,2025-01-04 08:07:55.247524,52,0.09,Completed
57,94.0,39,2025-01-04 09:35:20.252025,41,0.19,Completed
58,486.0,44,2025-01-04 11:02:45.256525,23,0.02,Cancelled
59,435.0,35,2025-01-04 12:30:10.261026,5,0.14,Completed
60,62.0,23,2025-01-04 13:57:35.265526,71,0.08,Completed
61,441.0,9,2025-01-04 15:25:00.270027,57,0.11,Completed
62,194.0,2,2025-01-04 16:52:25.274527,6,0.11,Completed
63,335.0,41,2025-01-04 18:19:50.279027,49,0.02,Pending
64,203.0,44,2025-01-04 19:47:15.283528,22,0.14,Pending
65,392.0,31,2025-01-04 21:14:40.288028,77,0.3,Completed
66,26.0,44,2025-01-04 22:42:05.292529,76,0.09,Pending
67,435.0,47,2025-01-05 00:09:30.297029,4,0.22,Completed
68,173.0,2,2025-01-05 01:36:55.301530,72,0.16,Completed
69,300.0,32,2025-01-05 03:04:20.306030,64,0.1,Completed
70,133.0,18,2025-01-05 04:31:45.310531,37,0.03,Completed
71,326.0,13,2025-01-05 05:59:10.315031,31,0.06,Completed
72,410.0,46,2025-01-05 07:26:35.319531,37,0.23,Pending
73,118.0,5,2025-01-05 08:54:00.324032,45,0.08,Completed
74,324.0,42,2025-01-05 10:21:25.328532,90,0.04,Completed
75,275.0,44,2025-01-05 11:48:50.333033,8,0.1,Completed
76,212.0,10,2025-01-05 13:16:15.337533,40,0.18,Completed
77,225.0,43,2025-01-05 14:43:40.342034,97,0.21,Completed
78,20.0,25,2025-01-05 16:11:05.346534,93,0.12,Completed
79,113.0,34,2025-01-05 17:38:30.351035,5,0.15,Completed
80,140.0,37,2025-01-05 19:05:55.355535,28,0.14,Completed
81,47.0,30,2025-01-05 20:33:20.360036,81,0.0,Completed
82,1.0,7,2025-01-05 22:00:45.364536,87,0.12,Completed
83,90.0,6,2025-01-05 23:28:10.369036,9,0.18,Completed
84,142.0,3,2025-01-06 00:55:35.373537,2,0.17,Completed
85,320.0,13,2025-01-06 02:23:00.378037,63,0.22,Cancelled
86,38.0,3,2025-01-06 03:50:25.382538,96,0.2,Completed
87,293.0,26,2025-01-06 05:17:50.387038,51,0.08,Completed
88,382.0,24,2025-01-06 06:45:15.391539,31,0.08,Completed
89,139.0,6,2025-01-06 08:12:40.396039,7,0.14,Completed
90,356.0,43,2025-01-06 09:40:05.400540,30,0.22,Completed
91,333.0,49,2025-01-06 11:07:30.405040,58,0.03,Completed
92,491.0,42,2025-01-06 12:34:55.409540,3,0.28,Completed
93,259.0,12,2025-01-06 14:02:20.414041,51,0.16,Completed
94,161.0,49,2025-01-06 15:29:45.418541,56,0.09,Pending
95,390.0,36,2025-01-06 16:57:10.423042,73,0.21,Completed
96,178.0,2,2025-01-06 18:24:35.427542,10,0.01,Pending
97,10.0,11,2025-01-06 19:52:00.432043,61,0.15,Pending
98,261.0,39,2025-01-06 21:19:25.436543,50,0.15,Completed
99,407.0,34,2025-01-06 22:46:50.441044,47,0.05,Pending
100,138.0,26,2025-01-07 00:14:15.445544,90,0.25,Completed
101,172.0,18,2025-01-07 01:41:40.450045,1,0.24,Cancelled
102,386.0,21,2025-01-07 03:09:05.454545,94,0.05,Completed
103,13.0,36,2025-01-07 04:36:30.459045,57,0.11,Completed
104,168.0,40,2025-01-07 06:03:55.463546,38,0.03,Completed
105,130.0,46,2025-01-07 07:31:20.468046,62,0.25,Completed
106,84.0,44,2025-01-07 08:58:45.472547,79,0.1,Completed
107,321.0,22,2025-01-07 10:26:10.477047,89,0.13,Pending
108,319.0,30,2025-01-07 11:53:35.481548,70,0.1,Pending
109,101.0,50,2025-01-07 13:21:00.486048,82,0.09,Completed
110,329.0,43,2025-01-07 14:48:25.490549,65,0.22,Completed
111,273.0,30,2025-01-07 16:15:50.495049,62,0.22,Completed
112,265.0,8,2025-01-07 17:43:15.499549,56,0.16,Pending
113,459.0,34,2025-01-07 19:10:40.504050,67,0.2,Completed
114,399.0,47,2025-01-07 20:38:05.508550,17,0.15,Pending
115,408.0,9,2025-01-07 22:05:30.513051,8,0.01,Completed
116,38.0,20,2025-01-07 23:32:55.517551,60,0.02,Completed
117,419.0,40,2025-01-08 01:00:20.522052,40,0.12,Completed
118,94.0,25,2025-01-08 02:27:45.526552,81,0.22,Completed
119,95.0,19,2025-01-08 03:55:10.531053,89,0.27,Completed
120,305.0,5,2025-01-08 05:22:35.535553,62,0.01,Completed
121,69.0,11,2025-01-08 06:50:00.540054,41,0.11,Completed
122,318.0,15,2025-01-08 08:17:25.544554,12,0.07,Completed
123,444.0,8,2025-01-08 09:44:50.549054,93,0.24,Completed
124,236.0,19,2025-01-08 11:12:15.553555,89,0.25,Completed
125,434.0,23,2025-01-08 12:39:40.558055,100,0.06,Completed
126,334.0,27,2025-01-08 14:07:05.562556,54,0.21,Completed
127,373.0,40,2025-01-08 15:34:30.567056,89,0.22,Completed
128,376.0,32,2025-01-08 17:01:55.571557,93,0.05,Completed
129,459.0,26,2025-01-08 18:29:20.576057,11,0.13,Completed
130,137.0,27,2025-01-08 19:56:45.580558,60,0.19,Pending
131,418.0,19,2025-01-08 21:24:10.585058,68,0.01,Completed
132,76.0,50,2025-01-08 22:51:35.589558,78,0.12,Pending
133,483.0,42,2025-01-09 00:19:00.594059,46,0.05,Cancelled
134,35.0,29,2025-01-09 01:46:25.598559,38,0.16,Completed
135,1.0,39,2025-01-09 03:13:50.603060,61,0.25,Completed
136,296.0,41,2025-01-09 04:41:15.607560,17,0.16,Completed
137,320.0,33,2025-01-09 06:08:40.612061,66,0.01,Completed
138,406.0,19,2025-01-09 07:36:05.616561,72,0.01,Completed
139,60.0,37,2025-01-09 09:03:30.621062,36,0.18,Completed
140,320.0,19,2025-01-09 10:30:55.625562,74,0.1,Completed
141,349.0,33,2025-01-09 11:58:20.630063,7,0.17,Pending
142,328.0,47,2025-01-09 13:25:45.634563,100,0.05,Completed
143,267.0,16,2025-01-09 14:53:10.639063,16,0.23,Completed
144,361.0,23,2025-01-09 16:20:35.643564,14,0.26,Completed
145,229.0,7,2025-01-09 17:48:00.648064,80,0.27,Completed
146,270.0,26,2025-01-09 19:15:25.652565,25,0.09,Completed
147,316.0,32,2025-01-09 20:42:50.657065,4,0.2,Completed
148,286.0,12,2025-01-09 22:10:15.661566,29,0.08,Completed
149,291.0,8,2025-01-09 23:37:40.666066,56,0.23,Completed
150,213.0,5,2025-01-10 01:05:05.670567,6,0.04,Completed
151,165.0,42,2025-01-10 02:32:30.675067,1,0.23,Completed
152,5.0,28,2025-01-10 03:59:55.679567,39,0.13,Pending
153,339.0,5,2025-01-10 05:27:20.684068,1,0.26,Completed
154,379.0,49,2025-01-10 06:54:45.688568,63,0.22,Completed
155,78.0,26,2025-01-10 08:22:10.693069,57,0.11,Completed
156,410.0,5,2025-01-10 09:49:35.697569,67,0.27,Completed
157,62.0,22,2025-01-10 11:17:00.702070,65,0.09,Completed
158,132.0,15,2025-01-10 12:44:25.706570,65,0.29,Completed
159,89.0,13,2025-01-10 14:11:50.711071,21,0.23,Cancelled
160,237.0,28,2025-01-10 15:39:15.715571,30,0.3,Completed
161,42.0,33,2025-01-10 17:06:40.720072,96,0.02,Completed
162,89.0,43,2025-01-10 18:34:05.724572,33,0.08,Completed
163,402.0,23,2025-01-10 20:01:30.729072,48,0.22,Completed
164,296.0,33,2025-01-10 21:28:55.733573,22,0.28,Completed
165,328.0,43,2025-01-10 22:56:20.738073,94,0.01,Completed
166,295.0,18,2025-01-11 00:23:45.742574,54,0.0,Completed
167,104.0,50,2025-01-11 01:51:10.747074,4,0.08,Completed
168,14.0,30,2025-01-11 03:18:35.751575,87,0.26,Completed
169,288.0,26,2025-01-11 04:46:00.756075,55,0.23,Completed
170,179.0,16,2025-01-11 06:13:25.760576,44,0.1,Completed
171,125.0,13,2025-01-11 07:40:50.765076,89,0.0,Completed
172,422.0,39,2025-01-11 09:08:15.769576,12,0.17,Completed
173,353.0,33,2025-01-11 10:35:40.774077,81,0.07,Pending
174,23.0,26,2025-01-11 12:03:05.778577,79,0.22,Pending
175,63.0,48,2025-01-11 13:30:30.783078,74,0.13,Completed
176,143.0,1,2025-01-11 14:57:55.787578,99,0.2,Completed
177,481.0,49,2025-01-11 16:25:20.792079,52,0.26,Completed
178,153.0,38,2025-01-11 17:52:45.796579,93,0.16,Pending
179,145.0,2,2025-01-11 19:20:10.801080,76,0.1,Pending
180,225.0,49,2025-01-11 20:47:35.805580,65,0.23,Completed
181,495.0,6,2025-01-11 22:15:00.810081,65,0.08,Completed
182,450.0,46,2025-01-11 23:42:25.814581,10,0.27,Completed
183,462.0,50,2025-01-12 01:09:50.819081,18,0.02,Completed
184,309.0,38,2025-01-12 02:37:15.823582,47,0.25,Cancelled
185,104.0,42,2025-01-12 04:04:40.828082,66,0.03,Completed
186,104.0,24,2025-01-12 05:32:05.832583,49,0.02,Completed
187,435.0,18,2025-01-12 06:59:30.837083,72,0.11,Completed
188,39.0,27,2025-01-12 08:26:55.841584,22,0.29,Completed
189,435.0,41,2025-01-12 09:54:20.846084,86,0.3,Completed
190,198.0,8,2025-01-12 11:21:45.850585,26,0.06,Completed
191,134.0,28,2025-01-12 12:49:10.855085,90,0.04,Completed
192,67.0,10,2025-01-12 14:16:35.859585,9,0.11,Completed
193,391.0,17,2025-01-12 15:44:00.864086,21,0.1,Cancelled
194,179.0,29,2025-01-12 17:11:25.868586,95,0.23,Pending
195,456.0,6,2025-01-12 18:38:50.873087,63,0.13,Completed
196,42.0,14,2025-01-12 20:06:15.877587,6,0.23,Completed
197,448.0,22,2025-01-12 21:33:40.882088,14,0.22,Completed
198,500.0,6,2025-01-12 23:01:05.886588,33,0.17,Completed
199,15.0,26,2025-01-13 00:28:30.891089,71,0.25,Pending
200,111.0,39,2025-01-13 01:55:55.895589,24,0.06,Completed
201,157.0,12,2025-01-13 03:23:20.900090,73,0.05,Pending
202,289.0,35,2025-01-13 04:50:45.904590,75,0.23,Completed
203,500.0,14,2025-01-13 06:18:10.909090,87,0.07,Completed
204,478.0,22,2025-01-13 07:45:35.913591,51,0.0,Completed
205,231.0,23,2025-01-13 09:13:00.918091,2,0.27,Pending
206,411.0,48,2025-01-13 10:40:25.922592,15,0.19,Completed
207,420.0,7,2025-01-13 12:07:50.927092,35,0.13,Cancelled
208,157.0,40,2025-01-13 13:35:15.931593,36,0.22,Completed
209,38.0,50,2025-01-13 15:02:40.936093,92,0.1,Completed
210,441.0,25,2025-01-13 16:30:05.940594,39,0.29,Completed
211,97.0,13,2025-01-13 17:57:30.945094,4,0.02,Completed
212,485.0,21,2025-01-13 19:24:55.949594,64,0.19,Completed
213,411.0,41,2025-01-13 20:52:20.954095,74,0.23,Completed
214,439.0,10,2025-01-13 22:19:45.958595,6,0.14,Completed
215,289.0,9,2025-01-13 23:47:10.963096,57,0.23,Completed
216,254.0,15,2025-01-14 01:14:35.967596,30,0.28,Completed
217,196.0,2,2025-01-14 02:42:00.972097,99,0.22,Completed
218,86.0,25,2025-01-14 04:09:25.976597,74,0.09,Completed
219,322.0,13,2025-01-14 05:36:50.981098,96,0.17,Cancelled
220,10.0,34,2025-01-14 07:04:15.985598,67,0.27,Completed
221,5.0,34,2025-01-14 08:31:40.990099,90,0.13,Completed
222,123.0,35,2025-01-14 09:59:05.994599,15,0.2,Completed
223,330.0,38,2025-01-14 11:26:30.999099,17,0.14,Completed
224,353.0,3,2025-01-14 12:53:56.003600,91,0.04,Completed
225,118.0,42,2025-01-14 14:21:21.008100,18,0.02,Completed
226,294.0,6,2025-01-14 15:48:46.012601,19,0.29,Completed
227,397.0,48,2025-01-14 17:16:11.017101,76,0.18,Completed
228,159.0,49,2025-01-14 18:43:36.021602,88,0.03,Completed
229,303.0,19,2025-01-14 20:11:01.026102,69,0.26,Completed
230,228.0,3,2025-01-14 21:38:26.030603,24,0.16,Completed
231,365.0,18,2025-01-14 23:05:51.035103,91,0.23,Completed
232,216.0,39,2025-01-15 00:33:16.039603,48,0.04,Completed
233,436.0,9,2025-01-15 02:00:41.044104,30,0.27,Cancelled
234,184.0,12,2025-01-15 03:28:06.048604,15,0.18,Completed
235,15.0,5,2025-01-15 04:55:31.053105,47,0.22,Completed
236,157.0,3,2025-01-15 06:22:56.057605,44,0.01,Pending
237,136.0,11,2025-01-15 07:50:21.062106,98,0.09,Pending
238,261.0,30,2025-01-15 09:17:46.066606,27,0.08,Completed
239,157.0,4,2025-01-15 10:45:11.071107,84,0.28,Pending
240,47.0,5,2025-01-15 12:12:36.075607,64,0.06,Completed
241,324.0,1,2025-01-15 13:40:01.080108,41,0.21,Pending
242,332.0,27,2025-01-15 15:07:26.084608,96,0.01,Completed
243,173.0,28,2025-01-15 16:34:51.089108,68,0.06,Completed
244,130.0,29,2025-01-15 18:02:16.093609,5,0.1,Completed
245,411.0,18,2025-01-15 19:29:41.098109,53,0.24,Cancelled
246,95.0,12,2025-01-15 20:57:06.102610,8,0.24,Completed
247,115.0,13,2025-01-15 22:24:31.107110,22,0.29,Completed
248,243.0,41,2025-01-15 23:51:56.111611,7,0.28,Completed
249,420.0,2,2025-01-16 01:19:21.116111,22,0.02,Completed
250,292.0,37,2025-01-16 02:46:46.120612,46,0.25,Completed
251,282.0,45,2025-01-16 04:14:11.125112,30,0.14,Completed
252,299.0,16,2025-01-16 05:41:36.129612,16,0.26,Completed
253,283.0,48,2025-01-16 07:09:01.134113,79,0.03,Completed
254,69.0,24,2025-01-16 08:36:26.138613,5,0.25,Completed
255,148.0,35,2025-01-16 10:03:51.143114,67,0.05,Completed
256,11.0,22,2025-01-16 11:31:16.147614,23,0.1,Cancelled
257,254.0,36,2025-01-16 12:58:41.152115,61,0.01,Completed
258,330.0,11,2025-01-16 14:26:06.156615,74,0.04,Completed
259,360.0,46,2025-01-16 15:53:31.161116,5,0.13,Completed
260,38.0,29,2025-01-16 17:20:56.165616,23,0.25,Completed
261,134.0,35,2025-01-16 18:48:21.170117,79,0.23,Completed
262,200.0,48,2025-01-16 20:15:46.174617,82,0.07,Completed
263,23.0,15,2025-01-16 21:43:11.179117,25,0.05,Completed
264,303.0,31,2025-01-16 23:10:36.183618,8,0.12,Completed
265,346.0,42,2025-01-17 00:38:01.188118,95,0.26,Completed
266,302.0,41,2025-01-17 02:05:26.192619,21,0.03,Completed
267,363.0,43,2025-01-17 03:32:51.197119,2,0.16,Pending
268,396.0,16,2025-01-17 05:00:16.201620,22,0.03,Completed
269,218.0,10,2025-01-17 06:27:41.206120,72,0.14,Completed
270,141.0,49,2025-01-17 07:55:06.210621,87,0.04,Pending
271,104.0,32,2025-01-17 09:22:31.215121,96,0.02,Completed
272,446.0,2,2025-01-17 10:49:56.219621,72,0.06,Completed
273,210.0,24,2025-01-17 12:17:21.224122,68,0.08,Completed
274,473.0,23,2025-01-17 13:44:46.228622,64,0.08,Completed
275,481.0,2,2025-01-17 15:12:11.233123,94,0.19,Completed
276,111.0,38,2025-01-17 16:39:36.237623,19,0.02,Completed
277,104.0,31,2025-01-17 18:07:01.242124,87,0.02,Completed
278,316.0,40,2025-01-17 19:34:26.246624,82,0.06,Completed
279,171.0,26,2025-01-17 21:01:51.251125,53,0.26,Completed
280,460.0,29,2025-01-17 22:29:16.255625,93,0.19,Completed
281,492.0,3,2025-01-17 23:56:41.260126,87,0.22,Completed
282,356.0,14,2025-01-18 01:24:06.264626,97,0.11,Completed
283,496.0,25,2025-01-18 02:51:31.269126,52,0.06,Cancelled
284,324.0,48,2025-01-18 04:18:56.273627,47,0.01,Completed
285,133.0,1,2025-01-18 05:46:21.278127,82,0.15,Completed
286,376.0,3,2025-01-18 07:13:46.282628,54,0.17,Completed
287,293.0,26,2025-01-18 08:41:11.287128,44,0.27,Pending
288,328.0,18,2025-01-18 10:08:36.291629,97,0.26,Pending
289,127.0,9,2025-01-18 11:36:01.296129,7,0.13,Pending
290,106.0,38,2025-01-18 13:03:26.300630,92,0.13,Completed
291,497.0,23,2025-01-18 14:30:51.305130,1,0.05,Completed
292,92.0,21,2025-01-18 15:58:16.309630,63,0.08,Completed
293,287.0,1,2025-01-18 17:25:41.314131,98,0.28,Completed
294,378.0,21,2025-01-18 18:53:06.318631,39,0.04,Completed
295,393.0,27,2025-01-18 20:20:31.323132,19,0.29,Completed
296,51.0,42,2025-01-18 21:47:56.327632,31,0.15,Completed
297,29.0,6,2025-01-18 23:15:21.332133,77,0.14,Pending
298,462.0,44,2025-01-19 00:42:46.336633,24,0.05,Completed
299,296.0,36,2025-01-19 02:10:11.341134,69,0.2,Completed
300,297.0,28,2025-01-19 03:37:36.345634,87,0.14,Completed
301,214.0,45,2025-01-19 05:05:01.350135,83,0.11,Completed
302,267.0,17,2025-01-19 06:32:26.354635,65,0.08,Completed
303,407.0,40,2025-01-19 07:59:51.359135,33,0.02,Completed
304,257.0,3,2025-01-19 09:27:16.363636,59,0.16,Completed
305,302.0,12,2025-01-19 10:54:41.368136,33,0.09,Completed
306,101.0,39,2025-01-19 12:22:06.372637,32,0.21,Completed
307,405.0,12,2025-01-19 13:49:31.377137,59,0.22,Completed
308,346.0,2,2025-01-19 15:16:56.381638,92,0.1,Pending
309,110.0,46,2025-01-19 16:44:21.386138,41,0.2,Pending
310,420.0,22,2025-01-19 18:11:46.390639,12,0.08,Completed
311,182.0,23,2025-01-19 19:39:11.395139,73,0.22,Completed
312,471.0,30,2025-01-19 21:06:36.399639,11,0.0,Completed
313,313.0,5,2025-01-19 22:34:01.404140,97,0.05,Completed
314,1.0,9,2025-01-20 00:01:26.408640,19,0.07,Pending
315,319.0,21,2025-01-20 01:28:51.413141,54,0.23,Completed
316,438.0,11,2025-01-20 02:56:16.417641,57,0.02,Completed
317,55.0,5,2025-01-20 04:23:41.422142,42,0.06,Completed
318,371.0,35,2025-01-20 05:51:06.426642,98,0.11,Completed
319,424.0,27,2025-01-20 07:18:31.431143,71,0.0,Completed
320,399.0,49,2025-01-20 08:45:56.435643,31,0.23,Completed
321,149.0,2,2025-01-20 10:13:21.440144,52,0.17,Completed
322,431.0,24,2025-01-20 11:40:46.444644,2,0.27,Completed
323,457.0,31,2025-01-20 13:08:11.449144,83,0.01,Completed
324,309.0,33,2025-01-20 14:35:36.453645,38,0.08,Pending
325,137.0,39,2025-01-20 16:03:01.458145,32,0.22,Completed
326,202.0,30,2025-01-20 17:30:26.462646,10,0.2,Completed
327,436.0,46,2025-01-20 18:57:51.467146,8,0.07,Completed
328,313.0,37,2025-01-20 20:25:16.471647,90,0.18,Pending
329,117.0,28,2025-01-20 21:52:41.476147,94,0.24,Completed
330,154.0,31,2025-01-20 23:20:06.480648,75,0.01,Pending
331,425.0,11,2025-01-21 00:47:31.485148,20,0.22,Completed
332,291.0,23,2025-01-21 02:14:56.489648,20,0.08,Completed
333,63.0,2,2025-01-21 03:42:21.494149,9,0.28,Completed
334,244.0,40,2025-01-21 05:09:46.498649,72,0.16,Cancelled
335,25.0,41,2025-01-21 06:37:11.503150,15,0.01,Completed
336,90.0,27,2025-01-21 08:04:36.507650,98,0.12,Completed
337,75.0,35,2025-01-21 09:32:01.512151,88,0.29,Completed
338,294.0,2,2025-01-21 10:59:26.516651,97,0.22,Completed
339,386.0,39,2025-01-21 12:26:51.521152,63,0.09,Cancelled
340,391.0,37,2025-01-21 13:54:16.525652,91,0.17,Completed
341,210.0,21,2025-01-21 15:21:41.530153,21,0.18,Pending
342,475.0,5,2025-01-21 16:49:06.534653,5,0.01,Completed
343,418.0,45,2025-01-21 18:16:31.539153,35,0.05,Completed
344,347.0,21,2025-01-21 19:43:56.543654,85,0.17,Completed
345,17.0,29,2025-01-21 21:11:21.548154,68,0.12,Completed
346,128.0,20,2025-01-21 22:38:46.552655,48,0.06,Completed
347,427.0,38,2025-01-22 00:06:11.557155,80,0.23,Completed
348,443.0,20,2025-01-22 01:33:36.561656,95,0.15,Completed
349,364.0,50,2025-01-22 03:01:01.566156,90,0.09,Pending
350,251.0,25,2025-01-22 04:28:26.570657,62,0.05,Completed
351,179.0,2,2025-01-22 05:55:51.575157,35,0.18,Completed
352,182.0,32,2025-01-22 07:23:16.579657,70,0.2,Pending
353,152.0,26,2025-01-22 08:50:41.584158,97,0.2,Completed
354,25.0,6,2025-01-22 10:18:06.588658,21,0.07,Completed
355,455.0,41,2025-01-22 11:45:31.593159,80,0.18,Completed
356,180.0,3,2025-01-22 13:12:56.597659,39,0.27,Completed
357,198.0,33,2025-01-22 14:40:21.602160,34,0.11,Pending
358,344.0,1,2025-01-22 16:07:46.606660,15,0.06,Completed
359,161.0,5,2025-01-22 17:35:11.611161,6,0.23,Completed
360,177.0,13,2025-01-22 19:02:36.615661,66,0.05,Completed
361,285.0,19,2025-01-22 20:30:01.620162,88,0.08,Completed
362,63.0,12,2025-01-22 21:57:26.624662,56,0.03,Completed
363,491.0,48,2025-01-22 23:24:51.629162,49,0.08,Completed
364,150.0,25,2025-01-23 00:52:16.633663,92,0.12,Completed
365,154.0,35,2025-01-23 02:19:41.638163,1,0.02,Pending
366,156.0,12,2025-01-23 03:47:06.642664,65,0.26,Completed
367,370.0,30,2025-01-23 05:14:31.647164,28,0.15,Completed
368,469.0,5,2025-01-23 06:41:56.651665,100,0.18,Completed
369,49.0,34,2025-01-23 08:09:21.656165,20,0.11,Completed
370,455.0,22,2025-01-23 09:36:46.660666,48,0.2,Completed
371,337.0,39,2025-01-23 11:04:11.665166,72,0.13,Completed
372,84.0,13,2025-01-23 12:31:36.669666,65,0.23,Completed
373,361.0,47,2025-01-23 13:59:01.674167,90,0.25,Pending
374,177.0,3,2025-01-23 15:26:26.678667,51,0.2,Completed
375,148.0,20,2025-01-23 16:53:51.683168,43,0.15,Pending
376,118.0,31,2025-01-23 18:21:16.687668,49,0.23,Cancelled
377,342.0,5,2025-01-23 19:48:41.692169,25,0.15,Completed
378,476.0,24,2025-01-23 21:16:06.696669,74,0.03,Pending
379,63.0,40,2025-01-23 22:43:31.701170,76,0.03,Completed
380,189.0,33,2025-01-24 00:10:56.705670,41,0.28,Completed
381,360.0,8,2025-01-24 01:38:21.710171,71,0.06,Completed
382,49.0,24,2025-01-24 03:05:46.714671,64,0.24,Completed
383,327.0,50,2025-01-24 04:33:11.719171,61,0.07,Pending
384,257.0,20,2025-01-24 06:00:36.723672,12,0.13,Completed
385,224.0,16,2025-01-24 07:28:01.728172,81,0.2,Completed
386,141.0,50,2025-01-24 08:55:26.732673,69,0.05,Completed
387,478.0,12,2025-01-24 10:22:51.737173,14,0.22,Completed
388,215.0,13,2025-01-24 11:50:16.741674,34,0.21,Completed
389,435.0,45,2025-01-24 13:17:41.746174,48,0.16,Pending
390,379.0,42,2025-01-24 14:45:06.750675,61,0.17,Pending
391,440.0,39,2025-01-24 16:12:31.755175,81,0.03,Completed
392,211.0,25,2025-01-24 17:39:56.759675,35,0.13,Completed
393,318.0,46,2025-01-24 19:07:21.764176,65,0.03,Completed
394,32.0,32,2025-01-24 20:34:46.768676,59,0.09,Completed
395,158.0,24,2025-01-24 22:02:11.773177,36,0.27,Completed
396,285.0,48,2025-01-24 23:29:36.777677,79,0.17,Pending
397,305.0,47,2025-01-25 00:57:01.782178,19,0.22,Completed
398,429.0,44,2025-01-25 02:24:26.786678,42,0.17,Completed
399,477.0,9,2025-01-25 03:51:51.791179,69,0.06,Completed
400,286.0,40,2025-01-25 05:19:16.795679,19,0.18,Completed
401,144.0,50,2025-01-25 06:46:41.800180,39,0.23,Completed
402,424.0,23,2025-01-25 08:14:06.804680,69,0.04,Cancelled
403,19.0,50,2025-01-25 09:41:31.809180,52,0.25,Completed
404,18.0,13,2025-01-25 11:08:56.813681,12,0.17,Completed
405,257.0,32,2025-01-25 12:36:21.818181,83,0.0,Completed
406,78.0,50,2025-01-25 14:03:46.822682,47,0.16,Pending
407,371.0,15,2025-01-25 15:31:11.827182,76,0.12,Completed
408,175.0,36,2025-01-25 16:58:36.831683,36,0.09,Completed
409,498.0,49,2025-01-25 18:26:01.836183,63,0.23,Completed
410,194.0,5,2025-01-25 19:53:26.840684,76,0.27,Completed
411,476.0,22,2025-01-25 21:20:51.845184,82,0.23,Completed
412,113.0,16,2025-01-25 22:48:16.849684,51,0.25,Pending
413,114.0,41,2025-01-26 00:15:41.854185,43,0.27,Completed
414,222.0,10,2025-01-26 01:43:06.858685,34,0.27,Completed
415,166.0,24,2025-01-26 03:10:31.863186,97,0.03,Completed
416,435.0,18,2025-01-26 04:37:56.867686,49,0.14,Completed
417,319.0,49,2025-01-26 06:05:21.872187,18,0.0,Completed
418,132.0,18,2025-01-26 07:32:46.876687,61,0.15,Completed
419,385.0,7,2025-01-26 09:00:11.881188,57,0.28,Completed
420,264.0,4,2025-01-26 10:27:36.885688,93,0.06,Completed
421,413.0,26,2025-01-26 11:55:01.890189,5,0.19,Pending
422,55.0,5,2025-01-26 13:22:26.894689,89,0.19,Completed
423,359.0,16,2025-01-26 14:49:51.899189,24,0.05,Pending
424,131.0,35,2025-01-26 16:17:16.903690,93,0.07,Completed
425,288.0,26,2025-01-26 17:44:41.908190,64,0.14,Completed
426,266.0,18,2025-01-26 19:12:06.912691,59,0.06,Completed
427,458.0,29,2025-01-26 20:39:31.917191,38,0.18,Completed
428,467.0,23,2025-01-26 22:06:56.921692,33,0.15,Completed
429,366.0,14,2025-01-26 23:34:21.926192,10,0.16,Completed
430,162.0,15,2025-01-27 01:01:46.930693,37,0.04,Completed
431,380.0,49,2025-01-27 02:29:11.935193,97,0.16,Completed
432,481.0,33,2025-01-27 03:56:36.939693,87,0.01,Completed
433,87.0,25,2025-01-27 05:24:01.944194,11,0.26,Pending
434,55.0,21,2025-01-27 06:51:26.948694,24,0.1,Completed
435,476.0,17,2025-01-27 08:18:51.953195,88,0.26,Completed
436,288.0,23,2025-01-27 09:46:16.957695,71,0.21,Completed
437,178.0,43,2025-01-27 11:13:41.962196,21,0.23,Completed
438,391.0,17,2025-01-27 12:41:06.966696,20,0.09,Completed
439,349.0,14,2025-01-27 14:08:31.971197,10,0.07,Completed
440,8.0,29,2025-01-27 15:35:56.975697,89,0.12,Pending
441,321.0,20,2025-01-27 17:03:21.980198,47,0.01,Completed
442,313.0,30,2025-01-27 18:30:46.984698,100,0.28,Completed
443,247.0,19,2025-01-27 19:58:11.989198,47,0.12,Completed
444,323.0,39,2025-01-27 21:25:36.993699,15,0.3,Pending
445,472.0,13,2025-01-27 22:53:01.998199,44,0.23,Completed
446,471.0,18,2025-01-28 00:20:27.002700,62,0.02,Completed
447,443.0,23,2025-01-28 01:47:52.007200,6,0.2,Completed
448,255.0,46,2025-01-28 03:15:17.011701,66,0.08,Completed
449,328.0,33,2025-01-28 04:42:42.016201,76,0.07,Completed
450,54.0,39,2025-01-28 06:10:07.020702,4,0.08,Completed
451,249.0,40,2025-01-28 07:37:32.025202,23,0.27,Completed
452,239.0,18,2025-01-28 09:04:57.029702,13,0.15,Pending
453,229.0,9,2025-01-28 10:32:22.034203,81,0.2,Completed
454,67.0,33,2025-01-28 11:59:47.038703,31,0.08,Completed
455,51.0,32,2025-01-28 13:27:12.043204,16,0.16,Completed
456,97.0,17,2025-01-28 14:54:37.047704,41,0.11,Completed
457,92.0,19,2025-01-28 16:22:02.052205,90,0.1,Completed
458,495.0,27,2025-01-28 17:49:27.056705,92,0.07,Completed
459,264.0,6,2025-01-28 19:16:52.061206,1,0.12,Pending
460,418.0,35,2025-01-28 20:44:17.065706,12,0.2,Completed
461,291.0,37,2025-01-28 22:11:42.070207,56,0.07,Completed
462,96.0,34,2025-01-28 23:39:07.074707,50,0.29,Completed
463,88.0,20,2025-01-29 01:06:32.079207,20,0.04,Completed
464,78.0,25,2025-01-29 02:33:57.083708,66,0.14,Completed
465,288.0,4,2025-01-29 04:01:22.088208,36,0.03,Completed
466,120.0,10,2025-01-29 05:28:47.092709,79,0.01,Completed
467,302.0,10,2025-01-29 06:56:12.097209,38,0.28,Pending
468,491.0,24,2025-01-29 08:23:37.101710,22,0.24,Completed
469,400.0,21,2025-01-29 09:51:02.106210,61,0.21,Completed
470,452.0,11,2025-01-29 11:18:27.110711,50,0.26,Completed
471,500.0,27,2025-01-29 12:45:52.115211,96,0.24,Pending
472,165.0,16,2025-01-29 14:13:17.119711,59,0.19,Completed
473,182.0,26,2025-01-29 15:40:42.124212,20,0.25,Cancelled
474,469.0,30,2025-01-29 17:08:07.128712,36,0.12,Completed
475,398.0,49,2025-01-29 18:35:32.133213,97,0.17,Pending
476,223.0,16,2025-01-29 20:02:57.137713,15,0.23,Completed
477,311.0,7,2025-01-29 21:30:22.142214,62,0.03,Completed
478,432.0,16,2025-01-29 22:57:47.146714,3,0.26,Cancelled
479,466.0,35,2025-01-30 00:25:12.151215,93,0.05,Completed
480,7.0,16,2025-01-30 01:52:37.155715,91,0.26,Completed
481,330.0,40,2025-01-30 03:20:02.160216,5,0.09,Pending
482,263.0,12,2025-01-30 04:47:27.164716,56,0.1,Completed
483,161.0,35,2025-01-30 06:14:52.169216,31,0.02,Completed
484,151.0,49,2025-01-30 07:42:17.173717,86,0.27,Completed
485,85.0,21,2025-01-30 09:09:42.178217,35,0.05,Completed
486,147.0,50,2025-01-30 10:37:07.182718,71,0.19,Pending
487,112.0,43,2025-01-30 12:04:32.187218,70,0.19,Completed
488,381.0,36,2025-01-30 13:31:57.191719,26,0.08,Completed
489,403.0,48,2025-01-30 14:59:22.196219,1,0.3,Pending
490,36.0,17,2025-01-30 16:26:47.200720,83,0.02,Cancelled
491,285.0,32,2025-01-30 17:54:12.205220,7,0.18,Completed
492,188.0,41,2025-01-30 19:21:37.209720,36,0.14,Completed
493,82.0,6,2025-01-30 20:49:02.214221,76,0.07,Completed
494,2.0,24,2025-01-30 22:16:27.218721,84,0.05,Pending
495,385.0,27,2025-01-30 23:43:52.223222,87,0.22,Completed
496,303.0,20,2025-01-31 01:11:17.227722,25,0.27,Pending
497,197.0,25,2025-01-31 02:38:42.232223,94,0.03,Cancelled
498,404.0,2,2025-01-31 04:06:07.236723,59,0.06,Completed
499,11.0,9,2025-01-31 05:33:32.241224,61,0.3,Completed
500,234.0,28,2025-01-31 07:00:57.245724,29,0.0,Completed
501,386.0,38,2025-01-31 08:28:22.250225,95,0.15,Completed
502,195.0,3,2025-01-31 09:55:47.254725,18,0.15,Completed
503,471.0,20,2025-01-31 11:23:12.259225,41,0.08,Completed
504,119.0,6,2025-01-31 12:50:37.263726,19,0.2,Completed
505,396.0,39,2025-01-31 14:18:02.268226,4,0.28,Cancelled
506,20.0,33,2025-01-31 15:45:27.272727,65,0.14,Completed
507,261.0,1,2025-01-31 17:12:52.277227,41,0.22,Completed
508,293.0,37,2025-01-31 18:40:17.281728,15,0.19,Pending
509,422.0,6,2025-01-31 20:07:42.286228,54,0.14,Completed
510,256.0,45,2025-01-31 21:35:07.290729,64,0.01,Completed
511,222.0,34,2025-01-31 23:02:32.295229,72,0.22,Completed
512,393.0,47,2025-02-01 00:29:57.299729,15,0.11,Pending
513,226.0,15,2025-02-01 01:57:22.304230,79,0.07,Completed
514,53.0,45,2025-02-01 03:24:47.308730,50,0.28,Completed
515,428.0,26,2025-02-01 04:52:12.313231,22,0.23,Cancelled
516,355.0,14,2025-02-01 06:19:37.317731,18,0.29,Completed
517,500.0,7,2025-02-01 07:47:02.322232,80,0.08,Completed
518,342.0,46,2025-02-01 09:14:27.326732,2,0.25,Completed
519,364.0,31,2025-02-01 10:41:52.331233,36,0.18,Completed
520,280.0,24,2025-02-01 12:09:17.335733,20,0.29,Completed
521,81.0,31,2025-02-01 13:36:42.340234,16,0.28,Completed
522,202.0,29,2025-02-01 15:04:07.344734,67,0.29,Pending
523,158.0,42,2025-02-01 16:31:32.349234,30,0.29,Pending
524,120.0,32,2025-02-01 17:58:57.353735,55,0.0,Completed
525,59.0,17,2025-02-01 19:26:22.358235,66,0.22,Completed
526,494.0,14,2025-02-01 20:53:47.362736,99,0.08,Completed
527,215.0,40,2025-02-01 22:21:12.367236,26,0.21,Completed
528,128.0,36,2025-02-01 23:48:37.371737,57,0.29,Completed
529,224.0,48,2025-02-02 01:16:02.376237,69,0.01,Completed
530,209.0,24,2025-02-02 02:43:27.380738,2,0.17,Completed
531,370.0,45,2025-02-02 04:10:52.385238,56,0.22,Completed
532,115.0,27,2025-02-02 05:38:17.389738,84,0.08,Completed
533,209.0,25,2025-02-02 07:05:42.394239,62,0.07,Completed
534,14.0,32,2025-02-02 08:33:07.398739,34,0.02,Completed
535,9.0,18,2025-02-02 10:00:32.403240,98,0.03,Completed
536,40.0,46,2025-02-02 11:27:57.407740,56,0.2,Completed
537,450.0,18,2025-02-02 12:55:22.412241,55,0.15,Completed
538,237.0,37,2025-02-02 14:22:47.416741,20,0.01,Completed
539,281.0,26,2025-02-02 15:50:12.421242,50,0.29,Completed
540,359.0,9,2025-02-02 17:17:37.425742,25,0.2,Completed
541,201.0,35,2025-02-02 18:45:02.430243,84,0.15,Completed
542,246.0,8,2025-02-02 20:12:27.434743,25,0.08,Completed
543,278.0,20,2025-02-02 21:39:52.439243,53,0.2,Completed
544,235.0,42,2025-02-02 23:07:17.443744,14,0.11,Completed
545,494.0,22,2025-02-03 00:34:42.448244,60,0.21,Completed
546,4.0,19,2025-02-03 02:02:07.452745,43,0.2,Pending
547,154.0,30,2025-02-03 03:29:32.457245,62,0.03,Pending
548,442.0,28,2025-02-03 04:56:57.461746,76,0.27,Completed
549,29.0,35,2025-02-03 06:24:22.466246,69,0.15,Completed
550,109.0,43,2025-02-03 07:51:47.470747,63,0.12,Completed
551,98.0,11,2025-02-03 09:19:12.475247,2,0.29,Completed
552,215.0,31,2025-02-03 10:46:37.479747,54,0.13,Pending
553,293.0,49,2025-02-03 12:14:02.484248,16,0.22,Completed
554,75.0,48,2025-02-03 13:41:27.488748,55,0.2,Completed
555,326.0,39,2025-02-03 15:08:52.493249,94,0.05,Completed
556,146.0,36,2025-02-03 16:36:17.497749,43,0.3,Completed
557,128.0,30,2025-02-03 18:03:42.502250,61,0.14,Completed
558,341.0,23,2025-02-03 19:31:07.506750,38,0.12,Completed
559,42.0,19,2025-02-03 20:58:32.511251,45,0.28,Completed
560,356.0,12,2025-02-03 22:25:57.515751,51,0.16,Cancelled
561,41.0,15,2025-02-03 23:53:22.520252,42,0.21,Completed
562,422.0,31,2025-02-04 01:20:47.524752,24,0.25,Pending
563,34.0,43,2025-02-04 02:48:12.529252,30,0.07,Pending
564,17.0,37,2025-02-04 04:15:37.533753,37,0.05,Pending
565,165.0,37,2025-02-04 05:43:02.538253,53,0.02,Completed
566,153.0,15,2025-02-04 07:10:27.542754,63,0.27,Completed
567,486.0,29,2025-02-04 08:37:52.547254,11,0.06,Completed
568,378.0,50,2025-02-04 10:05:17.551755,78,0.09,Cancelled
569,76.0,43,2025-02-04 11:32:42.556255,23,0.09,Pending
570,87.0,26,2025-02-04 13:00:07.560756,80,0.09,Completed
571,117.0,44,2025-02-04 14:27:32.565256,50,0.2,Completed
572,362.0,2,2025-02-04 15:54:57.569756,85,0.29,Completed
573,342.0,20,2025-02-04 17:22:22.574257,55,0.1,Completed
574,469.0,15,2025-02-04 18:49:47.578757,55,0.12,Pending
575,27.0,4,2025-02-04 20:17:12.583258,4,0.23,Pending
576,313.0,22,2025-02-04 21:44:37.587758,97,0.13,Completed
577,287.0,50,2025-02-04 23:12:02.592259,54,0.28,Completed
578,134.0,38,2025-02-05 00:39:27.596759,61,0.15,Completed
579,219.0,23,2025-02-05 02:06:52.601260,78,0.1,Completed
580,168.0,26,2025-02-05 03:34:17.605760,83,0.29,Pending
581,98.0,11,2025-02-05 05:01:42.610261,5,0.13,Pending
582,268.0,28,2025-02-05 06:29:07.614761,100,0.07,Completed
583,237.0,2,2025-02-05 07:56:32.619261,95,0.05,Completed
584,309.0,8,2025-02-05 09:23:57.623762,18,0.3,Completed
585,455.0,29,2025-02-05 10:51:22.628262,44,0.23,Pending
586,394.0,11,2025-02-05 12:18:47.632763,31,0.12,Completed
587,173.0,37,2025-02-05 13:46:12.637263,94,0.25,Completed
588,401.0,18,2025-02-05 15:13:37.641764,21,0.16,Completed
589,410.0,50,2025-02-05 16:41:02.646264,47,0.1,Pending
590,469.0,14,2025-02-05 18:08:27.650765,30,0.22,Completed
591,476.0,10,2025-02-05 19:35:52.655265,55,0.22,Completed
592,190.0,35,2025-02-05 21:03:17.659765,68,0.15,Completed
593,122.0,9,2025-02-05 22:30:42.664266,69,0.01,Completed
594,46.0,35,2025-02-05 23:58:07.668766,41,0.02,Completed
595,64.0,11,2025-02-06 01:25:32.673267,45,0.24,Completed
596,130.0,44,2025-02-06 02:52:57.677767,74,0.25,Completed
597,310.0,12,2025-02-06 04:20:22.682268,91,0.2,Completed
598,363.0,3,2025-02-06 05:47:47.686768,80,0.25,Completed
599,193.0,39,2025-02-06 07:15:12.691269,30,0.22,Pending
600,307.0,14,2025-02-06 08:42:37.695769,77,0.27,Completed
601,181.0,28,2025-02-06 10:10:02.700270,100,0.05,Pending
602,292.0,11,2025-02-06 11:37:27.704770,85,0.12,Completed
603,371.0,39,2025-02-06 13:04:52.709270,45,0.14,Completed
604,282.0,25,2025-02-06 14:32:17.713771,45,0.09,Completed
605,29.0,21,2025-02-06 15:59:42.718271,79,0.22,Completed
606,149.0,10,2025-02-06 17:27:07.722772,84,0.27,Completed
607,267.0,43,2025-02-06 18:54:32.727272,84,0.12,Completed
608,296.0,15,2025-02-06 20:21:57.731773,45,0.28,Completed
609,11.0,19,2025-02-06 21:49:22.736273,55,0.16,Pending
610,164.0,48,2025-02-06 23:16:47.740774,59,0.16,Completed
611,113.0,22,2025-02-07 00:44:12.745274,5,0.18,Completed
612,187.0,21,2025-02-07 02:11:37.749774,32,0.08,Completed
613,295.0,44,2025-02-07 03:39:02.754275,6,0.12,Pending
614,232.0,32,2025-02-07 05:06:27.758775,94,0.17,Completed
615,227.0,50,2025-02-07 06:33:52.763276,26,0.28,Completed
616,310.0,23,2025-02-07 08:01:17.767776,37,0.19,Completed
617,98.0,13,2025-02-07 09:28:42.772277,13,0.1,Cancelled
618,55.0,5,2025-02-07 10:56:07.776777,93,0.0,Completed
619,111.0,4,2025-02-07 12:23:32.781278,69,0.29,Cancelled
620,152.0,28,2025-02-07 13:50:57.785778,25,0.15,Completed
621,246.0,14,2025-02-07 15:18:22.790279,13,0.28,Completed
622,406.0,8,2025-02-07 16:45:47.794779,88,0.16,Completed
623,69.0,9,2025-02-07 18:13:12.799279,95,0.18,Completed
624,312.0,35,2025-02-07 19:40:37.803780,20,0.21,Completed
625,289.0,37,2025-02-07 21:08:02.808280,72,0.1,Completed
626,250.0,21,2025-02-07 22:35:27.812781,60,0.21,Completed
627,36.0,18,2025-02-08 00:02:52.817281,73,0.16,Completed
628,239.0,33,2025-02-08 01:30:17.821782,21,0.2,Completed
629,148.0,8,2025-02-08 02:57:42.826282,61,0.25,Completed
630,467.0,49,2025-02-08 04:25:07.830783,84,0.06,Completed
631,227.0,17,2025-02-08 05:52:32.835283,79,0.18,Completed
632,244.0,43,2025-02-08 07:19:57.839783,26,0.02,Completed
633,491.0,31,2025-02-08 08:47:22.844284,54,0.03,Completed
634,337.0,34,2025-02-08 10:14:47.848784,42,0.2,Pending
635,446.0,6,2025-02-08 11:42:12.853285,11,0.02,Completed
636,365.0,22,2025-02-08 13:09:37.857785,37,0.18,Completed
637,491.0,14,2025-02-08 14:37:02.862286,11,0.07,Completed
638,482.0,3,2025-02-08 16:04:27.866786,27,0.09,Completed
639,201.0,12,2025-02-08 17:31:52.871287,94,0.04,Completed
640,154.0,36,2025-02-08 18:59:17.875787,83,0.07,Pending
641,450.0,12,2025-02-08 20:26:42.880288,34,0.25,Completed
642,73.0,45,2025-02-08 21:54:07.884788,38,0.19,Completed
643,201.0,2,2025-02-08 23:21:32.889288,61,0.28,Completed
644,296.0,2,2025-02-09 00:48:57.893789,87,0.01,Completed
645,17.0,15,2025-02-09 02:16:22.898289,53,0.24,Completed
646,129.0,23,2025-02-09 03:43:47.902790,65,0.21,Pending
647,217.0,29,2025-02-09 05:11:12.907290,3,0.08,Pending
648,61.0,17,2025-02-09 06:38:37.911791,67,0.22,Completed
649,427.0,32,2025-02-09 08:06:02.916291,28,0.21,Completed
650,104.0,7,2025-02-09 09:33:27.920792,14,0.14,Completed
651,42.0,30,2025-02-09 11:00:52.925292,52,0.21,Completed
652,25.0,28,2025-02-09 12:28:17.929792,30,0.13,Pending
653,39.0,14,2025-02-09 13:55:42.934293,58,0.1,Completed
654,291.0,44,2025-02-09 15:23:07.938793,54,0.14,Completed
655,131.0,30,2025-02-09 16:50:32.943294,69,0.27,Pending
656,498.0,17,2025-02-09 18:17:57.947794,15,0.12,Completed
657,229.0,32,2025-02-09 19:45:22.952295,38,0.12,Completed
658,108.0,46,2025-02-09 21:12:47.956795,78,0.18,Completed
659,172.0,6,2025-02-09 22:40:12.961296,14,0.23,Completed
660,435.0,24,2025-02-10 00:07:37.965796,57,0.22,Completed
661,478.0,6,2025-02-10 01:35:02.970297,59,0.01,Completed
662,102.0,27,2025-02-10 03:02:27.974797,8,0.21,Completed
663,354.0,18,2025-02-10 04:29:52.979297,72,0.14,Completed
664,12.0,24,2025-02-10 05:57:17.983798,19,0.16,Completed
665,275.0,37,2025-02-10 07:24:42.988298,32,0.17,Pending
666,101.0,24,2025-02-10 08:52:07.992799,95,0.22,Completed
667,44.0,38,2025-02-10 10:19:32.997299,29,0.25,Pending
668,443.0,34,2025-02-10 11:46:58.001800,41,0.19,Completed
669,305.0,40,2025-02-10 13:14:23.006300,75,0.17,Completed
670,445.0,47,2025-02-10 14:41:48.010801,45,0.11,Completed
671,17.0,15,2025-02-10 16:09:13.015301,13,0.04,Completed
672,330.0,11,2025-02-10 17:36:38.019801,27,0.29,Pending
673,57.0,22,2025-02-10 19:04:03.024302,19,0.14,Completed
674,311.0,24,2025-02-10 20:31:28.028802,26,0.17,Completed
675,497.0,1,2025-02-10 21:58:53.033303,53,0.23,Completed
676,303.0,18,2025-02-10 23:26:18.037803,51,0.02,Completed
677,12.0,44,2025-02-11 00:53:43.042304,37,0.26,Pending
678,318.0,12,2025-02-11 02:21:08.046804,9,0.24,Pending
679,80.0,43,2025-02-11 03:48:33.051305,92,0.23,Completed
680,216.0,28,2025-02-11 05:15:58.055805,96,0.01,Completed
681,339.0,40,2025-02-11 06:43:23.060306,52,0.16,Completed
682,264.0,7,2025-02-11 08:10:48.064806,54,0.02,Completed
683,479.0,23,2025-02-11 09:38:13.069306,3,0.17,Completed
684,149.0,21,2025-02-11 11:05:38.073807,96,0.22,Completed
685,81.0,34,2025-02-11 12:33:03.078307,69,0.04,Completed
686,215.0,11,2025-02-11 14:00:28.082808,8,0.21,Completed
687,485.0,22,2025-02-11 15:27:53.087308,14,0.13,Completed
688,374.0,42,2025-02-11 16:55:18.091809,3,0.24,Completed
689,464.0,35,2025-02-11 18:22:43.096309,24,0.16,Completed
690,198.0,29,2025-02-11 19:50:08.100810,13,0.1,Completed
691,200.0,42,2025-02-11 21:17:33.105310,43,0.1,Completed
692,25.0,28,2025-02-11 22:44:58.109810,29,0.27,Completed
693,466.0,18,2025-02-12 00:12:23.114311,72,0.14,Completed
694,89.0,14,2025-02-12 01:39:48.118811,51,0.12,Completed
695,268.0,18,2025-02-12 03:07:13.123312,42,0.01,Cancelled
696,143.0,28,2025-02-12 04:34:38.127812,31,0.11,Completed
697,59.0,24,2025-02-12 06:02:03.132313,63,0.25,Completed
698,410.0,8,2025-02-12 07:29:28.136813,26,0.23,Pending
699,489.0,42,2025-02-12 08:56:53.141314,18,0.07,Completed
700,365.0,45,2025-02-12 10:24:18.145814,82,0.12,Completed
701,26.0,8,2025-02-12 11:51:43.150315,57,0.06,Completed
702,47.0,4,2025-02-12 13:19:08.154815,7,0.29,Completed
703,288.0,27,2025-02-12 14:46:33.159315,48,0.18,Completed
704,266.0,36,2025-02-12 16:13:58.163816,80,0.23,Completed
705,16.0,5,2025-02-12 17:41:23.168316,60,0.21,Completed
706,199.0,33,2025-02-12 19:08:48.172817,33,0.26,Completed
707,401.0,49,2025-02-12 20:36:13.177317,3,0.28,Completed
708,407.0,34,2025-02-12 22:03:38.181818,4,0.01,Completed
709,282.0,30,2025-02-12 23:31:03.186318,100,0.29,Completed
710,469.0,8,2025-02-13 00:58:28.190819,4,0.26,Completed
711,86.0,39,2025-02-13 02:25:53.195319,42,0.11,Completed
712,250.0,47,2025-02-13 03:53:18.199819,9,0.25,Completed
713,391.0,26,2025-02-13 05:20:43.204320,51,0.22,Completed
714,270.0,37,2025-02-13 06:48:08.208820,17,0.24,Completed
715,335.0,34,2025-02-13 08:15:33.213321,17,0.07,Completed
716,117.0,7,2025-02-13 09:42:58.217821,97,0.19,Completed
717,7.0,40,2025-02-13 11:10:23.222322,20,0.01,Pending
718,137.0,28,2025-02-13 12:37:48.226822,14,0.25,Pending
719,371.0,39,2025-02-13 14:05:13.231323,22,0.29,Completed
720,176.0,39,2025-02-13 15:32:38.235823,52,0.2,Completed
721,328.0,28,2025-02-13 17:00:03.240324,27,0.15,Completed
722,498.0,14,2025-02-13 18:27:28.244824,43,0.22,Completed
723,315.0,50,2025-02-13 19:54:53.249324,3,0.1,Completed
724,215.0,38,2025-02-13 21:22:18.253825,88,0.19,Completed
725,477.0,4,2025-02-13 22:49:43.258325,94,0.22,Completed
726,82.0,42,2025-02-14 00:17:08.262826,8,0.04,Pending
727,223.0,18,2025-02-14 01:44:33.267326,86,0.04,Completed
728,478.0,44,2025-02-14 03:11:58.271827,89,0.21,Completed
729,372.0,48,2025-02-14 04:39:23.276327,10,0.13,Completed
730,423.0,25,2025-02-14 06:06:48.280828,29,0.27,Completed
731,483.0,7,2025-02-14 07:34:13.285328,40,0.09,Completed
732,402.0,38,2025-02-14 09:01:38.289828,65,0.01,Cancelled
733,443.0,28,2025-02-14 10:29:03.294329,21,0.19,Pending
734,490.0,5,2025-02-14 11:56:28.298829,24,0.21,Completed
735,103.0,3,2025-02-14 13:23:53.303330,73,0.17,Completed
736,273.0,44,2025-02-14 14:51:18.307830,60,0.2,Completed
737,14.0,31,2025-02-14 16:18:43.312331,26,0.16,Cancelled
738,159.0,47,2025-02-14 17:46:08.316831,9,0.21,Pending
739,152.0,42,2025-02-14 19:13:33.321332,20,0.01,Completed
740,483.0,20,2025-02-14 20:40:58.325832,56,0.11,Completed
741,108.0,19,2025-02-14 22:08:23.330333,99,0.06,Completed
742,188.0,48,2025-02-14 23:35:48.334833,36,0.03,Completed
743,301.0,11,2025-02-15 01:03:13.339333,36,0.07,Pending
744,98.0,40,2025-02-15 02:30:38.343834,73,0.06,Completed
745,131.0,3,2025-02-15 03:58:03.348334,22,0.29,Pending
746,293.0,23,2025-02-15 05:25:28.352835,1,0.09,Completed
747,171.0,7,2025-02-15 06:52:53.357335,69,0.07,Completed
748,424.0,23,2025-02-15 08:20:18.361836,73,0.25,Completed
749,474.0,7,2025-02-15 09:47:43.366336,37,0.13,Completed
750,183.0,46,2025-02-15 11:15:08.370837,83,0.13,Completed
751,471.0,34,2025-02-15 12:42:33.375337,72,0.13,Completed
752,364.0,42,2025-02-15 14:09:58.379837,96,0.12,Completed
753,39.0,19,2025-02-15 15:37:23.384338,13,0.1,Completed
754,15.0,9,2025-02-15 17:04:48.388838,84,0.09,Completed
755,376.0,48,2025-02-15 18:32:13.393339,100,0.26,Pending
756,497.0,18,2025-02-15 19:59:38.397839,43,0.05,Completed
757,4.0,41,2025-02-15 21:27:03.402340,37,0.05,Completed
758,349.0,48,2025-02-15 22:54:28.406840,94,0.17,Completed
759,470.0,45,2025-02-16 00:21:53.411341,74,0.1,Completed
760,409.0,42,2025-02-16 01:49:18.415841,95,0.13,Completed
761,397.0,25,2025-02-16 03:16:43.420342,25,0.24,Pending
762,210.0,14,2025-02-16 04:44:08.424842,93,0.27,Completed
763,161.0,44,2025-02-16 06:11:33.429342,88,0.24,Completed
764,16.0,25,2025-02-16 07:38:58.433843,21,0.07,Completed
765,493.0,19,2025-02-16 09:06:23.438343,41,0.29,Completed
766,426.0,39,2025-02-16 10:33:48.442844,73,0.11,Pending
767,108.0,15,2025-02-16 12:01:13.447344,42,0.05,Pending
768,382.0,16,2025-02-16 13:28:38.451845,42,0.15,Completed
769,450.0,27,2025-02-16 14:56:03.456345,2,0.22,Completed
770,311.0,40,2025-02-16 16:23:28.460846,68,0.02,Completed
771,227.0,10,2025-02-16 17:50:53.465346,8,0.19,Completed
772,170.0,4,2025-02-16 19:18:18.469846,96,0.26,Completed
773,34.0,19,2025-02-16 20:45:43.474347,61,0.08,Completed
774,414.0,28,2025-02-16 22:13:08.478847,14,0.21,Pending
775,251.0,21,2025-02-16 23:40:33.483348,77,0.12,Completed
776,247.0,47,2025-02-17 01:07:58.487848,21,0.12,Completed
777,269.0,14,2025-02-17 02:35:23.492349,24,0.08,Completed
778,141.0,33,2025-02-17 04:02:48.496849,50,0.19,Completed
779,274.0,48,2025-02-17 05:30:13.501350,82,0.11,Completed
780,416.0,10,2025-02-17 06:57:38.505850,45,0.25,Pending
781,96.0,19,2025-02-17 08:25:03.510351,64,0.29,Completed
782,227.0,30,2025-02-17 09:52:28.514851,64,0.28,Pending
783,379.0,22,2025-02-17 11:19:53.519351,26,0.05,Completed
784,39.0,3,2025-02-17 12:47:18.523852,32,0.0,Cancelled
785,302.0,37,2025-02-17 14:14:43.528352,57,0.13,Completed
786,500.0,41,2025-02-17 15:42:08.532853,53,0.22,Completed
787,29.0,18,2025-02-17 17:09:33.537353,33,0.29,Completed
788,446.0,11,2025-02-17 18:36:58.541854,52,0.24,Pending
789,497.0,48,2025-02-17 20:04:23.546354,95,0.17,Completed
790,477.0,2,2025-02-17 21:31:48.550855,18,0.01,Completed
791,318.0,12,2025-02-17 22:59:13.555355,35,0.25,Completed
792,245.0,6,2025-02-18 00:26:38.559855,12,0.05,Completed
793,236.0,43,2025-02-18 01:54:03.564356,51,0.02,Completed
794,185.0,40,2025-02-18 03:21:28.568856,89,0.26,Completed
795,272.0,44,2025-02-18 04:48:53.573357,95,0.17,Completed
796,440.0,29,2025-02-18 06:16:18.577857,10,0.04,Completed
797,236.0,30,2025-02-18 07:43:43.582358,52,0.12,Completed
798,239.0,2,2025-02-18 09:11:08.586858,34,0.03,Pending
799,377.0,9,2025-02-18 10:38:33.591359,67,0.19,Completed
800,266.0,47,2025-02-18 12:05:58.595859,39,0.08,Completed
801,414.0,2,2025-02-18 13:33:23.600360,8,0.26,Cancelled
802,409.0,29,2025-02-18 15:00:48.604860,96,0.11,Completed
803,359.0,33,2025-02-18 16:28:13.609360,29,0.15,Completed
804,340.0,10,2025-02-18 17:55:38.613861,22,0.02,Completed
805,389.0,34,2025-02-18 19:23:03.618361,84,0.08,Completed
806,65.0,44,2025-02-18 20:50:28.622862,70,0.2,Completed
807,478.0,8,2025-02-18 22:17:53.627362,61,0.22,Completed
808,177.0,37,2025-02-18 23:45:18.631863,43,0.07,Completed
809,3.0,33,2025-02-19 01:12:43.636363,49,0.15,Completed
810,429.0,47,2025-02-19 02:40:08.640864,29,0.25,Completed
811,142.0,6,2025-02-19 04:07:33.645364,81,0.11,Completed
812,376.0,44,2025-02-19 05:34:58.649864,31,0.04,Completed
813,158.0,40,2025-02-19 07:02:23.654365,53,0.13,Pending
814,498.0,45,2025-02-19 08:29:48.658865,34,0.18,Cancelled
815,324.0,19,2025-02-19 09:57:13.663366,38,0.0,Pending
816,146.0,32,2025-02-19 11:24:38.667866,57,0.1,Cancelled
817,446.0,27,2025-02-19 12:52:03.672367,4,0.18,Completed
818,293.0,1,2025-02-19 14:19:28.676867,2,0.29,Pending
819,153.0,43,2025-02-19 15:46:53.681368,12,0.12,Completed
820,432.0,33,2025-02-19 17:14:18.685868,35,0.05,Completed
821,193.0,40,2025-02-19 18:41:43.690369,70,0.16,Completed
822,437.0,32,2025-02-19 20:09:08.694869,72,0.09,Pending
823,494.0,5,2025-02-19 21:36:33.699369,21,0.06,Completed
824,463.0,17,2025-02-19 23:03:58.703870,61,0.18,Completed
825,73.0,8,2025-02-20 00:31:23.708370,35,0.27,Pending
826,399.0,42,2025-02-20 01:58:48.712871,48,0.25,Completed
827,305.0,34,2025-02-20 03:26:13.717371,15,0.05,Completed
828,377.0,9,2025-02-20 04:53:38.721872,71,0.23,Completed
829,344.0,23,2025-02-20 06:21:03.726372,15,0.07,Completed
830,452.0,35,2025-02-20 07:48:28.730873,6,0.09,Completed
831,140.0,50,2025-02-20 09:15:53.735373,81,0.28,Completed
832,187.0,7,2025-02-20 10:43:18.739873,68,0.27,Pending
833,293.0,15,2025-02-20 12:10:43.744374,22,0.05,Completed
834,61.0,20,2025-02-20 13:38:08.748874,32,0.02,Pending
835,485.0,50,2025-02-20 15:05:33.753375,22,0.09,Completed
836,427.0,25,2025-02-20 16:32:58.757875,27,0.17,Completed
837,380.0,3,2025-02-20 18:00:23.762376,15,0.26,Completed
838,198.0,46,2025-02-20 19:27:48.766876,44,0.04,Completed
839,295.0,24,2025-02-20 20:55:13.771377,86,0.12,Completed
840,440.0,34,2025-02-20 22:22:38.775877,92,0.08,Pending
841,319.0,46,2025-02-20 23:50:03.780378,9,0.0,Completed
842,302.0,22,2025-02-21 01:17:28.784878,34,0.24,Completed
843,344.0,11,2025-02-21 02:44:53.789378,100,0.24,Completed
844,11.0,48,2025-02-21 04:12:18.793879,73,0.07,Completed
845,62.0,8,2025-02-21 05:39:43.798379,15,0.05,Completed
846,333.0,39,2025-02-21 07:07:08.802880,62,0.04,Pending
847,226.0,43,2025-02-21 08:34:33.807380,45,0.14,Completed
848,153.0,35,2025-02-21 10:01:58.811881,84,0.07,Completed
849,199.0,49,2025-02-21 11:29:23.816381,72,0.15,Completed
850,52.0,46,2025-02-21 12:56:48.820882,58,0.12,Pending
851,260.0,38,2025-02-21 14:24:13.825382,92,0.06,Completed
852,59.0,8,2025-02-21 15:51:38.829882,19,0.23,Cancelled
853,72.0,37,2025-02-21 17:19:03.834383,16,0.05,Completed
854,148.0,27,2025-02-21 18:46:28.838883,75,0.24,Pending
855,349.0,28,2025-02-21 20:13:53.843384,8,0.17,Pending
856,63.0,40,2025-02-21 21:41:18.847884,33,0.25,Pending
857,310.0,34,2025-02-21 23:08:43.852385,74,0.0,Completed
858,373.0,32,2025-02-22 00:36:08.856885,18,0.22,Completed
859,243.0,15,2025-02-22 02:03:33.861386,35,0.02,Completed
860,493.0,44,2025-02-22 03:30:58.865886,43,0.29,Completed
861,366.0,17,2025-02-22 04:58:23.870387,50,0.21,Completed
862,330.0,33,2025-02-22 06:25:48.874887,3,0.1,Completed
863,107.0,47,2025-02-22 07:53:13.879387,91,0.1,Cancelled
864,226.0,46,2025-02-22 09:20:38.883888,59,0.26,Completed
865,313.0,16,2025-02-22 10:48:03.888388,28,0.27,Completed
866,218.0,29,2025-02-22 12:15:28.892889,46,0.27,Completed
867,425.0,9,2025-02-22 13:42:53.897389,64,0.24,Completed
868,241.0,33,2025-02-22 15:10:18.901890,70,0.25,Completed
869,259.0,49,2025-02-22 16:37:43.906390,47,0.17,Completed
870,376.0,29,2025-02-22 18:05:08.910891,14,0.01,Completed
871,262.0,13,2025-02-22 19:32:33.915391,7,0.03,Completed
872,5.0,21,2025-02-22 20:59:58.919891,74,0.19,Completed
873,261.0,21,2025-02-22 22:27:23.924392,79,0.12,Pending
874,54.0,5,2025-02-22 23:54:48.928892,31,0.17,Completed
875,47.0,10,2025-02-23 01:22:13.933393,93,0.07,Pending
876,215.0,6,2025-02-23 02:49:38.937893,81,0.19,Completed
877,177.0,13,2025-02-23 04:17:03.942394,51,0.07,Completed
878,9.0,1,2025-02-23 05:44:28.946894,29,0.14,Completed
879,99.0,20,2025-02-23 07:11:53.951395,15,0.14,Pending
880,20.0,47,2025-02-23 08:39:18.955895,90,0.05,Cancelled
881,378.0,46,2025-02-23 10:06:43.960396,76,0.26,Completed
882,241.0,8,2025-02-23 11:34:08.964896,25,0.16,Completed
883,61.0,10,2025-02-23 13:01:33.969396,61,0.26,Completed
884,379.0,9,2025-02-23 14:28:58.973897,41,0.08,Completed
885,490.0,49,2025-02-23 15:56:23.978397,69,0.05,Completed
886,419.0,41,2025-02-23 17:23:48.982898,4,0.01,Completed
887,178.0,3,2025-02-23 18:51:13.987398,57,0.03,Pending
888,338.0,11,2025-02-23 20:18:38.991899,31,0.04,Completed
889,62.0,12,2025-02-23 21:46:03.996399,3,0.02,Completed
890,145.0,10,2025-02-23 23:13:29.000900,67,0.27,Completed
891,216.0,25,2025-02-24 00:40:54.005400,90,0.27,Pending
892,3.0,49,2025-02-24 02:08:19.009900,50,0.28,Completed
893,160.0,49,2025-02-24 03:35:44.014401,17,0.29,Completed
894,227.0,25,2025-02-24 05:03:09.018901,60,0.15,Completed
895,486.0,11,2025-02-24 06:30:34.023402,74,0.16,Completed
896,269.0,36,2025-02-24 07:57:59.027902,66,0.04,Completed
897,120.0,39,2025-02-24 09:25:24.032403,88,0.04,Completed
898,381.0,26,2025-02-24 10:52:49.036903,75,0.23,Completed
899,495.0,14,2025-02-24 12:20:14.041404,24,0.26,Completed
900,89.0,39,2025-02-24 13:47:39.045904,99,0.24,Completed
901,329.0,40,2025-02-24 15:15:04.050405,87,0.25,Completed
902,68.0,1,2025-02-24 16:42:29.054905,32,0.08,Completed
903,398.0,4,2025-02-24 18:09:54.059405,87,0.14,Completed
904,357.0,30,2025-02-24 19:37:19.063906,98,0.14,Completed
905,98.0,12,2025-02-24 21:04:44.068406,19,0.3,Completed
906,267.0,35,2025-02-24 22:32:09.072907,66,0.28,Completed
907,105.0,13,2025-02-24 23:59:34.077407,60,0.18,Pending
908,440.0,31,2025-02-25 01:26:59.081908,66,0.04,Completed
909,323.0,38,2025-02-25 02:54:24.086408,15,0.08,Completed
910,123.0,43,2025-02-25 04:21:49.090909,85,0.11,Completed
911,476.0,23,2025-02-25 05:49:14.095409,35,0.26,Completed
912,29.0,4,2025-02-25 07:16:39.099909,69,0.05,Completed
913,137.0,16,2025-02-25 08:44:04.104410,27,0.07,Completed
914,195.0,7,2025-02-25 10:11:29.108910,88,0.1,Completed
915,409.0,22,2025-02-25 11:38:54.113411,7,0.28,Completed
916,226.0,29,2025-02-25 13:06:19.117911,6,0.15,Pending
917,332.0,11,2025-02-25 14:33:44.122412,33,0.19,Completed
918,170.0,33,2025-02-25 16:01:09.126912,58,0.12,Completed
919,9.0,29,2025-02-25 17:28:34.131413,49,0.06,Completed
920,463.0,39,2025-02-25 18:55:59.135913,17,0.07,Completed
921,40.0,12,2025-02-25 20:23:24.140414,42,0.24,Completed
922,25.0,7,2025-02-25 21:50:49.144914,94,0.27,Completed
923,261.0,39,2025-02-25 23:18:14.149414,72,0.15,Completed
924,395.0,42,2025-02-26 00:45:39.153915,40,0.11,Completed
925,443.0,48,2025-02-26 02:13:04.158415,46,0.24,Completed
926,226.0,26,2025-02-26 03:40:29.162916,71,0.2,Completed
927,472.0,40,2025-02-26 05:07:54.167416,70,0.01,Pending
928,124.0,9,2025-02-26 06:35:19.171917,68,0.11,Completed
929,463.0,41,2025-02-26 08:02:44.176417,1,0.2,Completed
930,38.0,34,2025-02-26 09:30:09.180918,79,0.17,Completed
931,328.0,45,2025-02-26 10:57:34.185418,95,0.29,Pending
932,251.0,13,2025-02-26 12:24:59.189918,89,0.26,Completed
933,389.0,36,2025-02-26 13:52:24.194419,97,0.02,Completed
934,176.0,25,2025-02-26 15:19:49.198919,52,0.22,Completed
935,90.0,24,2025-02-26 16:47:14.203420,35,0.1,Completed
936,402.0,44,2025-02-26 18:14:39.207920,69,0.2,Completed
937,454.0,17,2025-02-26 19:42:04.212421,5,0.19,Completed
938,37.0,2,2025-02-26 21:09:29.216921,100,0.15,Completed
939,316.0,13,2025-02-26 22:36:54.221422,17,0.26,Completed
940,176.0,31,2025-02-27 00:04:19.225922,53,0.21,Completed
941,461.0,29,2025-02-27 01:31:44.230423,52,0.27,Completed
942,284.0,50,2025-02-27 02:59:09.234923,14,0.08,Pending
943,453.0,28,2025-02-27 04:26:34.239423,29,0.1,Completed
944,461.0,27,2025-02-27 05:53:59.243924,8,0.19,Completed
945,81.0,15,2025-02-27 07:21:24.248424,98,0.29,Completed
946,114.0,31,2025-02-27 08:48:49.252925,1,0.11,Completed
947,40.0,40,2025-02-27 10:16:14.257425,29,0.01,Completed
948,301.0,15,2025-02-27 11:43:39.261926,36,0.13,Completed
949,224.0,33,2025-02-27 13:11:04.266426,51,0.16,Completed
950,318.0,20,2025-02-27 14:38:29.270927,37,0.24,Completed
951,349.0,42,2025-02-27 16:05:54.275427,93,0.22,Pending
952,115.0,12,2025-02-27 17:33:19.279927,69,0.29,Completed
953,186.0,37,2025-02-27 19:00:44.284428,53,0.23,Completed
954,323.0,9,2025-02-27 20:28:09.288928,96,0.09,Completed
955,56.0,23,2025-02-27 21:55:34.293429,52,0.19,Completed
956,40.0,8,2025-02-27 23:22:59.297929,88,0.2,Pending
957,354.0,32,2025-02-28 00:50:24.302430,83,0.3,Pending
958,40.0,48,2025-02-28 02:17:49.306930,12,0.04,Completed
959,347.0,14,2025-02-28 03:45:14.311431,52,0.06,Completed
960,461.0,27,2025-02-28 05:12:39.315931,1,0.05,Completed
961,237.0,25,2025-02-28 06:40:04.320432,7,0.18,Pending
962,289.0,13,2025-02-28 08:07:29.324932,17,0.04,Completed
963,262.0,21,2025-02-28 09:34:54.329432,98,0.2,Completed
964,216.0,45,2025-02-28 11:02:19.333933,43,0.24,Completed
965,147.0,31,2025-02-28 12:29:44.338433,71,0.13,Completed
966,336.0,37,2025-02-28 13:57:09.342934,17,0.17,Completed
967,168.0,48,2025-02-28 15:24:34.347434,59,0.27,Completed
968,92.0,43,2025-02-28 16:51:59.351935,3,0.17,Completed
969,353.0,5,2025-02-28 18:19:24.356435,29,0.06,Completed
970,59.0,13,2025-02-28 19:46:49.360936,22,0.1,Completed
971,59.0,28,2025-02-28 21:14:14.365436,38,0.16,Completed
972,304.0,43,2025-02-28 22:41:39.369936,54,0.05,Pending
973,169.0,25,2025-03-01 00:09:04.374437,93,0.18,Completed
974,269.0,35,2025-03-01 01:36:29.378937,50,0.3,Completed
975,363.0,47,2025-03-01 03:03:54.383438,69,0.2,Completed
976,45.0,39,2025-03-01 04:31:19.387938,30,0.11,Completed
977,345.0,7,2025-03-01 05:58:44.392439,23,0.1,Completed
978,181.0,38,2025-03-01 07:26:09.396939,85,0.28,Completed
979,170.0,32,2025-03-01 08:53:34.401440,90,0.26,Completed
980,356.0,3,2025-03-01 10:20:59.405940,47,0.14,Completed
981,191.0,45,2025-03-01 11:48:24.410441,21,0.11,Completed
982,155.0,39,2025-03-01 13:15:49.414941,20,0.21,Completed
983,422.0,37,2025-03-01 14:43:14.419441,23,0.09,Completed
984,188.0,50,2025-03-01 16:10:39.423942,68,0.04,Completed
985,7.0,22,2025-03-01 17:38:04.428442,21,0.09,Completed
986,133.0,8,2025-03-01 19:05:29.432943,21,0.13,Completed
987,235.0,17,2025-03-01 20:32:54.437443,1,0.08,Pending
988,45.0,27,2025-03-01 22:00:19.441944,15,0.07,Completed
989,314.0,33,2025-03-01 23:27:44.446444,17,0.0,Completed
990,249.0,46,2025-03-02 00:55:09.450945,51,0.19,Pending
991,499.0,17,2025-03-02 02:22:34.455445,63,0.18,Completed
992,31.0,42,2025-03-02 03:49:59.459945,14,0.06,Completed
993,23.0,12,2025-03-02 05:17:24.464446,59,0.28,Completed
994,426.0,48,2025-03-02 06:44:49.468946,83,0.12,Completed
995,394.0,46,2025-03-02 08:12:14.473447,50,0.01,Completed
996,160.0,27,2025-03-02 09:39:39.477947,34,0.07,Pending
997,363.0,48,2025-03-02 11:07:04.482448,6,0.21,Completed
998,437.0,8,2025-03-02 12:34:29.486948,49,0.06,Completed
999,158.0,23,2025-03-02 14:01:54.491449,6,0.02,Completed
1000,39.0,42,2025-03-02 15:29:19.495949,69,0.19,Completed
1001,415.0,49,2025-03-02 16:56:44.500450,7,0.16,Pending
1002,82.0,29,2025-03-02 18:24:09.504950,97,0.23,Completed
1003,356.0,50,2025-03-02 19:51:34.509450,77,0.23,Completed
1004,258.0,20,2025-03-02 21:18:59.513951,51,0.29,Completed
1005,206.0,16,2025-03-02 22:46:24.518451,1,0.02,Completed
1006,77.0,17,2025-03-03 00:13:49.522952,13,0.01,Completed
1007,477.0,16,2025-03-03 01:41:14.527452,43,0.3,Completed
1008,12.0,19,2025-03-03 03:08:39.531953,27,0.19,Completed
1009,295.0,8,2025-03-03 04:36:04.536453,71,0.21,Cancelled
1010,450.0,38,2025-03-03 06:03:29.540954,3,0.03,Completed
1011,224.0,38,2025-03-03 07:30:54.545454,58,0.02,Pending
1012,13.0,29,2025-03-03 08:58:19.549954,89,0.05,Completed
1013,46.0,41,2025-03-03 10:25:44.554455,97,0.13,Completed
1014,155.0,36,2025-03-03 11:53:09.558955,17,0.03,Pending
1015,113.0,26,2025-03-03 13:20:34.563456,45,0.13,Completed
1016,233.0,31,2025-03-03 14:47:59.567956,78,0.17,Pending
1017,17.0,44,2025-03-03 16:15:24.572457,58,0.0,Completed
1018,360.0,12,2025-03-03 17:42:49.576957,56,0.03,Pending
1019,223.0,17,2025-03-03 19:10:14.581458,54,0.11,Completed
1020,354.0,15,2025-03-03 20:37:39.585958,87,0.02,Pending
1021,188.0,9,2025-03-03 22:05:04.590459,88,0.04,Pending
1022,448.0,39,2025-03-03 23:32:29.594959,29,0.07,Completed
1023,344.0,42,2025-03-04 00:59:54.599459,54,0.13,Completed
1024,365.0,48,2025-03-04 02:27:19.603960,27,0.21,Completed
1025,163.0,12,2025-03-04 03:54:44.608460,45,0.04,Completed
1026,496.0,32,2025-03-04 05:22:09.612961,87,0.22,Completed
1027,326.0,25,2025-03-04 06:49:34.617461,31,0.26,Completed
1028,467.0,39,2025-03-04 08:16:59.621962,36,0.2,Completed
1029,414.0,18,2025-03-04 09:44:24.626462,81,0.01,Completed
1030,455.0,15,2025-03-04 11:11:49.630963,61,0.13,Completed
1031,74.0,32,2025-03-04 12:39:14.635463,37,0.2,Completed
1032,233.0,6,2025-03-04 14:06:39.639963,67,0.29,Completed
1033,224.0,44,2025-03-04 15:34:04.644464,36,0.29,Completed
1034,482.0,43,2025-03-04 17:01:29.648964,5,0.12,Completed
1035,319.0,35,2025-03-04 18:28:54.653465,46,0.18,Completed
1036,412.0,34,2025-03-04 19:56:19.657965,79,0.27,Completed
1037,60.0,38,2025-03-04 21:23:44.662466,52,0.25,Completed
1038,335.0,5,2025-03-04 22:51:09.666966,49,0.14,Pending
1039,222.0,18,2025-03-05 00:18:34.671467,6,0.08,Completed
1040,37.0,16,2025-03-05 01:45:59.675967,10,0.04,Completed
1041,477.0,8,2025-03-05 03:13:24.680468,96,0.15,Completed
1042,278.0,25,2025-03-05 04:40:49.684968,23,0.22,Completed
1043,196.0,32,2025-03-05 06:08:14.689468,17,0.29,Completed
1044,404.0,26,2025-03-05 07:35:39.693969,84,0.26,Pending
1045,352.0,22,2025-03-05 09:03:04.698469,44,0.06,Completed
1046,484.0,31,2025-03-05 10:30:29.702970,41,0.22,Completed
1047,242.0,43,2025-03-05 11:57:54.707470,15,0.09,Cancelled
1048,324.0,10,2025-03-05 13:25:19.711971,44,0.21,Completed
1049,219.0,12,2025-03-05 14:52:44.716471,58,0.2,Pending
1050,192.0,28,2025-03-05 16:20:09.720972,86,0.08,Pending
1051,17.0,6,2025-03-05 17:47:34.725472,50,0.07,Pending
1052,12.0,20,2025-03-05 19:14:59.729972,52,0.03,Pending
1053,406.0,5,2025-03-05 20:42:24.734473,70,0.02,Completed
1054,401.0,23,2025-03-05 22:09:49.738973,68,0.26,Completed
1055,394.0,9,2025-03-05 23:37:14.743474,63,0.01,Completed
1056,374.0,29,2025-03-06 01:04:39.747974,58,0.03,Cancelled
1057,193.0,16,2025-03-06 02:32:04.752475,23,0.07,Completed
1058,22.0,46,2025-03-06 03:59:29.756975,44,0.27,Completed
1059,474.0,22,2025-03-06 05:26:54.761476,83,0.1,Completed
1060,120.0,8,2025-03-06 06:54:19.765976,95,0.06,Completed
1061,210.0,20,2025-03-06 08:21:44.770477,44,0.21,Completed
1062,306.0,14,2025-03-06 09:49:09.774977,52,0.1,Pending
1063,270.0,39,2025-03-06 11:16:34.779477,67,0.1,Completed
1064,192.0,37,2025-03-06 12:43:59.783978,28,0.22,Completed
1065,175.0,50,2025-03-06 14:11:24.788478,67,0.08,Completed
1066,285.0,34,2025-03-06 15:38:49.792979,78,0.27,Completed
1067,204.0,11,2025-03-06 17:06:14.797479,18,0.17,Completed
1068,164.0,40,2025-03-06 18:33:39.801980,27,0.16,Completed
1069,251.0,33,2025-03-06 20:01:04.806480,51,0.08,Completed
1070,227.0,31,2025-03-06 21:28:29.810981,60,0.25,Completed
1071,436.0,44,2025-03-06 22:55:54.815481,74,0.17,Completed
1072,381.0,34,2025-03-07 00:23:19.819981,49,0.05,Completed
1073,460.0,50,2025-03-07 01:50:44.824482,15,0.06,Completed
1074,7.0,7,2025-03-07 03:18:09.828982,83,0.14,Completed
1075,29.0,49,2025-03-07 04:45:34.833483,73,0.23,Completed
1076,395.0,23,2025-03-07 06:12:59.837983,68,0.28,Completed
1077,33.0,46,2025-03-07 07:40:24.842484,15,0.2,Completed
1078,134.0,7,2025-03-07 09:07:49.846984,51,0.15,Completed
1079,367.0,25,2025-03-07 10:35:14.851485,48,0.08,Completed
1080,79.0,3,2025-03-07 12:02:39.855985,72,0.2,Completed
1081,416.0,38,2025-03-07 13:30:04.860486,1,0.29,Completed
1082,435.0,20,2025-03-07 14:57:29.864986,7,0.14,Pending
1083,459.0,34,2025-03-07 16:24:54.869486,53,0.05,Completed
1084,58.0,49,2025-03-07 17:52:19.873987,31,0.03,Pending
1085,471.0,44,2025-03-07 19:19:44.878487,18,0.08,Completed
1086,26.0,44,2025-03-07 20:47:09.882988,12,0.17,Completed
1087,482.0,30,2025-03-07 22:14:34.887488,48,0.28,Completed
1088,430.0,17,2025-03-07 23:41:59.891989,30,0.09,Completed
1089,226.0,10,2025-03-08 01:09:24.896489,97,0.09,Completed
1090,285.0,35,2025-03-08 02:36:49.900990,7,0.14,Completed
1091,4.0,20,2025-03-08 04:04:14.905490,92,0.28,Completed
1092,465.0,18,2025-03-08 05:31:39.909990,3,0.13,Completed
1093,99.0,45,2025-03-08 06:59:04.914491,63,0.07,Completed
1094,397.0,44,2025-03-08 08:26:29.918991,6,0.05,Completed
1095,489.0,27,2025-03-08 09:53:54.923492,95,0.14,Pending
1096,39.0,49,2025-03-08 11:21:19.927992,15,0.24,Pending
1097,271.0,36,2025-03-08 12:48:44.932493,71,0.09,Completed
1098,375.0,23,2025-03-08 14:16:09.936993,43,0.15,Pending
1099,285.0,32,2025-03-08 15:43:34.941494,94,0.18,Cancelled
1100,157.0,10,2025-03-08 17:10:59.945994,91,0.14,Completed
1101,75.0,11,2025-03-08 18:38:24.950495,81,0.06,Pending
1102,372.0,38,2025-03-08 20:05:49.954995,18,0.28,Completed
1103,288.0,6,2025-03-08 21:33:14.959495,22,0.17,Completed
1104,130.0,41,2025-03-08 23:00:39.963996,61,0.22,Completed
1105,175.0,47,2025-03-09 00:28:04.968496,61,0.19,Completed
1106,462.0,34,2025-03-09 01:55:29.972997,53,0.3,Pending
1107,84.0,36,2025-03-09 03:22:54.977497,26,0.14,Completed
1108,22.0,37,2025-03-09 04:50:19.981998,91,0.13,Completed
1109,459.0,17,2025-03-09 06:17:44.986498,40,0.11,Pending
1110,27.0,40,2025-03-09 07:45:09.990999,88,0.11,Pending
1111,195.0,40,2025-03-09 09:12:34.995499,8,0.08,Completed
1112,337.0,12,2025-03-09 10:40:00.000000,21,0.29,Pending
1113,382.0,21,2025-03-09 12:07:25.004500,93,0.26,Completed
1114,236.0,40,2025-03-09 13:34:50.009000,43,0.1,Completed
1115,440.0,19,2025-03-09 15:02:15.013501,21,0.09,Completed
1116,92.0,3,2025-03-09 16:29:40.018001,3,0.03,Completed
1117,477.0,18,2025-03-09 17:57:05.022502,31,0.26,Completed
1118,21.0,19,2025-03-09 19:24:30.027002,27,0.11,Completed
1119,303.0,47,2025-03-09 20:51:55.031503,27,0.17,Completed
1120,464.0,6,2025-03-09 22:19:20.036003,73,0.27,Completed
1121,357.0,16,2025-03-09 23:46:45.040504,57,0.12,Pending
1122,443.0,8,2025-03-10 01:14:10.045004,97,0.24,Cancelled
1123,84.0,48,2025-03-10 02:41:35.049504,33,0.13,Completed
1124,262.0,18,2025-03-10 04:09:00.054005,90,0.21,Completed
1125,147.0,48,2025-03-10 05:36:25.058505,92,0.13,Completed
1126,441.0,43,2025-03-10 07:03:50.063006,44,0.12,Completed
1127,453.0,39,2025-03-10 08:31:15.067506,43,0.3,Completed
1128,387.0,49,2025-03-10 09:58:40.072007,31,0.18,Pending
1129,257.0,49,2025-03-10 11:26:05.076507,65,0.11,Completed
1130,58.0,12,2025-03-10 12:53:30.081008,84,0.08,Pending
1131,380.0,45,2025-03-10 14:20:55.085508,76,0.01,Completed
1132,422.0,10,2025-03-10 15:48:20.090009,17,0.21,Completed
1133,15.0,7,2025-03-10 17:15:45.094509,15,0.11,Completed
1134,162.0,46,2025-03-10 18:43:10.099009,34,0.25,Completed
1135,445.0,1,2025-03-10 20:10:35.103510,80,0.11,Completed
1136,163.0,49,2025-03-10 21:38:00.108010,4,0.11,Completed
1137,320.0,36,2025-03-10 23:05:25.112511,72,0.23,Completed
1138,497.0,21,2025-03-11 00:32:50.117011,98,0.15,Pending
1139,281.0,37,2025-03-11 02:00:15.121512,89,0.27,Completed
1140,280.0,24,2025-03-11 03:27:40.126012,79,0.18,Completed
1141,12.0,25,2025-03-11 04:55:05.130513,28,0.07,Completed
1142,274.0,7,2025-03-11 06:22:30.135013,73,0.17,Completed
1143,271.0,42,2025-03-11 07:49:55.139513,2,0.0,Completed
1144,492.0,17,2025-03-11 09:17:20.144014,17,0.09,Pending
1145,208.0,29,2025-03-11 10:44:45.148514,58,0.06,Completed
1146,27.0,30,2025-03-11 12:12:10.153015,74,0.2,Completed
1147,72.0,7,2025-03-11 13:39:35.157515,9,0.04,Completed
1148,60.0,33,2025-03-11 15:07:00.162016,31,0.09,Completed
1149,430.0,7,2025-03-11 16:34:25.166516,66,0.1,Completed
1150,473.0,24,2025-03-11 18:01:50.171017,88,0.0,Cancelled
1151,145.0,11,2025-03-11 19:29:15.175517,62,0.01,Completed
1152,93.0,9,2025-03-11 20:56:40.180018,19,0.09,Completed
1153,309.0,12,2025-03-11 22:24:05.184518,81,0.07,Completed
1154,8.0,35,2025-03-11 23:51:30.189018,74,0.04,Completed
1155,79.0,4,2025-03-12 01:18:55.193519,55,0.05,Completed
1156,27.0,36,2025-03-12 02:46:20.198019,28,0.25,Completed
1157,174.0,28,2025-03-12 04:13:45.202520,92,0.2,Completed
1158,50.0,13,2025-03-12 05:41:10.207020,50,0.15,Completed
1159,500.0,23,2025-03-12 07:08:35.211521,65,0.27,Completed
1160,199.0,19,2025-03-12 08:36:00.216021,3,0.01,Pending
1161,387.0,42,2025-03-12 10:03:25.220522,79,0.1,Completed
1162,349.0,37,2025-03-12 11:30:50.225022,52,0.25,Completed
1163,448.0,39,2025-03-12 12:58:15.229522,10,0.19,Completed
1164,428.0,24,2025-03-12 14:25:40.234023,21,0.29,Completed
1165,181.0,16,2025-03-12 15:53:05.238523,37,0.28,Completed
1166,24.0,33,2025-03-12 17:20:30.243024,15,0.05,Completed
1167,316.0,12,2025-03-12 18:47:55.247524,87,0.29,Completed
1168,378.0,34,2025-03-12 20:15:20.252025,78,0.28,Completed
1169,387.0,7,2025-03-12 21:42:45.256525,79,0.11,Completed
1170,404.0,11,2025-03-12 23:10:10.261026,74,0.29,Completed
1171,46.0,31,2025-03-13 00:37:35.265526,9,0.01,Completed
1172,15.0,29,2025-03-13 02:05:00.270027,44,0.2,Completed
1173,153.0,13,2025-03-13 03:32:25.274527,39,0.08,Completed
1174,222.0,31,2025-03-13 04:59:50.279027,5,0.04,Completed
1175,206.0,2,2025-03-13 06:27:15.283528,25,0.17,Completed
1176,455.0,39,2025-03-13 07:54:40.288028,56,0.09,Completed
1177,273.0,15,2025-03-13 09:22:05.292529,90,0.2,Completed
1178,382.0,11,2025-03-13 10:49:30.297029,64,0.16,Completed
1179,236.0,34,2025-03-13 12:16:55.301530,72,0.12,Cancelled
1180,340.0,39,2025-03-13 13:44:20.306030,86,0.05,Completed
1181,228.0,4,2025-03-13 15:11:45.310531,52,0.18,Completed
1182,9.0,11,2025-03-13 16:39:10.315031,89,0.25,Pending
1183,166.0,29,2025-03-13 18:06:35.319531,76,0.18,Completed
1184,432.0,2,2025-03-13 19:34:00.324032,9,0.18,Completed
1185,444.0,16,2025-03-13 21:01:25.328532,10,0.15,Completed
1186,319.0,39,2025-03-13 22:28:50.333033,10,0.12,Pending
1187,214.0,13,2025-03-13 23:56:15.337533,73,0.14,Completed
1188,117.0,37,2025-03-14 01:23:40.342034,62,0.3,Completed
1189,386.0,17,2025-03-14 02:51:05.346534,90,0.22,Completed
1190,344.0,21,2025-03-14 04:18:30.351035,99,0.13,Completed
1191,72.0,44,2025-03-14 05:45:55.355535,91,0.14,Completed
1192,395.0,19,2025-03-14 07:13:20.360036,60,0.15,Completed
1193,64.0,7,2025-03-14 08:40:45.364536,95,0.2,Completed
1194,205.0,38,2025-03-14 10:08:10.369036,19,0.14,Completed
1195,209.0,8,2025-03-14 11:35:35.373537,38,0.21,Pending
1196,72.0,13,2025-03-14 13:03:00.378037,6,0.1,Completed
1197,277.0,37,2025-03-14 14:30:25.382538,15,0.12,Completed
1198,274.0,2,2025-03-14 15:57:50.387038,93,0.26,Completed
1199,478.0,41,2025-03-14 17:25:15.391539,47,0.1,Completed
1200,320.0,11,2025-03-14 18:52:40.396039,45,0.29,Pending
1201,338.0,24,2025-03-14 20:20:05.400540,5,0.05,Completed
1202,366.0,6,2025-03-14 21:47:30.405040,78,0.07,Completed
1203,495.0,26,2025-03-14 23:14:55.409540,53,0.14,Completed
1204,95.0,7,2025-03-15 00:42:20.414041,66,0.24,Completed
1205,166.0,39,2025-03-15 02:09:45.418541,62,0.22,Completed
1206,32.0,19,2025-03-15 03:37:10.423042,23,0.05,Completed
1207,11.0,6,2025-03-15 05:04:35.427542,44,0.07,Completed
1208,301.0,43,2025-03-15 06:32:00.432043,52,0.17,Completed
1209,217.0,29,2025-03-15 07:59:25.436543,46,0.09,Completed
1210,289.0,43,2025-03-15 09:26:50.441044,19,0.13,Pending
1211,102.0,39,2025-03-15 10:54:15.445544,88,0.15,Completed
1212,425.0,2,2025-03-15 12:21:40.450045,84,0.18,Completed
1213,392.0,19,2025-03-15 13:49:05.454545,47,0.08,Completed
1214,267.0,4,2025-03-15 15:16:30.459045,91,0.05,Completed
1215,214.0,6,2025-03-15 16:43:55.463546,52,0.12,Pending
1216,179.0,49,2025-03-15 18:11:20.468046,24,0.02,Completed
1217,88.0,37,2025-03-15 19:38:45.472547,17,0.16,Completed
1218,41.0,28,2025-03-15 21:06:10.477047,89,0.25,Pending
1219,401.0,30,2025-03-15 22:33:35.481548,46,0.04,Pending
1220,76.0,7,2025-03-16 00:01:00.486048,64,0.03,Completed
1221,377.0,9,2025-03-16 01:28:25.490549,95,0.02,Completed
1222,46.0,25,2025-03-16 02:55:50.495049,28,0.25,Completed
1223,160.0,33,2025-03-16 04:23:15.499549,50,0.02,Completed
1224,463.0,1,2025-03-16 05:50:40.504050,64,0.3,Completed
1225,80.0,6,2025-03-16 07:18:05.508550,28,0.11,Completed
1226,310.0,18,2025-03-16 08:45:30.513051,86,0.1,Pending
1227,86.0,10,2025-03-16 10:12:55.517551,56,0.03,Completed
1228,92.0,28,2025-03-16 11:40:20.522052,59,0.18,Completed
1229,148.0,11,2025-03-16 13:07:45.526552,5,0.18,Completed
1230,161.0,33,2025-03-16 14:35:10.531053,54,0.15,Completed
1231,202.0,1,2025-03-16 16:02:35.535553,44,0.09,Completed
1232,424.0,13,2025-03-16 17:30:00.540054,42,0.11,Completed
1233,416.0,37,2025-03-16 18:57:25.544554,72,0.1,Pending
1234,242.0,20,2025-03-16 20:24:50.549054,92,0.13,Completed
1235,353.0,1,2025-03-16 21:52:15.553555,57,0.1,Completed
1236,2.0,3,2025-03-16 23:19:40.558055,47,0.2,Completed
1237,225.0,18,2025-03-17 00:47:05.562556,76,0.09,Pending
1238,289.0,41,2025-03-17 02:14:30.567056,25,0.11,Completed
1239,233.0,14,2025-03-17 03:41:55.571557,44,0.13,Cancelled
1240,461.0,31,2025-03-17 05:09:20.576057,15,0.0,Completed
1241,414.0,27,2025-03-17 06:36:45.580558,51,0.15,Completed
1242,417.0,17,2025-03-17 08:04:10.585058,53,0.08,Completed
1243,77.0,46,2025-03-17 09:31:35.589558,34,0.02,Completed
1244,116.0,29,2025-03-17 10:59:00.594059,77,0.27,Completed
1245,154.0,36,2025-03-17 12:26:25.598559,8,0.1,Pending
1246,406.0,37,2025-03-17 13:53:50.603060,77,0.13,Completed
1247,103.0,26,2025-03-17 15:21:15.607560,100,0.25,Completed
1248,194.0,17,2025-03-17 16:48:40.612061,70,0.05,Completed
1249,166.0,22,2025-03-17 18:16:05.616561,96,0.26,Completed
1250,359.0,25,2025-03-17 19:43:30.621062,21,0.07,Completed
1251,90.0,2,2025-03-17 21:10:55.625562,7,0.18,Completed
1252,174.0,22,2025-03-17 22:38:20.630063,90,0.21,Completed
1253,122.0,5,2025-03-18 00:05:45.634563,79,0.27,Completed
1254,498.0,4,2025-03-18 01:33:10.639063,56,0.18,Completed
1255,143.0,36,2025-03-18 03:00:35.643564,49,0.14,Completed
1256,482.0,6,2025-03-18 04:28:00.648064,42,0.17,Completed
1257,106.0,21,2025-03-18 05:55:25.652565,23,0.06,Completed
1258,375.0,13,2025-03-18 07:22:50.657065,52,0.21,Completed
1259,428.0,37,2025-03-18 08:50:15.661566,79,0.06,Completed
1260,305.0,25,2025-03-18 10:17:40.666066,53,0.17,Pending
1261,360.0,26,2025-03-18 11:45:05.670567,16,0.19,Completed
1262,459.0,39,2025-03-18 13:12:30.675067,96,0.27,Completed
1263,317.0,20,2025-03-18 14:39:55.679567,37,0.14,Completed
1264,451.0,33,2025-03-18 16:07:20.684068,18,0.23,Completed
1265,123.0,14,2025-03-18 17:34:45.688568,20,0.05,Completed
1266,390.0,36,2025-03-18 19:02:10.693069,46,0.05,Completed
1267,9.0,17,2025-03-18 20:29:35.697569,2,0.16,Completed
1268,262.0,21,2025-03-18 21:57:00.702070,87,0.18,Cancelled
1269,73.0,46,2025-03-18 23:24:25.706570,94,0.19,Completed
1270,359.0,16,2025-03-19 00:51:50.711071,63,0.22,Completed
1271,223.0,46,2025-03-19 02:19:15.715571,3,0.09,Pending
1272,416.0,16,2025-03-19 03:46:40.720072,46,0.19,Completed
1273,41.0,20,2025-03-19 05:14:05.724572,49,0.06,Cancelled
1274,370.0,29,2025-03-19 06:41:30.729072,1,0.07,Pending
1275,204.0,28,2025-03-19 08:08:55.733573,22,0.02,Pending
1276,264.0,8,2025-03-19 09:36:20.738073,93,0.22,Completed
1277,328.0,24,2025-03-19 11:03:45.742574,14,0.15,Completed
1278,178.0,3,2025-03-19 12:31:10.747074,92,0.07,Pending
1279,348.0,25,2025-03-19 13:58:35.751575,85,0.17,Pending
1280,318.0,19,2025-03-19 15:26:00.756075,45,0.11,Pending
1281,84.0,33,2025-03-19 16:53:25.760576,96,0.25,Pending
1282,318.0,2,2025-03-19 18:20:50.765076,6,0.16,Completed
1283,111.0,15,2025-03-19 19:48:15.769576,65,0.01,Completed
1284,251.0,22,2025-03-19 21:15:40.774077,21,0.3,Completed
1285,383.0,10,2025-03-19 22:43:05.778577,4,0.02,Completed
1286,7.0,18,2025-03-20 00:10:30.783078,3,0.21,Completed
1287,459.0,22,2025-03-20 01:37:55.787578,30,0.13,Completed
1288,84.0,46,2025-03-20 03:05:20.792079,31,0.07,Completed
1289,208.0,49,2025-03-20 04:32:45.796579,34,0.2,Completed
1290,388.0,27,2025-03-20 06:00:10.801080,83,0.04,Cancelled
1291,390.0,13,2025-03-20 07:27:35.805580,20,0.26,Completed
1292,314.0,33,2025-03-20 08:55:00.810081,87,0.08,Completed
1293,22.0,5,2025-03-20 10:22:25.814581,54,0.11,Completed
1294,410.0,26,2025-03-20 11:49:50.819081,25,0.19,Pending
1295,383.0,13,2025-03-20 13:17:15.823582,15,0.0,Completed
1296,3.0,27,2025-03-20 14:44:40.828082,38,0.14,Completed
1297,127.0,14,2025-03-20 16:12:05.832583,23,0.27,Completed
1298,297.0,24,2025-03-20 17:39:30.837083,52,0.2,Completed
1299,188.0,3,2025-03-20 19:06:55.841584,66,0.12,Completed
1300,362.0,47,2025-03-20 20:34:20.846084,57,0.2,Completed
1301,14.0,49,2025-03-20 22:01:45.850585,57,0.28,Pending
1302,459.0,30,2025-03-20 23:29:10.855085,79,0.06,Completed
1303,466.0,35,2025-03-21 00:56:35.859585,52,0.16,Completed
1304,12.0,48,2025-03-21 02:24:00.864086,35,0.07,Completed
1305,87.0,14,2025-03-21 03:51:25.868586,74,0.26,Completed
1306,12.0,12,2025-03-21 05:18:50.873087,14,0.22,Completed
1307,397.0,28,2025-03-21 06:46:15.877587,91,0.24,Completed
1308,25.0,44,2025-03-21 08:13:40.882088,14,0.28,Pending
1309,301.0,29,2025-03-21 09:41:05.886588,99,0.07,Completed
1310,243.0,43,2025-03-21 11:08:30.891089,33,0.01,Cancelled
1311,122.0,17,2025-03-21 12:35:55.895589,52,0.09,Pending
1312,147.0,40,2025-03-21 14:03:20.900090,1,0.12,Completed
1313,55.0,49,2025-03-21 15:30:45.904590,34,0.19,Completed
1314,238.0,21,2025-03-21 16:58:10.909090,19,0.24,Completed
1315,356.0,23,2025-03-21 18:25:35.913591,24,0.1,Completed
1316,173.0,20,2025-03-21 19:53:00.918091,4,0.14,Completed
1317,392.0,11,2025-03-21 21:20:25.922592,36,0.24,Completed
1318,221.0,34,2025-03-21 22:47:50.927092,77,0.07,Pending
1319,119.0,10,2025-03-22 00:15:15.931593,58,0.07,Completed
1320,309.0,10,2025-03-22 01:42:40.936093,32,0.18,Completed
1321,183.0,43,2025-03-22 03:10:05.940594,9,0.13,Completed
1322,288.0,6,2025-03-22 04:37:30.945094,80,0.28,Pending
1323,307.0,36,2025-03-22 06:04:55.949594,67,0.11,Completed
1324,300.0,24,2025-03-22 07:32:20.954095,20,0.23,Completed
1325,82.0,12,2025-03-22 08:59:45.958595,74,0.17,Completed
1326,454.0,43,2025-03-22 10:27:10.963096,62,0.02,Completed
1327,402.0,23,2025-03-22 11:54:35.967596,58,0.03,Cancelled
1328,211.0,27,2025-03-22 13:22:00.972097,22,0.06,Completed
1329,150.0,45,2025-03-22 14:49:25.976597,67,0.04,Completed
1330,37.0,37,2025-03-22 16:16:50.981098,75,0.1,Completed
1331,352.0,6,2025-03-22 17:44:15.985598,89,0.17,Pending
1332,312.0,1,2025-03-22 19:11:40.990099,48,0.18,Completed
1333,361.0,6,2025-03-22 20:39:05.994599,8,0.18,Completed
1334,59.0,50,2025-03-22 22:06:30.999099,73,0.04,Completed
1335,131.0,22,2025-03-22 23:33:56.003600,15,0.18,Completed
1336,412.0,41,2025-03-23 01:01:21.008100,32,0.12,Completed
1337,202.0,24,2025-03-23 02:28:46.012601,53,0.27,Completed
1338,243.0,25,2025-03-23 03:56:11.017101,67,0.27,Completed
1339,35.0,15,2025-03-23 05:23:36.021602,4,0.23,Completed
1340,445.0,26,2025-03-23 06:51:01.026102,30,0.21,Pending
1341,93.0,8,2025-03-23 08:18:26.030603,13,0.03,Completed
1342,438.0,24,2025-03-23 09:45:51.035103,21,0.03,Completed
1343,447.0,48,2025-03-23 11:13:16.039603,41,0.25,Completed
1344,207.0,38,2025-03-23 12:40:41.044104,19,0.13,Completed
1345,353.0,6,2025-03-23 14:08:06.048604,48,0.14,Completed
1346,391.0,35,2025-03-23 15:35:31.053105,86,0.25,Pending
1347,332.0,42,2025-03-23 17:02:56.057605,63,0.19,Completed
1348,305.0,1,2025-03-23 18:30:21.062106,20,0.05,Completed
1349,350.0,46,2025-03-23 19:57:46.066606,64,0.06,Completed
1350,213.0,36,2025-03-23 21:25:11.071107,37,0.0,Completed
1351,159.0,12,2025-03-23 22:52:36.075607,31,0.21,Completed
1352,442.0,38,2025-03-24 00:20:01.080108,74,0.15,Cancelled
1353,445.0,11,2025-03-24 01:47:26.084608,18,0.28,Pending
1354,24.0,12,2025-03-24 03:14:51.089108,20,0.21,Pending
1355,404.0,42,2025-03-24 04:42:16.093609,82,0.03,Completed
1356,293.0,50,2025-03-24 06:09:41.098109,11,0.05,Cancelled
1357,4.0,39,2025-03-24 07:37:06.102610,86,0.15,Completed
1358,220.0,7,2025-03-24 09:04:31.107110,44,0.28,Pending
1359,364.0,11,2025-03-24 10:31:56.111611,82,0.07,Completed
1360,382.0,36,2025-03-24 11:59:21.116111,64,0.25,Completed
1361,20.0,31,2025-03-24 13:26:46.120612,34,0.09,Pending
1362,444.0,33,2025-03-24 14:54:11.125112,87,0.08,Completed
1363,152.0,13,2025-03-24 16:21:36.129612,65,0.27,Cancelled
1364,50.0,18,2025-03-24 17:49:01.134113,55,0.01,Completed
1365,177.0,41,2025-03-24 19:16:26.138613,74,0.2,Cancelled
1366,435.0,24,2025-03-24 20:43:51.143114,1,0.01,Completed
1367,96.0,9,2025-03-24 22:11:16.147614,38,0.24,Completed
1368,105.0,31,2025-03-24 23:38:41.152115,9,0.25,Completed
1369,420.0,41,2025-03-25 01:06:06.156615,95,0.27,Completed
1370,250.0,10,2025-03-25 02:33:31.161116,71,0.06,Completed
1371,117.0,2,2025-03-25 04:00:56.165616,17,0.04,Completed
1372,354.0,38,2025-03-25 05:28:21.170117,99,0.15,Completed
1373,228.0,15,2025-03-25 06:55:46.174617,52,0.08,Completed
1374,66.0,3,2025-03-25 08:23:11.179117,18,0.18,Completed
1375,335.0,43,2025-03-25 09:50:36.183618,63,0.15,Completed
1376,418.0,31,2025-03-25 11:18:01.188118,33,0.04,Completed
1377,420.0,6,2025-03-25 12:45:26.192619,4,0.22,Completed
1378,262.0,3,2025-03-25 14:12:51.197119,87,0.24,Cancelled
1379,295.0,11,2025-03-25 15:40:16.201620,75,0.29,Completed
1380,426.0,15,2025-03-25 17:07:41.206120,52,0.12,Completed
1381,243.0,45,2025-03-25 18:35:06.210621,9,0.1,Completed
1382,371.0,28,2025-03-25 20:02:31.215121,64,0.06,Completed
1383,186.0,10,2025-03-25 21:29:56.219621,30,0.05,Completed
1384,246.0,38,2025-03-25 22:57:21.224122,8,0.1,Completed
1385,125.0,47,2025-03-26 00:24:46.228622,5,0.29,Completed
1386,268.0,50,2025-03-26 01:52:11.233123,76,0.03,Pending
1387,131.0,50,2025-03-26 03:19:36.237623,63,0.08,Pending
1388,237.0,7,2025-03-26 04:47:01.242124,1,0.03,Pending
1389,18.0,15,2025-03-26 06:14:26.246624,15,0.08,Completed
1390,40.0,18,2025-03-26 07:41:51.251125,89,0.03,Completed
1391,21.0,18,2025-03-26 09:09:16.255625,82,0.15,Completed
1392,399.0,41,2025-03-26 10:36:41.260126,38,0.13,Completed
1393,225.0,24,2025-03-26 12:04:06.264626,42,0.05,Completed
1394,355.0,2,2025-03-26 13:31:31.269126,46,0.05,Completed
1395,282.0,40,2025-03-26 14:58:56.273627,53,0.19,Completed
1396,8.0,20,2025-03-26 16:26:21.278127,26,0.12,Completed
1397,100.0,34,2025-03-26 17:53:46.282628,61,0.02,Completed
1398,240.0,43,2025-03-26 19:21:11.287128,67,0.28,Completed
1399,478.0,26,2025-03-26 20:48:36.291629,54,0.12,Completed
1400,87.0,7,2025-03-26 22:16:01.296129,22,0.18,Completed
1401,298.0,38,2025-03-26 23:43:26.300630,26,0.27,Completed
1402,428.0,30,2025-03-27 01:10:51.305130,83,0.12,Completed
1403,14.0,42,2025-03-27 02:38:16.309630,60,0.25,Completed
1404,334.0,5,2025-03-27 04:05:41.314131,39,0.27,Completed
1405,2.0,11,2025-03-27 05:33:06.318631,36,0.05,Completed
1406,375.0,1,2025-03-27 07:00:31.323132,21,0.27,Completed
1407,293.0,34,2025-03-27 08:27:56.327632,41,0.04,Completed
1408,325.0,1,2025-03-27 09:55:21.332133,48,0.08,Completed
1409,422.0,19,2025-03-27 11:22:46.336633,26,0.24,Completed
1410,493.0,2,2025-03-27 12:50:11.341134,63,0.27,Completed
1411,41.0,21,2025-03-27 14:17:36.345634,77,0.21,Completed
1412,318.0,20,2025-03-27 15:45:01.350135,36,0.03,Completed
1413,316.0,23,2025-03-27 17:12:26.354635,24,0.16,Completed
1414,381.0,21,2025-03-27 18:39:51.359135,90,0.17,Completed
1415,111.0,24,2025-03-27 20:07:16.363636,21,0.08,Completed
1416,14.0,4,2025-03-27 21:34:41.368136,18,0.3,Completed
1417,231.0,12,2025-03-27 23:02:06.372637,15,0.1,Completed
1418,473.0,22,2025-03-28 00:29:31.377137,79,0.06,Completed
1419,84.0,20,2025-03-28 01:56:56.381638,6,0.03,Completed
1420,130.0,18,2025-03-28 03:24:21.386138,43,0.11,Completed
1421,231.0,1,2025-03-28 04:51:46.390639,31,0.21,Completed
1422,326.0,30,2025-03-28 06:19:11.395139,28,0.07,Completed
1423,145.0,33,2025-03-28 07:46:36.399639,8,0.23,Pending
1424,379.0,24,2025-03-28 09:14:01.404140,29,0.04,Completed
1425,345.0,14,2025-03-28 10:41:26.408640,21,0.13,Completed
1426,28.0,36,2025-03-28 12:08:51.413141,81,0.21,Cancelled
1427,66.0,5,2025-03-28 13:36:16.417641,88,0.04,Completed
1428,163.0,11,2025-03-28 15:03:41.422142,58,0.18,Completed
1429,229.0,24,2025-03-28 16:31:06.426642,60,0.24,Completed
1430,261.0,31,2025-03-28 17:58:31.431143,50,0.18,Completed
1431,449.0,13,2025-03-28 19:25:56.435643,100,0.15,Completed
1432,424.0,16,2025-03-28 20:53:21.440144,31,0.25,Completed
1433,460.0,24,2025-03-28 22:20:46.444644,47,0.3,Completed
1434,440.0,13,2025-03-28 23:48:11.449144,34,0.05,Completed
1435,164.0,24,2025-03-29 01:15:36.453645,2,0.21,Completed
1436,301.0,26,2025-03-29 02:43:01.458145,67,0.02,Pending
1437,407.0,2,2025-03-29 04:10:26.462646,94,0.01,Pending
1438,303.0,16,2025-03-29 05:37:51.467146,72,0.08,Completed
1439,287.0,38,2025-03-29 07:05:16.471647,52,0.29,Completed
1440,395.0,46,2025-03-29 08:32:41.476147,7,0.17,Completed
1441,10.0,1,2025-03-29 10:00:06.480648,76,0.08,Completed
1442,195.0,49,2025-03-29 11:27:31.485148,19,0.04,Cancelled
1443,118.0,11,2025-03-29 12:54:56.489648,90,0.28,Pending
1444,270.0,35,2025-03-29 14:22:21.494149,92,0.11,Completed
1445,80.0,43,2025-03-29 15:49:46.498649,15,0.09,Completed
1446,458.0,29,2025-03-29 17:17:11.503150,78,0.26,Completed
1447,93.0,37,2025-03-29 18:44:36.507650,48,0.18,Completed
1448,266.0,17,2025-03-29 20:12:01.512151,14,0.05,Completed
1449,332.0,39,2025-03-29 21:39:26.516651,3,0.13,Completed
1450,350.0,42,2025-03-29 23:06:51.521152,50,0.28,Pending
1451,361.0,28,2025-03-30 00:34:16.525652,93,0.27,Completed
1452,257.0,29,2025-03-30 02:01:41.530153,54,0.02,Pending
1453,133.0,43,2025-03-30 03:29:06.534653,6,0.08,Completed
1454,276.0,3,2025-03-30 04:56:31.539153,49,0.05,Pending
1455,264.0,10,2025-03-30 06:23:56.543654,23,0.16,Completed
1456,171.0,42,2025-03-30 07:51:21.548154,92,0.22,Completed
1457,460.0,14,2025-03-30 09:18:46.552655,78,0.09,Pending
1458,1.0,12,2025-03-30 10:46:11.557155,78,0.23,Completed
1459,313.0,47,2025-03-30 12:13:36.561656,20,0.2,Completed
1460,64.0,42,2025-03-30 13:41:01.566156,77,0.22,Completed
1461,374.0,30,2025-03-30 15:08:26.570657,91,0.28,Cancelled
1462,468.0,32,2025-03-30 16:35:51.575157,60,0.13,Completed
1463,284.0,32,2025-03-30 18:03:16.579657,99,0.1,Completed
1464,121.0,42,2025-03-30 19:30:41.584158,45,0.21,Pending
1465,107.0,32,2025-03-30 20:58:06.588658,61,0.24,Completed
1466,421.0,26,2025-03-30 22:25:31.593159,56,0.06,Cancelled
1467,175.0,1,2025-03-30 23:52:56.597659,2,0.25,Completed
1468,485.0,42,2025-03-31 01:20:21.602160,45,0.02,Completed
1469,204.0,2,2025-03-31 02:47:46.606660,40,0.0,Completed
1470,165.0,17,2025-03-31 04:15:11.611161,24,0.05,Completed
1471,305.0,30,2025-03-31 05:42:36.615661,29,0.29,Completed
1472,497.0,39,2025-03-31 07:10:01.620162,67,0.16,Completed
1473,120.0,7,2025-03-31 08:37:26.624662,68,0.01,Pending
1474,44.0,27,2025-03-31 10:04:51.629162,66,0.3,Pending
1475,312.0,9,2025-03-31 11:32:16.633663,84,0.22,Completed
1476,156.0,22,2025-03-31 12:59:41.638163,54,0.25,Completed
1477,367.0,34,2025-03-31 14:27:06.642664,53,0.06,Completed
1478,207.0,46,2025-03-31 15:54:31.647164,79,0.03,Completed
1479,390.0,49,2025-03-31 17:21:56.651665,49,0.15,Completed
1480,108.0,1,2025-03-31 18:49:21.656165,32,0.23,Completed
1481,251.0,9,2025-03-31 20:16:46.660666,61,0.19,Completed
1482,445.0,20,2025-03-31 21:44:11.665166,42,0.19,Completed
1483,404.0,19,2025-03-31 23:11:36.669666,1,0.23,Completed
1484,370.0,36,2025-04-01 00:39:01.674167,63,0.07,Completed
1485,334.0,40,2025-04-01 02:06:26.678667,35,0.2,Completed
1486,130.0,45,2025-04-01 03:33:51.683168,51,0.12,Completed
1487,457.0,4,2025-04-01 05:01:16.687668,71,0.02,Completed
1488,293.0,9,2025-04-01 06:28:41.692169,45,0.06,Completed
1489,20.0,41,2025-04-01 07:56:06.696669,77,0.24,Completed
1490,282.0,22,2025-04-01 09:23:31.701170,65,0.27,Completed
1491,285.0,18,2025-04-01 10:50:56.705670,14,0.08,Pending
1492,1.0,12,2025-04-01 12:18:21.710171,93,0.06,Completed
1493,119.0,42,2025-04-01 13:45:46.714671,3,0.01,Completed
1494,35.0,43,2025-04-01 15:13:11.719171,24,0.28,Completed
1495,198.0,39,2025-04-01 16:40:36.723672,65,0.21,Completed
1496,485.0,9,2025-04-01 18:08:01.728172,48,0.29,Completed
1497,245.0,6,2025-04-01 19:35:26.732673,10,0.26,Completed
1498,59.0,19,2025-04-01 21:02:51.737173,13,0.1,Completed
1499,325.0,48,2025-04-01 22:30:16.741674,100,0.03,Completed
1500,161.0,47,2025-04-01 23:57:41.746174,73,0.15,Completed
1501,497.0,7,2025-04-02 01:25:06.750675,14,0.01,Pending
1502,179.0,16,2025-04-02 02:52:31.755175,100,0.04,Completed
1503,206.0,5,2025-04-02 04:19:56.759675,10,0.07,Completed
1504,12.0,16,2025-04-02 05:47:21.764176,40,0.2,Completed
1505,490.0,1,2025-04-02 07:14:46.768676,23,0.15,Completed
1506,276.0,37,2025-04-02 08:42:11.773177,99,0.09,Completed
1507,181.0,39,2025-04-02 10:09:36.777677,55,0.17,Completed
1508,242.0,19,2025-04-02 11:37:01.782178,63,0.04,Completed
1509,216.0,37,2025-04-02 13:04:26.786678,71,0.23,Pending
1510,251.0,17,2025-04-02 14:31:51.791179,42,0.21,Completed
1511,299.0,26,2025-04-02 15:59:16.795679,99,0.06,Completed
1512,126.0,22,2025-04-02 17:26:41.800180,66,0.18,Completed
1513,482.0,8,2025-04-02 18:54:06.804680,79,0.15,Pending
1514,217.0,33,2025-04-02 20:21:31.809180,73,0.02,Completed
1515,306.0,2,2025-04-02 21:48:56.813681,47,0.08,Cancelled
1516,285.0,30,2025-04-02 23:16:21.818181,81,0.3,Pending
1517,185.0,47,2025-04-03 00:43:46.822682,52,0.03,Completed
1518,39.0,20,2025-04-03 02:11:11.827182,18,0.15,Completed
1519,223.0,18,2025-04-03 03:38:36.831683,79,0.25,Pending
1520,184.0,43,2025-04-03 05:06:01.836183,18,0.09,Completed
1521,495.0,10,2025-04-03 06:33:26.840684,24,0.08,Pending
1522,427.0,24,2025-04-03 08:00:51.845184,23,0.27,Completed
1523,178.0,4,2025-04-03 09:28:16.849684,12,0.09,Completed
1524,407.0,37,2025-04-03 10:55:41.854185,23,0.2,Completed
1525,428.0,4,2025-04-03 12:23:06.858685,21,0.22,Completed
1526,294.0,13,2025-04-03 13:50:31.863186,64,0.24,Completed
1527,340.0,25,2025-04-03 15:17:56.867686,90,0.3,Completed
1528,151.0,13,2025-04-03 16:45:21.872187,72,0.24,Cancelled
1529,384.0,18,2025-04-03 18:12:46.876687,94,0.2,Completed
1530,126.0,24,2025-04-03 19:40:11.881188,34,0.27,Completed
1531,301.0,2,2025-04-03 21:07:36.885688,2,0.27,Completed
1532,308.0,48,2025-04-03 22:35:01.890189,69,0.29,Completed
1533,336.0,33,2025-04-04 00:02:26.894689,31,0.23,Pending
1534,434.0,19,2025-04-04 01:29:51.899189,97,0.06,Completed
1535,234.0,9,2025-04-04 02:57:16.903690,68,0.21,Completed
1536,380.0,28,2025-04-04 04:24:41.908190,70,0.02,Completed
1537,375.0,35,2025-04-04 05:52:06.912691,87,0.1,Completed
1538,8.0,39,2025-04-04 07:19:31.917191,19,0.03,Completed
1539,498.0,10,2025-04-04 08:46:56.921692,72,0.28,Completed
1540,341.0,1,2025-04-04 10:14:21.926192,13,0.1,Completed
1541,129.0,42,2025-04-04 11:41:46.930693,65,0.21,Completed
1542,264.0,21,2025-04-04 13:09:11.935193,6,0.17,Completed
1543,157.0,9,2025-04-04 14:36:36.939693,71,0.03,Completed
1544,352.0,47,2025-04-04 16:04:01.944194,27,0.17,Completed
1545,358.0,15,2025-04-04 17:31:26.948694,79,0.2,Completed
1546,5.0,35,2025-04-04 18:58:51.953195,52,0.26,Completed
1547,495.0,5,2025-04-04 20:26:16.957695,98,0.02,Completed
1548,86.0,41,2025-04-04 21:53:41.962196,87,0.09,Completed
1549,175.0,22,2025-04-04 23:21:06.966696,48,0.21,Pending
1550,290.0,41,2025-04-05 00:48:31.971197,88,0.01,Completed
1551,193.0,23,2025-04-05 02:15:56.975697,79,0.06,Completed
1552,311.0,7,2025-04-05 03:43:21.980198,99,0.07,Completed
1553,119.0,23,2025-04-05 05:10:46.984698,68,0.2,Completed
1554,218.0,44,2025-04-05 06:38:11.989198,44,0.09,Completed
1555,427.0,25,2025-04-05 08:05:36.993699,17,0.18,Completed
1556,458.0,27,2025-04-05 09:33:01.998199,95,0.29,Completed
1557,414.0,41,2025-04-05 11:00:27.002700,38,0.24,Pending
1558,114.0,6,2025-04-05 12:27:52.007200,10,0.1,Cancelled
1559,466.0,34,2025-04-05 13:55:17.011701,54,0.14,Pending
1560,145.0,9,2025-04-05 15:22:42.016201,91,0.06,Completed
1561,26.0,49,2025-04-05 16:50:07.020702,6,0.0,Completed
1562,136.0,33,2025-04-05 18:17:32.025202,6,0.09,Completed
1563,303.0,6,2025-04-05 19:44:57.029702,52,0.11,Pending
1564,232.0,37,2025-04-05 21:12:22.034203,15,0.17,Pending
1565,369.0,31,2025-04-05 22:39:47.038703,68,0.28,Cancelled
1566,76.0,34,2025-04-06 00:07:12.043204,57,0.28,Pending
1567,475.0,41,2025-04-06 01:34:37.047704,56,0.02,Completed
1568,328.0,29,2025-04-06 03:02:02.052205,7,0.18,Completed
1569,345.0,14,2025-04-06 04:29:27.056705,51,0.01,Cancelled
1570,302.0,36,2025-04-06 05:56:52.061206,58,0.19,Completed
1571,452.0,36,2025-04-06 07:24:17.065706,64,0.04,Pending
1572,289.0,15,2025-04-06 08:51:42.070207,26,0.28,Pending
1573,1.0,8,2025-04-06 10:19:07.074707,58,0.26,Completed
1574,147.0,26,2025-04-06 11:46:32.079207,31,0.01,Completed
1575,287.0,36,2025-04-06 13:13:57.083708,66,0.23,Completed
1576,464.0,48,2025-04-06 14:41:22.088208,92,0.19,Completed
1577,142.0,21,2025-04-06 16:08:47.092709,13,0.15,Completed
1578,53.0,28,2025-04-06 17:36:12.097209,18,0.18,Completed
1579,304.0,4,2025-04-06 19:03:37.101710,94,0.2,Completed
1580,69.0,16,2025-04-06 20:31:02.106210,75,0.27,Completed
1581,361.0,22,2025-04-06 21:58:27.110711,13,0.23,Cancelled
1582,90.0,12,2025-04-06 23:25:52.115211,24,0.17,Completed
1583,446.0,16,2025-04-07 00:53:17.119711,57,0.25,Pending
1584,220.0,40,2025-04-07 02:20:42.124212,29,0.3,Completed
1585,450.0,38,2025-04-07 03:48:07.128712,56,0.09,Completed
1586,498.0,42,2025-04-07 05:15:32.133213,54,0.04,Completed
1587,192.0,37,2025-04-07 06:42:57.137713,5,0.22,Completed
1588,454.0,29,2025-04-07 08:10:22.142214,35,0.29,Completed
1589,63.0,18,2025-04-07 09:37:47.146714,19,0.04,Completed
1590,73.0,10,2025-04-07 11:05:12.151215,55,0.13,Completed
1591,161.0,42,2025-04-07 12:32:37.155715,77,0.02,Completed
1592,169.0,39,2025-04-07 14:00:02.160216,69,0.23,Completed
1593,89.0,18,2025-04-07 15:27:27.164716,44,0.28,Completed
1594,176.0,1,2025-04-07 16:54:52.169216,78,0.15,Completed
1595,269.0,39,2025-04-07 18:22:17.173717,38,0.12,Pending
1596,73.0,21,2025-04-07 19:49:42.178217,62,0.27,Pending
1597,245.0,1,2025-04-07 21:17:07.182718,22,0.04,Completed
1598,77.0,15,2025-04-07 22:44:32.187218,73,0.27,Completed
1599,159.0,4,2025-04-08 00:11:57.191719,40,0.12,Completed
1600,489.0,20,2025-04-08 01:39:22.196219,26,0.17,Completed
1601,459.0,10,2025-04-08 03:06:47.200720,5,0.16,Completed
1602,324.0,23,2025-04-08 04:34:12.205220,93,0.18,Completed
1603,98.0,41,2025-04-08 06:01:37.209720,54,0.28,Completed
1604,381.0,34,2025-04-08 07:29:02.214221,86,0.29,Pending
1605,102.0,46,2025-04-08 08:56:27.218721,49,0.25,Cancelled
1606,494.0,48,2025-04-08 10:23:52.223222,3,0.06,Pending
1607,132.0,33,2025-04-08 11:51:17.227722,92,0.1,Pending
1608,102.0,34,2025-04-08 13:18:42.232223,38,0.15,Pending
1609,19.0,39,2025-04-08 14:46:07.236723,14,0.27,Completed
1610,454.0,10,2025-04-08 16:13:32.241224,47,0.16,Pending
1611,482.0,20,2025-04-08 17:40:57.245724,14,0.29,Completed
1612,82.0,1,2025-04-08 19:08:22.250225,75,0.3,Completed
1613,397.0,13,2025-04-08 20:35:47.254725,73,0.18,Completed
1614,489.0,1,2025-04-08 22:03:12.259225,38,0.26,Completed
1615,279.0,5,2025-04-08 23:30:37.263726,64,0.3,Completed
1616,339.0,16,2025-04-09 00:58:02.268226,44,0.25,Completed
1617,365.0,15,2025-04-09 02:25:27.272727,70,0.2,Completed
1618,331.0,49,2025-04-09 03:52:52.277227,65,0.25,Completed
1619,129.0,28,2025-04-09 05:20:17.281728,25,0.02,Pending
1620,344.0,31,2025-04-09 06:47:42.286228,16,0.19,Pending
1621,310.0,23,2025-04-09 08:15:07.290729,15,0.06,Completed
1622,455.0,48,2025-04-09 09:42:32.295229,98,0.03,Pending
1623,89.0,45,2025-04-09 11:09:57.299729,81,0.27,Completed
1624,213.0,43,2025-04-09 12:37:22.304230,3,0.19,Pending
1625,143.0,17,2025-04-09 14:04:47.308730,67,0.07,Completed
1626,65.0,49,2025-04-09 15:32:12.313231,37,0.12,Completed
1627,76.0,34,2025-04-09 16:59:37.317731,81,0.29,Pending
1628,199.0,13,2025-04-09 18:27:02.322232,55,0.26,Completed
1629,143.0,14,2025-04-09 19:54:27.326732,38,0.0,Completed
1630,405.0,11,2025-04-09 21:21:52.331233,63,0.29,Completed
1631,403.0,28,2025-04-09 22:49:17.335733,1,0.11,Completed
1632,316.0,42,2025-04-10 00:16:42.340234,71,0.21,Completed
1633,93.0,32,2025-04-10 01:44:07.344734,90,0.21,Completed
1634,473.0,35,2025-04-10 03:11:32.349234,19,0.27,Pending
1635,417.0,31,2025-04-10 04:38:57.353735,52,0.27,Cancelled
1636,305.0,17,2025-04-10 06:06:22.358235,30,0.08,Completed
1637,224.0,47,2025-04-10 07:33:47.362736,55,0.19,Completed
1638,497.0,9,2025-04-10 09:01:12.367236,14,0.12,Completed
1639,291.0,10,2025-04-10 10:28:37.371737,13,0.16,Completed
1640,428.0,8,2025-04-10 11:56:02.376237,84,0.17,Completed
1641,102.0,21,2025-04-10 13:23:27.380738,90,0.12,Completed
1642,474.0,13,2025-04-10 14:50:52.385238,27,0.14,Completed
1643,267.0,50,2025-04-10 16:18:17.389738,89,0.06,Completed
1644,355.0,5,2025-04-10 17:45:42.394239,9,0.18,Completed
1645,456.0,6,2025-04-10 19:13:07.398739,41,0.23,Completed
1646,110.0,30,2025-04-10 20:40:32.403240,48,0.13,Completed
1647,462.0,31,2025-04-10 22:07:57.407740,12,0.29,Completed
1648,330.0,17,2025-04-10 23:35:22.412241,10,0.02,Completed
1649,450.0,11,2025-04-11 01:02:47.416741,6,0.18,Completed
1650,430.0,20,2025-04-11 02:30:12.421242,34,0.18,Completed
1651,265.0,48,2025-04-11 03:57:37.425742,52,0.01,Completed
1652,3.0,9,2025-04-11 05:25:02.430243,41,0.07,Completed
1653,85.0,2,2025-04-11 06:52:27.434743,83,0.27,Pending
1654,282.0,37,2025-04-11 08:19:52.439243,6,0.16,Completed
1655,328.0,1,2025-04-11 09:47:17.443744,2,0.13,Completed
1656,304.0,4,2025-04-11 11:14:42.448244,15,0.12,Completed
1657,450.0,36,2025-04-11 12:42:07.452745,17,0.27,Completed
1658,454.0,25,2025-04-11 14:09:32.457245,16,0.11,Completed
1659,412.0,3,2025-04-11 15:36:57.461746,28,0.26,Completed
1660,117.0,9,2025-04-11 17:04:22.466246,85,0.09,Completed
1661,221.0,22,2025-04-11 18:31:47.470747,72,0.16,Completed
1662,154.0,23,2025-04-11 19:59:12.475247,10,0.04,Completed
1663,153.0,12,2025-04-11 21:26:37.479747,10,0.25,Completed
1664,12.0,10,2025-04-11 22:54:02.484248,10,0.22,Completed
1665,133.0,34,2025-04-12 00:21:27.488748,73,0.16,Completed
1666,482.0,43,2025-04-12 01:48:52.493249,28,0.01,Completed
1667,304.0,10,2025-04-12 03:16:17.497749,24,0.14,Completed
1668,293.0,30,2025-04-12 04:43:42.502250,19,0.07,Cancelled
1669,463.0,22,2025-04-12 06:11:07.506750,97,0.12,Pending
1670,300.0,6,2025-04-12 07:38:32.511251,68,0.26,Completed
1671,228.0,50,2025-04-12 09:05:57.515751,56,0.23,Completed
1672,271.0,2,2025-04-12 10:33:22.520252,67,0.07,Completed
1673,43.0,30,2025-04-12 12:00:47.524752,42,0.3,Completed
1674,432.0,2,2025-04-12 13:28:12.529252,12,0.27,Completed
1675,343.0,32,2025-04-12 14:55:37.533753,18,0.16,Completed
1676,326.0,42,2025-04-12 16:23:02.538253,23,0.16,Pending
1677,302.0,16,2025-04-12 17:50:27.542754,84,0.27,Completed
1678,498.0,12,2025-04-12 19:17:52.547254,6,0.19,Completed
1679,364.0,1,2025-04-12 20:45:17.551755,53,0.16,Completed
1680,379.0,8,2025-04-12 22:12:42.556255,98,0.22,Completed
1681,427.0,48,2025-04-12 23:40:07.560756,42,0.07,Completed
1682,493.0,50,2025-04-13 01:07:32.565256,66,0.26,Completed
1683,21.0,13,2025-04-13 02:34:57.569756,30,0.16,Completed
1684,407.0,15,2025-04-13 04:02:22.574257,9,0.18,Completed
1685,107.0,44,2025-04-13 05:29:47.578757,91,0.03,Completed
1686,336.0,8,2025-04-13 06:57:12.583258,42,0.09,Completed
1687,303.0,10,2025-04-13 08:24:37.587758,34,0.13,Completed
1688,117.0,46,2025-04-13 09:52:02.592259,40,0.12,Completed
1689,124.0,5,2025-04-13 11:19:27.596759,88,0.23,Completed
1690,399.0,50,2025-04-13 12:46:52.601260,17,0.08,Completed
1691,281.0,19,2025-04-13 14:14:17.605760,29,0.05,Pending
1692,292.0,47,2025-04-13 15:41:42.610261,100,0.17,Completed
1693,203.0,38,2025-04-13 17:09:07.614761,50,0.18,Completed
1694,51.0,11,2025-04-13 18:36:32.619261,76,0.04,Completed
1695,271.0,43,2025-04-13 20:03:57.623762,95,0.0,Completed
1696,324.0,20,2025-04-13 21:31:22.628262,49,0.28,Completed
1697,277.0,20,2025-04-13 22:58:47.632763,73,0.02,Completed
1698,141.0,21,2025-04-14 00:26:12.637263,61,0.27,Completed
1699,470.0,18,2025-04-14 01:53:37.641764,83,0.12,Completed
1700,275.0,50,2025-04-14 03:21:02.646264,46,0.2,Completed
1701,290.0,10,2025-04-14 04:48:27.650765,46,0.06,Completed
1702,334.0,34,2025-04-14 06:15:52.655265,17,0.25,Completed
1703,381.0,26,2025-04-14 07:43:17.659765,66,0.05,Cancelled
1704,452.0,30,2025-04-14 09:10:42.664266,5,0.12,Pending
1705,496.0,9,2025-04-14 10:38:07.668766,54,0.07,Completed
1706,373.0,46,2025-04-14 12:05:32.673267,16,0.25,Completed
1707,52.0,31,2025-04-14 13:32:57.677767,81,0.26,Completed
1708,494.0,42,2025-04-14 15:00:22.682268,91,0.11,Completed
1709,27.0,4,2025-04-14 16:27:47.686768,7,0.09,Completed
1710,157.0,6,2025-04-14 17:55:12.691269,8,0.23,Completed
1711,239.0,14,2025-04-14 19:22:37.695769,72,0.26,Completed
1712,156.0,4,2025-04-14 20:50:02.700270,87,0.19,Completed
1713,291.0,26,2025-04-14 22:17:27.704770,96,0.28,Completed
1714,136.0,47,2025-04-14 23:44:52.709270,82,0.11,Completed
1715,144.0,48,2025-04-15 01:12:17.713771,38,0.05,Completed
1716,106.0,39,2025-04-15 02:39:42.718271,54,0.05,Completed
1717,420.0,17,2025-04-15 04:07:07.722772,76,0.2,Completed
1718,158.0,19,2025-04-15 05:34:32.727272,15,0.12,Cancelled
1719,146.0,49,2025-04-15 07:01:57.731773,92,0.05,Cancelled
1720,2.0,6,2025-04-15 08:29:22.736273,50,0.09,Completed
1721,433.0,29,2025-04-15 09:56:47.740774,56,0.16,Pending
1722,77.0,11,2025-04-15 11:24:12.745274,95,0.04,Completed
1723,132.0,16,2025-04-15 12:51:37.749774,9,0.0,Completed
1724,90.0,30,2025-04-15 14:19:02.754275,8,0.28,Completed
1725,345.0,25,2025-04-15 15:46:27.758775,19,0.09,Completed
1726,350.0,40,2025-04-15 17:13:52.763276,51,0.07,Completed
1727,459.0,11,2025-04-15 18:41:17.767776,72,0.21,Completed
1728,263.0,7,2025-04-15 20:08:42.772277,98,0.26,Completed
1729,351.0,26,2025-04-15 21:36:07.776777,57,0.19,Completed
1730,108.0,22,2025-04-15 23:03:32.781278,68,0.08,Cancelled
1731,74.0,25,2025-04-16 00:30:57.785778,31,0.26,Completed
1732,39.0,19,2025-04-16 01:58:22.790279,3,0.15,Pending
1733,397.0,31,2025-04-16 03:25:47.794779,99,0.11,Completed
1734,159.0,26,2025-04-16 04:53:12.799279,83,0.18,Pending
1735,71.0,42,2025-04-16 06:20:37.803780,43,0.21,Pending
1736,447.0,41,2025-04-16 07:48:02.808280,29,0.18,Completed
1737,312.0,36,2025-04-16 09:15:27.812781,10,0.28,Completed
1738,241.0,23,2025-04-16 10:42:52.817281,12,0.19,Completed
1739,426.0,47,2025-04-16 12:10:17.821782,46,0.26,Cancelled
1740,445.0,13,2025-04-16 13:37:42.826282,30,0.18,Completed
1741,298.0,25,2025-04-16 15:05:07.830783,94,0.1,Completed
1742,440.0,2,2025-04-16 16:32:32.835283,82,0.16,Completed
1743,36.0,2,2025-04-16 17:59:57.839783,88,0.03,Pending
1744,84.0,16,2025-04-16 19:27:22.844284,32,0.07,Completed
1745,452.0,9,2025-04-16 20:54:47.848784,73,0.23,Completed
1746,374.0,28,2025-04-16 22:22:12.853285,47,0.2,Completed
1747,263.0,13,2025-04-16 23:49:37.857785,88,0.05,Completed
1748,310.0,35,2025-04-17 01:17:02.862286,63,0.13,Completed
1749,385.0,41,2025-04-17 02:44:27.866786,26,0.04,Completed
1750,172.0,13,2025-04-17 04:11:52.871287,3,0.26,Completed
1751,376.0,31,2025-04-17 05:39:17.875787,23,0.03,Completed
1752,173.0,21,2025-04-17 07:06:42.880288,75,0.2,Completed
1753,362.0,32,2025-04-17 08:34:07.884788,74,0.18,Completed
1754,47.0,34,2025-04-17 10:01:32.889288,50,0.14,Completed
1755,379.0,8,2025-04-17 11:28:57.893789,36,0.08,Completed
1756,141.0,41,2025-04-17 12:56:22.898289,13,0.12,Completed
1757,375.0,48,2025-04-17 14:23:47.902790,29,0.24,Completed
1758,406.0,2,2025-04-17 15:51:12.907290,38,0.23,Completed
1759,118.0,38,2025-04-17 17:18:37.911791,77,0.22,Completed
1760,277.0,32,2025-04-17 18:46:02.916291,90,0.22,Completed
1761,214.0,40,2025-04-17 20:13:27.920792,84,0.04,Completed
1762,220.0,28,2025-04-17 21:40:52.925292,5,0.03,Completed
1763,393.0,37,2025-04-17 23:08:17.929792,20,0.26,Completed
1764,26.0,41,2025-04-18 00:35:42.934293,78,0.25,Completed
1765,9.0,1,2025-04-18 02:03:07.938793,14,0.2,Completed
1766,271.0,41,2025-04-18 03:30:32.943294,8,0.18,Completed
1767,10.0,10,2025-04-18 04:57:57.947794,48,0.11,Completed
1768,472.0,4,2025-04-18 06:25:22.952295,13,0.07,Completed
1769,378.0,35,2025-04-18 07:52:47.956795,24,0.2,Pending
1770,121.0,10,2025-04-18 09:20:12.961296,79,0.27,Completed
1771,125.0,47,2025-04-18 10:47:37.965796,65,0.13,Completed
1772,170.0,11,2025-04-18 12:15:02.970297,86,0.09,Completed
1773,72.0,14,2025-04-18 13:42:27.974797,34,0.08,Completed
1774,152.0,38,2025-04-18 15:09:52.979297,51,0.01,Completed
1775,208.0,12,2025-04-18 16:37:17.983798,3,0.16,Pending
1776,49.0,45,2025-04-18 18:04:42.988298,90,0.3,Completed
1777,154.0,17,2025-04-18 19:32:07.992799,78,0.24,Completed
1778,347.0,16,2025-04-18 20:59:32.997299,58,0.27,Completed
1779,293.0,35,2025-04-18 22:26:58.001800,72,0.19,Cancelled
1780,68.0,2,2025-04-18 23:54:23.006300,55,0.14,Completed
1781,50.0,11,2025-04-19 01:21:48.010801,80,0.3,Completed
1782,152.0,41,2025-04-19 02:49:13.015301,42,0.13,Completed
1783,19.0,3,2025-04-19 04:16:38.019801,21,0.28,Completed
1784,100.0,29,2025-04-19 05:44:03.024302,10,0.23,Completed
1785,60.0,18,2025-04-19 07:11:28.028802,57,0.1,Pending
1786,167.0,20,2025-04-19 08:38:53.033303,25,0.15,Completed
1787,202.0,47,2025-04-19 10:06:18.037803,56,0.12,Completed
1788,345.0,14,2025-04-19 11:33:43.042304,38,0.04,Completed
1789,146.0,34,2025-04-19 13:01:08.046804,86,0.11,Completed
1790,403.0,49,2025-04-19 14:28:33.051305,61,0.27,Completed
1791,164.0,31,2025-04-19 15:55:58.055805,47,0.23,Pending
1792,458.0,40,2025-04-19 17:23:23.060306,54,0.08,Cancelled
1793,481.0,42,2025-04-19 18:50:48.064806,46,0.11,Completed
1794,439.0,18,2025-04-19 20:18:13.069306,68,0.18,Cancelled
1795,242.0,30,2025-04-19 21:45:38.073807,4,0.12,Completed
1796,69.0,25,2025-04-19 23:13:03.078307,94,0.15,Completed
1797,175.0,19,2025-04-20 00:40:28.082808,66,0.21,Completed
1798,49.0,8,2025-04-20 02:07:53.087308,93,0.14,Completed
1799,483.0,28,2025-04-20 03:35:18.091809,43,0.06,Completed
1800,108.0,8,2025-04-20 05:02:43.096309,62,0.16,Completed
1801,226.0,31,2025-04-20 06:30:08.100810,100,0.11,Pending
1802,161.0,3,2025-04-20 07:57:33.105310,85,0.09,Completed
1803,119.0,3,2025-04-20 09:24:58.109810,85,0.1,Completed
1804,149.0,44,2025-04-20 10:52:23.114311,85,0.13,Pending
1805,465.0,22,2025-04-20 12:19:48.118811,4,0.27,Cancelled
1806,150.0,17,2025-04-20 13:47:13.123312,65,0.22,Completed
1807,432.0,36,2025-04-20 15:14:38.127812,62,0.2,Completed
1808,293.0,17,2025-04-20 16:42:03.132313,90,0.14,Pending
1809,143.0,14,2025-04-20 18:09:28.136813,2,0.0,Pending
1810,419.0,9,2025-04-20 19:36:53.141314,9,0.1,Completed
1811,476.0,30,2025-04-20 21:04:18.145814,57,0.24,Completed
1812,455.0,21,2025-04-20 22:31:43.150315,45,0.12,Cancelled
1813,160.0,12,2025-04-20 23:59:08.154815,18,0.17,Completed
1814,11.0,37,2025-04-21 01:26:33.159315,48,0.06,Completed
1815,138.0,32,2025-04-21 02:53:58.163816,42,0.27,Completed
1816,457.0,11,2025-04-21 04:21:23.168316,41,0.28,Completed
1817,78.0,20,2025-04-21 05:48:48.172817,75,0.04,Completed
1818,77.0,35,2025-04-21 07:16:13.177317,89,0.22,Completed
1819,441.0,47,2025-04-21 08:43:38.181818,90,0.02,Completed
1820,254.0,46,2025-04-21 10:11:03.186318,58,0.18,Completed
1821,409.0,11,2025-04-21 11:38:28.190819,100,0.05,Completed
1822,258.0,8,2025-04-21 13:05:53.195319,42,0.04,Completed
1823,320.0,4,2025-04-21 14:33:18.199819,35,0.0,Completed
1824,291.0,27,2025-04-21 16:00:43.204320,38,0.28,Completed
1825,263.0,44,2025-04-21 17:28:08.208820,67,0.25,Completed
1826,85.0,40,2025-04-21 18:55:33.213321,41,0.02,Completed
1827,146.0,38,2025-04-21 20:22:58.217821,99,0.18,Completed
1828,323.0,47,2025-04-21 21:50:23.222322,50,0.07,Completed
1829,42.0,30,2025-04-21 23:17:48.226822,86,0.08,Completed
1830,374.0,44,2025-04-22 00:45:13.231323,72,0.26,Pending
1831,125.0,48,2025-04-22 02:12:38.235823,79,0.03,Completed
1832,167.0,48,2025-04-22 03:40:03.240324,45,0.18,Completed
1833,425.0,27,2025-04-22 05:07:28.244824,71,0.12,Completed
1834,241.0,21,2025-04-22 06:34:53.249324,19,0.06,Completed
1835,459.0,20,2025-04-22 08:02:18.253825,17,0.14,Completed
1836,487.0,4,2025-04-22 09:29:43.258325,65,0.28,Completed
1837,280.0,11,2025-04-22 10:57:08.262826,93,0.23,Completed
1838,188.0,13,2025-04-22 12:24:33.267326,77,0.04,Completed
1839,302.0,9,2025-04-22 13:51:58.271827,56,0.25,Completed
1840,19.0,4,2025-04-22 15:19:23.276327,93,0.28,Pending
1841,68.0,12,2025-04-22 16:46:48.280828,41,0.08,Completed
1842,218.0,9,2025-04-22 18:14:13.285328,42,0.1,Completed
1843,102.0,13,2025-04-22 19:41:38.289828,6,0.04,Completed
1844,42.0,48,2025-04-22 21:09:03.294329,69,0.1,Completed
1845,288.0,26,2025-04-22 22:36:28.298829,98,0.2,Completed
1846,167.0,38,2025-04-23 00:03:53.303330,75,0.08,Completed
1847,109.0,42,2025-04-23 01:31:18.307830,73,0.0,Completed
1848,494.0,13,2025-04-23 02:58:43.312331,40,0.1,Completed
1849,36.0,39,2025-04-23 04:26:08.316831,41,0.14,Pending
1850,232.0,28,2025-04-23 05:53:33.321332,9,0.17,Completed
1851,229.0,19,2025-04-23 07:20:58.325832,8,0.21,Completed
1852,353.0,24,2025-04-23 08:48:23.330333,44,0.02,Completed
1853,164.0,19,2025-04-23 10:15:48.334833,58,0.14,Completed
1854,387.0,49,2025-04-23 11:43:13.339333,67,0.08,Completed
1855,73.0,13,2025-04-23 13:10:38.343834,13,0.28,Cancelled
1856,136.0,13,2025-04-23 14:38:03.348334,19,0.11,Completed
1857,353.0,28,2025-04-23 16:05:28.352835,98,0.03,Completed
1858,379.0,2,2025-04-23 17:32:53.357335,96,0.01,Completed
1859,70.0,10,2025-04-23 19:00:18.361836,49,0.08,Completed
1860,425.0,22,2025-04-23 20:27:43.366336,80,0.05,Completed
1861,487.0,13,2025-04-23 21:55:08.370837,100,0.19,Pending
1862,196.0,9,2025-04-23 23:22:33.375337,82,0.25,Pending
1863,269.0,33,2025-04-24 00:49:58.379837,78,0.09,Cancelled
1864,49.0,14,2025-04-24 02:17:23.384338,30,0.17,Completed
1865,316.0,48,2025-04-24 03:44:48.388838,66,0.22,Completed
1866,130.0,20,2025-04-24 05:12:13.393339,77,0.12,Pending
1867,444.0,15,2025-04-24 06:39:38.397839,91,0.02,Pending
1868,5.0,32,2025-04-24 08:07:03.402340,59,0.07,Pending
1869,428.0,33,2025-04-24 09:34:28.406840,53,0.26,Pending
1870,27.0,17,2025-04-24 11:01:53.411341,52,0.25,Completed
1871,160.0,24,2025-04-24 12:29:18.415841,81,0.03,Completed
1872,149.0,30,2025-04-24 13:56:43.420342,31,0.07,Completed
1873,264.0,13,2025-04-24 15:24:08.424842,15,0.23,Completed
1874,230.0,47,2025-04-24 16:51:33.429342,20,0.15,Completed
1875,200.0,48,2025-04-24 18:18:58.433843,5,0.23,Pending
1876,50.0,16,2025-04-24 19:46:23.438343,7,0.06,Pending
1877,67.0,2,2025-04-24 21:13:48.442844,18,0.29,Completed
1878,300.0,17,2025-04-24 22:41:13.447344,56,0.24,Completed
1879,381.0,32,2025-04-25 00:08:38.451845,75,0.06,Completed
1880,58.0,43,2025-04-25 01:36:03.456345,96,0.17,Completed
1881,259.0,8,2025-04-25 03:03:28.460846,91,0.03,Completed
1882,342.0,3,2025-04-25 04:30:53.465346,90,0.11,Completed
1883,326.0,12,2025-04-25 05:58:18.469846,45,0.2,Completed
1884,130.0,20,2025-04-25 07:25:43.474347,28,0.1,Completed
1885,215.0,16,2025-04-25 08:53:08.478847,50,0.2,Completed
1886,172.0,14,2025-04-25 10:20:33.483348,2,0.07,Completed
1887,258.0,16,2025-04-25 11:47:58.487848,84,0.22,Completed
1888,102.0,49,2025-04-25 13:15:23.492349,68,0.11,Pending
1889,209.0,43,2025-04-25 14:42:48.496849,77,0.24,Completed
1890,291.0,49,2025-04-25 16:10:13.501350,24,0.04,Completed
1891,354.0,33,2025-04-25 17:37:38.505850,48,0.11,Completed
1892,471.0,30,2025-04-25 19:05:03.510351,45,0.14,Cancelled
1893,286.0,12,2025-04-25 20:32:28.514851,93,0.13,Completed
1894,116.0,15,2025-04-25 21:59:53.519351,58,0.13,Completed
1895,264.0,18,2025-04-25 23:27:18.523852,36,0.13,Pending
1896,150.0,28,2025-04-26 00:54:43.528352,2,0.3,Completed
1897,300.0,23,2025-04-26 02:22:08.532853,18,0.06,Completed
1898,442.0,14,2025-04-26 03:49:33.537353,49,0.23,Completed
1899,36.0,30,2025-04-26 05:16:58.541854,8,0.17,Pending
1900,453.0,33,2025-04-26 06:44:23.546354,58,0.12,Completed
1901,333.0,45,2025-04-26 08:11:48.550855,15,0.19,Pending
1902,477.0,15,2025-04-26 09:39:13.555355,17,0.26,Completed
1903,287.0,7,2025-04-26 11:06:38.559855,23,0.14,Completed
1904,303.0,15,2025-04-26 12:34:03.564356,66,0.26,Completed
1905,311.0,42,2025-04-26 14:01:28.568856,70,0.03,Completed
1906,208.0,46,2025-04-26 15:28:53.573357,93,0.2,Pending
1907,106.0,38,2025-04-26 16:56:18.577857,27,0.1,Cancelled
1908,446.0,46,2025-04-26 18:23:43.582358,37,0.12,Pending
1909,158.0,44,2025-04-26 19:51:08.586858,49,0.17,Cancelled
1910,121.0,11,2025-04-26 21:18:33.591359,64,0.14,Completed
1911,55.0,29,2025-04-26 22:45:58.595859,34,0.11,Pending
1912,400.0,31,2025-04-27 00:13:23.600360,18,0.09,Completed
1913,12.0,25,2025-04-27 01:40:48.604860,64,0.19,Completed
1914,145.0,24,2025-04-27 03:08:13.609360,74,0.15,Completed
1915,400.0,19,2025-04-27 04:35:38.613861,44,0.1,Completed
1916,396.0,2,2025-04-27 06:03:03.618361,17,0.06,Pending
1917,136.0,22,2025-04-27 07:30:28.622862,59,0.23,Completed
1918,468.0,20,2025-04-27 08:57:53.627362,13,0.24,Pending
1919,3.0,33,2025-04-27 10:25:18.631863,52,0.06,Completed
1920,144.0,8,2025-04-27 11:52:43.636363,60,0.08,Pending
1921,30.0,25,2025-04-27 13:20:08.640864,42,0.07,Completed
1922,237.0,46,2025-04-27 14:47:33.645364,91,0.27,Completed
1923,279.0,9,2025-04-27 16:14:58.649864,64,0.23,Completed
1924,348.0,34,2025-04-27 17:42:23.654365,66,0.02,Completed
1925,115.0,23,2025-04-27 19:09:48.658865,34,0.25,Completed
1926,104.0,5,2025-04-27 20:37:13.663366,95,0.01,Completed
1927,118.0,25,2025-04-27 22:04:38.667866,87,0.08,Completed
1928,5.0,8,2025-04-27 23:32:03.672367,71,0.28,Completed
1929,468.0,16,2025-04-28 00:59:28.676867,64,0.26,Completed
1930,360.0,48,2025-04-28 02:26:53.681368,33,0.23,Completed
1931,248.0,45,2025-04-28 03:54:18.685868,12,0.14,Pending
1932,364.0,15,2025-04-28 05:21:43.690369,76,0.1,Completed
1933,321.0,1,2025-04-28 06:49:08.694869,19,0.26,Pending
1934,121.0,22,2025-04-28 08:16:33.699369,9,0.2,Completed
1935,286.0,3,2025-04-28 09:43:58.703870,74,0.09,Cancelled
1936,149.0,38,2025-04-28 11:11:23.708370,17,0.14,Completed
1937,84.0,14,2025-04-28 12:38:48.712871,50,0.26,Completed
1938,454.0,36,2025-04-28 14:06:13.717371,39,0.27,Completed
1939,406.0,18,2025-04-28 15:33:38.721872,41,0.2,Completed
1940,466.0,47,2025-04-28 17:01:03.726372,10,0.22,Completed
1941,456.0,41,2025-04-28 18:28:28.730873,12,0.01,Completed
1942,231.0,18,2025-04-28 19:55:53.735373,79,0.18,Completed
1943,288.0,3,2025-04-28 21:23:18.739873,95,0.21,Completed
1944,161.0,10,2025-04-28 22:50:43.744374,15,0.01,Completed
1945,272.0,49,2025-04-29 00:18:08.748874,28,0.25,Completed
1946,460.0,39,2025-04-29 01:45:33.753375,4,0.28,Completed
1947,38.0,47,2025-04-29 03:12:58.757875,36,0.07,Completed
1948,500.0,1,2025-04-29 04:40:23.762376,65,0.25,Completed
1949,226.0,27,2025-04-29 06:07:48.766876,98,0.2,Completed
1950,142.0,27,2025-04-29 07:35:13.771377,47,0.17,Completed
1951,292.0,11,2025-04-29 09:02:38.775877,81,0.25,Completed
1952,481.0,49,2025-04-29 10:30:03.780378,39,0.09,Completed
1953,151.0,5,2025-04-29 11:57:28.784878,38,0.24,Completed
1954,114.0,7,2025-04-29 13:24:53.789378,44,0.09,Cancelled
1955,237.0,19,2025-04-29 14:52:18.793879,51,0.24,Completed
1956,66.0,29,2025-04-29 16:19:43.798379,97,0.14,Completed
1957,361.0,15,2025-04-29 17:47:08.802880,85,0.04,Completed
1958,341.0,35,2025-04-29 19:14:33.807380,26,0.11,Cancelled
1959,258.0,47,2025-04-29 20:41:58.811881,36,0.07,Completed
1960,475.0,37,2025-04-29 22:09:23.816381,69,0.03,Completed
1961,249.0,12,2025-04-29 23:36:48.820882,97,0.03,Completed
1962,457.0,30,2025-04-30 01:04:13.825382,1,0.23,Completed
1963,449.0,20,2025-04-30 02:31:38.829882,53,0.26,Completed
1964,331.0,37,2025-04-30 03:59:03.834383,6,0.28,Completed
1965,323.0,3,2025-04-30 05:26:28.838883,37,0.26,Cancelled
1966,180.0,9,2025-04-30 06:53:53.843384,2,0.25,Pending
1967,190.0,41,2025-04-30 08:21:18.847884,69,0.02,Pending
1968,407.0,39,2025-04-30 09:48:43.852385,90,0.24,Completed
1969,154.0,26,2025-04-30 11:16:08.856885,41,0.23,Completed
1970,196.0,2,2025-04-30 12:43:33.861386,51,0.04,Completed
1971,466.0,23,2025-04-30 14:10:58.865886,47,0.2,Pending
1972,311.0,23,2025-04-30 15:38:23.870387,13,0.14,Completed
1973,262.0,21,2025-04-30 17:05:48.874887,76,0.27,Pending
1974,419.0,16,2025-04-30 18:33:13.879387,69,0.21,Pending
1975,406.0,9,2025-04-30 20:00:38.883888,66,0.29,Completed
1976,427.0,13,2025-04-30 21:28:03.888388,59,0.03,Completed
1977,143.0,28,2025-04-30 22:55:28.892889,68,0.01,Completed
1978,342.0,27,2025-05-01 00:22:53.897389,59,0.29,Completed
1979,316.0,17,2025-05-01 01:50:18.901890,91,0.02,Completed
1980,101.0,38,2025-05-01 03:17:43.906390,10,0.12,Completed
1981,244.0,36,2025-05-01 04:45:08.910891,13,0.19,Completed
1982,490.0,1,2025-05-01 06:12:33.915391,2,0.26,Completed
1983,12.0,18,2025-05-01 07:39:58.919891,90,0.08,Completed
1984,239.0,9,2025-05-01 09:07:23.924392,15,0.01,Pending
1985,49.0,13,2025-05-01 10:34:48.928892,46,0.16,Completed
1986,42.0,40,2025-05-01 12:02:13.933393,57,0.14,Completed
1987,166.0,45,2025-05-01 13:29:38.937893,10,0.09,Completed
1988,82.0,15,2025-05-01 14:57:03.942394,22,0.26,Completed
1989,429.0,43,2025-05-01 16:24:28.946894,89,0.22,Completed
1990,291.0,44,2025-05-01 17:51:53.951395,79,0.26,Completed
1991,158.0,46,2025-05-01 19:19:18.955895,77,0.05,Completed
1992,216.0,4,2025-05-01 20:46:43.960396,8,0.21,Completed
1993,490.0,33,2025-05-01 22:14:08.964896,21,0.29,Completed
1994,158.0,24,2025-05-01 23:41:33.969396,85,0.18,Completed
1995,462.0,36,2025-05-02 01:08:58.973897,22,0.05,Completed
1996,134.0,41,2025-05-02 02:36:23.978397,97,0.3,Completed
1997,67.0,10,2025-05-02 04:03:48.982898,45,0.16,Pending
1998,336.0,36,2025-05-02 05:31:13.987398,91,0.25,Completed
1999,7.0,20,2025-05-02 06:58:38.991899,40,0.04,Pending
2000,436.0,41,2025-05-02 08:26:03.996399,22,0.2,Completed
2001,14.0,45,2025-05-02 09:53:29.000900,30,0.27,Completed
2002,73.0,44,2025-05-02 11:20:54.005400,62,0.16,Completed
2003,399.0,11,2025-05-02 12:48:19.009900,73,0.09,Pending
2004,405.0,12,2025-05-02 14:15:44.014401,45,0.04,Pending
2005,163.0,18,2025-05-02 15:43:09.018901,35,0.09,Completed
2006,66.0,30,2025-05-02 17:10:34.023402,82,0.11,Pending
2007,347.0,44,2025-05-02 18:37:59.027902,42,0.21,Completed
2008,130.0,48,2025-05-02 20:05:24.032403,5,0.05,Completed
2009,419.0,37,2025-05-02 21:32:49.036903,27,0.03,Completed
2010,466.0,20,2025-05-02 23:00:14.041404,70,0.12,Completed
2011,206.0,25,2025-05-03 00:27:39.045904,62,0.14,Completed
2012,276.0,12,2025-05-03 01:55:04.050405,32,0.19,Completed
2013,466.0,21,2025-05-03 03:22:29.054905,8,0.21,Pending
2014,256.0,25,2025-05-03 04:49:54.059405,85,0.27,Completed
2015,266.0,11,2025-05-03 06:17:19.063906,18,0.09,Pending
2016,25.0,9,2025-05-03 07:44:44.068406,78,0.16,Completed
2017,450.0,50,2025-05-03 09:12:09.072907,15,0.11,Completed
2018,281.0,25,2025-05-03 10:39:34.077407,26,0.0,Completed
2019,253.0,35,2025-05-03 12:06:59.081908,53,0.17,Completed
2020,310.0,32,2025-05-03 13:34:24.086408,44,0.24,Cancelled
2021,289.0,49,2025-05-03 15:01:49.090909,32,0.01,Completed
2022,164.0,14,2025-05-03 16:29:14.095409,28,0.0,Completed
2023,95.0,1,2025-05-03 17:56:39.099909,39,0.22,Completed
2024,270.0,17,2025-05-03 19:24:04.104410,32,0.21,Cancelled
2025,321.0,25,2025-05-03 20:51:29.108910,77,0.12,Completed
2026,110.0,8,2025-05-03 22:18:54.113411,79,0.2,Pending
2027,336.0,5,2025-05-03 23:46:19.117911,18,0.29,Completed
2028,310.0,5,2025-05-04 01:13:44.122412,70,0.07,Completed
2029,238.0,41,2025-05-04 02:41:09.126912,11,0.07,Completed
2030,381.0,35,2025-05-04 04:08:34.131413,32,0.06,Completed
2031,436.0,19,2025-05-04 05:35:59.135913,20,0.22,Completed
2032,387.0,23,2025-05-04 07:03:24.140414,97,0.11,Completed
2033,483.0,9,2025-05-04 08:30:49.144914,40,0.3,Completed
2034,425.0,30,2025-05-04 09:58:14.149414,8,0.21,Completed
2035,390.0,50,2025-05-04 11:25:39.153915,35,0.11,Completed
2036,25.0,16,2025-05-04 12:53:04.158415,69,0.04,Pending
2037,141.0,33,2025-05-04 14:20:29.162916,99,0.18,Completed
2038,117.0,2,2025-05-04 15:47:54.167416,78,0.09,Completed
2039,482.0,14,2025-05-04 17:15:19.171917,21,0.27,Completed
2040,392.0,46,2025-05-04 18:42:44.176417,24,0.13,Completed
2041,405.0,1,2025-05-04 20:10:09.180918,17,0.09,Completed
2042,482.0,26,2025-05-04 21:37:34.185418,18,0.18,Pending
2043,452.0,25,2025-05-04 23:04:59.189918,98,0.04,Completed
2044,25.0,16,2025-05-05 00:32:24.194419,12,0.17,Completed
2045,79.0,15,2025-05-05 01:59:49.198919,16,0.02,Completed
2046,68.0,26,2025-05-05 03:27:14.203420,4,0.18,Completed
2047,173.0,47,2025-05-05 04:54:39.207920,89,0.16,Completed
2048,444.0,44,2025-05-05 06:22:04.212421,34,0.16,Pending
2049,12.0,16,2025-05-05 07:49:29.216921,92,0.21,Completed
2050,288.0,14,2025-05-05 09:16:54.221422,46,0.01,Pending
2051,128.0,29,2025-05-05 10:44:19.225922,75,0.14,Completed
2052,96.0,24,2025-05-05 12:11:44.230423,77,0.13,Completed
2053,92.0,47,2025-05-05 13:39:09.234923,31,0.14,Completed
2054,141.0,15,2025-05-05 15:06:34.239423,25,0.29,Completed
2055,31.0,19,2025-05-05 16:33:59.243924,74,0.04,Completed
2056,334.0,8,2025-05-05 18:01:24.248424,24,0.21,Completed
2057,20.0,34,2025-05-05 19:28:49.252925,65,0.12,Completed
2058,146.0,2,2025-05-05 20:56:14.257425,25,0.15,Completed
2059,477.0,27,2025-05-05 22:23:39.261926,28,0.23,Completed
2060,316.0,10,2025-05-05 23:51:04.266426,36,0.05,Pending
2061,447.0,35,2025-05-06 01:18:29.270927,82,0.23,Completed
2062,390.0,23,2025-05-06 02:45:54.275427,6,0.02,Pending
2063,160.0,49,2025-05-06 04:13:19.279927,66,0.14,Completed
2064,349.0,8,2025-05-06 05:40:44.284428,67,0.22,Completed
2065,43.0,28,2025-05-06 07:08:09.288928,72,0.06,Pending
2066,254.0,23,2025-05-06 08:35:34.293429,95,0.23,Completed
2067,130.0,4,2025-05-06 10:02:59.297929,48,0.05,Completed
2068,60.0,14,2025-05-06 11:30:24.302430,83,0.24,Cancelled
2069,151.0,42,2025-05-06 12:57:49.306930,70,0.14,Completed
2070,467.0,29,2025-05-06 14:25:14.311431,78,0.21,Pending
2071,287.0,1,2025-05-06 15:52:39.315931,67,0.28,Completed
2072,499.0,4,2025-05-06 17:20:04.320432,48,0.12,Completed
2073,5.0,32,2025-05-06 18:47:29.324932,65,0.07,Pending
2074,467.0,33,2025-05-06 20:14:54.329432,44,0.26,Completed
2075,418.0,49,2025-05-06 21:42:19.333933,94,0.05,Completed
2076,266.0,26,2025-05-06 23:09:44.338433,63,0.19,Completed
2077,345.0,17,2025-05-07 00:37:09.342934,46,0.28,Completed
2078,130.0,39,2025-05-07 02:04:34.347434,19,0.2,Completed
2079,382.0,23,2025-05-07 03:31:59.351935,64,0.06,Pending
2080,267.0,32,2025-05-07 04:59:24.356435,83,0.05,Pending
2081,178.0,15,2025-05-07 06:26:49.360936,73,0.08,Completed
2082,253.0,13,2025-05-07 07:54:14.365436,71,0.12,Pending
2083,415.0,2,2025-05-07 09:21:39.369936,50,0.05,Completed
2084,56.0,19,2025-05-07 10:49:04.374437,63,0.24,Completed
2085,463.0,24,2025-05-07 12:16:29.378937,41,0.11,Completed
2086,457.0,45,2025-05-07 13:43:54.383438,7,0.28,Completed
2087,471.0,24,2025-05-07 15:11:19.387938,9,0.25,Completed
2088,83.0,11,2025-05-07 16:38:44.392439,4,0.27,Completed
2089,393.0,22,2025-05-07 18:06:09.396939,89,0.09,Pending
2090,99.0,15,2025-05-07 19:33:34.401440,49,0.17,Completed
2091,149.0,10,2025-05-07 21:00:59.405940,76,0.1,Completed
2092,329.0,41,2025-05-07 22:28:24.410441,6,0.08,Completed
2093,156.0,27,2025-05-07 23:55:49.414941,82,0.18,Cancelled
2094,190.0,9,2025-05-08 01:23:14.419441,21,0.25,Completed
2095,494.0,28,2025-05-08 02:50:39.423942,15,0.03,Completed
2096,371.0,1,2025-05-08 04:18:04.428442,67,0.08,Completed
2097,263.0,17,2025-05-08 05:45:29.432943,66,0.06,Pending
2098,80.0,31,2025-05-08 07:12:54.437443,56,0.24,Completed
2099,400.0,44,2025-05-08 08:40:19.441944,68,0.28,Completed
2100,252.0,10,2025-05-08 10:07:44.446444,32,0.02,Completed
2101,97.0,37,2025-05-08 11:35:09.450945,66,0.11,Completed
2102,260.0,29,2025-05-08 13:02:34.455445,29,0.27,Pending
2103,260.0,18,2025-05-08 14:29:59.459945,66,0.1,Completed
2104,103.0,47,2025-05-08 15:57:24.464446,34,0.21,Completed
2105,40.0,38,2025-05-08 17:24:49.468946,27,0.03,Completed
2106,273.0,39,2025-05-08 18:52:14.473447,60,0.13,Cancelled
2107,101.0,49,2025-05-08 20:19:39.477947,39,0.15,Completed
2108,359.0,6,2025-05-08 21:47:04.482448,44,0.23,Completed
2109,380.0,40,2025-05-08 23:14:29.486948,82,0.09,Completed
2110,308.0,12,2025-05-09 00:41:54.491449,36,0.08,Completed
2111,221.0,14,2025-05-09 02:09:19.495949,19,0.09,Completed
2112,308.0,44,2025-05-09 03:36:44.500450,91,0.17,Completed
2113,420.0,10,2025-05-09 05:04:09.504950,45,0.26,Completed
2114,124.0,20,2025-05-09 06:31:34.509450,84,0.25,Completed
2115,422.0,15,2025-05-09 07:58:59.513951,21,0.02,Completed
2116,231.0,31,2025-05-09 09:26:24.518451,23,0.26,Completed
2117,178.0,7,2025-05-09 10:53:49.522952,94,0.03,Completed
2118,63.0,41,2025-05-09 12:21:14.527452,89,0.12,Pending
2119,485.0,10,2025-05-09 13:48:39.531953,95,0.23,Completed
2120,116.0,10,2025-05-09 15:16:04.536453,27,0.02,Completed
2121,191.0,48,2025-05-09 16:43:29.540954,98,0.01,Completed
2122,62.0,39,2025-05-09 18:10:54.545454,72,0.1,Pending
2123,256.0,28,2025-05-09 19:38:19.549954,19,0.22,Completed
2124,483.0,30,2025-05-09 21:05:44.554455,41,0.16,Completed
2125,7.0,37,2025-05-09 22:33:09.558955,26,0.13,Completed
2126,155.0,3,2025-05-10 00:00:34.563456,28,0.24,Completed
2127,92.0,50,2025-05-10 01:27:59.567956,64,0.23,Completed
2128,470.0,43,2025-05-10 02:55:24.572457,68,0.24,Completed
2129,14.0,15,2025-05-10 04:22:49.576957,95,0.14,Completed
2130,455.0,21,2025-05-10 05:50:14.581458,80,0.01,Completed
2131,229.0,37,2025-05-10 07:17:39.585958,51,0.05,Completed
2132,86.0,12,2025-05-10 08:45:04.590459,74,0.22,Completed
2133,133.0,4,2025-05-10 10:12:29.594959,48,0.23,Pending
2134,183.0,47,2025-05-10 11:39:54.599459,10,0.29,Completed
2135,386.0,9,2025-05-10 13:07:19.603960,73,0.06,Completed
2136,62.0,39,2025-05-10 14:34:44.608460,39,0.04,Completed
2137,219.0,42,2025-05-10 16:02:09.612961,100,0.04,Completed
2138,405.0,28,2025-05-10 17:29:34.617461,100,0.06,Pending
2139,246.0,23,2025-05-10 18:56:59.621962,19,0.16,Completed
2140,230.0,45,2025-05-10 20:24:24.626462,64,0.29,Completed
2141,79.0,40,2025-05-10 21:51:49.630963,19,0.18,Completed
2142,149.0,44,2025-05-10 23:19:14.635463,76,0.16,Completed
2143,138.0,22,2025-05-11 00:46:39.639963,62,0.2,Completed
2144,471.0,24,2025-05-11 02:14:04.644464,13,0.02,Pending
2145,314.0,26,2025-05-11 03:41:29.648964,25,0.24,Completed
2146,376.0,30,2025-05-11 05:08:54.653465,100,0.19,Completed
2147,423.0,33,2025-05-11 06:36:19.657965,89,0.05,Pending
2148,389.0,16,2025-05-11 08:03:44.662466,92,0.19,Completed
2149,65.0,22,2025-05-11 09:31:09.666966,42,0.18,Completed
2150,13.0,49,2025-05-11 10:58:34.671467,39,0.02,Pending
2151,213.0,50,2025-05-11 12:25:59.675967,30,0.08,Completed
2152,474.0,43,2025-05-11 13:53:24.680468,5,0.12,Pending
2153,242.0,18,2025-05-11 15:20:49.684968,81,0.07,Completed
2154,493.0,7,2025-05-11 16:48:14.689468,18,0.07,Cancelled
2155,213.0,50,2025-05-11 18:15:39.693969,21,0.17,Completed
2156,181.0,26,2025-05-11 19:43:04.698469,86,0.14,Completed
2157,338.0,8,2025-05-11 21:10:29.702970,50,0.2,Pending
2158,485.0,6,2025-05-11 22:37:54.707470,6,0.29,Completed
2159,173.0,30,2025-05-12 00:05:19.711971,50,0.2,Completed
2160,160.0,39,2025-05-12 01:32:44.716471,80,0.17,Completed
2161,164.0,23,2025-05-12 03:00:09.720972,66,0.25,Completed
2162,465.0,32,2025-05-12 04:27:34.725472,1,0.19,Completed
2163,483.0,22,2025-05-12 05:54:59.729972,57,0.05,Pending
2164,497.0,42,2025-05-12 07:22:24.734473,30,0.09,Pending
2165,188.0,43,2025-05-12 08:49:49.738973,58,0.22,Pending
2166,395.0,45,2025-05-12 10:17:14.743474,52,0.22,Completed
2167,191.0,9,2025-05-12 11:44:39.747974,37,0.3,Pending
2168,405.0,31,2025-05-12 13:12:04.752475,48,0.19,Completed
2169,308.0,7,2025-05-12 14:39:29.756975,87,0.27,Pending
2170,256.0,9,2025-05-12 16:06:54.761476,1,0.02,Cancelled
2171,183.0,13,2025-05-12 17:34:19.765976,19,0.17,Completed
2172,117.0,3,2025-05-12 19:01:44.770477,46,0.28,Completed
2173,282.0,35,2025-05-12 20:29:09.774977,67,0.09,Pending
2174,196.0,33,2025-05-12 21:56:34.779477,2,0.05,Completed
2175,34.0,21,2025-05-12 23:23:59.783978,56,0.11,Completed
2176,52.0,31,2025-05-13 00:51:24.788478,17,0.24,Pending
2177,112.0,34,2025-05-13 02:18:49.792979,92,0.03,Completed
2178,252.0,32,2025-05-13 03:46:14.797479,82,0.18,Pending
2179,82.0,35,2025-05-13 05:13:39.801980,97,0.04,Cancelled
2180,232.0,15,2025-05-13 06:41:04.806480,79,0.13,Completed
2181,227.0,32,2025-05-13 08:08:29.810981,22,0.29,Completed
2182,233.0,6,2025-05-13 09:35:54.815481,27,0.06,Completed
2183,221.0,45,2025-05-13 11:03:19.819981,55,0.01,Completed
2184,436.0,21,2025-05-13 12:30:44.824482,32,0.13,Completed
2185,413.0,33,2025-05-13 13:58:09.828982,60,0.17,Pending
2186,422.0,32,2025-05-13 15:25:34.833483,83,0.09,Completed
2187,42.0,19,2025-05-13 16:52:59.837983,28,0.16,Completed
2188,21.0,33,2025-05-13 18:20:24.842484,28,0.29,Completed
2189,42.0,28,2025-05-13 19:47:49.846984,74,0.09,Completed
2190,397.0,31,2025-05-13 21:15:14.851485,84,0.09,Pending
2191,113.0,21,2025-05-13 22:42:39.855985,25,0.14,Cancelled
2192,105.0,34,2025-05-14 00:10:04.860486,85,0.15,Completed
2193,192.0,15,2025-05-14 01:37:29.864986,78,0.0,Completed
2194,17.0,14,2025-05-14 03:04:54.869486,86,0.18,Completed
2195,120.0,19,2025-05-14 04:32:19.873987,26,0.3,Completed
2196,393.0,43,2025-05-14 05:59:44.878487,75,0.09,Completed
2197,425.0,15,2025-05-14 07:27:09.882988,71,0.19,Completed
2198,129.0,6,2025-05-14 08:54:34.887488,17,0.0,Completed
2199,130.0,9,2025-05-14 10:21:59.891989,82,0.18,Completed
2200,60.0,37,2025-05-14 11:49:24.896489,7,0.13,Completed
2201,48.0,20,2025-05-14 13:16:49.900990,56,0.16,Completed
2202,29.0,34,2025-05-14 14:44:14.905490,64,0.16,Completed
2203,97.0,38,2025-05-14 16:11:39.909990,20,0.05,Completed
2204,10.0,26,2025-05-14 17:39:04.914491,38,0.23,Completed
2205,242.0,18,2025-05-14 19:06:29.918991,75,0.17,Completed
2206,314.0,28,2025-05-14 20:33:54.923492,58,0.08,Completed
2207,444.0,9,2025-05-14 22:01:19.927992,16,0.28,Cancelled
2208,232.0,32,2025-05-14 23:28:44.932493,51,0.0,Pending
2209,277.0,6,2025-05-15 00:56:09.936993,27,0.22,Completed
2210,284.0,14,2025-05-15 02:23:34.941494,51,0.11,Completed
2211,203.0,28,2025-05-15 03:50:59.945994,75,0.16,Pending
2212,247.0,24,2025-05-15 05:18:24.950495,16,0.09,Pending
2213,290.0,13,2025-05-15 06:45:49.954995,87,0.1,Completed
2214,264.0,43,2025-05-15 08:13:14.959495,60,0.0,Pending
2215,443.0,12,2025-05-15 09:40:39.963996,76,0.22,Completed
2216,214.0,19,2025-05-15 11:08:04.968496,40,0.21,Completed
2217,200.0,21,2025-05-15 12:35:29.972997,67,0.2,Completed
2218,433.0,27,2025-05-15 14:02:54.977497,2,0.26,Cancelled
2219,79.0,19,2025-05-15 15:30:19.981998,48,0.27,Completed
2220,401.0,24,2025-05-15 16:57:44.986498,52,0.17,Completed
2221,444.0,26,2025-05-15 18:25:09.990999,24,0.21,Completed
2222,343.0,45,2025-05-15 19:52:34.995499,93,0.0,Completed
2223,344.0,28,2025-05-15 21:20:00.000000,98,0.25,Completed
2224,173.0,46,2025-05-15 22:47:25.004500,84,0.24,Completed
2225,467.0,18,2025-05-16 00:14:50.009000,82,0.01,Completed
2226,69.0,44,2025-05-16 01:42:15.013501,78,0.16,Completed
2227,416.0,36,2025-05-16 03:09:40.018001,82,0.27,Completed
2228,428.0,42,2025-05-16 04:37:05.022502,2,0.05,Completed
2229,449.0,29,2025-05-16 06:04:30.027002,65,0.11,Completed
2230,87.0,17,2025-05-16 07:31:55.031503,20,0.1,Completed
2231,101.0,4,2025-05-16 08:59:20.036003,34,0.11,Completed
2232,8.0,44,2025-05-16 10:26:45.040504,41,0.01,Completed
2233,333.0,45,2025-05-16 11:54:10.045004,41,0.08,Completed
2234,200.0,29,2025-05-16 13:21:35.049504,75,0.09,Completed
2235,87.0,4,2025-05-16 14:49:00.054005,91,0.26,Pending
2236,43.0,10,2025-05-16 16:16:25.058505,23,0.11,Completed
2237,385.0,25,2025-05-16 17:43:50.063006,38,0.13,Completed
2238,109.0,31,2025-05-16 19:11:15.067506,44,0.11,Completed
2239,435.0,3,2025-05-16 20:38:40.072007,67,0.04,Completed
2240,408.0,47,2025-05-16 22:06:05.076507,62,0.3,Completed
2241,483.0,2,2025-05-16 23:33:30.081008,12,0.25,Completed
2242,152.0,25,2025-05-17 01:00:55.085508,30,0.16,Pending
2243,17.0,49,2025-05-17 02:28:20.090009,95,0.14,Completed
2244,133.0,6,2025-05-17 03:55:45.094509,87,0.19,Completed
2245,148.0,26,2025-05-17 05:23:10.099009,65,0.1,Completed
2246,277.0,8,2025-05-17 06:50:35.103510,41,0.02,Pending
2247,232.0,35,2025-05-17 08:18:00.108010,20,0.12,Completed
2248,314.0,27,2025-05-17 09:45:25.112511,6,0.3,Cancelled
2249,415.0,25,2025-05-17 11:12:50.117011,75,0.05,Completed
2250,366.0,18,2025-05-17 12:40:15.121512,99,0.16,Pending
2251,228.0,1,2025-05-17 14:07:40.126012,4,0.0,Completed
2252,139.0,48,2025-05-17 15:35:05.130513,93,0.04,Completed
2253,436.0,39,2025-05-17 17:02:30.135013,10,0.18,Completed
2254,399.0,3,2025-05-17 18:29:55.139513,51,0.09,Completed
2255,211.0,4,2025-05-17 19:57:20.144014,93,0.27,Cancelled
2256,391.0,41,2025-05-17 21:24:45.148514,38,0.12,Completed
2257,499.0,37,2025-05-17 22:52:10.153015,1,0.06,Completed
2258,28.0,15,2025-05-18 00:19:35.157515,8,0.16,Pending
2259,51.0,8,2025-05-18 01:47:00.162016,81,0.24,Completed
2260,491.0,38,2025-05-18 03:14:25.166516,83,0.01,Completed
2261,442.0,50,2025-05-18 04:41:50.171017,63,0.15,Completed
2262,261.0,19,2025-05-18 06:09:15.175517,33,0.23,Completed
2263,261.0,47,2025-05-18 07:36:40.180018,15,0.03,Cancelled
2264,350.0,26,2025-05-18 09:04:05.184518,31,0.27,Completed
2265,352.0,39,2025-05-18 10:31:30.189018,21,0.08,Pending
2266,8.0,10,2025-05-18 11:58:55.193519,3,0.05,Pending
2267,320.0,38,2025-05-18 13:26:20.198019,66,0.18,Completed
2268,138.0,14,2025-05-18 14:53:45.202520,35,0.05,Completed
2269,38.0,49,2025-05-18 16:21:10.207020,41,0.2,Completed
2270,111.0,41,2025-05-18 17:48:35.211521,59,0.15,Completed
2271,480.0,19,2025-05-18 19:16:00.216021,16,0.03,Completed
2272,368.0,30,2025-05-18 20:43:25.220522,56,0.27,Completed
2273,220.0,5,2025-05-18 22:10:50.225022,45,0.2,Cancelled
2274,337.0,31,2025-05-18 23:38:15.229522,59,0.16,Completed
2275,223.0,7,2025-05-19 01:05:40.234023,50,0.11,Completed
2276,136.0,19,2025-05-19 02:33:05.238523,85,0.04,Completed
2277,256.0,31,2025-05-19 04:00:30.243024,12,0.21,Completed
2278,360.0,39,2025-05-19 05:27:55.247524,92,0.24,Completed
2279,409.0,24,2025-05-19 06:55:20.252025,12,0.04,Completed
2280,329.0,34,2025-05-19 08:22:45.256525,33,0.15,Completed
2281,450.0,23,2025-05-19 09:50:10.261026,84,0.15,Completed
2282,463.0,48,2025-05-19 11:17:35.265526,49,0.1,Pending
2283,434.0,45,2025-05-19 12:45:00.270027,21,0.24,Completed
2284,451.0,40,2025-05-19 14:12:25.274527,60,0.03,Completed
2285,49.0,6,2025-05-19 15:39:50.279027,52,0.06,Completed
2286,292.0,38,2025-05-19 17:07:15.283528,54,0.0,Completed
2287,382.0,41,2025-05-19 18:34:40.288028,39,0.11,Cancelled
2288,324.0,36,2025-05-19 20:02:05.292529,49,0.09,Completed
2289,78.0,27,2025-05-19 21:29:30.297029,64,0.26,Pending
2290,105.0,11,2025-05-19 22:56:55.301530,100,0.22,Pending
2291,169.0,5,2025-05-20 00:24:20.306030,86,0.03,Completed
2292,217.0,17,2025-05-20 01:51:45.310531,26,0.22,Completed
2293,378.0,7,2025-05-20 03:19:10.315031,71,0.2,Pending
2294,119.0,27,2025-05-20 04:46:35.319531,7,0.08,Completed
2295,190.0,47,2025-05-20 06:14:00.324032,72,0.0,Completed
2296,255.0,15,2025-05-20 07:41:25.328532,62,0.03,Completed
2297,370.0,46,2025-05-20 09:08:50.333033,90,0.07,Completed
2298,266.0,13,2025-05-20 10:36:15.337533,88,0.24,Completed
2299,149.0,11,2025-05-20 12:03:40.342034,24,0.14,Cancelled
2300,164.0,45,2025-05-20 13:31:05.346534,40,0.28,Completed
2301,140.0,26,2025-05-20 14:58:30.351035,76,0.24,Pending
2302,347.0,22,2025-05-20 16:25:55.355535,47,0.09,Completed
2303,488.0,28,2025-05-20 17:53:20.360036,8,0.25,Completed
2304,258.0,24,2025-05-20 19:20:45.364536,54,0.04,Completed
2305,374.0,29,2025-05-20 20:48:10.369036,9,0.01,Cancelled
2306,269.0,9,2025-05-20 22:15:35.373537,3,0.18,Completed
2307,181.0,42,2025-05-20 23:43:00.378037,54,0.1,Completed
2308,160.0,4,2025-05-21 01:10:25.382538,21,0.1,Completed
2309,351.0,49,2025-05-21 02:37:50.387038,95,0.21,Pending
2310,400.0,46,2025-05-21 04:05:15.391539,48,0.26,Completed
2311,288.0,18,2025-05-21 05:32:40.396039,47,0.1,Completed
2312,288.0,43,2025-05-21 07:00:05.400540,88,0.1,Completed
2313,380.0,16,2025-05-21 08:27:30.405040,68,0.16,Completed
2314,226.0,33,2025-05-21 09:54:55.409540,84,0.2,Completed
2315,11.0,29,2025-05-21 11:22:20.414041,63,0.06,Completed
2316,10.0,39,2025-05-21 12:49:45.418541,16,0.27,Completed
2317,271.0,10,2025-05-21 14:17:10.423042,74,0.2,Completed
2318,273.0,9,2025-05-21 15:44:35.427542,90,0.19,Completed
2319,424.0,31,2025-05-21 17:12:00.432043,93,0.27,Completed
2320,402.0,28,2025-05-21 18:39:25.436543,5,0.27,Completed
2321,183.0,3,2025-05-21 20:06:50.441044,11,0.04,Completed
2322,457.0,14,2025-05-21 21:34:15.445544,29,0.04,Completed
2323,153.0,25,2025-05-21 23:01:40.450045,79,0.23,Pending
2324,488.0,15,2025-05-22 00:29:05.454545,70,0.29,Completed
2325,315.0,2,2025-05-22 01:56:30.459045,48,0.2,Completed
2326,334.0,24,2025-05-22 03:23:55.463546,15,0.12,Completed
2327,124.0,14,2025-05-22 04:51:20.468046,84,0.21,Completed
2328,473.0,48,2025-05-22 06:18:45.472547,34,0.07,Completed
2329,114.0,7,2025-05-22 07:46:10.477047,60,0.3,Completed
2330,278.0,36,2025-05-22 09:13:35.481548,62,0.13,Completed
2331,500.0,50,2025-05-22 10:41:00.486048,2,0.28,Completed
2332,414.0,24,2025-05-22 12:08:25.490549,80,0.13,Completed
2333,468.0,27,2025-05-22 13:35:50.495049,19,0.28,Completed
2334,213.0,37,2025-05-22 15:03:15.499549,98,0.1,Completed
2335,172.0,38,2025-05-22 16:30:40.504050,49,0.23,Completed
2336,288.0,30,2025-05-22 17:58:05.508550,78,0.29,Completed
2337,435.0,27,2025-05-22 19:25:30.513051,88,0.19,Completed
2338,174.0,39,2025-05-22 20:52:55.517551,28,0.2,Completed
2339,113.0,15,2025-05-22 22:20:20.522052,48,0.03,Completed
2340,376.0,26,2025-05-22 23:47:45.526552,96,0.14,Completed
2341,405.0,1,2025-05-23 01:15:10.531053,37,0.27,Completed
2342,483.0,4,2025-05-23 02:42:35.535553,74,0.07,Cancelled
2343,122.0,29,2025-05-23 04:10:00.540054,49,0.24,Completed
2344,32.0,1,2025-05-23 05:37:25.544554,48,0.2,Completed
2345,222.0,43,2025-05-23 07:04:50.549054,73,0.07,Completed
2346,119.0,50,2025-05-23 08:32:15.553555,88,0.08,Completed
2347,39.0,46,2025-05-23 09:59:40.558055,100,0.13,Completed
2348,497.0,22,2025-05-23 11:27:05.562556,29,0.04,Completed
2349,268.0,11,2025-05-23 12:54:30.567056,60,0.27,Completed
2350,233.0,10,2025-05-23 14:21:55.571557,29,0.22,Completed
2351,431.0,17,2025-05-23 15:49:20.576057,58,0.11,Completed
2352,18.0,36,2025-05-23 17:16:45.580558,48,0.09,Completed
2353,149.0,47,2025-05-23 18:44:10.585058,23,0.21,Completed
2354,397.0,26,2025-05-23 20:11:35.589558,27,0.13,Completed
2355,149.0,48,2025-05-23 21:39:00.594059,95,0.07,Completed
2356,126.0,21,2025-05-23 23:06:25.598559,7,0.13,Completed
2357,392.0,13,2025-05-24 00:33:50.603060,49,0.26,Pending
2358,302.0,9,2025-05-24 02:01:15.607560,54,0.02,Completed
2359,360.0,11,2025-05-24 03:28:40.612061,68,0.11,Completed
2360,238.0,11,2025-05-24 04:56:05.616561,78,0.29,Completed
2361,135.0,6,2025-05-24 06:23:30.621062,42,0.0,Completed
2362,151.0,1,2025-05-24 07:50:55.625562,74,0.27,Completed
2363,236.0,6,2025-05-24 09:18:20.630063,59,0.11,Completed
2364,224.0,13,2025-05-24 10:45:45.634563,44,0.06,Completed
2365,203.0,22,2025-05-24 12:13:10.639063,98,0.0,Cancelled
2366,256.0,31,2025-05-24 13:40:35.643564,26,0.02,Pending
2367,86.0,22,2025-05-24 15:08:00.648064,23,0.05,Completed
2368,150.0,37,2025-05-24 16:35:25.652565,73,0.01,Completed
2369,235.0,47,2025-05-24 18:02:50.657065,8,0.1,Completed
2370,345.0,27,2025-05-24 19:30:15.661566,53,0.01,Completed
2371,22.0,50,2025-05-24 20:57:40.666066,14,0.21,Completed
2372,348.0,14,2025-05-24 22:25:05.670567,71,0.25,Completed
2373,285.0,47,2025-05-24 23:52:30.675067,7,0.27,Completed
2374,269.0,5,2025-05-25 01:19:55.679567,9,0.16,Pending
2375,466.0,36,2025-05-25 02:47:20.684068,3,0.28,Completed
2376,258.0,32,2025-05-25 04:14:45.688568,78,0.0,Completed
2377,29.0,34,2025-05-25 05:42:10.693069,17,0.04,Completed
2378,213.0,7,2025-05-25 07:09:35.697569,44,0.09,Completed
2379,463.0,42,2025-05-25 08:37:00.702070,86,0.24,Completed
2380,436.0,48,2025-05-25 10:04:25.706570,46,0.27,Completed
2381,283.0,10,2025-05-25 11:31:50.711071,90,0.19,Completed
2382,50.0,50,2025-05-25 12:59:15.715571,58,0.11,Completed
2383,95.0,17,2025-05-25 14:26:40.720072,28,0.2,Pending
2384,463.0,30,2025-05-25 15:54:05.724572,14,0.05,Cancelled
2385,499.0,21,2025-05-25 17:21:30.729072,9,0.14,Completed
2386,407.0,13,2025-05-25 18:48:55.733573,26,0.15,Completed
2387,88.0,1,2025-05-25 20:16:20.738073,2,0.03,Completed
2388,44.0,1,2025-05-25 21:43:45.742574,75,0.01,Completed
2389,461.0,47,2025-05-25 23:11:10.747074,81,0.23,Completed
2390,278.0,33,2025-05-26 00:38:35.751575,34,0.16,Completed
2391,171.0,38,2025-05-26 02:06:00.756075,19,0.1,Completed
2392,421.0,25,2025-05-26 03:33:25.760576,39,0.13,Completed
2393,189.0,26,2025-05-26 05:00:50.765076,82,0.29,Completed
2394,353.0,13,2025-05-26 06:28:15.769576,13,0.12,Completed
2395,184.0,28,2025-05-26 07:55:40.774077,5,0.03,Completed
2396,3.0,33,2025-05-26 09:23:05.778577,50,0.14,Completed
2397,191.0,37,2025-05-26 10:50:30.783078,23,0.19,Completed
2398,118.0,41,2025-05-26 12:17:55.787578,88,0.0,Completed
2399,19.0,30,2025-05-26 13:45:20.792079,29,0.1,Pending
2400,23.0,49,2025-05-26 15:12:45.796579,72,0.12,Completed
2401,413.0,48,2025-05-26 16:40:10.801080,26,0.14,Pending
2402,30.0,8,2025-05-26 18:07:35.805580,79,0.09,Completed
2403,295.0,49,2025-05-26 19:35:00.810081,57,0.2,Completed
2404,108.0,47,2025-05-26 21:02:25.814581,1,0.28,Completed
2405,367.0,1,2025-05-26 22:29:50.819081,28,0.27,Completed
2406,281.0,12,2025-05-26 23:57:15.823582,62,0.2,Completed
2407,128.0,5,2025-05-27 01:24:40.828082,47,0.15,Completed
2408,229.0,24,2025-05-27 02:52:05.832583,78,0.25,Cancelled
2409,111.0,6,2025-05-27 04:19:30.837083,98,0.25,Pending
2410,136.0,25,2025-05-27 05:46:55.841584,59,0.25,Completed
2411,362.0,1,2025-05-27 07:14:20.846084,31,0.05,Completed
2412,186.0,25,2025-05-27 08:41:45.850585,70,0.01,Completed
2413,144.0,1,2025-05-27 10:09:10.855085,49,0.29,Completed
2414,72.0,32,2025-05-27 11:36:35.859585,5,0.29,Completed
2415,129.0,42,2025-05-27 13:04:00.864086,31,0.17,Completed
2416,364.0,42,2025-05-27 14:31:25.868586,37,0.3,Completed
2417,261.0,3,2025-05-27 15:58:50.873087,79,0.23,Completed
2418,3.0,49,2025-05-27 17:26:15.877587,15,0.16,Completed
2419,449.0,19,2025-05-27 18:53:40.882088,52,0.12,Cancelled
2420,388.0,43,2025-05-27 20:21:05.886588,69,0.18,Completed
2421,104.0,29,2025-05-27 21:48:30.891089,92,0.15,Completed
2422,483.0,50,2025-05-27 23:15:55.895589,97,0.3,Completed
2423,224.0,2,2025-05-28 00:43:20.900090,11,0.15,Completed
2424,320.0,9,2025-05-28 02:10:45.904590,43,0.25,Pending
2425,362.0,17,2025-05-28 03:38:10.909090,70,0.24,Completed
2426,354.0,46,2025-05-28 05:05:35.913591,23,0.02,Cancelled
2427,491.0,36,2025-05-28 06:33:00.918091,40,0.03,Completed
2428,473.0,17,2025-05-28 08:00:25.922592,63,0.2,Pending
2429,10.0,49,2025-05-28 09:27:50.927092,2,0.08,Completed
2430,405.0,12,2025-05-28 10:55:15.931593,79,0.2,Pending
2431,384.0,20,2025-05-28 12:22:40.936093,87,0.04,Completed
2432,302.0,50,2025-05-28 13:50:05.940594,86,0.12,Completed
2433,231.0,3,2025-05-28 15:17:30.945094,73,0.03,Completed
2434,219.0,43,2025-05-28 16:44:55.949594,47,0.08,Completed
2435,411.0,50,2025-05-28 18:12:20.954095,30,0.03,Pending
2436,66.0,4,2025-05-28 19:39:45.958595,16,0.29,Completed
2437,425.0,17,2025-05-28 21:07:10.963096,59,0.12,Completed
2438,112.0,50,2025-05-28 22:34:35.967596,47,0.27,Completed
2439,13.0,37,2025-05-29 00:02:00.972097,30,0.29,Completed
2440,393.0,46,2025-05-29 01:29:25.976597,9,0.27,Pending
2441,500.0,42,2025-05-29 02:56:50.981098,65,0.14,Completed
2442,420.0,15,2025-05-29 04:24:15.985598,59,0.23,Completed
2443,86.0,33,2025-05-29 05:51:40.990099,64,0.05,Completed
2444,234.0,16,2025-05-29 07:19:05.994599,8,0.03,Pending
2445,90.0,11,2025-05-29 08:46:30.999099,52,0.26,Completed
2446,314.0,20,2025-05-29 10:13:56.003600,18,0.01,Completed
2447,54.0,38,2025-05-29 11:41:21.008100,91,0.29,Cancelled
2448,12.0,24,2025-05-29 13:08:46.012601,82,0.2,Completed
2449,209.0,16,2025-05-29 14:36:11.017101,96,0.13,Completed
2450,462.0,30,2025-05-29 16:03:36.021602,58,0.04,Completed
2451,14.0,34,2025-05-29 17:31:01.026102,49,0.22,Completed
2452,121.0,1,2025-05-29 18:58:26.030603,32,0.17,Pending
2453,418.0,24,2025-05-29 20:25:51.035103,48,0.21,Completed
2454,437.0,24,2025-05-29 21:53:16.039603,45,0.13,Completed
2455,377.0,9,2025-05-29 23:20:41.044104,54,0.02,Completed
2456,20.0,22,2025-05-30 00:48:06.048604,100,0.09,Completed
2457,75.0,12,2025-05-30 02:15:31.053105,100,0.09,Completed
2458,400.0,17,2025-05-30 03:42:56.057605,85,0.0,Completed
2459,243.0,25,2025-05-30 05:10:21.062106,46,0.0,Completed
2460,223.0,28,2025-05-30 06:37:46.066606,96,0.1,Pending
2461,70.0,15,2025-05-30 08:05:11.071107,31,0.22,Completed
2462,312.0,30,2025-05-30 09:32:36.075607,37,0.19,Completed
2463,211.0,27,2025-05-30 11:00:01.080108,16,0.07,Completed
2464,101.0,22,2025-05-30 12:27:26.084608,46,0.18,Completed
2465,186.0,10,2025-05-30 13:54:51.089108,46,0.19,Completed
2466,132.0,31,2025-05-30 15:22:16.093609,78,0.16,Pending
2467,111.0,27,2025-05-30 16:49:41.098109,88,0.16,Completed
2468,381.0,12,2025-05-30 18:17:06.102610,89,0.11,Completed
2469,132.0,46,2025-05-30 19:44:31.107110,61,0.04,Completed
2470,20.0,31,2025-05-30 21:11:56.111611,46,0.12,Completed
2471,394.0,32,2025-05-30 22:39:21.116111,51,0.1,Pending
2472,24.0,32,2025-05-31 00:06:46.120612,62,0.18,Completed
2473,227.0,41,2025-05-31 01:34:11.125112,35,0.26,Completed
2474,154.0,45,2025-05-31 03:01:36.129612,81,0.11,Completed
2475,293.0,35,2025-05-31 04:29:01.134113,42,0.21,Completed
2476,230.0,46,2025-05-31 05:56:26.138613,45,0.24,Pending
2477,469.0,21,2025-05-31 07:23:51.143114,68,0.06,Completed
2478,310.0,10,2025-05-31 08:51:16.147614,75,0.27,Completed
2479,488.0,16,2025-05-31 10:18:41.152115,47,0.02,Completed
2480,359.0,7,2025-05-31 11:46:06.156615,79,0.27,Completed
2481,405.0,4,2025-05-31 13:13:31.161116,30,0.05,Completed
2482,202.0,27,2025-05-31 14:40:56.165616,24,0.1,Completed
2483,38.0,25,2025-05-31 16:08:21.170117,66,0.18,Completed
2484,430.0,31,2025-05-31 17:35:46.174617,43,0.27,Completed
2485,260.0,11,2025-05-31 19:03:11.179117,34,0.08,Completed
2486,188.0,48,2025-05-31 20:30:36.183618,23,0.23,Completed
2487,57.0,20,2025-05-31 21:58:01.188118,61,0.21,Completed
2488,429.0,36,2025-05-31 23:25:26.192619,95,0.05,Completed
2489,20.0,17,2025-06-01 00:52:51.197119,37,0.14,Completed
2490,273.0,45,2025-06-01 02:20:16.201620,13,0.14,Completed
2491,119.0,11,2025-06-01 03:47:41.206120,97,0.09,Completed
2492,71.0,30,2025-06-01 05:15:06.210621,71,0.23,Completed
2493,4.0,35,2025-06-01 06:42:31.215121,96,0.28,Completed
2494,221.0,41,2025-06-01 08:09:56.219621,7,0.21,Completed
2495,14.0,38,2025-06-01 09:37:21.224122,42,0.29,Completed
2496,3.0,22,2025-06-01 11:04:46.228622,38,0.02,Cancelled
2497,216.0,43,2025-06-01 12:32:11.233123,52,0.01,Completed
2498,229.0,48,2025-06-01 13:59:36.237623,44,0.27,Completed
2499,336.0,27,2025-06-01 15:27:01.242124,64,0.27,Completed
2500,186.0,37,2025-06-01 16:54:26.246624,13,0.03,Completed
2501,55.0,46,2025-06-01 18:21:51.251125,88,0.11,Completed
2502,500.0,49,2025-06-01 19:49:16.255625,28,0.25,Completed
2503,388.0,35,2025-06-01 21:16:41.260126,96,0.04,Completed
2504,376.0,4,2025-06-01 22:44:06.264626,82,0.08,Completed
2505,254.0,16,2025-06-02 00:11:31.269126,98,0.2,Completed
2506,24.0,16,2025-06-02 01:38:56.273627,98,0.29,Completed
2507,162.0,21,2025-06-02 03:06:21.278127,1,0.24,Completed
2508,158.0,26,2025-06-02 04:33:46.282628,43,0.23,Completed
2509,82.0,36,2025-06-02 06:01:11.287128,42,0.1,Completed
2510,403.0,19,2025-06-02 07:28:36.291629,95,0.2,Completed
2511,159.0,17,2025-06-02 08:56:01.296129,50,0.03,Completed
2512,188.0,45,2025-06-02 10:23:26.300630,60,0.3,Completed
2513,60.0,26,2025-06-02 11:50:51.305130,1,0.14,Completed
2514,403.0,22,2025-06-02 13:18:16.309630,51,0.19,Completed
2515,305.0,28,2025-06-02 14:45:41.314131,16,0.26,Completed
2516,319.0,1,2025-06-02 16:13:06.318631,39,0.0,Cancelled
2517,366.0,44,2025-06-02 17:40:31.323132,15,0.29,Completed
2518,211.0,36,2025-06-02 19:07:56.327632,33,0.11,Pending
2519,406.0,43,2025-06-02 20:35:21.332133,87,0.1,Pending
2520,152.0,37,2025-06-02 22:02:46.336633,53,0.04,Completed
2521,109.0,2,2025-06-02 23:30:11.341134,98,0.26,Completed
2522,76.0,17,2025-06-03 00:57:36.345634,17,0.26,Completed
2523,30.0,40,2025-06-03 02:25:01.350135,89,0.01,Completed
2524,314.0,38,2025-06-03 03:52:26.354635,6,0.02,Completed
2525,486.0,21,2025-06-03 05:19:51.359135,31,0.28,Completed
2526,117.0,9,2025-06-03 06:47:16.363636,69,0.04,Completed
2527,415.0,13,2025-06-03 08:14:41.368136,40,0.19,Completed
2528,356.0,11,2025-06-03 09:42:06.372637,30,0.19,Completed
2529,192.0,16,2025-06-03 11:09:31.377137,69,0.26,Completed
2530,19.0,16,2025-06-03 12:36:56.381638,76,0.17,Cancelled
2531,432.0,2,2025-06-03 14:04:21.386138,7,0.13,Completed
2532,173.0,42,2025-06-03 15:31:46.390639,13,0.29,Completed
2533,228.0,44,2025-06-03 16:59:11.395139,4,0.07,Completed
2534,350.0,8,2025-06-03 18:26:36.399639,50,0.08,Completed
2535,183.0,43,2025-06-03 19:54:01.404140,3,0.03,Completed
2536,113.0,42,2025-06-03 21:21:26.408640,12,0.29,Completed
2537,183.0,13,2025-06-03 22:48:51.413141,65,0.21,Completed
2538,481.0,17,2025-06-04 00:16:16.417641,27,0.0,Completed
2539,146.0,39,2025-06-04 01:43:41.422142,50,0.21,Completed
2540,319.0,24,2025-06-04 03:11:06.426642,77,0.12,Completed
2541,116.0,3,2025-06-04 04:38:31.431143,17,0.29,Completed
2542,113.0,30,2025-06-04 06:05:56.435643,72,0.08,Completed
2543,251.0,13,2025-06-04 07:33:21.440144,32,0.21,Completed
2544,476.0,19,2025-06-04 09:00:46.444644,84,0.19,Completed
2545,251.0,7,2025-06-04 10:28:11.449144,51,0.0,Completed
2546,303.0,9,2025-06-04 11:55:36.453645,17,0.27,Completed
2547,459.0,19,2025-06-04 13:23:01.458145,34,0.04,Completed
2548,313.0,45,2025-06-04 14:50:26.462646,35,0.2,Completed
2549,118.0,40,2025-06-04 16:17:51.467146,99,0.23,Completed
2550,301.0,22,2025-06-04 17:45:16.471647,24,0.19,Completed
2551,161.0,18,2025-06-04 19:12:41.476147,54,0.03,Completed
2552,401.0,23,2025-06-04 20:40:06.480648,18,0.29,Completed
2553,198.0,2,2025-06-04 22:07:31.485148,50,0.07,Completed
2554,260.0,50,2025-06-04 23:34:56.489648,46,0.19,Completed
2555,148.0,50,2025-06-05 01:02:21.494149,48,0.24,Completed
2556,240.0,11,2025-06-05 02:29:46.498649,33,0.28,Pending
2557,47.0,31,2025-06-05 03:57:11.503150,87,0.18,Completed
2558,475.0,33,2025-06-05 05:24:36.507650,89,0.08,Cancelled
2559,399.0,14,2025-06-05 06:52:01.512151,27,0.25,Completed
2560,198.0,16,2025-06-05 08:19:26.516651,1,0.05,Completed
2561,47.0,11,2025-06-05 09:46:51.521152,85,0.01,Completed
2562,78.0,33,2025-06-05 11:14:16.525652,59,0.27,Completed
2563,124.0,7,2025-06-05 12:41:41.530153,10,0.17,Completed
2564,75.0,31,2025-06-05 14:09:06.534653,95,0.02,Completed
2565,359.0,48,2025-06-05 15:36:31.539153,25,0.17,Completed
2566,137.0,46,2025-06-05 17:03:56.543654,84,0.04,Completed
2567,90.0,47,2025-06-05 18:31:21.548154,57,0.01,Completed
2568,400.0,14,2025-06-05 19:58:46.552655,66,0.03,Completed
2569,325.0,28,2025-06-05 21:26:11.557155,15,0.23,Completed
2570,500.0,43,2025-06-05 22:53:36.561656,28,0.23,Completed
2571,61.0,16,2025-06-06 00:21:01.566156,13,0.18,Completed
2572,138.0,19,2025-06-06 01:48:26.570657,14,0.06,Completed
2573,50.0,17,2025-06-06 03:15:51.575157,66,0.22,Completed
2574,259.0,26,2025-06-06 04:43:16.579657,34,0.12,Completed
2575,461.0,6,2025-06-06 06:10:41.584158,99,0.15,Completed
2576,107.0,43,2025-06-06 07:38:06.588658,25,0.27,Completed
2577,113.0,49,2025-06-06 09:05:31.593159,54,0.14,Completed
2578,350.0,9,2025-06-06 10:32:56.597659,79,0.19,Completed
2579,254.0,50,2025-06-06 12:00:21.602160,12,0.29,Pending
2580,118.0,17,2025-06-06 13:27:46.606660,9,0.14,Completed
2581,493.0,31,2025-06-06 14:55:11.611161,31,0.17,Completed
2582,198.0,12,2025-06-06 16:22:36.615661,78,0.18,Completed
2583,337.0,23,2025-06-06 17:50:01.620162,93,0.07,Completed
2584,365.0,5,2025-06-06 19:17:26.624662,53,0.22,Completed
2585,51.0,43,2025-06-06 20:44:51.629162,43,0.22,Completed
2586,245.0,36,2025-06-06 22:12:16.633663,38,0.06,Completed
2587,403.0,36,2025-06-06 23:39:41.638163,42,0.0,Completed
2588,426.0,3,2025-06-07 01:07:06.642664,72,0.3,Pending
2589,35.0,24,2025-06-07 02:34:31.647164,48,0.17,Completed
2590,302.0,17,2025-06-07 04:01:56.651665,67,0.05,Completed
2591,410.0,39,2025-06-07 05:29:21.656165,66,0.09,Completed
2592,499.0,26,2025-06-07 06:56:46.660666,16,0.19,Completed
2593,69.0,4,2025-06-07 08:24:11.665166,83,0.04,Pending
2594,349.0,45,2025-06-07 09:51:36.669666,94,0.01,Completed
2595,320.0,12,2025-06-07 11:19:01.674167,16,0.24,Pending
2596,421.0,1,2025-06-07 12:46:26.678667,31,0.21,Completed
2597,468.0,21,2025-06-07 14:13:51.683168,58,0.09,Completed
2598,49.0,19,2025-06-07 15:41:16.687668,28,0.02,Completed
2599,405.0,21,2025-06-07 17:08:41.692169,4,0.15,Completed
2600,74.0,18,2025-06-07 18:36:06.696669,10,0.08,Pending
2601,192.0,43,2025-06-07 20:03:31.701170,51,0.12,Completed
2602,261.0,3,2025-06-07 21:30:56.705670,18,0.08,Completed
2603,356.0,49,2025-06-07 22:58:21.710171,47,0.05,Pending
2604,70.0,44,2025-06-08 00:25:46.714671,32,0.12,Completed
2605,90.0,32,2025-06-08 01:53:11.719171,30,0.29,Pending
2606,260.0,10,2025-06-08 03:20:36.723672,36,0.08,Completed
2607,126.0,40,2025-06-08 04:48:01.728172,9,0.1,Completed
2608,231.0,15,2025-06-08 06:15:26.732673,36,0.1,Completed
2609,295.0,5,2025-06-08 07:42:51.737173,29,0.14,Completed
2610,498.0,4,2025-06-08 09:10:16.741674,16,0.25,Completed
2611,419.0,28,2025-06-08 10:37:41.746174,92,0.12,Pending
2612,129.0,4,2025-06-08 12:05:06.750675,21,0.24,Completed
2613,280.0,15,2025-06-08 13:32:31.755175,64,0.03,Completed
2614,313.0,17,2025-06-08 14:59:56.759675,66,0.27,Completed
2615,100.0,44,2025-06-08 16:27:21.764176,59,0.06,Completed
2616,326.0,3,2025-06-08 17:54:46.768676,99,0.01,Completed
2617,297.0,10,2025-06-08 19:22:11.773177,28,0.05,Completed
2618,182.0,47,2025-06-08 20:49:36.777677,55,0.06,Pending
2619,174.0,42,2025-06-08 22:17:01.782178,100,0.15,Pending
2620,316.0,23,2025-06-08 23:44:26.786678,31,0.13,Completed
2621,364.0,18,2025-06-09 01:11:51.791179,33,0.21,Completed
2622,188.0,1,2025-06-09 02:39:16.795679,87,0.02,Completed
2623,57.0,35,2025-06-09 04:06:41.800180,60,0.15,Pending
2624,31.0,31,2025-06-09 05:34:06.804680,41,0.1,Pending
2625,84.0,44,2025-06-09 07:01:31.809180,81,0.19,Pending
2626,152.0,1,2025-06-09 08:28:56.813681,46,0.01,Completed
2627,473.0,3,2025-06-09 09:56:21.818181,49,0.01,Completed
2628,36.0,3,2025-06-09 11:23:46.822682,65,0.13,Completed
2629,213.0,37,2025-06-09 12:51:11.827182,42,0.24,Completed
2630,414.0,19,2025-06-09 14:18:36.831683,23,0.2,Completed
2631,408.0,29,2025-06-09 15:46:01.836183,27,0.01,Pending
2632,364.0,25,2025-06-09 17:13:26.840684,89,0.05,Completed
2633,106.0,33,2025-06-09 18:40:51.845184,32,0.07,Pending
2634,414.0,36,2025-06-09 20:08:16.849684,83,0.13,Pending
2635,342.0,29,2025-06-09 21:35:41.854185,88,0.18,Pending
2636,220.0,26,2025-06-09 23:03:06.858685,3,0.06,Completed
2637,391.0,4,2025-06-10 00:30:31.863186,60,0.11,Completed
2638,163.0,49,2025-06-10 01:57:56.867686,76,0.18,Completed
2639,439.0,14,2025-06-10 03:25:21.872187,99,0.12,Completed
2640,220.0,50,2025-06-10 04:52:46.876687,79,0.04,Completed
2641,270.0,27,2025-06-10 06:20:11.881188,17,0.15,Completed
2642,120.0,33,2025-06-10 07:47:36.885688,32,0.1,Completed
2643,394.0,22,2025-06-10 09:15:01.890189,7,0.26,Pending
2644,336.0,48,2025-06-10 10:42:26.894689,83,0.23,Pending
2645,400.0,3,2025-06-10 12:09:51.899189,71,0.06,Completed
2646,182.0,23,2025-06-10 13:37:16.903690,69,0.05,Pending
2647,479.0,21,2025-06-10 15:04:41.908190,58,0.1,Completed
2648,106.0,41,2025-06-10 16:32:06.912691,40,0.12,Completed
2649,217.0,23,2025-06-10 17:59:31.917191,85,0.28,Completed
2650,205.0,4,2025-06-10 19:26:56.921692,48,0.09,Completed
2651,70.0,21,2025-06-10 20:54:21.926192,51,0.26,Completed
2652,44.0,37,2025-06-10 22:21:46.930693,57,0.15,Completed
2653,329.0,43,2025-06-10 23:49:11.935193,71,0.27,Completed
2654,301.0,31,2025-06-11 01:16:36.939693,37,0.21,Pending
2655,228.0,21,2025-06-11 02:44:01.944194,87,0.21,Pending
2656,184.0,26,2025-06-11 04:11:26.948694,75,0.16,Pending
2657,107.0,41,2025-06-11 05:38:51.953195,74,0.25,Completed
2658,84.0,35,2025-06-11 07:06:16.957695,85,0.08,Completed
2659,338.0,38,2025-06-11 08:33:41.962196,55,0.27,Completed
2660,250.0,24,2025-06-11 10:01:06.966696,41,0.19,Completed
2661,363.0,11,2025-06-11 11:28:31.971197,97,0.13,Pending
2662,441.0,41,2025-06-11 12:55:56.975697,20,0.29,Completed
2663,21.0,29,2025-06-11 14:23:21.980198,33,0.26,Pending
2664,196.0,47,2025-06-11 15:50:46.984698,40,0.23,Completed
2665,178.0,3,2025-06-11 17:18:11.989198,99,0.08,Completed
2666,417.0,1,2025-06-11 18:45:36.993699,34,0.29,Completed
2667,475.0,19,2025-06-11 20:13:01.998199,62,0.22,Completed
2668,7.0,46,2025-06-11 21:40:27.002700,100,0.18,Completed
2669,70.0,49,2025-06-11 23:07:52.007200,91,0.28,Completed
2670,127.0,22,2025-06-12 00:35:17.011701,19,0.05,Completed
2671,399.0,14,2025-06-12 02:02:42.016201,43,0.04,Completed
2672,466.0,49,2025-06-12 03:30:07.020702,69,0.17,Completed
2673,160.0,14,2025-06-12 04:57:32.025202,63,0.02,Completed
2674,248.0,44,2025-06-12 06:24:57.029702,93,0.2,Completed
2675,203.0,16,2025-06-12 07:52:22.034203,10,0.07,Completed
2676,148.0,33,2025-06-12 09:19:47.038703,13,0.04,Pending
2677,472.0,13,2025-06-12 10:47:12.043204,93,0.12,Completed
2678,143.0,38,2025-06-12 12:14:37.047704,5,0.14,Completed
2679,432.0,49,2025-06-12 13:42:02.052205,58,0.05,Completed
2680,199.0,12,2025-06-12 15:09:27.056705,59,0.01,Completed
2681,405.0,38,2025-06-12 16:36:52.061206,76,0.12,Completed
2682,426.0,39,2025-06-12 18:04:17.065706,59,0.23,Completed
2683,154.0,33,2025-06-12 19:31:42.070207,77,0.26,Completed
2684,492.0,33,2025-06-12 20:59:07.074707,86,0.03,Completed
2685,376.0,29,2025-06-12 22:26:32.079207,15,0.16,Completed
2686,384.0,5,2025-06-12 23:53:57.083708,77,0.08,Completed
2687,142.0,6,2025-06-13 01:21:22.088208,1,0.11,Completed
2688,313.0,31,2025-06-13 02:48:47.092709,38,0.28,Pending
2689,165.0,16,2025-06-13 04:16:12.097209,53,0.11,Completed
2690,314.0,31,2025-06-13 05:43:37.101710,52,0.11,Completed
2691,21.0,25,2025-06-13 07:11:02.106210,1,0.06,Completed
2692,82.0,48,2025-06-13 08:38:27.110711,11,0.29,Completed
2693,69.0,46,2025-06-13 10:05:52.115211,58,0.14,Completed
2694,131.0,33,2025-06-13 11:33:17.119711,40,0.17,Completed
2695,87.0,13,2025-06-13 13:00:42.124212,86,0.14,Completed
2696,218.0,10,2025-06-13 14:28:07.128712,99,0.08,Completed
2697,421.0,24,2025-06-13 15:55:32.133213,60,0.24,Completed
2698,472.0,10,2025-06-13 17:22:57.137713,44,0.01,Completed
2699,305.0,41,2025-06-13 18:50:22.142214,6,0.21,Completed
2700,403.0,31,2025-06-13 20:17:47.146714,28,0.18,Pending
2701,371.0,13,2025-06-13 21:45:12.151215,31,0.04,Cancelled
2702,345.0,3,2025-06-13 23:12:37.155715,8,0.05,Completed
2703,341.0,50,2025-06-14 00:40:02.160216,5,0.2,Completed
2704,384.0,34,2025-06-14 02:07:27.164716,54,0.09,Completed
2705,396.0,49,2025-06-14 03:34:52.169216,17,0.08,Completed
2706,445.0,28,2025-06-14 05:02:17.173717,38,0.02,Completed
2707,425.0,19,2025-06-14 06:29:42.178217,9,0.23,Completed
2708,161.0,23,2025-06-14 07:57:07.182718,74,0.26,Completed
2709,178.0,45,2025-06-14 09:24:32.187218,84,0.25,Completed
2710,117.0,32,2025-06-14 10:51:57.191719,78,0.14,Pending
2711,196.0,13,2025-06-14 12:19:22.196219,14,0.16,Completed
2712,383.0,33,2025-06-14 13:46:47.200720,26,0.07,Completed
2713,490.0,34,2025-06-14 15:14:12.205220,93,0.05,Completed
2714,327.0,33,2025-06-14 16:41:37.209720,62,0.25,Pending
2715,86.0,5,2025-06-14 18:09:02.214221,91,0.24,Pending
2716,289.0,3,2025-06-14 19:36:27.218721,25,0.23,Completed
2717,81.0,7,2025-06-14 21:03:52.223222,80,0.14,Completed
2718,152.0,24,2025-06-14 22:31:17.227722,36,0.26,Pending
2719,61.0,22,2025-06-14 23:58:42.232223,98,0.28,Completed
2720,61.0,45,2025-06-15 01:26:07.236723,80,0.1,Completed
2721,354.0,23,2025-06-15 02:53:32.241224,33,0.07,Pending
2722,28.0,30,2025-06-15 04:20:57.245724,3,0.14,Pending
2723,442.0,18,2025-06-15 05:48:22.250225,87,0.05,Completed
2724,43.0,32,2025-06-15 07:15:47.254725,11,0.27,Completed
2725,169.0,7,2025-06-15 08:43:12.259225,58,0.1,Completed
2726,423.0,33,2025-06-15 10:10:37.263726,64,0.17,Completed
2727,86.0,5,2025-06-15 11:38:02.268226,18,0.18,Completed
2728,177.0,49,2025-06-15 13:05:27.272727,47,0.15,Completed
2729,17.0,28,2025-06-15 14:32:52.277227,44,0.05,Cancelled
2730,98.0,8,2025-06-15 16:00:17.281728,93,0.3,Completed
2731,454.0,15,2025-06-15 17:27:42.286228,59,0.05,Completed
2732,494.0,4,2025-06-15 18:55:07.290729,50,0.23,Completed
2733,198.0,34,2025-06-15 20:22:32.295229,69,0.24,Completed
2734,98.0,5,2025-06-15 21:49:57.299729,88,0.04,Completed
2735,65.0,33,2025-06-15 23:17:22.304230,29,0.28,Completed
2736,330.0,5,2025-06-16 00:44:47.308730,93,0.15,Completed
2737,341.0,38,2025-06-16 02:12:12.313231,90,0.19,Pending
2738,5.0,34,2025-06-16 03:39:37.317731,67,0.19,Completed
2739,2.0,26,2025-06-16 05:07:02.322232,2,0.15,Completed
2740,22.0,1,2025-06-16 06:34:27.326732,25,0.04,Completed
2741,112.0,4,2025-06-16 08:01:52.331233,19,0.23,Completed
2742,57.0,39,2025-06-16 09:29:17.335733,40,0.17,Completed
2743,66.0,26,2025-06-16 10:56:42.340234,2,0.04,Completed
2744,330.0,33,2025-06-16 12:24:07.344734,83,0.21,Completed
2745,98.0,33,2025-06-16 13:51:32.349234,65,0.21,Completed
2746,144.0,8,2025-06-16 15:18:57.353735,62,0.16,Completed
2747,368.0,20,2025-06-16 16:46:22.358235,91,0.03,Completed
2748,435.0,16,2025-06-16 18:13:47.362736,54,0.11,Completed
2749,125.0,21,2025-06-16 19:41:12.367236,45,0.02,Completed
2750,167.0,45,2025-06-16 21:08:37.371737,49,0.14,Completed
2751,86.0,26,2025-06-16 22:36:02.376237,99,0.27,Completed
2752,76.0,23,2025-06-17 00:03:27.380738,69,0.0,Completed
2753,344.0,18,2025-06-17 01:30:52.385238,38,0.08,Pending
2754,495.0,31,2025-06-17 02:58:17.389738,4,0.24,Pending
2755,424.0,42,2025-06-17 04:25:42.394239,17,0.0,Completed
2756,294.0,12,2025-06-17 05:53:07.398739,53,0.0,Completed
2757,444.0,1,2025-06-17 07:20:32.403240,85,0.18,Completed
2758,59.0,42,2025-06-17 08:47:57.407740,53,0.24,Completed
2759,138.0,9,2025-06-17 10:15:22.412241,31,0.23,Completed
2760,99.0,3,2025-06-17 11:42:47.416741,22,0.23,Completed
2761,192.0,26,2025-06-17 13:10:12.421242,11,0.11,Completed
2762,243.0,9,2025-06-17 14:37:37.425742,34,0.26,Completed
2763,319.0,42,2025-06-17 16:05:02.430243,15,0.0,Completed
2764,49.0,16,2025-06-17 17:32:27.434743,10,0.09,Completed
2765,448.0,24,2025-06-17 18:59:52.439243,96,0.1,Completed
2766,32.0,50,2025-06-17 20:27:17.443744,53,0.05,Completed
2767,391.0,14,2025-06-17 21:54:42.448244,48,0.1,Completed
2768,277.0,3,2025-06-17 23:22:07.452745,31,0.18,Pending
2769,20.0,34,2025-06-18 00:49:32.457245,37,0.16,Completed
2770,154.0,33,2025-06-18 02:16:57.461746,28,0.1,Completed
2771,383.0,50,2025-06-18 03:44:22.466246,31,0.22,Completed
2772,68.0,24,2025-06-18 05:11:47.470747,70,0.21,Completed
2773,366.0,9,2025-06-18 06:39:12.475247,14,0.08,Completed
2774,372.0,13,2025-06-18 08:06:37.479747,87,0.1,Completed
2775,214.0,2,2025-06-18 09:34:02.484248,16,0.09,Pending
2776,143.0,7,2025-06-18 11:01:27.488748,25,0.04,Completed
2777,376.0,48,2025-06-18 12:28:52.493249,39,0.23,Completed
2778,232.0,21,2025-06-18 13:56:17.497749,66,0.01,Completed
2779,213.0,19,2025-06-18 15:23:42.502250,38,0.05,Pending
2780,79.0,25,2025-06-18 16:51:07.506750,41,0.03,Completed
2781,214.0,47,2025-06-18 18:18:32.511251,98,0.25,Completed
2782,116.0,22,2025-06-18 19:45:57.515751,40,0.01,Completed
2783,92.0,11,2025-06-18 21:13:22.520252,64,0.2,Completed
2784,270.0,33,2025-06-18 22:40:47.524752,89,0.01,Completed
2785,411.0,32,2025-06-19 00:08:12.529252,100,0.24,Pending
2786,381.0,21,2025-06-19 01:35:37.533753,16,0.27,Completed
2787,489.0,39,2025-06-19 03:03:02.538253,82,0.15,Completed
2788,168.0,20,2025-06-19 04:30:27.542754,77,0.24,Completed
2789,58.0,8,2025-06-19 05:57:52.547254,59,0.21,Completed
2790,284.0,42,2025-06-19 07:25:17.551755,91,0.24,Completed
2791,26.0,37,2025-06-19 08:52:42.556255,98,0.23,Completed
2792,369.0,9,2025-06-19 10:20:07.560756,11,0.06,Completed
2793,447.0,25,2025-06-19 11:47:32.565256,1,0.15,Completed
2794,66.0,25,2025-06-19 13:14:57.569756,13,0.29,Completed
2795,409.0,33,2025-06-19 14:42:22.574257,30,0.1,Completed
2796,248.0,2,2025-06-19 16:09:47.578757,69,0.29,Pending
2797,254.0,19,2025-06-19 17:37:12.583258,18,0.17,Completed
2798,387.0,46,2025-06-19 19:04:37.587758,78,0.14,Completed
2799,456.0,20,2025-06-19 20:32:02.592259,13,0.2,Completed
2800,44.0,42,2025-06-19 21:59:27.596759,32,0.24,Completed
2801,97.0,41,2025-06-19 23:26:52.601260,71,0.12,Completed
2802,42.0,42,2025-06-20 00:54:17.605760,72,0.01,Pending
2803,500.0,29,2025-06-20 02:21:42.610261,50,0.21,Cancelled
2804,227.0,6,2025-06-20 03:49:07.614761,71,0.29,Completed
2805,262.0,17,2025-06-20 05:16:32.619261,80,0.19,Completed
2806,167.0,25,2025-06-20 06:43:57.623762,31,0.06,Pending
2807,436.0,38,2025-06-20 08:11:22.628262,51,0.07,Completed
2808,279.0,4,2025-06-20 09:38:47.632763,27,0.27,Pending
2809,89.0,30,2025-06-20 11:06:12.637263,60,0.0,Completed
2810,379.0,20,2025-06-20 12:33:37.641764,33,0.16,Completed
2811,178.0,3,2025-06-20 14:01:02.646264,53,0.05,Cancelled
2812,427.0,23,2025-06-20 15:28:27.650765,93,0.08,Completed
2813,403.0,18,2025-06-20 16:55:52.655265,72,0.09,Completed
2814,197.0,26,2025-06-20 18:23:17.659765,33,0.07,Completed
2815,307.0,36,2025-06-20 19:50:42.664266,41,0.24,Pending
2816,267.0,8,2025-06-20 21:18:07.668766,19,0.1,Completed
2817,268.0,17,2025-06-20 22:45:32.673267,85,0.1,Pending
2818,74.0,31,2025-06-21 00:12:57.677767,41,0.14,Completed
2819,8.0,37,2025-06-21 01:40:22.682268,85,0.27,Cancelled
2820,408.0,45,2025-06-21 03:07:47.686768,89,0.21,Completed
2821,476.0,33,2025-06-21 04:35:12.691269,42,0.02,Completed
2822,297.0,27,2025-06-21 06:02:37.695769,23,0.01,Pending
2823,164.0,45,2025-06-21 07:30:02.700270,75,0.17,Completed
2824,485.0,4,2025-06-21 08:57:27.704770,33,0.27,Pending
2825,85.0,22,2025-06-21 10:24:52.709270,20,0.1,Completed
2826,72.0,26,2025-06-21 11:52:17.713771,25,0.07,Completed
2827,55.0,32,2025-06-21 13:19:42.718271,90,0.22,Completed
2828,393.0,24,2025-06-21 14:47:07.722772,52,0.18,Completed
2829,47.0,46,2025-06-21 16:14:32.727272,12,0.17,Completed
2830,399.0,35,2025-06-21 17:41:57.731773,32,0.04,Completed
2831,432.0,37,2025-06-21 19:09:22.736273,33,0.05,Completed
2832,238.0,32,2025-06-21 20:36:47.740774,74,0.08,Completed
2833,104.0,7,2025-06-21 22:04:12.745274,68,0.06,Completed
2834,210.0,33,2025-06-21 23:31:37.749774,15,0.29,Pending
2835,42.0,31,2025-06-22 00:59:02.754275,51,0.01,Pending
2836,316.0,12,2025-06-22 02:26:27.758775,6,0.19,Completed
2837,468.0,11,2025-06-22 03:53:52.763276,91,0.16,Cancelled
2838,454.0,24,2025-06-22 05:21:17.767776,69,0.1,Completed
2839,268.0,8,2025-06-22 06:48:42.772277,69,0.27,Completed
2840,386.0,32,2025-06-22 08:16:07.776777,82,0.2,Completed
2841,263.0,38,2025-06-22 09:43:32.781278,92,0.3,Completed
2842,336.0,22,2025-06-22 11:10:57.785778,35,0.05,Completed
2843,387.0,34,2025-06-22 12:38:22.790279,86,0.03,Completed
2844,365.0,19,2025-06-22 14:05:47.794779,34,0.04,Pending
2845,259.0,20,2025-06-22 15:33:12.799279,63,0.08,Completed
2846,283.0,14,2025-06-22 17:00:37.803780,68,0.13,Completed
2847,114.0,33,2025-06-22 18:28:02.808280,18,0.26,Completed
2848,363.0,10,2025-06-22 19:55:27.812781,26,0.09,Completed
2849,40.0,16,2025-06-22 21:22:52.817281,86,0.27,Completed
2850,486.0,4,2025-06-22 22:50:17.821782,97,0.14,Completed
2851,417.0,27,2025-06-23 00:17:42.826282,61,0.19,Completed
2852,220.0,28,2025-06-23 01:45:07.830783,78,0.08,Completed
2853,129.0,43,2025-06-23 03:12:32.835283,95,0.05,Pending
2854,8.0,16,2025-06-23 04:39:57.839783,74,0.26,Completed
2855,101.0,33,2025-06-23 06:07:22.844284,88,0.03,Pending
2856,416.0,48,2025-06-23 07:34:47.848784,85,0.23,Completed
2857,380.0,19,2025-06-23 09:02:12.853285,48,0.17,Cancelled
2858,176.0,21,2025-06-23 10:29:37.857785,72,0.26,Completed
2859,107.0,22,2025-06-23 11:57:02.862286,96,0.22,Completed
2860,101.0,9,2025-06-23 13:24:27.866786,31,0.08,Completed
2861,260.0,9,2025-06-23 14:51:52.871287,34,0.17,Completed
2862,478.0,9,2025-06-23 16:19:17.875787,87,0.0,Pending
2863,454.0,27,2025-06-23 17:46:42.880288,89,0.14,Completed
2864,366.0,17,2025-06-23 19:14:07.884788,7,0.03,Pending
2865,246.0,44,2025-06-23 20:41:32.889288,83,0.13,Completed
2866,275.0,45,2025-06-23 22:08:57.893789,7,0.03,Completed
2867,32.0,8,2025-06-23 23:36:22.898289,47,0.29,Completed
2868,137.0,16,2025-06-24 01:03:47.902790,8,0.16,Completed
2869,12.0,18,2025-06-24 02:31:12.907290,78,0.27,Pending
2870,395.0,33,2025-06-24 03:58:37.911791,1,0.01,Completed
2871,302.0,1,2025-06-24 05:26:02.916291,77,0.19,Cancelled
2872,375.0,12,2025-06-24 06:53:27.920792,3,0.09,Completed
2873,16.0,6,2025-06-24 08:20:52.925292,53,0.13,Cancelled
2874,129.0,41,2025-06-24 09:48:17.929792,92,0.26,Completed
2875,63.0,5,2025-06-24 11:15:42.934293,38,0.29,Completed
2876,109.0,16,2025-06-24 12:43:07.938793,51,0.07,Completed
2877,375.0,18,2025-06-24 14:10:32.943294,15,0.28,Pending
2878,21.0,49,2025-06-24 15:37:57.947794,100,0.21,Pending
2879,158.0,18,2025-06-24 17:05:22.952295,67,0.29,Completed
2880,269.0,1,2025-06-24 18:32:47.956795,64,0.17,Completed
2881,162.0,19,2025-06-24 20:00:12.961296,68,0.29,Completed
2882,260.0,8,2025-06-24 21:27:37.965796,5,0.27,Completed
2883,412.0,3,2025-06-24 22:55:02.970297,90,0.04,Cancelled
2884,102.0,25,2025-06-25 00:22:27.974797,89,0.09,Completed
2885,223.0,5,2025-06-25 01:49:52.979297,10,0.07,Completed
2886,59.0,40,2025-06-25 03:17:17.983798,8,0.17,Completed
2887,247.0,19,2025-06-25 04:44:42.988298,12,0.24,Completed
2888,128.0,18,2025-06-25 06:12:07.992799,64,0.23,Pending
2889,283.0,50,2025-06-25 07:39:32.997299,59,0.22,Completed
2890,325.0,31,2025-06-25 09:06:58.001800,67,0.11,Completed
2891,25.0,33,2025-06-25 10:34:23.006300,91,0.04,Completed
2892,131.0,47,2025-06-25 12:01:48.010801,50,0.06,Completed
2893,353.0,18,2025-06-25 13:29:13.015301,23,0.22,Completed
2894,196.0,39,2025-06-25 14:56:38.019801,40,0.04,Completed
2895,281.0,16,2025-06-25 16:24:03.024302,97,0.07,Completed
2896,404.0,16,2025-06-25 17:51:28.028802,78,0.13,Completed
2897,418.0,47,2025-06-25 19:18:53.033303,87,0.02,Completed
2898,154.0,38,2025-06-25 20:46:18.037803,95,0.06,Completed
2899,382.0,41,2025-06-25 22:13:43.042304,77,0.04,Completed
2900,133.0,7,2025-06-25 23:41:08.046804,76,0.29,Completed
2901,227.0,14,2025-06-26 01:08:33.051305,99,0.06,Completed
2902,189.0,43,2025-06-26 02:35:58.055805,18,0.26,Completed
2903,476.0,48,2025-06-26 04:03:23.060306,21,0.03,Completed
2904,477.0,25,2025-06-26 05:30:48.064806,1,0.26,Completed
2905,265.0,32,2025-06-26 06:58:13.069306,38,0.18,Cancelled
2906,372.0,38,2025-06-26 08:25:38.073807,41,0.25,Completed
2907,486.0,22,2025-06-26 09:53:03.078307,42,0.26,Completed
2908,434.0,16,2025-06-26 11:20:28.082808,9,0.18,Completed
2909,134.0,29,2025-06-26 12:47:53.087308,23,0.28,Completed
2910,211.0,16,2025-06-26 14:15:18.091809,78,0.18,Pending
2911,60.0,12,2025-06-26 15:42:43.096309,11,0.21,Pending
2912,428.0,17,2025-06-26 17:10:08.100810,71,0.12,Completed
2913,377.0,37,2025-06-26 18:37:33.105310,31,0.27,Completed
2914,395.0,27,2025-06-26 20:04:58.109810,88,0.25,Completed
2915,450.0,25,2025-06-26 21:32:23.114311,26,0.05,Cancelled
2916,431.0,13,2025-06-26 22:59:48.118811,30,0.17,Completed
2917,364.0,8,2025-06-27 00:27:13.123312,34,0.27,Completed
2918,364.0,5,2025-06-27 01:54:38.127812,46,0.24,Completed
2919,457.0,12,2025-06-27 03:22:03.132313,69,0.29,Completed
2920,213.0,41,2025-06-27 04:49:28.136813,5,0.07,Completed
2921,216.0,3,2025-06-27 06:16:53.141314,61,0.11,Pending
2922,226.0,35,2025-06-27 07:44:18.145814,83,0.15,Completed
2923,470.0,33,2025-06-27 09:11:43.150315,38,0.07,Pending
2924,131.0,22,2025-06-27 10:39:08.154815,28,0.12,Pending
2925,76.0,50,2025-06-27 12:06:33.159315,26,0.16,Pending
2926,476.0,44,2025-06-27 13:33:58.163816,61,0.06,Completed
2927,286.0,9,2025-06-27 15:01:23.168316,23,0.08,Completed
2928,474.0,41,2025-06-27 16:28:48.172817,46,0.04,Completed
2929,496.0,18,2025-06-27 17:56:13.177317,30,0.21,Pending
2930,277.0,50,2025-06-27 19:23:38.181818,67,0.11,Completed
2931,156.0,29,2025-06-27 20:51:03.186318,92,0.07,Completed
2932,248.0,39,2025-06-27 22:18:28.190819,33,0.15,Completed
2933,218.0,27,2025-06-27 23:45:53.195319,3,0.02,Completed
2934,190.0,36,2025-06-28 01:13:18.199819,69,0.28,Completed
2935,417.0,45,2025-06-28 02:40:43.204320,83,0.09,Completed
2936,469.0,17,2025-06-28 04:08:08.208820,42,0.27,Completed
2937,163.0,34,2025-06-28 05:35:33.213321,62,0.15,Completed
2938,180.0,46,2025-06-28 07:02:58.217821,58,0.26,Completed
2939,34.0,3,2025-06-28 08:30:23.222322,57,0.07,Completed
2940,41.0,5,2025-06-28 09:57:48.226822,1,0.05,Completed
2941,307.0,14,2025-06-28 11:25:13.231323,73,0.25,Completed
2942,431.0,3,2025-06-28 12:52:38.235823,60,0.06,Completed
2943,338.0,23,2025-06-28 14:20:03.240324,69,0.22,Pending
2944,314.0,39,2025-06-28 15:47:28.244824,59,0.1,Completed
2945,75.0,30,2025-06-28 17:14:53.249324,46,0.22,Completed
2946,441.0,50,2025-06-28 18:42:18.253825,34,0.27,Completed
2947,279.0,45,2025-06-28 20:09:43.258325,97,0.29,Completed
2948,176.0,23,2025-06-28 21:37:08.262826,25,0.11,Completed
2949,384.0,27,2025-06-28 23:04:33.267326,42,0.11,Completed
2950,150.0,10,2025-06-29 00:31:58.271827,29,0.29,Completed
2951,273.0,25,2025-06-29 01:59:23.276327,25,0.26,Completed
2952,325.0,13,2025-06-29 03:26:48.280828,54,0.01,Pending
2953,108.0,16,2025-06-29 04:54:13.285328,73,0.17,Completed
2954,139.0,41,2025-06-29 06:21:38.289828,67,0.05,Completed
2955,350.0,34,2025-06-29 07:49:03.294329,15,0.3,Completed
2956,271.0,37,2025-06-29 09:16:28.298829,4,0.04,Completed
2957,347.0,22,2025-06-29 10:43:53.303330,38,0.17,Completed
2958,419.0,17,2025-06-29 12:11:18.307830,20,0.2,Completed
2959,289.0,23,2025-06-29 13:38:43.312331,23,0.28,Completed
2960,212.0,36,2025-06-29 15:06:08.316831,37,0.25,Completed
2961,381.0,49,2025-06-29 16:33:33.321332,62,0.07,Completed
2962,272.0,9,2025-06-29 18:00:58.325832,8,0.17,Completed
2963,418.0,2,2025-06-29 19:28:23.330333,37,0.29,Completed
2964,66.0,32,2025-06-29 20:55:48.334833,45,0.22,Completed
2965,483.0,50,2025-06-29 22:23:13.339333,97,0.21,Completed
2966,424.0,22,2025-06-29 23:50:38.343834,33,0.23,Completed
2967,248.0,43,2025-06-30 01:18:03.348334,7,0.1,Pending
2968,156.0,13,2025-06-30 02:45:28.352835,22,0.22,Completed
2969,47.0,8,2025-06-30 04:12:53.357335,5,0.07,Cancelled
2970,423.0,1,2025-06-30 05:40:18.361836,15,0.13,Cancelled
2971,454.0,17,2025-06-30 07:07:43.366336,21,0.27,Completed
2972,201.0,12,2025-06-30 08:35:08.370837,89,0.01,Completed
2973,148.0,4,2025-06-30 10:02:33.375337,17,0.12,Completed
2974,124.0,13,2025-06-30 11:29:58.379837,56,0.08,Completed
2975,1.0,31,2025-06-30 12:57:23.384338,50,0.06,Pending
2976,456.0,41,2025-06-30 14:24:48.388838,7,0.25,Completed
2977,247.0,7,2025-06-30 15:52:13.393339,50,0.21,Completed
2978,343.0,23,2025-06-30 17:19:38.397839,60,0.03,Completed
2979,128.0,24,2025-06-30 18:47:03.402340,83,0.15,Completed
2980,191.0,5,2025-06-30 20:14:28.406840,7,0.14,Pending
2981,67.0,5,2025-06-30 21:41:53.411341,40,0.04,Cancelled
2982,4.0,17,2025-06-30 23:09:18.415841,45,0.24,Completed
2983,442.0,30,2025-07-01 00:36:43.420342,59,0.11,Completed
2984,409.0,9,2025-07-01 02:04:08.424842,88,0.23,Completed
2985,303.0,6,2025-07-01 03:31:33.429342,75,0.06,Completed
2986,294.0,25,2025-07-01 04:58:58.433843,55,0.09,Pending
2987,143.0,19,2025-07-01 06:26:23.438343,64,0.03,Completed
2988,191.0,16,2025-07-01 07:53:48.442844,65,0.04,Completed
2989,21.0,21,2025-07-01 09:21:13.447344,54,0.26,Completed
2990,227.0,2,2025-07-01 10:48:38.451845,96,0.03,Completed
2991,313.0,10,2025-07-01 12:16:03.456345,40,0.03,Completed
2992,117.0,16,2025-07-01 13:43:28.460846,53,0.28,Completed
2993,437.0,37,2025-07-01 15:10:53.465346,44,0.19,Completed
2994,302.0,15,2025-07-01 16:38:18.469846,63,0.03,Completed
2995,500.0,13,2025-07-01 18:05:43.474347,2,0.29,Completed
2996,142.0,13,2025-07-01 19:33:08.478847,79,0.04,Completed
2997,484.0,32,2025-07-01 21:00:33.483348,21,0.23,Completed
2998,460.0,45,2025-07-01 22:27:58.487848,88,0.01,Pending
2999,401.0,47,2025-07-01 23:55:23.492349,50,0.19,Pending
3000,39.0,46,2025-07-02 01:22:48.496849,81,0.16,Completed
3001,393.0,8,2025-07-02 02:50:13.501350,52,0.06,Completed
3002,355.0,43,2025-07-02 04:17:38.505850,9,0.19,Completed
3003,252.0,18,2025-07-02 05:45:03.510351,99,0.19,Completed
3004,333.0,36,2025-07-02 07:12:28.514851,20,0.24,Pending
3005,207.0,26,2025-07-02 08:39:53.519351,83,0.26,Completed
3006,210.0,10,2025-07-02 10:07:18.523852,18,0.15,Completed
3007,115.0,31,2025-07-02 11:34:43.528352,84,0.15,Completed
3008,225.0,33,2025-07-02 13:02:08.532853,30,0.19,Completed
3009,134.0,29,2025-07-02 14:29:33.537353,65,0.22,Cancelled
3010,251.0,5,2025-07-02 15:56:58.541854,24,0.11,Pending
3011,219.0,13,2025-07-02 17:24:23.546354,88,0.15,Completed
3012,407.0,1,2025-07-02 18:51:48.550855,47,0.18,Completed
3013,443.0,23,2025-07-02 20:19:13.555355,83,0.3,Completed
3014,91.0,40,2025-07-02 21:46:38.559855,94,0.18,Completed
3015,354.0,3,2025-07-02 23:14:03.564356,90,0.07,Completed
3016,376.0,3,2025-07-03 00:41:28.568856,44,0.18,Completed
3017,46.0,7,2025-07-03 02:08:53.573357,29,0.25,Cancelled
3018,38.0,36,2025-07-03 03:36:18.577857,77,0.26,Completed
3019,142.0,35,2025-07-03 05:03:43.582358,68,0.24,Completed
3020,100.0,15,2025-07-03 06:31:08.586858,17,0.27,Completed
3021,328.0,40,2025-07-03 07:58:33.591359,97,0.1,Completed
3022,190.0,3,2025-07-03 09:25:58.595859,5,0.15,Pending
3023,35.0,29,2025-07-03 10:53:23.600360,92,0.23,Completed
3024,147.0,30,2025-07-03 12:20:48.604860,88,0.08,Cancelled
3025,30.0,39,2025-07-03 13:48:13.609360,81,0.11,Completed
3026,334.0,18,2025-07-03 15:15:38.613861,50,0.25,Cancelled
3027,84.0,11,2025-07-03 16:43:03.618361,40,0.23,Completed
3028,369.0,43,2025-07-03 18:10:28.622862,46,0.29,Completed
3029,281.0,49,2025-07-03 19:37:53.627362,51,0.3,Completed
3030,424.0,38,2025-07-03 21:05:18.631863,11,0.07,Completed
3031,344.0,40,2025-07-03 22:32:43.636363,12,0.27,Completed
3032,270.0,1,2025-07-04 00:00:08.640864,13,0.03,Completed
3033,154.0,29,2025-07-04 01:27:33.645364,64,0.21,Completed
3034,102.0,10,2025-07-04 02:54:58.649864,8,0.07,Cancelled
3035,215.0,28,2025-07-04 04:22:23.654365,65,0.09,Completed
3036,150.0,31,2025-07-04 05:49:48.658865,9,0.28,Pending
3037,432.0,19,2025-07-04 07:17:13.663366,92,0.08,Completed
3038,83.0,3,2025-07-04 08:44:38.667866,2,0.2,Completed
3039,110.0,36,2025-07-04 10:12:03.672367,78,0.05,Completed
3040,435.0,43,2025-07-04 11:39:28.676867,13,0.03,Cancelled
3041,387.0,15,2025-07-04 13:06:53.681368,2,0.1,Completed
3042,426.0,33,2025-07-04 14:34:18.685868,68,0.19,Completed
3043,275.0,41,2025-07-04 16:01:43.690369,76,0.07,Completed
3044,201.0,43,2025-07-04 17:29:08.694869,48,0.09,Completed
3045,284.0,45,2025-07-04 18:56:33.699369,74,0.21,Pending
3046,468.0,26,2025-07-04 20:23:58.703870,3,0.03,Completed
3047,173.0,16,2025-07-04 21:51:23.708370,68,0.13,Completed
3048,327.0,36,2025-07-04 23:18:48.712871,6,0.28,Completed
3049,206.0,33,2025-07-05 00:46:13.717371,87,0.12,Completed
3050,63.0,20,2025-07-05 02:13:38.721872,5,0.13,Completed
3051,73.0,13,2025-07-05 03:41:03.726372,3,0.22,Completed
3052,251.0,33,2025-07-05 05:08:28.730873,10,0.23,Completed
3053,124.0,5,2025-07-05 06:35:53.735373,43,0.23,Completed
3054,375.0,37,2025-07-05 08:03:18.739873,19,0.3,Completed
3055,121.0,14,2025-07-05 09:30:43.744374,14,0.02,Completed
3056,275.0,27,2025-07-05 10:58:08.748874,21,0.29,Pending
3057,431.0,23,2025-07-05 12:25:33.753375,43,0.29,Completed
3058,500.0,14,2025-07-05 13:52:58.757875,28,0.26,Completed
3059,398.0,40,2025-07-05 15:20:23.762376,21,0.14,Completed
3060,120.0,4,2025-07-05 16:47:48.766876,36,0.26,Completed
3061,422.0,39,2025-07-05 18:15:13.771377,24,0.07,Completed
3062,437.0,19,2025-07-05 19:42:38.775877,54,0.24,Completed
3063,317.0,47,2025-07-05 21:10:03.780378,38,0.06,Pending
3064,164.0,4,2025-07-05 22:37:28.784878,17,0.24,Completed
3065,424.0,30,2025-07-06 00:04:53.789378,22,0.18,Completed
3066,465.0,19,2025-07-06 01:32:18.793879,83,0.03,Completed
3067,286.0,31,2025-07-06 02:59:43.798379,45,0.27,Completed
3068,265.0,31,2025-07-06 04:27:08.802880,74,0.17,Completed
3069,320.0,9,2025-07-06 05:54:33.807380,61,0.2,Completed
3070,161.0,13,2025-07-06 07:21:58.811881,11,0.09,Completed
3071,376.0,14,2025-07-06 08:49:23.816381,61,0.26,Completed
3072,308.0,46,2025-07-06 10:16:48.820882,38,0.16,Pending
3073,89.0,10,2025-07-06 11:44:13.825382,66,0.13,Completed
3074,142.0,48,2025-07-06 13:11:38.829882,33,0.16,Completed
3075,203.0,31,2025-07-06 14:39:03.834383,43,0.21,Completed
3076,309.0,37,2025-07-06 16:06:28.838883,31,0.21,Completed
3077,227.0,23,2025-07-06 17:33:53.843384,35,0.11,Completed
3078,489.0,27,2025-07-06 19:01:18.847884,37,0.12,Pending
3079,443.0,6,2025-07-06 20:28:43.852385,47,0.17,Completed
3080,334.0,26,2025-07-06 21:56:08.856885,100,0.28,Completed
3081,222.0,2,2025-07-06 23:23:33.861386,23,0.22,Pending
3082,41.0,45,2025-07-07 00:50:58.865886,36,0.12,Completed
3083,196.0,13,2025-07-07 02:18:23.870387,40,0.1,Completed
3084,68.0,50,2025-07-07 03:45:48.874887,90,0.16,Completed
3085,476.0,19,2025-07-07 05:13:13.879387,89,0.26,Completed
3086,264.0,1,2025-07-07 06:40:38.883888,81,0.0,Completed
3087,2.0,40,2025-07-07 08:08:03.888388,15,0.21,Cancelled
3088,361.0,32,2025-07-07 09:35:28.892889,37,0.09,Completed
3089,125.0,22,2025-07-07 11:02:53.897389,4,0.06,Completed
3090,110.0,48,2025-07-07 12:30:18.901890,22,0.0,Completed
3091,86.0,29,2025-07-07 13:57:43.906390,81,0.27,Completed
3092,425.0,2,2025-07-07 15:25:08.910891,22,0.27,Completed
3093,120.0,40,2025-07-07 16:52:33.915391,81,0.02,Completed
3094,127.0,38,2025-07-07 18:19:58.919891,78,0.16,Completed
3095,255.0,48,2025-07-07 19:47:23.924392,78,0.05,Pending
3096,183.0,11,2025-07-07 21:14:48.928892,17,0.23,Completed
3097,16.0,17,2025-07-07 22:42:13.933393,72,0.2,Completed
3098,477.0,43,2025-07-08 00:09:38.937893,98,0.09,Completed
3099,62.0,8,2025-07-08 01:37:03.942394,90,0.04,Completed
3100,369.0,22,2025-07-08 03:04:28.946894,94,0.25,Completed
3101,432.0,4,2025-07-08 04:31:53.951395,86,0.2,Completed
3102,158.0,11,2025-07-08 05:59:18.955895,80,0.0,Completed
3103,268.0,8,2025-07-08 07:26:43.960396,94,0.19,Completed
3104,35.0,9,2025-07-08 08:54:08.964896,80,0.24,Completed
3105,267.0,26,2025-07-08 10:21:33.969396,38,0.18,Pending
3106,64.0,2,2025-07-08 11:48:58.973897,24,0.13,Completed
3107,494.0,16,2025-07-08 13:16:23.978397,100,0.18,Completed
3108,50.0,31,2025-07-08 14:43:48.982898,99,0.19,Completed
3109,469.0,6,2025-07-08 16:11:13.987398,6,0.19,Completed
3110,255.0,21,2025-07-08 17:38:38.991899,68,0.29,Completed
3111,149.0,26,2025-07-08 19:06:03.996399,82,0.05,Completed
3112,325.0,19,2025-07-08 20:33:29.000900,6,0.19,Completed
3113,304.0,28,2025-07-08 22:00:54.005400,26,0.06,Completed
3114,276.0,8,2025-07-08 23:28:19.009900,91,0.06,Completed
3115,357.0,14,2025-07-09 00:55:44.014401,41,0.2,Pending
3116,451.0,24,2025-07-09 02:23:09.018901,75,0.27,Completed
3117,172.0,48,2025-07-09 03:50:34.023402,38,0.05,Completed
3118,417.0,44,2025-07-09 05:17:59.027902,80,0.29,Completed
3119,201.0,37,2025-07-09 06:45:24.032403,83,0.1,Completed
3120,445.0,26,2025-07-09 08:12:49.036903,43,0.12,Completed
3121,393.0,31,2025-07-09 09:40:14.041404,53,0.05,Completed
3122,324.0,32,2025-07-09 11:07:39.045904,15,0.18,Completed
3123,35.0,50,2025-07-09 12:35:04.050405,90,0.18,Completed
3124,465.0,41,2025-07-09 14:02:29.054905,56,0.13,Cancelled
3125,482.0,2,2025-07-09 15:29:54.059405,56,0.14,Completed
3126,216.0,25,2025-07-09 16:57:19.063906,31,0.19,Cancelled
3127,480.0,44,2025-07-09 18:24:44.068406,83,0.18,Completed
3128,65.0,2,2025-07-09 19:52:09.072907,57,0.11,Completed
3129,8.0,42,2025-07-09 21:19:34.077407,51,0.27,Completed
3130,301.0,1,2025-07-09 22:46:59.081908,24,0.2,Completed
3131,343.0,36,2025-07-10 00:14:24.086408,58,0.06,Pending
3132,431.0,12,2025-07-10 01:41:49.090909,73,0.1,Completed
3133,424.0,9,2025-07-10 03:09:14.095409,87,0.24,Completed
3134,332.0,36,2025-07-10 04:36:39.099909,4,0.03,Completed
3135,438.0,41,2025-07-10 06:04:04.104410,10,0.23,Completed
3136,76.0,28,2025-07-10 07:31:29.108910,63,0.11,Completed
3137,174.0,38,2025-07-10 08:58:54.113411,73,0.17,Completed
3138,47.0,33,2025-07-10 10:26:19.117911,83,0.08,Completed
3139,15.0,42,2025-07-10 11:53:44.122412,15,0.3,Pending
3140,361.0,46,2025-07-10 13:21:09.126912,98,0.27,Completed
3141,147.0,22,2025-07-10 14:48:34.131413,63,0.28,Completed
3142,26.0,25,2025-07-10 16:15:59.135913,19,0.06,Completed
3143,308.0,18,2025-07-10 17:43:24.140414,63,0.25,Completed
3144,93.0,6,2025-07-10 19:10:49.144914,56,0.16,Completed
3145,406.0,18,2025-07-10 20:38:14.149414,21,0.21,Completed
3146,232.0,16,2025-07-10 22:05:39.153915,34,0.07,Completed
3147,21.0,15,2025-07-10 23:33:04.158415,17,0.21,Completed
3148,307.0,48,2025-07-11 01:00:29.162916,18,0.27,Completed
3149,38.0,8,2025-07-11 02:27:54.167416,81,0.08,Completed
3150,276.0,13,2025-07-11 03:55:19.171917,66,0.07,Completed
3151,157.0,43,2025-07-11 05:22:44.176417,51,0.03,Completed
3152,179.0,7,2025-07-11 06:50:09.180918,65,0.08,Cancelled
3153,132.0,17,2025-07-11 08:17:34.185418,43,0.16,Pending
3154,311.0,50,2025-07-11 09:44:59.189918,57,0.25,Pending
3155,455.0,32,2025-07-11 11:12:24.194419,10,0.08,Completed
3156,348.0,22,2025-07-11 12:39:49.198919,37,0.19,Completed
3157,28.0,13,2025-07-11 14:07:14.203420,48,0.14,Completed
3158,260.0,47,2025-07-11 15:34:39.207920,69,0.09,Completed
3159,406.0,23,2025-07-11 17:02:04.212421,56,0.15,Completed
3160,76.0,29,2025-07-11 18:29:29.216921,76,0.05,Completed
3161,429.0,22,2025-07-11 19:56:54.221422,36,0.19,Completed
3162,67.0,1,2025-07-11 21:24:19.225922,31,0.03,Completed
3163,342.0,29,2025-07-11 22:51:44.230423,55,0.22,Completed
3164,492.0,48,2025-07-12 00:19:09.234923,38,0.05,Cancelled
3165,194.0,5,2025-07-12 01:46:34.239423,73,0.3,Completed
3166,472.0,35,2025-07-12 03:13:59.243924,90,0.25,Pending
3167,162.0,10,2025-07-12 04:41:24.248424,15,0.1,Completed
3168,347.0,19,2025-07-12 06:08:49.252925,16,0.13,Completed
3169,439.0,37,2025-07-12 07:36:14.257425,77,0.08,Completed
3170,361.0,7,2025-07-12 09:03:39.261926,89,0.23,Completed
3171,257.0,46,2025-07-12 10:31:04.266426,94,0.11,Completed
3172,72.0,35,2025-07-12 11:58:29.270927,53,0.23,Completed
3173,87.0,45,2025-07-12 13:25:54.275427,56,0.01,Completed
3174,422.0,13,2025-07-12 14:53:19.279927,7,0.04,Completed
3175,262.0,10,2025-07-12 16:20:44.284428,57,0.11,Completed
3176,214.0,2,2025-07-12 17:48:09.288928,55,0.03,Completed
3177,153.0,6,2025-07-12 19:15:34.293429,52,0.18,Completed
3178,210.0,8,2025-07-12 20:42:59.297929,4,0.02,Completed
3179,401.0,36,2025-07-12 22:10:24.302430,43,0.26,Pending
3180,61.0,25,2025-07-12 23:37:49.306930,40,0.23,Completed
3181,268.0,44,2025-07-13 01:05:14.311431,30,0.06,Completed
3182,262.0,47,2025-07-13 02:32:39.315931,10,0.15,Completed
3183,218.0,40,2025-07-13 04:00:04.320432,94,0.14,Completed
3184,283.0,7,2025-07-13 05:27:29.324932,7,0.22,Completed
3185,136.0,46,2025-07-13 06:54:54.329432,36,0.12,Completed
3186,467.0,23,2025-07-13 08:22:19.333933,35,0.01,Completed
3187,380.0,19,2025-07-13 09:49:44.338433,88,0.08,Completed
3188,362.0,46,2025-07-13 11:17:09.342934,39,0.14,Pending
3189,449.0,22,2025-07-13 12:44:34.347434,36,0.29,Completed
3190,441.0,13,2025-07-13 14:11:59.351935,20,0.26,Completed
3191,93.0,21,2025-07-13 15:39:24.356435,49,0.05,Completed
3192,109.0,1,2025-07-13 17:06:49.360936,96,0.22,Completed
3193,241.0,19,2025-07-13 18:34:14.365436,59,0.28,Pending
3194,355.0,33,2025-07-13 20:01:39.369936,49,0.0,Completed
3195,424.0,4,2025-07-13 21:29:04.374437,90,0.22,Completed
3196,142.0,42,2025-07-13 22:56:29.378937,26,0.14,Pending
3197,291.0,3,2025-07-14 00:23:54.383438,36,0.2,Completed
3198,432.0,27,2025-07-14 01:51:19.387938,43,0.18,Completed
3199,237.0,41,2025-07-14 03:18:44.392439,99,0.3,Completed
3200,340.0,35,2025-07-14 04:46:09.396939,43,0.09,Completed
3201,312.0,28,2025-07-14 06:13:34.401440,99,0.24,Pending
3202,177.0,6,2025-07-14 07:40:59.405940,76,0.07,Cancelled
3203,141.0,6,2025-07-14 09:08:24.410441,33,0.13,Completed
3204,189.0,44,2025-07-14 10:35:49.414941,100,0.29,Pending
3205,486.0,23,2025-07-14 12:03:14.419441,78,0.23,Completed
3206,49.0,33,2025-07-14 13:30:39.423942,97,0.09,Completed
3207,302.0,16,2025-07-14 14:58:04.428442,45,0.19,Completed
3208,369.0,24,2025-07-14 16:25:29.432943,45,0.01,Completed
3209,190.0,5,2025-07-14 17:52:54.437443,88,0.08,Completed
3210,136.0,41,2025-07-14 19:20:19.441944,15,0.22,Completed
3211,43.0,42,2025-07-14 20:47:44.446444,95,0.17,Completed
3212,404.0,13,2025-07-14 22:15:09.450945,17,0.14,Pending
3213,380.0,47,2025-07-14 23:42:34.455445,12,0.21,Cancelled
3214,353.0,12,2025-07-15 01:09:59.459945,22,0.12,Completed
3215,90.0,5,2025-07-15 02:37:24.464446,23,0.01,Completed
3216,295.0,37,2025-07-15 04:04:49.468946,90,0.13,Pending
3217,341.0,31,2025-07-15 05:32:14.473447,78,0.27,Completed
3218,245.0,28,2025-07-15 06:59:39.477947,12,0.26,Pending
3219,433.0,28,2025-07-15 08:27:04.482448,68,0.12,Completed
3220,192.0,30,2025-07-15 09:54:29.486948,51,0.01,Completed
3221,318.0,18,2025-07-15 11:21:54.491449,13,0.19,Completed
3222,106.0,44,2025-07-15 12:49:19.495949,57,0.22,Completed
3223,363.0,27,2025-07-15 14:16:44.500450,55,0.09,Completed
3224,310.0,35,2025-07-15 15:44:09.504950,82,0.14,Completed
3225,382.0,26,2025-07-15 17:11:34.509450,28,0.3,Completed
3226,233.0,39,2025-07-15 18:38:59.513951,44,0.17,Completed
3227,265.0,49,2025-07-15 20:06:24.518451,19,0.11,Completed
3228,344.0,18,2025-07-15 21:33:49.522952,46,0.19,Pending
3229,37.0,33,2025-07-15 23:01:14.527452,3,0.05,Completed
3230,305.0,25,2025-07-16 00:28:39.531953,83,0.06,Completed
3231,41.0,31,2025-07-16 01:56:04.536453,20,0.28,Pending
3232,17.0,37,2025-07-16 03:23:29.540954,25,0.07,Completed
3233,344.0,2,2025-07-16 04:50:54.545454,75,0.09,Completed
3234,277.0,33,2025-07-16 06:18:19.549954,56,0.16,Completed
3235,307.0,39,2025-07-16 07:45:44.554455,81,0.27,Completed
3236,59.0,43,2025-07-16 09:13:09.558955,61,0.23,Completed
3237,423.0,43,2025-07-16 10:40:34.563456,55,0.01,Completed
3238,183.0,32,2025-07-16 12:07:59.567956,35,0.21,Completed
3239,41.0,18,2025-07-16 13:35:24.572457,78,0.15,Completed
3240,39.0,17,2025-07-16 15:02:49.576957,59,0.14,Completed
3241,397.0,34,2025-07-16 16:30:14.581458,39,0.21,Completed
3242,192.0,39,2025-07-16 17:57:39.585958,57,0.06,Completed
3243,267.0,7,2025-07-16 19:25:04.590459,83,0.29,Completed
3244,494.0,42,2025-07-16 20:52:29.594959,67,0.19,Completed
3245,147.0,35,2025-07-16 22:19:54.599459,34,0.11,Completed
3246,395.0,30,2025-07-16 23:47:19.603960,41,0.18,Completed
3247,333.0,12,2025-07-17 01:14:44.608460,22,0.06,Completed
3248,127.0,35,2025-07-17 02:42:09.612961,27,0.19,Pending
3249,46.0,11,2025-07-17 04:09:34.617461,21,0.01,Completed
3250,45.0,44,2025-07-17 05:36:59.621962,41,0.1,Completed
3251,1.0,4,2025-07-17 07:04:24.626462,31,0.22,Completed
3252,168.0,25,2025-07-17 08:31:49.630963,27,0.24,Cancelled
3253,108.0,48,2025-07-17 09:59:14.635463,37,0.08,Cancelled
3254,19.0,32,2025-07-17 11:26:39.639963,66,0.16,Cancelled
3255,332.0,20,2025-07-17 12:54:04.644464,54,0.16,Pending
3256,72.0,50,2025-07-17 14:21:29.648964,9,0.13,Completed
3257,456.0,31,2025-07-17 15:48:54.653465,83,0.07,Completed
3258,445.0,4,2025-07-17 17:16:19.657965,42,0.21,Completed
3259,109.0,38,2025-07-17 18:43:44.662466,36,0.08,Completed
3260,268.0,47,2025-07-17 20:11:09.666966,10,0.27,Completed
3261,445.0,1,2025-07-17 21:38:34.671467,59,0.16,Completed
3262,240.0,3,2025-07-17 23:05:59.675967,40,0.26,Completed
3263,417.0,37,2025-07-18 00:33:24.680468,54,0.09,Completed
3264,301.0,22,2025-07-18 02:00:49.684968,39,0.24,Completed
3265,90.0,17,2025-07-18 03:28:14.689468,7,0.03,Completed
3266,103.0,14,2025-07-18 04:55:39.693969,4,0.23,Pending
3267,476.0,41,2025-07-18 06:23:04.698469,15,0.12,Completed
3268,250.0,35,2025-07-18 07:50:29.702970,76,0.14,Completed
3269,453.0,13,2025-07-18 09:17:54.707470,48,0.05,Completed
3270,8.0,35,2025-07-18 10:45:19.711971,6,0.01,Pending
3271,153.0,43,2025-07-18 12:12:44.716471,73,0.2,Completed
3272,347.0,2,2025-07-18 13:40:09.720972,35,0.18,Completed
3273,174.0,47,2025-07-18 15:07:34.725472,72,0.19,Completed
3274,343.0,13,2025-07-18 16:34:59.729972,71,0.08,Completed
3275,158.0,16,2025-07-18 18:02:24.734473,68,0.07,Completed
3276,493.0,18,2025-07-18 19:29:49.738973,58,0.25,Completed
3277,431.0,7,2025-07-18 20:57:14.743474,77,0.23,Completed
3278,215.0,45,2025-07-18 22:24:39.747974,19,0.1,Completed
3279,177.0,36,2025-07-18 23:52:04.752475,62,0.19,Completed
3280,175.0,41,2025-07-19 01:19:29.756975,71,0.25,Pending
3281,340.0,30,2025-07-19 02:46:54.761476,10,0.27,Completed
3282,338.0,42,2025-07-19 04:14:19.765976,25,0.0,Completed
3283,146.0,41,2025-07-19 05:41:44.770477,44,0.24,Completed
3284,450.0,7,2025-07-19 07:09:09.774977,99,0.11,Completed
3285,324.0,15,2025-07-19 08:36:34.779477,58,0.22,Completed
3286,478.0,40,2025-07-19 10:03:59.783978,25,0.11,Completed
3287,161.0,19,2025-07-19 11:31:24.788478,93,0.18,Pending
3288,127.0,43,2025-07-19 12:58:49.792979,76,0.19,Completed
3289,420.0,37,2025-07-19 14:26:14.797479,40,0.12,Pending
3290,82.0,2,2025-07-19 15:53:39.801980,76,0.15,Completed
3291,485.0,42,2025-07-19 17:21:04.806480,70,0.22,Pending
3292,147.0,48,2025-07-19 18:48:29.810981,10,0.14,Completed
3293,239.0,13,2025-07-19 20:15:54.815481,66,0.0,Completed
3294,412.0,40,2025-07-19 21:43:19.819981,25,0.0,Completed
3295,424.0,41,2025-07-19 23:10:44.824482,71,0.2,Completed
3296,84.0,43,2025-07-20 00:38:09.828982,87,0.25,Completed
3297,113.0,43,2025-07-20 02:05:34.833483,11,0.24,Completed
3298,225.0,31,2025-07-20 03:32:59.837983,36,0.09,Completed
3299,332.0,16,2025-07-20 05:00:24.842484,49,0.14,Completed
3300,378.0,42,2025-07-20 06:27:49.846984,48,0.07,Completed
3301,243.0,44,2025-07-20 07:55:14.851485,87,0.3,Cancelled
3302,143.0,6,2025-07-20 09:22:39.855985,7,0.08,Completed
3303,41.0,28,2025-07-20 10:50:04.860486,91,0.12,Completed
3304,423.0,32,2025-07-20 12:17:29.864986,77,0.2,Completed
3305,258.0,44,2025-07-20 13:44:54.869486,51,0.26,Cancelled
3306,447.0,10,2025-07-20 15:12:19.873987,17,0.02,Completed
3307,285.0,50,2025-07-20 16:39:44.878487,32,0.09,Completed
3308,105.0,18,2025-07-20 18:07:09.882988,26,0.17,Completed
3309,202.0,4,2025-07-20 19:34:34.887488,22,0.19,Completed
3310,450.0,9,2025-07-20 21:01:59.891989,13,0.02,Completed
3311,307.0,7,2025-07-20 22:29:24.896489,12,0.2,Completed
3312,331.0,50,2025-07-20 23:56:49.900990,71,0.16,Completed
3313,461.0,8,2025-07-21 01:24:14.905490,1,0.25,Completed
3314,266.0,43,2025-07-21 02:51:39.909990,33,0.07,Completed
3315,398.0,7,2025-07-21 04:19:04.914491,14,0.06,Completed
3316,210.0,41,2025-07-21 05:46:29.918991,64,0.24,Cancelled
3317,51.0,40,2025-07-21 07:13:54.923492,43,0.21,Completed
3318,118.0,3,2025-07-21 08:41:19.927992,58,0.24,Completed
3319,201.0,17,2025-07-21 10:08:44.932493,41,0.23,Pending
3320,377.0,2,2025-07-21 11:36:09.936993,81,0.03,Completed
3321,39.0,15,2025-07-21 13:03:34.941494,68,0.08,Completed
3322,28.0,46,2025-07-21 14:30:59.945994,39,0.08,Completed
3323,259.0,29,2025-07-21 15:58:24.950495,1,0.28,Completed
3324,84.0,50,2025-07-21 17:25:49.954995,41,0.15,Cancelled
3325,454.0,48,2025-07-21 18:53:14.959495,45,0.03,Completed
3326,155.0,22,2025-07-21 20:20:39.963996,88,0.09,Completed
3327,117.0,4,2025-07-21 21:48:04.968496,98,0.26,Pending
3328,2.0,6,2025-07-21 23:15:29.972997,98,0.25,Completed
3329,93.0,38,2025-07-22 00:42:54.977497,88,0.27,Pending
3330,166.0,26,2025-07-22 02:10:19.981998,79,0.12,Completed
3331,387.0,11,2025-07-22 03:37:44.986498,81,0.19,Completed
3332,400.0,26,2025-07-22 05:05:09.990999,13,0.08,Completed
3333,350.0,17,2025-07-22 06:32:34.995499,71,0.05,Completed
3334,296.0,24,2025-07-22 07:59:59.999999,9,0.01,Completed
3335,258.0,28,2025-07-22 09:27:25.004500,63,0.07,Completed
3336,81.0,35,2025-07-22 10:54:50.009000,99,0.18,Completed
3337,425.0,31,2025-07-22 12:22:15.013501,23,0.27,Completed
3338,268.0,13,2025-07-22 13:49:40.018001,54,0.04,Completed
3339,419.0,35,2025-07-22 15:17:05.022502,47,0.28,Completed
3340,235.0,16,2025-07-22 16:44:30.027002,39,0.1,Completed
3341,321.0,15,2025-07-22 18:11:55.031503,87,0.13,Completed
3342,311.0,43,2025-07-22 19:39:20.036003,26,0.11,Completed
3343,301.0,18,2025-07-22 21:06:45.040504,1,0.12,Pending
3344,463.0,47,2025-07-22 22:34:10.045004,14,0.08,Completed
3345,474.0,37,2025-07-23 00:01:35.049504,96,0.21,Completed
3346,357.0,48,2025-07-23 01:29:00.054005,74,0.23,Completed
3347,213.0,48,2025-07-23 02:56:25.058505,65,0.25,Completed
3348,62.0,49,2025-07-23 04:23:50.063006,69,0.1,Completed
3349,49.0,41,2025-07-23 05:51:15.067506,67,0.23,Completed
3350,127.0,27,2025-07-23 07:18:40.072007,49,0.19,Completed
3351,223.0,35,2025-07-23 08:46:05.076507,50,0.29,Completed
3352,409.0,45,2025-07-23 10:13:30.081008,58,0.13,Cancelled
3353,279.0,35,2025-07-23 11:40:55.085508,53,0.3,Completed
3354,408.0,28,2025-07-23 13:08:20.090009,91,0.22,Completed
3355,294.0,39,2025-07-23 14:35:45.094509,57,0.23,Completed
3356,284.0,38,2025-07-23 16:03:10.099009,86,0.01,Completed
3357,277.0,9,2025-07-23 17:30:35.103510,18,0.15,Completed
3358,438.0,12,2025-07-23 18:58:00.108010,16,0.16,Completed
3359,107.0,15,2025-07-23 20:25:25.112511,2,0.01,Completed
3360,146.0,21,2025-07-23 21:52:50.117011,13,0.09,Completed
3361,420.0,35,2025-07-23 23:20:15.121512,45,0.29,Completed
3362,99.0,42,2025-07-24 00:47:40.126012,80,0.13,Completed
3363,429.0,33,2025-07-24 02:15:05.130513,72,0.06,Completed
3364,375.0,19,2025-07-24 03:42:30.135013,43,0.15,Completed
3365,73.0,23,2025-07-24 05:09:55.139513,72,0.01,Completed
3366,437.0,13,2025-07-24 06:37:20.144014,54,0.15,Completed
3367,486.0,44,2025-07-24 08:04:45.148514,74,0.18,Completed
3368,122.0,1,2025-07-24 09:32:10.153015,97,0.11,Completed
3369,30.0,29,2025-07-24 10:59:35.157515,31,0.23,Completed
3370,188.0,24,2025-07-24 12:27:00.162016,76,0.04,Completed
3371,364.0,16,2025-07-24 13:54:25.166516,9,0.26,Pending
3372,354.0,25,2025-07-24 15:21:50.171017,73,0.29,Pending
3373,288.0,23,2025-07-24 16:49:15.175517,48,0.0,Completed
3374,451.0,28,2025-07-24 18:16:40.180018,18,0.25,Completed
3375,195.0,47,2025-07-24 19:44:05.184518,94,0.15,Completed
3376,156.0,16,2025-07-24 21:11:30.189018,96,0.14,Completed
3377,172.0,43,2025-07-24 22:38:55.193519,87,0.07,Completed
3378,335.0,38,2025-07-25 00:06:20.198019,11,0.13,Completed
3379,41.0,11,2025-07-25 01:33:45.202520,62,0.29,Completed
3380,63.0,3,2025-07-25 03:01:10.207020,84,0.06,Completed
3381,23.0,15,2025-07-25 04:28:35.211521,19,0.05,Completed
3382,360.0,1,2025-07-25 05:56:00.216021,100,0.07,Completed
3383,75.0,7,2025-07-25 07:23:25.220522,90,0.17,Completed
3384,48.0,1,2025-07-25 08:50:50.225022,74,0.28,Completed
3385,160.0,49,2025-07-25 10:18:15.229522,24,0.17,Completed
3386,313.0,32,2025-07-25 11:45:40.234023,13,0.07,Completed
3387,118.0,9,2025-07-25 13:13:05.238523,46,0.13,Pending
3388,100.0,29,2025-07-25 14:40:30.243024,53,0.12,Pending
3389,380.0,26,2025-07-25 16:07:55.247524,98,0.01,Completed
3390,417.0,23,2025-07-25 17:35:20.252025,29,0.15,Completed
3391,408.0,45,2025-07-25 19:02:45.256525,36,0.04,Completed
3392,167.0,43,2025-07-25 20:30:10.261026,71,0.25,Completed
3393,290.0,29,2025-07-25 21:57:35.265526,94,0.16,Completed
3394,440.0,38,2025-07-25 23:25:00.270027,17,0.25,Completed
3395,156.0,33,2025-07-26 00:52:25.274527,48,0.29,Cancelled
3396,421.0,7,2025-07-26 02:19:50.279027,77,0.28,Completed
3397,7.0,12,2025-07-26 03:47:15.283528,24,0.03,Completed
3398,196.0,31,2025-07-26 05:14:40.288028,54,0.28,Completed
3399,421.0,32,2025-07-26 06:42:05.292529,95,0.24,Completed
3400,56.0,20,2025-07-26 08:09:30.297029,91,0.23,Pending
3401,321.0,17,2025-07-26 09:36:55.301530,85,0.03,Completed
3402,193.0,36,2025-07-26 11:04:20.306030,1,0.05,Completed
3403,47.0,3,2025-07-26 12:31:45.310531,79,0.29,Completed
3404,148.0,1,2025-07-26 13:59:10.315031,67,0.06,Completed
3405,275.0,50,2025-07-26 15:26:35.319531,6,0.05,Completed
3406,157.0,27,2025-07-26 16:54:00.324032,78,0.11,Pending
3407,202.0,47,2025-07-26 18:21:25.328532,55,0.27,Completed
3408,444.0,40,2025-07-26 19:48:50.333033,38,0.14,Pending
3409,402.0,33,2025-07-26 21:16:15.337533,33,0.28,Completed
3410,476.0,20,2025-07-26 22:43:40.342034,8,0.1,Completed
3411,419.0,14,2025-07-27 00:11:05.346534,90,0.07,Cancelled
3412,427.0,36,2025-07-27 01:38:30.351035,79,0.15,Pending
3413,495.0,5,2025-07-27 03:05:55.355535,78,0.18,Pending
3414,479.0,23,2025-07-27 04:33:20.360036,20,0.12,Completed
3415,475.0,45,2025-07-27 06:00:45.364536,55,0.1,Completed
3416,126.0,15,2025-07-27 07:28:10.369036,48,0.07,Completed
3417,395.0,6,2025-07-27 08:55:35.373537,83,0.08,Completed
3418,305.0,33,2025-07-27 10:23:00.378037,56,0.2,Completed
3419,369.0,19,2025-07-27 11:50:25.382538,97,0.11,Completed
3420,294.0,13,2025-07-27 13:17:50.387038,100,0.02,Completed
3421,64.0,29,2025-07-27 14:45:15.391539,88,0.04,Completed
3422,325.0,6,2025-07-27 16:12:40.396039,10,0.11,Completed
3423,392.0,15,2025-07-27 17:40:05.400540,52,0.28,Completed
3424,418.0,16,2025-07-27 19:07:30.405040,50,0.11,Pending
3425,176.0,24,2025-07-27 20:34:55.409540,34,0.02,Completed
3426,116.0,23,2025-07-27 22:02:20.414041,36,0.13,Completed
3427,440.0,48,2025-07-27 23:29:45.418541,61,0.2,Completed
3428,204.0,10,2025-07-28 00:57:10.423042,100,0.18,Pending
3429,486.0,41,2025-07-28 02:24:35.427542,16,0.08,Cancelled
3430,321.0,41,2025-07-28 03:52:00.432043,79,0.21,Completed
3431,31.0,49,2025-07-28 05:19:25.436543,18,0.19,Completed
3432,388.0,17,2025-07-28 06:46:50.441044,71,0.05,Completed
3433,113.0,49,2025-07-28 08:14:15.445544,47,0.05,Completed
3434,365.0,44,2025-07-28 09:41:40.450045,86,0.16,Completed
3435,434.0,45,2025-07-28 11:09:05.454545,32,0.2,Completed
3436,325.0,30,2025-07-28 12:36:30.459045,43,0.29,Completed
3437,414.0,44,2025-07-28 14:03:55.463546,83,0.13,Completed
3438,376.0,46,2025-07-28 15:31:20.468046,40,0.23,Completed
3439,344.0,10,2025-07-28 16:58:45.472547,65,0.03,Completed
3440,443.0,19,2025-07-28 18:26:10.477047,35,0.27,Pending
3441,67.0,29,2025-07-28 19:53:35.481548,69,0.19,Completed
3442,75.0,2,2025-07-28 21:21:00.486048,50,0.19,Completed
3443,45.0,36,2025-07-28 22:48:25.490549,12,0.04,Completed
3444,260.0,19,2025-07-29 00:15:50.495049,76,0.01,Completed
3445,154.0,7,2025-07-29 01:43:15.499549,85,0.21,Cancelled
3446,155.0,26,2025-07-29 03:10:40.504050,58,0.04,Completed
3447,430.0,15,2025-07-29 04:38:05.508550,83,0.04,Pending
3448,363.0,47,2025-07-29 06:05:30.513051,63,0.06,Pending
3449,448.0,38,2025-07-29 07:32:55.517551,73,0.03,Completed
3450,475.0,3,2025-07-29 09:00:20.522052,49,0.19,Completed
3451,234.0,38,2025-07-29 10:27:45.526552,36,0.13,Pending
3452,51.0,16,2025-07-29 11:55:10.531053,54,0.08,Pending
3453,306.0,2,2025-07-29 13:22:35.535553,47,0.13,Cancelled
3454,262.0,31,2025-07-29 14:50:00.540054,32,0.25,Pending
3455,315.0,28,2025-07-29 16:17:25.544554,99,0.28,Completed
3456,125.0,7,2025-07-29 17:44:50.549054,95,0.15,Completed
3457,399.0,30,2025-07-29 19:12:15.553555,53,0.17,Completed
3458,245.0,43,2025-07-29 20:39:40.558055,32,0.08,Completed
3459,30.0,7,2025-07-29 22:07:05.562556,62,0.15,Completed
3460,426.0,36,2025-07-29 23:34:30.567056,37,0.22,Completed
3461,485.0,29,2025-07-30 01:01:55.571557,96,0.15,Completed
3462,122.0,24,2025-07-30 02:29:20.576057,38,0.09,Pending
3463,125.0,39,2025-07-30 03:56:45.580558,30,0.17,Completed
3464,37.0,4,2025-07-30 05:24:10.585058,58,0.28,Completed
3465,170.0,29,2025-07-30 06:51:35.589558,32,0.27,Completed
3466,124.0,44,2025-07-30 08:19:00.594059,66,0.23,Completed
3467,357.0,5,2025-07-30 09:46:25.598559,51,0.08,Completed
3468,35.0,29,2025-07-30 11:13:50.603060,11,0.07,Pending
3469,87.0,30,2025-07-30 12:41:15.607560,59,0.25,Completed
3470,134.0,29,2025-07-30 14:08:40.612061,20,0.05,Completed
3471,196.0,26,2025-07-30 15:36:05.616561,37,0.18,Completed
3472,274.0,19,2025-07-30 17:03:30.621062,73,0.13,Completed
3473,201.0,26,2025-07-30 18:30:55.625562,49,0.14,Completed
3474,369.0,37,2025-07-30 19:58:20.630063,19,0.14,Completed
3475,285.0,27,2025-07-30 21:25:45.634563,55,0.27,Completed
3476,77.0,30,2025-07-30 22:53:10.639063,40,0.03,Completed
3477,59.0,30,2025-07-31 00:20:35.643564,7,0.23,Completed
3478,431.0,3,2025-07-31 01:48:00.648064,5,0.25,Completed
3479,126.0,43,2025-07-31 03:15:25.652565,42,0.28,Completed
3480,500.0,7,2025-07-31 04:42:50.657065,88,0.14,Cancelled
3481,401.0,49,2025-07-31 06:10:15.661566,48,0.15,Completed
3482,109.0,9,2025-07-31 07:37:40.666066,7,0.29,Completed
3483,224.0,41,2025-07-31 09:05:05.670567,11,0.14,Completed
3484,496.0,42,2025-07-31 10:32:30.675067,73,0.15,Completed
3485,278.0,13,2025-07-31 11:59:55.679567,49,0.1,Completed
3486,68.0,15,2025-07-31 13:27:20.684068,30,0.01,Completed
3487,69.0,5,2025-07-31 14:54:45.688568,41,0.13,Completed
3488,165.0,29,2025-07-31 16:22:10.693069,3,0.2,Cancelled
3489,489.0,35,2025-07-31 17:49:35.697569,86,0.21,Completed
3490,305.0,27,2025-07-31 19:17:00.702070,40,0.0,Completed
3491,397.0,27,2025-07-31 20:44:25.706570,51,0.24,Completed
3492,162.0,8,2025-07-31 22:11:50.711071,84,0.15,Completed
3493,365.0,32,2025-07-31 23:39:15.715571,32,0.16,Completed
3494,342.0,20,2025-08-01 01:06:40.720072,48,0.29,Pending
3495,309.0,10,2025-08-01 02:34:05.724572,71,0.09,Pending
3496,379.0,13,2025-08-01 04:01:30.729072,71,0.23,Completed
3497,343.0,29,2025-08-01 05:28:55.733573,20,0.17,Pending
3498,435.0,35,2025-08-01 06:56:20.738073,89,0.21,Completed
3499,387.0,8,2025-08-01 08:23:45.742574,35,0.13,Completed
3500,42.0,29,2025-08-01 09:51:10.747074,24,0.08,Completed
3501,354.0,31,2025-08-01 11:18:35.751575,40,0.16,Completed
3502,416.0,41,2025-08-01 12:46:00.756075,77,0.11,Completed
3503,109.0,30,2025-08-01 14:13:25.760576,52,0.07,Pending
3504,51.0,22,2025-08-01 15:40:50.765076,39,0.25,Completed
3505,250.0,21,2025-08-01 17:08:15.769576,68,0.14,Pending
3506,497.0,12,2025-08-01 18:35:40.774077,61,0.25,Completed
3507,341.0,11,2025-08-01 20:03:05.778577,76,0.14,Completed
3508,430.0,2,2025-08-01 21:30:30.783078,81,0.17,Completed
3509,383.0,50,2025-08-01 22:57:55.787578,65,0.3,Completed
3510,492.0,41,2025-08-02 00:25:20.792079,62,0.29,Cancelled
3511,21.0,2,2025-08-02 01:52:45.796579,81,0.08,Completed
3512,300.0,34,2025-08-02 03:20:10.801080,2,0.26,Completed
3513,139.0,3,2025-08-02 04:47:35.805580,6,0.12,Completed
3514,359.0,16,2025-08-02 06:15:00.810081,75,0.02,Completed
3515,324.0,4,2025-08-02 07:42:25.814581,43,0.17,Completed
3516,499.0,23,2025-08-02 09:09:50.819081,82,0.29,Completed
3517,385.0,50,2025-08-02 10:37:15.823582,40,0.29,Completed
3518,92.0,20,2025-08-02 12:04:40.828082,89,0.04,Completed
3519,447.0,25,2025-08-02 13:32:05.832583,39,0.23,Cancelled
3520,280.0,30,2025-08-02 14:59:30.837083,28,0.24,Pending
3521,125.0,18,2025-08-02 16:26:55.841584,80,0.11,Completed
3522,483.0,42,2025-08-02 17:54:20.846084,63,0.2,Completed
3523,397.0,11,2025-08-02 19:21:45.850585,64,0.15,Completed
3524,111.0,29,2025-08-02 20:49:10.855085,12,0.07,Pending
3525,354.0,17,2025-08-02 22:16:35.859585,41,0.23,Completed
3526,139.0,26,2025-08-02 23:44:00.864086,29,0.08,Completed
3527,484.0,23,2025-08-03 01:11:25.868586,23,0.1,Completed
3528,435.0,48,2025-08-03 02:38:50.873087,85,0.06,Completed
3529,273.0,20,2025-08-03 04:06:15.877587,80,0.22,Completed
3530,99.0,45,2025-08-03 05:33:40.882088,51,0.14,Pending
3531,252.0,2,2025-08-03 07:01:05.886588,45,0.13,Completed
3532,338.0,24,2025-08-03 08:28:30.891089,90,0.18,Completed
3533,104.0,31,2025-08-03 09:55:55.895589,22,0.05,Completed
3534,214.0,27,2025-08-03 11:23:20.900090,10,0.27,Pending
3535,249.0,2,2025-08-03 12:50:45.904590,7,0.14,Completed
3536,152.0,14,2025-08-03 14:18:10.909090,73,0.11,Completed
3537,250.0,4,2025-08-03 15:45:35.913591,89,0.04,Pending
3538,275.0,49,2025-08-03 17:13:00.918091,15,0.05,Completed
3539,165.0,13,2025-08-03 18:40:25.922592,77,0.28,Completed
3540,487.0,36,2025-08-03 20:07:50.927092,46,0.14,Completed
3541,341.0,35,2025-08-03 21:35:15.931593,90,0.22,Completed
3542,8.0,44,2025-08-03 23:02:40.936093,85,0.02,Completed
3543,284.0,8,2025-08-04 00:30:05.940594,87,0.19,Pending
3544,5.0,2,2025-08-04 01:57:30.945094,61,0.28,Completed
3545,145.0,6,2025-08-04 03:24:55.949594,92,0.09,Completed
3546,101.0,31,2025-08-04 04:52:20.954095,61,0.17,Completed
3547,164.0,10,2025-08-04 06:19:45.958595,51,0.28,Completed
3548,374.0,44,2025-08-04 07:47:10.963096,38,0.22,Completed
3549,147.0,21,2025-08-04 09:14:35.967596,12,0.02,Completed
3550,64.0,42,2025-08-04 10:42:00.972097,88,0.11,Pending
3551,91.0,10,2025-08-04 12:09:25.976597,77,0.03,Completed
3552,117.0,23,2025-08-04 13:36:50.981098,66,0.26,Completed
3553,354.0,3,2025-08-04 15:04:15.985598,54,0.19,Completed
3554,267.0,32,2025-08-04 16:31:40.990099,39,0.29,Completed
3555,310.0,20,2025-08-04 17:59:05.994599,76,0.01,Completed
3556,173.0,10,2025-08-04 19:26:30.999099,39,0.13,Completed
3557,47.0,29,2025-08-04 20:53:56.003600,78,0.03,Completed
3558,140.0,41,2025-08-04 22:21:21.008100,30,0.11,Completed
3559,246.0,46,2025-08-04 23:48:46.012601,48,0.05,Pending
3560,149.0,34,2025-08-05 01:16:11.017101,83,0.1,Completed
3561,246.0,37,2025-08-05 02:43:36.021602,31,0.25,Pending
3562,395.0,20,2025-08-05 04:11:01.026102,25,0.05,Completed
3563,487.0,8,2025-08-05 05:38:26.030603,68,0.14,Completed
3564,476.0,7,2025-08-05 07:05:51.035103,51,0.28,Completed
3565,5.0,6,2025-08-05 08:33:16.039603,13,0.3,Pending
3566,465.0,11,2025-08-05 10:00:41.044104,100,0.08,Completed
3567,184.0,44,2025-08-05 11:28:06.048604,63,0.28,Completed
3568,20.0,18,2025-08-05 12:55:31.053105,42,0.08,Completed
3569,425.0,42,2025-08-05 14:22:56.057605,54,0.12,Completed
3570,46.0,29,2025-08-05 15:50:21.062106,67,0.26,Completed
3571,12.0,25,2025-08-05 17:17:46.066606,80,0.24,Completed
3572,70.0,21,2025-08-05 18:45:11.071107,90,0.26,Completed
3573,17.0,46,2025-08-05 20:12:36.075607,56,0.24,Completed
3574,371.0,3,2025-08-05 21:40:01.080108,19,0.07,Completed
3575,147.0,18,2025-08-05 23:07:26.084608,46,0.17,Completed
3576,154.0,24,2025-08-06 00:34:51.089108,15,0.12,Completed
3577,304.0,47,2025-08-06 02:02:16.093609,32,0.14,Completed
3578,108.0,38,2025-08-06 03:29:41.098109,49,0.05,Completed
3579,236.0,10,2025-08-06 04:57:06.102610,21,0.09,Completed
3580,308.0,27,2025-08-06 06:24:31.107110,65,0.26,Completed
3581,352.0,12,2025-08-06 07:51:56.111611,70,0.27,Pending
3582,70.0,7,2025-08-06 09:19:21.116111,27,0.18,Completed
3583,183.0,17,2025-08-06 10:46:46.120612,23,0.15,Completed
3584,250.0,1,2025-08-06 12:14:11.125112,47,0.21,Pending
3585,228.0,50,2025-08-06 13:41:36.129612,95,0.18,Completed
3586,102.0,26,2025-08-06 15:09:01.134113,12,0.3,Completed
3587,75.0,15,2025-08-06 16:36:26.138613,85,0.06,Completed
3588,417.0,33,2025-08-06 18:03:51.143114,66,0.13,Completed
3589,446.0,37,2025-08-06 19:31:16.147614,5,0.28,Completed
3590,216.0,47,2025-08-06 20:58:41.152115,9,0.27,Completed
3591,407.0,31,2025-08-06 22:26:06.156615,20,0.15,Completed
3592,399.0,35,2025-08-06 23:53:31.161116,82,0.04,Completed
3593,411.0,1,2025-08-07 01:20:56.165616,63,0.24,Completed
3594,203.0,8,2025-08-07 02:48:21.170117,86,0.18,Completed
3595,192.0,12,2025-08-07 04:15:46.174617,72,0.23,Completed
3596,249.0,19,2025-08-07 05:43:11.179117,98,0.14,Completed
3597,499.0,25,2025-08-07 07:10:36.183618,73,0.06,Completed
3598,242.0,32,2025-08-07 08:38:01.188118,71,0.01,Pending
3599,465.0,12,2025-08-07 10:05:26.192619,30,0.17,Completed
3600,179.0,13,2025-08-07 11:32:51.197119,82,0.05,Pending
3601,437.0,28,2025-08-07 13:00:16.201620,91,0.06,Completed
3602,462.0,1,2025-08-07 14:27:41.206120,16,0.13,Completed
3603,219.0,6,2025-08-07 15:55:06.210621,85,0.13,Completed
3604,82.0,8,2025-08-07 17:22:31.215121,5,0.08,Completed
3605,92.0,4,2025-08-07 18:49:56.219621,29,0.04,Completed
3606,435.0,5,2025-08-07 20:17:21.224122,47,0.28,Completed
3607,175.0,25,2025-08-07 21:44:46.228622,22,0.04,Pending
3608,239.0,22,2025-08-07 23:12:11.233123,78,0.11,Pending
3609,260.0,28,2025-08-08 00:39:36.237623,57,0.09,Completed
3610,391.0,39,2025-08-08 02:07:01.242124,83,0.26,Completed
3611,365.0,23,2025-08-08 03:34:26.246624,35,0.12,Completed
3612,163.0,4,2025-08-08 05:01:51.251125,88,0.04,Completed
3613,48.0,4,2025-08-08 06:29:16.255625,60,0.0,Completed
3614,329.0,47,2025-08-08 07:56:41.260126,70,0.22,Completed
3615,328.0,21,2025-08-08 09:24:06.264626,60,0.21,Completed
3616,116.0,37,2025-08-08 10:51:31.269126,58,0.13,Completed
3617,429.0,41,2025-08-08 12:18:56.273627,3,0.04,Completed
3618,337.0,2,2025-08-08 13:46:21.278127,34,0.11,Completed
3619,337.0,7,2025-08-08 15:13:46.282628,45,0.18,Cancelled
3620,369.0,49,2025-08-08 16:41:11.287128,50,0.21,Pending
3621,225.0,16,2025-08-08 18:08:36.291629,2,0.02,Completed
3622,352.0,17,2025-08-08 19:36:01.296129,15,0.17,Completed
3623,328.0,20,2025-08-08 21:03:26.300630,37,0.08,Completed
3624,147.0,23,2025-08-08 22:30:51.305130,15,0.19,Completed
3625,63.0,34,2025-08-08 23:58:16.309630,60,0.19,Completed
3626,294.0,11,2025-08-09 01:25:41.314131,96,0.27,Completed
3627,323.0,34,2025-08-09 02:53:06.318631,85,0.12,Completed
3628,443.0,33,2025-08-09 04:20:31.323132,64,0.16,Completed
3629,325.0,26,2025-08-09 05:47:56.327632,81,0.08,Completed
3630,13.0,2,2025-08-09 07:15:21.332133,98,0.09,Completed
3631,431.0,23,2025-08-09 08:42:46.336633,96,0.01,Completed
3632,494.0,41,2025-08-09 10:10:11.341134,52,0.09,Pending
3633,189.0,22,2025-08-09 11:37:36.345634,23,0.02,Completed
3634,287.0,34,2025-08-09 13:05:01.350135,99,0.29,Completed
3635,208.0,15,2025-08-09 14:32:26.354635,37,0.19,Completed
3636,114.0,10,2025-08-09 15:59:51.359135,41,0.05,Completed
3637,480.0,15,2025-08-09 17:27:16.363636,57,0.04,Completed
3638,22.0,42,2025-08-09 18:54:41.368136,97,0.11,Completed
3639,349.0,29,2025-08-09 20:22:06.372637,25,0.09,Completed
3640,214.0,23,2025-08-09 21:49:31.377137,37,0.08,Completed
3641,171.0,17,2025-08-09 23:16:56.381638,40,0.14,Completed
3642,323.0,9,2025-08-10 00:44:21.386138,85,0.27,Completed
3643,54.0,50,2025-08-10 02:11:46.390639,46,0.17,Pending
3644,394.0,36,2025-08-10 03:39:11.395139,60,0.16,Completed
3645,298.0,9,2025-08-10 05:06:36.399639,98,0.24,Completed
3646,320.0,16,2025-08-10 06:34:01.404140,19,0.0,Completed
3647,126.0,36,2025-08-10 08:01:26.408640,91,0.06,Completed
3648,277.0,48,2025-08-10 09:28:51.413141,9,0.15,Completed
3649,464.0,33,2025-08-10 10:56:16.417641,69,0.21,Completed
3650,204.0,31,2025-08-10 12:23:41.422142,5,0.15,Completed
3651,194.0,6,2025-08-10 13:51:06.426642,89,0.05,Completed
3652,169.0,10,2025-08-10 15:18:31.431143,26,0.28,Completed
3653,152.0,16,2025-08-10 16:45:56.435643,19,0.1,Completed
3654,35.0,4,2025-08-10 18:13:21.440144,30,0.24,Completed
3655,184.0,22,2025-08-10 19:40:46.444644,100,0.27,Completed
3656,286.0,13,2025-08-10 21:08:11.449144,48,0.1,Completed
3657,57.0,16,2025-08-10 22:35:36.453645,16,0.25,Completed
3658,222.0,29,2025-08-11 00:03:01.458145,71,0.21,Completed
3659,303.0,6,2025-08-11 01:30:26.462646,18,0.27,Completed
3660,163.0,26,2025-08-11 02:57:51.467146,56,0.08,Completed
3661,19.0,11,2025-08-11 04:25:16.471647,21,0.28,Completed
3662,370.0,24,2025-08-11 05:52:41.476147,31,0.02,Completed
3663,264.0,29,2025-08-11 07:20:06.480648,1,0.24,Completed
3664,282.0,3,2025-08-11 08:47:31.485148,3,0.13,Pending
3665,113.0,10,2025-08-11 10:14:56.489648,95,0.05,Completed
3666,488.0,1,2025-08-11 11:42:21.494149,25,0.02,Pending
3667,327.0,43,2025-08-11 13:09:46.498649,8,0.12,Completed
3668,30.0,26,2025-08-11 14:37:11.503150,65,0.12,Completed
3669,135.0,12,2025-08-11 16:04:36.507650,62,0.07,Completed
3670,67.0,14,2025-08-11 17:32:01.512151,7,0.06,Completed
3671,65.0,25,2025-08-11 18:59:26.516651,7,0.12,Completed
3672,292.0,8,2025-08-11 20:26:51.521152,8,0.12,Completed
3673,25.0,43,2025-08-11 21:54:16.525652,19,0.13,Completed
3674,37.0,4,2025-08-11 23:21:41.530153,17,0.26,Pending
3675,1.0,28,2025-08-12 00:49:06.534653,11,0.18,Completed
3676,399.0,7,2025-08-12 02:16:31.539153,49,0.01,Completed
3677,37.0,10,2025-08-12 03:43:56.543654,11,0.16,Cancelled
3678,141.0,36,2025-08-12 05:11:21.548154,41,0.23,Completed
3679,232.0,2,2025-08-12 06:38:46.552655,62,0.02,Cancelled
3680,136.0,26,2025-08-12 08:06:11.557155,52,0.13,Completed
3681,389.0,50,2025-08-12 09:33:36.561656,66,0.14,Pending
3682,188.0,14,2025-08-12 11:01:01.566156,68,0.29,Cancelled
3683,128.0,16,2025-08-12 12:28:26.570657,92,0.14,Cancelled
3684,201.0,43,2025-08-12 13:55:51.575157,97,0.22,Completed
3685,127.0,42,2025-08-12 15:23:16.579657,75,0.09,Pending
3686,257.0,17,2025-08-12 16:50:41.584158,67,0.23,Completed
3687,164.0,46,2025-08-12 18:18:06.588658,40,0.1,Completed
3688,35.0,22,2025-08-12 19:45:31.593159,5,0.13,Completed
3689,194.0,4,2025-08-12 21:12:56.597659,85,0.14,Completed
3690,191.0,19,2025-08-12 22:40:21.602160,22,0.28,Completed
3691,104.0,2,2025-08-13 00:07:46.606660,37,0.02,Completed
3692,23.0,39,2025-08-13 01:35:11.611161,11,0.06,Cancelled
3693,265.0,9,2025-08-13 03:02:36.615661,44,0.21,Completed
3694,290.0,19,2025-08-13 04:30:01.620162,86,0.17,Pending
3695,430.0,16,2025-08-13 05:57:26.624662,53,0.08,Pending
3696,462.0,25,2025-08-13 07:24:51.629162,77,0.09,Completed
3697,384.0,48,2025-08-13 08:52:16.633663,61,0.11,Completed
3698,260.0,18,2025-08-13 10:19:41.638163,67,0.14,Completed
3699,414.0,23,2025-08-13 11:47:06.642664,13,0.25,Completed
3700,479.0,21,2025-08-13 13:14:31.647164,92,0.0,Completed
3701,358.0,11,2025-08-13 14:41:56.651665,11,0.27,Completed
3702,75.0,39,2025-08-13 16:09:21.656165,11,0.12,Completed
3703,355.0,41,2025-08-13 17:36:46.660666,85,0.07,Completed
3704,72.0,4,2025-08-13 19:04:11.665166,85,0.15,Completed
3705,259.0,25,2025-08-13 20:31:36.669666,7,0.2,Completed
3706,398.0,32,2025-08-13 21:59:01.674167,17,0.01,Completed
3707,188.0,30,2025-08-13 23:26:26.678667,48,0.21,Completed
3708,461.0,45,2025-08-14 00:53:51.683168,14,0.23,Completed
3709,173.0,26,2025-08-14 02:21:16.687668,63,0.05,Cancelled
3710,480.0,36,2025-08-14 03:48:41.692169,64,0.05,Completed
3711,290.0,34,2025-08-14 05:16:06.696669,97,0.06,Completed
3712,45.0,9,2025-08-14 06:43:31.701170,75,0.24,Completed
3713,61.0,12,2025-08-14 08:10:56.705670,77,0.08,Pending
3714,83.0,2,2025-08-14 09:38:21.710171,65,0.24,Completed
3715,123.0,38,2025-08-14 11:05:46.714671,34,0.16,Completed
3716,358.0,5,2025-08-14 12:33:11.719171,9,0.23,Completed
3717,16.0,5,2025-08-14 14:00:36.723672,77,0.17,Completed
3718,66.0,22,2025-08-14 15:28:01.728172,37,0.1,Completed
3719,424.0,5,2025-08-14 16:55:26.732673,30,0.27,Completed
3720,145.0,4,2025-08-14 18:22:51.737173,41,0.21,Completed
3721,375.0,9,2025-08-14 19:50:16.741674,45,0.15,Completed
3722,162.0,29,2025-08-14 21:17:41.746174,47,0.19,Completed
3723,234.0,22,2025-08-14 22:45:06.750675,7,0.18,Completed
3724,380.0,27,2025-08-15 00:12:31.755175,14,0.11,Completed
3725,144.0,10,2025-08-15 01:39:56.759675,48,0.13,Pending
3726,358.0,16,2025-08-15 03:07:21.764176,6,0.1,Pending
3727,188.0,42,2025-08-15 04:34:46.768676,34,0.3,Completed
3728,322.0,42,2025-08-15 06:02:11.773177,80,0.17,Completed
3729,450.0,10,2025-08-15 07:29:36.777677,100,0.03,Cancelled
3730,474.0,6,2025-08-15 08:57:01.782178,46,0.16,Completed
3731,13.0,49,2025-08-15 10:24:26.786678,59,0.01,Completed
3732,184.0,5,2025-08-15 11:51:51.791179,70,0.09,Completed
3733,111.0,6,2025-08-15 13:19:16.795679,8,0.13,Completed
3734,415.0,47,2025-08-15 14:46:41.800180,24,0.16,Completed
3735,290.0,25,2025-08-15 16:14:06.804680,67,0.29,Completed
3736,295.0,50,2025-08-15 17:41:31.809180,4,0.29,Completed
3737,451.0,4,2025-08-15 19:08:56.813681,96,0.03,Pending
3738,392.0,40,2025-08-15 20:36:21.818181,1,0.16,Cancelled
3739,215.0,48,2025-08-15 22:03:46.822682,34,0.25,Completed
3740,462.0,32,2025-08-15 23:31:11.827182,9,0.07,Completed
3741,120.0,35,2025-08-16 00:58:36.831683,63,0.23,Completed
3742,382.0,10,2025-08-16 02:26:01.836183,76,0.26,Cancelled
3743,55.0,34,2025-08-16 03:53:26.840684,10,0.2,Completed
3744,27.0,36,2025-08-16 05:20:51.845184,10,0.1,Completed
3745,118.0,6,2025-08-16 06:48:16.849684,50,0.28,Completed
3746,221.0,43,2025-08-16 08:15:41.854185,44,0.27,Completed
3747,231.0,46,2025-08-16 09:43:06.858685,48,0.21,Completed
3748,53.0,16,2025-08-16 11:10:31.863186,87,0.11,Completed
3749,295.0,19,2025-08-16 12:37:56.867686,6,0.24,Completed
3750,321.0,34,2025-08-16 14:05:21.872187,88,0.09,Completed
3751,401.0,25,2025-08-16 15:32:46.876687,24,0.08,Completed
3752,233.0,31,2025-08-16 17:00:11.881188,85,0.15,Completed
3753,158.0,49,2025-08-16 18:27:36.885688,95,0.3,Completed
3754,437.0,41,2025-08-16 19:55:01.890189,58,0.24,Completed
3755,269.0,17,2025-08-16 21:22:26.894689,64,0.22,Completed
3756,21.0,47,2025-08-16 22:49:51.899189,94,0.14,Completed
3757,403.0,30,2025-08-17 00:17:16.903690,56,0.09,Completed
3758,53.0,39,2025-08-17 01:44:41.908190,98,0.26,Completed
3759,275.0,31,2025-08-17 03:12:06.912691,82,0.17,Completed
3760,313.0,19,2025-08-17 04:39:31.917191,12,0.24,Cancelled
3761,281.0,35,2025-08-17 06:06:56.921692,35,0.15,Completed
3762,214.0,29,2025-08-17 07:34:21.926192,71,0.23,Completed
3763,31.0,1,2025-08-17 09:01:46.930693,89,0.26,Completed
3764,337.0,4,2025-08-17 10:29:11.935193,6,0.12,Completed
3765,183.0,28,2025-08-17 11:56:36.939693,65,0.0,Completed
3766,23.0,18,2025-08-17 13:24:01.944194,80,0.08,Completed
3767,32.0,26,2025-08-17 14:51:26.948694,60,0.27,Completed
3768,446.0,40,2025-08-17 16:18:51.953195,68,0.21,Completed
3769,74.0,19,2025-08-17 17:46:16.957695,29,0.22,Completed
3770,10.0,6,2025-08-17 19:13:41.962196,38,0.1,Pending
3771,484.0,1,2025-08-17 20:41:06.966696,92,0.21,Completed
3772,456.0,8,2025-08-17 22:08:31.971197,22,0.19,Completed
3773,54.0,33,2025-08-17 23:35:56.975697,8,0.05,Completed
3774,52.0,43,2025-08-18 01:03:21.980198,63,0.29,Completed
3775,148.0,21,2025-08-18 02:30:46.984698,96,0.11,Completed
3776,160.0,24,2025-08-18 03:58:11.989198,97,0.1,Pending
3777,370.0,25,2025-08-18 05:25:36.993699,13,0.11,Pending
3778,14.0,47,2025-08-18 06:53:01.998199,27,0.03,Completed
3779,178.0,43,2025-08-18 08:20:27.002700,18,0.19,Completed
3780,412.0,19,2025-08-18 09:47:52.007200,18,0.07,Completed
3781,366.0,29,2025-08-18 11:15:17.011701,77,0.24,Completed
3782,500.0,10,2025-08-18 12:42:42.016201,86,0.12,Completed
3783,53.0,12,2025-08-18 14:10:07.020702,62,0.14,Completed
3784,408.0,33,2025-08-18 15:37:32.025202,14,0.19,Completed
3785,335.0,7,2025-08-18 17:04:57.029702,11,0.23,Completed
3786,22.0,17,2025-08-18 18:32:22.034203,86,0.07,Completed
3787,30.0,10,2025-08-18 19:59:47.038703,100,0.29,Completed
3788,191.0,31,2025-08-18 21:27:12.043204,17,0.19,Completed
3789,260.0,6,2025-08-18 22:54:37.047704,51,0.0,Cancelled
3790,205.0,17,2025-08-19 00:22:02.052205,96,0.12,Completed
3791,59.0,50,2025-08-19 01:49:27.056705,14,0.13,Completed
3792,471.0,37,2025-08-19 03:16:52.061206,57,0.24,Completed
3793,264.0,18,2025-08-19 04:44:17.065706,93,0.09,Completed
3794,466.0,26,2025-08-19 06:11:42.070207,6,0.1,Completed
3795,12.0,49,2025-08-19 07:39:07.074707,57,0.02,Completed
3796,119.0,16,2025-08-19 09:06:32.079207,4,0.09,Completed
3797,415.0,8,2025-08-19 10:33:57.083708,11,0.22,Completed
3798,462.0,24,2025-08-19 12:01:22.088208,74,0.19,Completed
3799,290.0,13,2025-08-19 13:28:47.092709,92,0.02,Pending
3800,338.0,29,2025-08-19 14:56:12.097209,11,0.03,Completed
3801,248.0,32,2025-08-19 16:23:37.101710,99,0.11,Pending
3802,354.0,24,2025-08-19 17:51:02.106210,79,0.22,Completed
3803,127.0,16,2025-08-19 19:18:27.110711,8,0.25,Completed
3804,75.0,11,2025-08-19 20:45:52.115211,84,0.0,Completed
3805,361.0,32,2025-08-19 22:13:17.119711,59,0.1,Completed
3806,204.0,6,2025-08-19 23:40:42.124212,21,0.13,Completed
3807,49.0,35,2025-08-20 01:08:07.128712,65,0.27,Completed
3808,79.0,33,2025-08-20 02:35:32.133213,93,0.15,Pending
3809,441.0,18,2025-08-20 04:02:57.137713,24,0.08,Completed
3810,479.0,37,2025-08-20 05:30:22.142214,30,0.12,Completed
3811,241.0,13,2025-08-20 06:57:47.146714,99,0.13,Completed
3812,349.0,10,2025-08-20 08:25:12.151215,97,0.2,Completed
3813,154.0,37,2025-08-20 09:52:37.155715,84,0.01,Completed
3814,274.0,26,2025-08-20 11:20:02.160216,57,0.12,Completed
3815,96.0,46,2025-08-20 12:47:27.164716,80,0.19,Completed
3816,214.0,17,2025-08-20 14:14:52.169216,73,0.08,Completed
3817,294.0,1,2025-08-20 15:42:17.173717,95,0.18,Completed
3818,209.0,25,2025-08-20 17:09:42.178217,17,0.11,Completed
3819,343.0,34,2025-08-20 18:37:07.182718,59,0.23,Completed
3820,88.0,39,2025-08-20 20:04:32.187218,31,0.02,Completed
3821,306.0,10,2025-08-20 21:31:57.191719,64,0.28,Completed
3822,264.0,20,2025-08-20 22:59:22.196219,48,0.05,Pending
3823,425.0,7,2025-08-21 00:26:47.200720,23,0.05,Completed
3824,390.0,16,2025-08-21 01:54:12.205220,70,0.25,Completed
3825,325.0,37,2025-08-21 03:21:37.209720,30,0.26,Pending
3826,428.0,29,2025-08-21 04:49:02.214221,55,0.03,Completed
3827,377.0,12,2025-08-21 06:16:27.218721,7,0.27,Completed
3828,320.0,17,2025-08-21 07:43:52.223222,75,0.08,Completed
3829,157.0,48,2025-08-21 09:11:17.227722,98,0.19,Pending
3830,156.0,20,2025-08-21 10:38:42.232223,12,0.02,Completed
3831,139.0,26,2025-08-21 12:06:07.236723,60,0.11,Completed
3832,121.0,48,2025-08-21 13:33:32.241224,52,0.14,Completed
3833,65.0,19,2025-08-21 15:00:57.245724,27,0.18,Completed
3834,107.0,47,2025-08-21 16:28:22.250225,12,0.16,Completed
3835,147.0,12,2025-08-21 17:55:47.254725,13,0.14,Completed
3836,137.0,21,2025-08-21 19:23:12.259225,72,0.29,Completed
3837,411.0,42,2025-08-21 20:50:37.263726,80,0.06,Completed
3838,162.0,34,2025-08-21 22:18:02.268226,62,0.05,Pending
3839,428.0,7,2025-08-21 23:45:27.272727,29,0.21,Completed
3840,452.0,45,2025-08-22 01:12:52.277227,35,0.02,Completed
3841,100.0,35,2025-08-22 02:40:17.281728,60,0.14,Completed
3842,338.0,15,2025-08-22 04:07:42.286228,29,0.15,Pending
3843,399.0,1,2025-08-22 05:35:07.290729,31,0.09,Completed
3844,307.0,26,2025-08-22 07:02:32.295229,77,0.28,Completed
3845,141.0,35,2025-08-22 08:29:57.299729,76,0.08,Cancelled
3846,83.0,25,2025-08-22 09:57:22.304230,61,0.09,Completed
3847,177.0,42,2025-08-22 11:24:47.308730,2,0.07,Completed
3848,198.0,15,2025-08-22 12:52:12.313231,33,0.04,Completed
3849,112.0,22,2025-08-22 14:19:37.317731,72,0.11,Completed
3850,56.0,6,2025-08-22 15:47:02.322232,62,0.2,Completed
3851,460.0,15,2025-08-22 17:14:27.326732,59,0.22,Completed
3852,179.0,24,2025-08-22 18:41:52.331233,40,0.24,Completed
3853,421.0,21,2025-08-22 20:09:17.335733,49,0.06,Completed
3854,401.0,7,2025-08-22 21:36:42.340234,32,0.01,Pending
3855,186.0,29,2025-08-22 23:04:07.344734,38,0.29,Completed
3856,471.0,32,2025-08-23 00:31:32.349234,92,0.0,Pending
3857,218.0,32,2025-08-23 01:58:57.353735,79,0.29,Pending
3858,413.0,5,2025-08-23 03:26:22.358235,87,0.25,Completed
3859,417.0,4,2025-08-23 04:53:47.362736,88,0.27,Completed
3860,316.0,22,2025-08-23 06:21:12.367236,13,0.12,Completed
3861,475.0,18,2025-08-23 07:48:37.371737,85,0.06,Pending
3862,217.0,35,2025-08-23 09:16:02.376237,54,0.18,Completed
3863,120.0,17,2025-08-23 10:43:27.380738,76,0.22,Completed
3864,439.0,50,2025-08-23 12:10:52.385238,13,0.04,Pending
3865,394.0,50,2025-08-23 13:38:17.389738,39,0.24,Completed
3866,175.0,24,2025-08-23 15:05:42.394239,23,0.06,Pending
3867,23.0,2,2025-08-23 16:33:07.398739,92,0.15,Completed
3868,213.0,13,2025-08-23 18:00:32.403240,14,0.26,Pending
3869,405.0,15,2025-08-23 19:27:57.407740,17,0.06,Completed
3870,235.0,5,2025-08-23 20:55:22.412241,24,0.07,Completed
3871,13.0,3,2025-08-23 22:22:47.416741,58,0.02,Pending
3872,101.0,37,2025-08-23 23:50:12.421242,63,0.04,Completed
3873,417.0,37,2025-08-24 01:17:37.425742,34,0.04,Completed
3874,24.0,37,2025-08-24 02:45:02.430243,51,0.06,Completed
3875,364.0,3,2025-08-24 04:12:27.434743,86,0.09,Pending
3876,11.0,35,2025-08-24 05:39:52.439243,10,0.24,Completed
3877,273.0,23,2025-08-24 07:07:17.443744,72,0.27,Pending
3878,452.0,28,2025-08-24 08:34:42.448244,21,0.12,Completed
3879,431.0,30,2025-08-24 10:02:07.452745,37,0.04,Completed
3880,281.0,18,2025-08-24 11:29:32.457245,7,0.07,Completed
3881,94.0,36,2025-08-24 12:56:57.461746,90,0.22,Completed
3882,201.0,33,2025-08-24 14:24:22.466246,13,0.2,Completed
3883,21.0,26,2025-08-24 15:51:47.470747,80,0.29,Completed
3884,340.0,48,2025-08-24 17:19:12.475247,30,0.0,Completed
3885,467.0,40,2025-08-24 18:46:37.479747,31,0.23,Completed
3886,211.0,17,2025-08-24 20:14:02.484248,5,0.15,Pending
3887,140.0,40,2025-08-24 21:41:27.488748,32,0.27,Completed
3888,293.0,7,2025-08-24 23:08:52.493249,16,0.17,Cancelled
3889,298.0,8,2025-08-25 00:36:17.497749,73,0.13,Completed
3890,401.0,31,2025-08-25 02:03:42.502250,22,0.2,Completed
3891,101.0,12,2025-08-25 03:31:07.506750,64,0.25,Completed
3892,304.0,48,2025-08-25 04:58:32.511251,44,0.08,Completed
3893,359.0,31,2025-08-25 06:25:57.515751,40,0.03,Completed
3894,28.0,44,2025-08-25 07:53:22.520252,37,0.13,Completed
3895,41.0,19,2025-08-25 09:20:47.524752,78,0.06,Pending
3896,355.0,10,2025-08-25 10:48:12.529252,16,0.13,Completed
3897,303.0,39,2025-08-25 12:15:37.533753,43,0.3,Completed
3898,496.0,12,2025-08-25 13:43:02.538253,84,0.17,Completed
3899,146.0,20,2025-08-25 15:10:27.542754,63,0.21,Completed
3900,256.0,37,2025-08-25 16:37:52.547254,15,0.2,Completed
3901,462.0,48,2025-08-25 18:05:17.551755,44,0.25,Completed
3902,227.0,41,2025-08-25 19:32:42.556255,90,0.28,Completed
3903,236.0,7,2025-08-25 21:00:07.560756,9,0.2,Completed
3904,361.0,14,2025-08-25 22:27:32.565256,65,0.14,Pending
3905,380.0,11,2025-08-25 23:54:57.569756,99,0.1,Completed
3906,455.0,7,2025-08-26 01:22:22.574257,44,0.11,Completed
3907,489.0,29,2025-08-26 02:49:47.578757,20,0.1,Completed
3908,13.0,10,2025-08-26 04:17:12.583258,70,0.1,Completed
3909,210.0,29,2025-08-26 05:44:37.587758,74,0.21,Pending
3910,229.0,9,2025-08-26 07:12:02.592259,33,0.18,Completed
3911,397.0,36,2025-08-26 08:39:27.596759,80,0.06,Completed
3912,100.0,48,2025-08-26 10:06:52.601260,100,0.29,Completed
3913,31.0,10,2025-08-26 11:34:17.605760,6,0.13,Completed
3914,386.0,19,2025-08-26 13:01:42.610261,83,0.17,Completed
3915,16.0,31,2025-08-26 14:29:07.614761,31,0.21,Pending
3916,137.0,17,2025-08-26 15:56:32.619261,66,0.18,Completed
3917,329.0,9,2025-08-26 17:23:57.623762,18,0.09,Completed
3918,166.0,45,2025-08-26 18:51:22.628262,28,0.24,Completed
3919,459.0,33,2025-08-26 20:18:47.632763,68,0.03,Pending
3920,310.0,34,2025-08-26 21:46:12.637263,65,0.17,Completed
3921,440.0,45,2025-08-26 23:13:37.641764,80,0.08,Completed
3922,470.0,24,2025-08-27 00:41:02.646264,45,0.18,Completed
3923,481.0,9,2025-08-27 02:08:27.650765,58,0.07,Completed
3924,100.0,7,2025-08-27 03:35:52.655265,47,0.23,Completed
3925,109.0,16,2025-08-27 05:03:17.659765,66,0.07,Pending
3926,343.0,19,2025-08-27 06:30:42.664266,52,0.27,Completed
3927,173.0,39,2025-08-27 07:58:07.668766,36,0.26,Completed
3928,237.0,6,2025-08-27 09:25:32.673267,1,0.11,Completed
3929,162.0,50,2025-08-27 10:52:57.677767,39,0.12,Pending
3930,393.0,11,2025-08-27 12:20:22.682268,87,0.21,Completed
3931,216.0,12,2025-08-27 13:47:47.686768,90,0.03,Completed
3932,264.0,42,2025-08-27 15:15:12.691269,75,0.02,Completed
3933,263.0,13,2025-08-27 16:42:37.695769,1,0.04,Cancelled
3934,292.0,12,2025-08-27 18:10:02.700270,75,0.17,Completed
3935,274.0,21,2025-08-27 19:37:27.704770,88,0.04,Completed
3936,3.0,10,2025-08-27 21:04:52.709270,74,0.08,Completed
3937,28.0,20,2025-08-27 22:32:17.713771,14,0.19,Completed
3938,326.0,50,2025-08-27 23:59:42.718271,78,0.0,Completed
3939,492.0,36,2025-08-28 01:27:07.722772,71,0.05,Completed
3940,428.0,28,2025-08-28 02:54:32.727272,23,0.28,Completed
3941,149.0,24,2025-08-28 04:21:57.731773,43,0.2,Completed
3942,28.0,5,2025-08-28 05:49:22.736273,22,0.09,Completed
3943,488.0,37,2025-08-28 07:16:47.740774,60,0.01,Completed
3944,310.0,12,2025-08-28 08:44:12.745274,100,0.18,Completed
3945,438.0,35,2025-08-28 10:11:37.749774,27,0.07,Completed
3946,65.0,40,2025-08-28 11:39:02.754275,56,0.29,Completed
3947,356.0,2,2025-08-28 13:06:27.758775,2,0.21,Completed
3948,21.0,50,2025-08-28 14:33:52.763276,39,0.29,Pending
3949,252.0,41,2025-08-28 16:01:17.767776,51,0.25,Pending
3950,235.0,45,2025-08-28 17:28:42.772277,19,0.14,Completed
3951,227.0,39,2025-08-28 18:56:07.776777,62,0.2,Completed
3952,13.0,42,2025-08-28 20:23:32.781278,71,0.24,Cancelled
3953,313.0,9,2025-08-28 21:50:57.785778,76,0.17,Completed
3954,49.0,22,2025-08-28 23:18:22.790279,67,0.02,Completed
3955,118.0,47,2025-08-29 00:45:47.794779,63,0.14,Completed
3956,54.0,5,2025-08-29 02:13:12.799279,5,0.04,Completed
3957,138.0,12,2025-08-29 03:40:37.803780,72,0.21,Completed
3958,53.0,1,2025-08-29 05:08:02.808280,78,0.2,Pending
3959,44.0,44,2025-08-29 06:35:27.812781,61,0.3,Completed
3960,303.0,22,2025-08-29 08:02:52.817281,100,0.19,Completed
3961,53.0,38,2025-08-29 09:30:17.821782,71,0.24,Completed
3962,74.0,19,2025-08-29 10:57:42.826282,7,0.08,Cancelled
3963,46.0,16,2025-08-29 12:25:07.830783,50,0.1,Completed
3964,13.0,31,2025-08-29 13:52:32.835283,46,0.28,Pending
3965,165.0,3,2025-08-29 15:19:57.839783,96,0.23,Completed
3966,102.0,23,2025-08-29 16:47:22.844284,72,0.2,Completed
3967,280.0,42,2025-08-29 18:14:47.848784,76,0.08,Completed
3968,258.0,18,2025-08-29 19:42:12.853285,74,0.21,Pending
3969,470.0,26,2025-08-29 21:09:37.857785,14,0.27,Completed
3970,337.0,13,2025-08-29 22:37:02.862286,73,0.07,Pending
3971,356.0,18,2025-08-30 00:04:27.866786,94,0.21,Completed
3972,398.0,3,2025-08-30 01:31:52.871287,69,0.12,Pending
3973,138.0,23,2025-08-30 02:59:17.875787,65,0.04,Completed
3974,163.0,3,2025-08-30 04:26:42.880288,65,0.23,Completed
3975,409.0,25,2025-08-30 05:54:07.884788,57,0.05,Completed
3976,387.0,27,2025-08-30 07:21:32.889288,62,0.08,Completed
3977,111.0,44,2025-08-30 08:48:57.893789,20,0.23,Completed
3978,102.0,27,2025-08-30 10:16:22.898289,75,0.22,Completed
3979,17.0,39,2025-08-30 11:43:47.902790,26,0.08,Completed
3980,268.0,25,2025-08-30 13:11:12.907290,44,0.28,Completed
3981,182.0,24,2025-08-30 14:38:37.911791,67,0.06,Completed
3982,372.0,8,2025-08-30 16:06:02.916291,70,0.3,Completed
3983,24.0,9,2025-08-30 17:33:27.920792,62,0.22,Pending
3984,29.0,46,2025-08-30 19:00:52.925292,45,0.12,Completed
3985,171.0,37,2025-08-30 20:28:17.929792,11,0.04,Completed
3986,409.0,30,2025-08-30 21:55:42.934293,72,0.1,Completed
3987,228.0,19,2025-08-30 23:23:07.938793,93,0.06,Completed
3988,378.0,16,2025-08-31 00:50:32.943294,74,0.19,Completed
3989,188.0,24,2025-08-31 02:17:57.947794,34,0.11,Completed
3990,346.0,44,2025-08-31 03:45:22.952295,88,0.09,Completed
3991,230.0,21,2025-08-31 05:12:47.956795,46,0.23,Completed
3992,321.0,36,2025-08-31 06:40:12.961296,81,0.07,Completed
3993,340.0,40,2025-08-31 08:07:37.965796,32,0.18,Completed
3994,119.0,39,2025-08-31 09:35:02.970297,75,0.06,Pending
3995,156.0,47,2025-08-31 11:02:27.974797,98,0.21,Completed
3996,272.0,6,2025-08-31 12:29:52.979297,88,0.19,Completed
3997,175.0,5,2025-08-31 13:57:17.983798,5,0.24,Completed
3998,465.0,14,2025-08-31 15:24:42.988298,63,0.02,Pending
3999,104.0,45,2025-08-31 16:52:07.992799,29,0.06,Completed
4000,92.0,42,2025-08-31 18:19:32.997299,48,0.05,Completed
4001,186.0,50,2025-08-31 19:46:58.001800,98,0.06,Completed
4002,460.0,4,2025-08-31 21:14:23.006300,16,0.03,Completed
4003,283.0,8,2025-08-31 22:41:48.010801,25,0.17,Pending
4004,181.0,24,2025-09-01 00:09:13.015301,72,0.18,Completed
4005,170.0,11,2025-09-01 01:36:38.019801,29,0.25,Pending
4006,187.0,17,2025-09-01 03:04:03.024302,52,0.13,Pending
4007,175.0,50,2025-09-01 04:31:28.028802,46,0.16,Completed
4008,222.0,21,2025-09-01 05:58:53.033303,25,0.3,Completed
4009,233.0,26,2025-09-01 07:26:18.037803,23,0.16,Pending
4010,162.0,43,2025-09-01 08:53:43.042304,34,0.17,Completed
4011,421.0,48,2025-09-01 10:21:08.046804,67,0.3,Completed
4012,134.0,44,2025-09-01 11:48:33.051305,94,0.3,Pending
4013,391.0,45,2025-09-01 13:15:58.055805,34,0.13,Completed
4014,480.0,27,2025-09-01 14:43:23.060306,32,0.19,Completed
4015,224.0,16,2025-09-01 16:10:48.064806,29,0.14,Pending
4016,153.0,26,2025-09-01 17:38:13.069306,9,0.22,Completed
4017,33.0,33,2025-09-01 19:05:38.073807,66,0.28,Completed
4018,55.0,31,2025-09-01 20:33:03.078307,57,0.09,Completed
4019,442.0,48,2025-09-01 22:00:28.082808,39,0.25,Completed
4020,7.0,47,2025-09-01 23:27:53.087308,7,0.2,Pending
4021,244.0,6,2025-09-02 00:55:18.091809,69,0.08,Completed
4022,313.0,44,2025-09-02 02:22:43.096309,8,0.24,Completed
4023,126.0,8,2025-09-02 03:50:08.100810,96,0.13,Completed
4024,12.0,7,2025-09-02 05:17:33.105310,18,0.04,Pending
4025,16.0,34,2025-09-02 06:44:58.109810,82,0.3,Completed
4026,208.0,44,2025-09-02 08:12:23.114311,49,0.13,Completed
4027,43.0,14,2025-09-02 09:39:48.118811,16,0.16,Pending
4028,373.0,16,2025-09-02 11:07:13.123312,21,0.24,Completed
4029,484.0,43,2025-09-02 12:34:38.127812,10,0.29,Cancelled
4030,461.0,9,2025-09-02 14:02:03.132313,4,0.26,Cancelled
4031,135.0,10,2025-09-02 15:29:28.136813,44,0.16,Pending
4032,228.0,17,2025-09-02 16:56:53.141314,8,0.16,Completed
4033,111.0,12,2025-09-02 18:24:18.145814,55,0.08,Completed
4034,307.0,6,2025-09-02 19:51:43.150315,19,0.14,Completed
4035,457.0,19,2025-09-02 21:19:08.154815,64,0.28,Completed
4036,160.0,43,2025-09-02 22:46:33.159315,40,0.22,Completed
4037,331.0,41,2025-09-03 00:13:58.163816,51,0.0,Pending
4038,264.0,29,2025-09-03 01:41:23.168316,9,0.03,Completed
4039,225.0,6,2025-09-03 03:08:48.172817,30,0.28,Completed
4040,471.0,25,2025-09-03 04:36:13.177317,56,0.25,Completed
4041,217.0,24,2025-09-03 06:03:38.181818,81,0.15,Completed
4042,456.0,25,2025-09-03 07:31:03.186318,44,0.19,Pending
4043,45.0,16,2025-09-03 08:58:28.190819,59,0.09,Completed
4044,214.0,16,2025-09-03 10:25:53.195319,15,0.24,Completed
4045,59.0,6,2025-09-03 11:53:18.199819,68,0.18,Completed
4046,132.0,37,2025-09-03 13:20:43.204320,70,0.21,Completed
4047,104.0,21,2025-09-03 14:48:08.208820,61,0.11,Completed
4048,195.0,4,2025-09-03 16:15:33.213321,80,0.13,Completed
4049,413.0,34,2025-09-03 17:42:58.217821,90,0.06,Completed
4050,489.0,28,2025-09-03 19:10:23.222322,23,0.28,Completed
4051,157.0,38,2025-09-03 20:37:48.226822,77,0.28,Pending
4052,98.0,41,2025-09-03 22:05:13.231323,47,0.25,Completed
4053,226.0,28,2025-09-03 23:32:38.235823,17,0.28,Pending
4054,412.0,17,2025-09-04 01:00:03.240324,57,0.2,Pending
4055,205.0,14,2025-09-04 02:27:28.244824,54,0.07,Completed
4056,79.0,7,2025-09-04 03:54:53.249324,91,0.23,Completed
4057,124.0,22,2025-09-04 05:22:18.253825,52,0.1,Pending
4058,471.0,1,2025-09-04 06:49:43.258325,22,0.13,Pending
4059,428.0,29,2025-09-04 08:17:08.262826,83,0.08,Completed
4060,218.0,31,2025-09-04 09:44:33.267326,39,0.13,Completed
4061,4.0,30,2025-09-04 11:11:58.271827,99,0.2,Completed
4062,90.0,15,2025-09-04 12:39:23.276327,13,0.03,Completed
4063,104.0,18,2025-09-04 14:06:48.280828,78,0.03,Completed
4064,393.0,35,2025-09-04 15:34:13.285328,95,0.21,Completed
4065,119.0,50,2025-09-04 17:01:38.289828,66,0.23,Completed
4066,133.0,30,2025-09-04 18:29:03.294329,52,0.17,Completed
4067,312.0,34,2025-09-04 19:56:28.298829,14,0.05,Pending
4068,96.0,42,2025-09-04 21:23:53.303330,73,0.13,Pending
4069,468.0,11,2025-09-04 22:51:18.307830,74,0.23,Cancelled
4070,434.0,27,2025-09-05 00:18:43.312331,63,0.21,Completed
4071,331.0,24,2025-09-05 01:46:08.316831,71,0.03,Completed
4072,143.0,35,2025-09-05 03:13:33.321332,28,0.29,Pending
4073,288.0,39,2025-09-05 04:40:58.325832,89,0.07,Completed
4074,28.0,8,2025-09-05 06:08:23.330333,46,0.07,Completed
4075,278.0,18,2025-09-05 07:35:48.334833,28,0.14,Completed
4076,233.0,13,2025-09-05 09:03:13.339333,2,0.1,Pending
4077,17.0,45,2025-09-05 10:30:38.343834,17,0.3,Completed
4078,59.0,24,2025-09-05 11:58:03.348334,59,0.02,Completed
4079,90.0,23,2025-09-05 13:25:28.352835,52,0.09,Completed
4080,492.0,12,2025-09-05 14:52:53.357335,4,0.11,Pending
4081,199.0,49,2025-09-05 16:20:18.361836,77,0.15,Completed
4082,362.0,30,2025-09-05 17:47:43.366336,82,0.0,Completed
4083,441.0,31,2025-09-05 19:15:08.370837,3,0.02,Completed
4084,26.0,28,2025-09-05 20:42:33.375337,37,0.08,Completed
4085,25.0,22,2025-09-05 22:09:58.379837,97,0.17,Completed
4086,394.0,44,2025-09-05 23:37:23.384338,24,0.23,Completed
4087,301.0,28,2025-09-06 01:04:48.388838,72,0.21,Cancelled
4088,339.0,13,2025-09-06 02:32:13.393339,35,0.17,Pending
4089,267.0,25,2025-09-06 03:59:38.397839,2,0.12,Completed
4090,461.0,44,2025-09-06 05:27:03.402340,33,0.26,Completed
4091,181.0,46,2025-09-06 06:54:28.406840,76,0.14,Completed
4092,456.0,7,2025-09-06 08:21:53.411341,86,0.09,Pending
4093,360.0,45,2025-09-06 09:49:18.415841,77,0.19,Completed
4094,68.0,6,2025-09-06 11:16:43.420342,10,0.21,Completed
4095,495.0,24,2025-09-06 12:44:08.424842,81,0.12,Completed
4096,351.0,19,2025-09-06 14:11:33.429342,62,0.01,Completed
4097,412.0,19,2025-09-06 15:38:58.433843,43,0.03,Completed
4098,459.0,36,2025-09-06 17:06:23.438343,69,0.25,Completed
4099,491.0,9,2025-09-06 18:33:48.442844,59,0.02,Completed
4100,321.0,48,2025-09-06 20:01:13.447344,9,0.18,Pending
4101,49.0,36,2025-09-06 21:28:38.451845,77,0.06,Pending
4102,175.0,38,2025-09-06 22:56:03.456345,60,0.07,Completed
4103,52.0,40,2025-09-07 00:23:28.460846,63,0.08,Completed
4104,102.0,29,2025-09-07 01:50:53.465346,52,0.01,Completed
4105,216.0,24,2025-09-07 03:18:18.469846,23,0.05,Completed
4106,438.0,48,2025-09-07 04:45:43.474347,30,0.2,Completed
4107,188.0,5,2025-09-07 06:13:08.478847,43,0.15,Completed
4108,57.0,42,2025-09-07 07:40:33.483348,68,0.24,Pending
4109,47.0,45,2025-09-07 09:07:58.487848,21,0.02,Completed
4110,159.0,26,2025-09-07 10:35:23.492349,43,0.27,Completed
4111,489.0,14,2025-09-07 12:02:48.496849,73,0.3,Completed
4112,174.0,39,2025-09-07 13:30:13.501350,7,0.0,Completed
4113,242.0,29,2025-09-07 14:57:38.505850,16,0.29,Completed
4114,282.0,6,2025-09-07 16:25:03.510351,23,0.07,Pending
4115,241.0,7,2025-09-07 17:52:28.514851,58,0.21,Completed
4116,370.0,37,2025-09-07 19:19:53.519351,87,0.09,Pending
4117,5.0,18,2025-09-07 20:47:18.523852,31,0.16,Completed
4118,84.0,23,2025-09-07 22:14:43.528352,69,0.15,Pending
4119,308.0,44,2025-09-07 23:42:08.532853,6,0.11,Completed
4120,361.0,38,2025-09-08 01:09:33.537353,65,0.22,Completed
4121,459.0,1,2025-09-08 02:36:58.541854,59,0.18,Completed
4122,248.0,4,2025-09-08 04:04:23.546354,28,0.15,Completed
4123,54.0,44,2025-09-08 05:31:48.550855,18,0.29,Pending
4124,161.0,47,2025-09-08 06:59:13.555355,88,0.28,Completed
4125,434.0,35,2025-09-08 08:26:38.559855,77,0.29,Completed
4126,422.0,23,2025-09-08 09:54:03.564356,97,0.26,Pending
4127,411.0,27,2025-09-08 11:21:28.568856,10,0.08,Completed
4128,226.0,26,2025-09-08 12:48:53.573357,7,0.1,Completed
4129,15.0,8,2025-09-08 14:16:18.577857,37,0.07,Pending
4130,224.0,43,2025-09-08 15:43:43.582358,96,0.3,Pending
4131,61.0,16,2025-09-08 17:11:08.586858,45,0.05,Completed
4132,122.0,41,2025-09-08 18:38:33.591359,86,0.11,Completed
4133,277.0,3,2025-09-08 20:05:58.595859,16,0.06,Cancelled
4134,46.0,32,2025-09-08 21:33:23.600360,88,0.07,Completed
4135,453.0,5,2025-09-08 23:00:48.604860,14,0.07,Completed
4136,390.0,20,2025-09-09 00:28:13.609360,11,0.19,Completed
4137,294.0,14,2025-09-09 01:55:38.613861,83,0.02,Completed
4138,62.0,32,2025-09-09 03:23:03.618361,87,0.17,Completed
4139,86.0,26,2025-09-09 04:50:28.622862,34,0.25,Completed
4140,446.0,47,2025-09-09 06:17:53.627362,60,0.23,Completed
4141,210.0,6,2025-09-09 07:45:18.631863,13,0.05,Pending
4142,78.0,36,2025-09-09 09:12:43.636363,39,0.27,Completed
4143,202.0,40,2025-09-09 10:40:08.640864,44,0.23,Completed
4144,302.0,5,2025-09-09 12:07:33.645364,28,0.0,Completed
4145,397.0,13,2025-09-09 13:34:58.649864,40,0.22,Pending
4146,223.0,32,2025-09-09 15:02:23.654365,16,0.22,Completed
4147,222.0,16,2025-09-09 16:29:48.658865,50,0.15,Completed
4148,3.0,1,2025-09-09 17:57:13.663366,28,0.01,Cancelled
4149,478.0,13,2025-09-09 19:24:38.667866,68,0.17,Cancelled
4150,6.0,11,2025-09-09 20:52:03.672367,92,0.23,Completed
4151,93.0,8,2025-09-09 22:19:28.676867,60,0.08,Completed
4152,8.0,25,2025-09-09 23:46:53.681368,12,0.2,Completed
4153,428.0,40,2025-09-10 01:14:18.685868,16,0.11,Completed
4154,493.0,32,2025-09-10 02:41:43.690369,53,0.17,Pending
4155,235.0,24,2025-09-10 04:09:08.694869,54,0.12,Completed
4156,108.0,28,2025-09-10 05:36:33.699369,49,0.09,Completed
4157,161.0,14,2025-09-10 07:03:58.703870,36,0.26,Completed
4158,209.0,45,2025-09-10 08:31:23.708370,62,0.23,Completed
4159,240.0,3,2025-09-10 09:58:48.712871,84,0.1,Completed
4160,331.0,36,2025-09-10 11:26:13.717371,26,0.13,Pending
4161,333.0,27,2025-09-10 12:53:38.721872,56,0.21,Completed
4162,50.0,20,2025-09-10 14:21:03.726372,90,0.24,Completed
4163,11.0,47,2025-09-10 15:48:28.730873,22,0.21,Completed
4164,351.0,15,2025-09-10 17:15:53.735373,73,0.16,Completed
4165,156.0,27,2025-09-10 18:43:18.739873,69,0.29,Completed
4166,492.0,45,2025-09-10 20:10:43.744374,81,0.23,Cancelled
4167,70.0,41,2025-09-10 21:38:08.748874,49,0.03,Completed
4168,169.0,28,2025-09-10 23:05:33.753375,98,0.17,Completed
4169,272.0,25,2025-09-11 00:32:58.757875,2,0.12,Completed
4170,68.0,42,2025-09-11 02:00:23.762376,53,0.24,Completed
4171,355.0,44,2025-09-11 03:27:48.766876,7,0.01,Completed
4172,252.0,46,2025-09-11 04:55:13.771377,100,0.12,Completed
4173,48.0,33,2025-09-11 06:22:38.775877,77,0.1,Completed
4174,184.0,46,2025-09-11 07:50:03.780378,20,0.04,Completed
4175,320.0,14,2025-09-11 09:17:28.784878,94,0.11,Completed
4176,187.0,8,2025-09-11 10:44:53.789378,30,0.2,Completed
4177,90.0,48,2025-09-11 12:12:18.793879,75,0.11,Completed
4178,446.0,14,2025-09-11 13:39:43.798379,95,0.17,Completed
4179,332.0,1,2025-09-11 15:07:08.802880,67,0.18,Pending
4180,139.0,16,2025-09-11 16:34:33.807380,59,0.18,Completed
4181,357.0,18,2025-09-11 18:01:58.811881,66,0.16,Cancelled
4182,89.0,7,2025-09-11 19:29:23.816381,3,0.04,Completed
4183,274.0,15,2025-09-11 20:56:48.820882,56,0.07,Completed
4184,19.0,24,2025-09-11 22:24:13.825382,79,0.24,Completed
4185,471.0,49,2025-09-11 23:51:38.829882,17,0.15,Completed
4186,311.0,13,2025-09-12 01:19:03.834383,52,0.21,Completed
4187,358.0,9,2025-09-12 02:46:28.838883,7,0.17,Completed
4188,374.0,15,2025-09-12 04:13:53.843384,5,0.01,Completed
4189,466.0,35,2025-09-12 05:41:18.847884,98,0.24,Completed
4190,154.0,24,2025-09-12 07:08:43.852385,97,0.02,Cancelled
4191,390.0,33,2025-09-12 08:36:08.856885,54,0.28,Completed
4192,260.0,16,2025-09-12 10:03:33.861386,61,0.06,Completed
4193,108.0,8,2025-09-12 11:30:58.865886,16,0.15,Pending
4194,371.0,29,2025-09-12 12:58:23.870387,67,0.02,Completed
4195,285.0,23,2025-09-12 14:25:48.874887,59,0.27,Pending
4196,59.0,45,2025-09-12 15:53:13.879387,47,0.29,Completed
4197,125.0,31,2025-09-12 17:20:38.883888,48,0.04,Completed
4198,354.0,40,2025-09-12 18:48:03.888388,64,0.09,Completed
4199,273.0,49,2025-09-12 20:15:28.892889,50,0.0,Completed
4200,107.0,14,2025-09-12 21:42:53.897389,85,0.24,Completed
4201,299.0,30,2025-09-12 23:10:18.901890,41,0.09,Completed
4202,245.0,39,2025-09-13 00:37:43.906390,72,0.18,Completed
4203,336.0,27,2025-09-13 02:05:08.910891,22,0.01,Pending
4204,450.0,47,2025-09-13 03:32:33.915391,54,0.21,Pending
4205,418.0,16,2025-09-13 04:59:58.919891,5,0.16,Completed
4206,247.0,6,2025-09-13 06:27:23.924392,17,0.22,Completed
4207,8.0,33,2025-09-13 07:54:48.928892,78,0.24,Completed
4208,141.0,44,2025-09-13 09:22:13.933393,41,0.03,Pending
4209,362.0,18,2025-09-13 10:49:38.937893,92,0.17,Cancelled
4210,8.0,16,2025-09-13 12:17:03.942394,95,0.19,Completed
4211,478.0,12,2025-09-13 13:44:28.946894,81,0.16,Completed
4212,352.0,20,2025-09-13 15:11:53.951395,35,0.05,Completed
4213,484.0,45,2025-09-13 16:39:18.955895,40,0.24,Completed
4214,495.0,40,2025-09-13 18:06:43.960396,22,0.3,Completed
4215,94.0,29,2025-09-13 19:34:08.964896,48,0.29,Completed
4216,321.0,30,2025-09-13 21:01:33.969396,53,0.23,Completed
4217,427.0,26,2025-09-13 22:28:58.973897,93,0.13,Completed
4218,39.0,22,2025-09-13 23:56:23.978397,10,0.1,Pending
4219,81.0,33,2025-09-14 01:23:48.982898,18,0.02,Completed
4220,187.0,39,2025-09-14 02:51:13.987398,99,0.12,Completed
4221,84.0,47,2025-09-14 04:18:38.991899,80,0.05,Pending
4222,88.0,29,2025-09-14 05:46:03.996399,49,0.08,Cancelled
4223,242.0,22,2025-09-14 07:13:29.000900,71,0.27,Completed
4224,342.0,45,2025-09-14 08:40:54.005400,30,0.29,Completed
4225,93.0,13,2025-09-14 10:08:19.009900,19,0.28,Completed
4226,86.0,9,2025-09-14 11:35:44.014401,55,0.06,Completed
4227,44.0,24,2025-09-14 13:03:09.018901,60,0.27,Completed
4228,137.0,15,2025-09-14 14:30:34.023402,87,0.04,Completed
4229,421.0,36,2025-09-14 15:57:59.027902,72,0.15,Completed
4230,74.0,13,2025-09-14 17:25:24.032403,81,0.19,Completed
4231,36.0,27,2025-09-14 18:52:49.036903,21,0.14,Completed
4232,101.0,44,2025-09-14 20:20:14.041404,26,0.29,Completed
4233,476.0,37,2025-09-14 21:47:39.045904,28,0.1,Completed
4234,156.0,7,2025-09-14 23:15:04.050405,39,0.16,Completed
4235,426.0,8,2025-09-15 00:42:29.054905,33,0.02,Completed
4236,255.0,37,2025-09-15 02:09:54.059405,40,0.26,Pending
4237,171.0,41,2025-09-15 03:37:19.063906,83,0.12,Completed
4238,469.0,14,2025-09-15 05:04:44.068406,29,0.21,Completed
4239,216.0,12,2025-09-15 06:32:09.072907,20,0.2,Pending
4240,170.0,36,2025-09-15 07:59:34.077407,20,0.2,Completed
4241,252.0,40,2025-09-15 09:26:59.081908,74,0.15,Completed
4242,360.0,17,2025-09-15 10:54:24.086408,12,0.08,Completed
4243,322.0,40,2025-09-15 12:21:49.090909,97,0.19,Completed
4244,55.0,29,2025-09-15 13:49:14.095409,25,0.29,Completed
4245,456.0,27,2025-09-15 15:16:39.099909,25,0.25,Completed
4246,432.0,1,2025-09-15 16:44:04.104410,4,0.03,Completed
4247,91.0,34,2025-09-15 18:11:29.108910,4,0.01,Pending
4248,278.0,4,2025-09-15 19:38:54.113411,9,0.15,Completed
4249,101.0,24,2025-09-15 21:06:19.117911,15,0.23,Completed
4250,155.0,21,2025-09-15 22:33:44.122412,26,0.09,Completed
4251,377.0,33,2025-09-16 00:01:09.126912,79,0.21,Pending
4252,349.0,7,2025-09-16 01:28:34.131413,90,0.28,Completed
4253,451.0,1,2025-09-16 02:55:59.135913,92,0.14,Completed
4254,364.0,41,2025-09-16 04:23:24.140414,71,0.07,Completed
4255,141.0,3,2025-09-16 05:50:49.144914,32,0.28,Completed
4256,173.0,44,2025-09-16 07:18:14.149414,76,0.14,Completed
4257,10.0,15,2025-09-16 08:45:39.153915,99,0.12,Completed
4258,228.0,31,2025-09-16 10:13:04.158415,52,0.11,Completed
4259,265.0,16,2025-09-16 11:40:29.162916,32,0.13,Completed
4260,438.0,10,2025-09-16 13:07:54.167416,9,0.2,Completed
4261,248.0,29,2025-09-16 14:35:19.171917,78,0.13,Pending
4262,247.0,6,2025-09-16 16:02:44.176417,13,0.1,Completed
4263,155.0,29,2025-09-16 17:30:09.180918,56,0.22,Pending
4264,34.0,17,2025-09-16 18:57:34.185418,44,0.06,Completed
4265,499.0,22,2025-09-16 20:24:59.189918,97,0.06,Completed
4266,129.0,24,2025-09-16 21:52:24.194419,96,0.21,Completed
4267,160.0,17,2025-09-16 23:19:49.198919,83,0.26,Completed
4268,89.0,21,2025-09-17 00:47:14.203420,30,0.07,Completed
4269,93.0,50,2025-09-17 02:14:39.207920,16,0.06,Completed
4270,327.0,11,2025-09-17 03:42:04.212421,12,0.2,Completed
4271,241.0,7,2025-09-17 05:09:29.216921,74,0.19,Completed
4272,323.0,42,2025-09-17 06:36:54.221422,66,0.13,Completed
4273,468.0,39,2025-09-17 08:04:19.225922,18,0.03,Completed
4274,404.0,5,2025-09-17 09:31:44.230423,13,0.03,Completed
4275,117.0,44,2025-09-17 10:59:09.234923,93,0.23,Completed
4276,94.0,48,2025-09-17 12:26:34.239423,24,0.14,Completed
4277,163.0,21,2025-09-17 13:53:59.243924,12,0.26,Completed
4278,99.0,18,2025-09-17 15:21:24.248424,60,0.17,Completed
4279,113.0,35,2025-09-17 16:48:49.252925,60,0.19,Completed
4280,359.0,20,2025-09-17 18:16:14.257425,93,0.28,Completed
4281,91.0,15,2025-09-17 19:43:39.261926,86,0.05,Completed
4282,346.0,5,2025-09-17 21:11:04.266426,100,0.16,Completed
4283,206.0,13,2025-09-17 22:38:29.270927,1,0.02,Completed
4284,17.0,12,2025-09-18 00:05:54.275427,43,0.11,Completed
4285,274.0,21,2025-09-18 01:33:19.279927,55,0.04,Completed
4286,173.0,37,2025-09-18 03:00:44.284428,40,0.06,Completed
4287,116.0,6,2025-09-18 04:28:09.288928,64,0.28,Completed
4288,349.0,7,2025-09-18 05:55:34.293429,34,0.18,Completed
4289,468.0,26,2025-09-18 07:22:59.297929,34,0.27,Completed
4290,181.0,42,2025-09-18 08:50:24.302430,48,0.13,Completed
4291,91.0,48,2025-09-18 10:17:49.306930,33,0.18,Completed
4292,82.0,8,2025-09-18 11:45:14.311431,68,0.01,Completed
4293,324.0,9,2025-09-18 13:12:39.315931,30,0.14,Pending
4294,449.0,27,2025-09-18 14:40:04.320432,84,0.17,Completed
4295,114.0,4,2025-09-18 16:07:29.324932,90,0.01,Completed
4296,257.0,21,2025-09-18 17:34:54.329432,79,0.24,Pending
4297,58.0,31,2025-09-18 19:02:19.333933,71,0.09,Completed
4298,154.0,21,2025-09-18 20:29:44.338433,71,0.14,Pending
4299,365.0,40,2025-09-18 21:57:09.342934,29,0.16,Completed
4300,404.0,25,2025-09-18 23:24:34.347434,23,0.3,Completed
4301,116.0,39,2025-09-19 00:51:59.351935,34,0.03,Completed
4302,343.0,15,2025-09-19 02:19:24.356435,84,0.17,Completed
4303,266.0,35,2025-09-19 03:46:49.360936,15,0.16,Pending
4304,315.0,49,2025-09-19 05:14:14.365436,97,0.02,Pending
4305,203.0,43,2025-09-19 06:41:39.369936,53,0.19,Completed
4306,41.0,41,2025-09-19 08:09:04.374437,17,0.09,Completed
4307,105.0,37,2025-09-19 09:36:29.378937,64,0.03,Pending
4308,389.0,42,2025-09-19 11:03:54.383438,84,0.05,Completed
4309,378.0,47,2025-09-19 12:31:19.387938,61,0.25,Completed
4310,193.0,28,2025-09-19 13:58:44.392439,57,0.03,Pending
4311,401.0,14,2025-09-19 15:26:09.396939,77,0.14,Pending
4312,278.0,4,2025-09-19 16:53:34.401440,88,0.06,Completed
4313,354.0,20,2025-09-19 18:20:59.405940,37,0.05,Completed
4314,237.0,34,2025-09-19 19:48:24.410441,7,0.06,Cancelled
4315,425.0,12,2025-09-19 21:15:49.414941,8,0.15,Completed
4316,221.0,33,2025-09-19 22:43:14.419441,87,0.07,Completed
4317,68.0,24,2025-09-20 00:10:39.423942,78,0.03,Completed
4318,197.0,20,2025-09-20 01:38:04.428442,68,0.24,Pending
4319,256.0,5,2025-09-20 03:05:29.432943,21,0.16,Completed
4320,139.0,38,2025-09-20 04:32:54.437443,61,0.05,Completed
4321,312.0,30,2025-09-20 06:00:19.441944,74,0.14,Completed
4322,435.0,24,2025-09-20 07:27:44.446444,86,0.02,Completed
4323,149.0,43,2025-09-20 08:55:09.450945,94,0.17,Pending
4324,99.0,40,2025-09-20 10:22:34.455445,94,0.1,Pending
4325,76.0,7,2025-09-20 11:49:59.459945,80,0.03,Completed
4326,282.0,36,2025-09-20 13:17:24.464446,75,0.06,Completed
4327,371.0,38,2025-09-20 14:44:49.468946,86,0.1,Completed
4328,403.0,16,2025-09-20 16:12:14.473447,29,0.24,Completed
4329,109.0,15,2025-09-20 17:39:39.477947,25,0.05,Pending
4330,188.0,46,2025-09-20 19:07:04.482448,58,0.03,Completed
4331,199.0,23,2025-09-20 20:34:29.486948,14,0.15,Completed
4332,303.0,12,2025-09-20 22:01:54.491449,78,0.17,Completed
4333,327.0,29,2025-09-20 23:29:19.495949,66,0.03,Completed
4334,154.0,44,2025-09-21 00:56:44.500450,54,0.09,Completed
4335,40.0,48,2025-09-21 02:24:09.504950,77,0.08,Completed
4336,133.0,15,2025-09-21 03:51:34.509450,67,0.06,Completed
4337,405.0,29,2025-09-21 05:18:59.513951,30,0.09,Completed
4338,462.0,45,2025-09-21 06:46:24.518451,18,0.01,Completed
4339,132.0,43,2025-09-21 08:13:49.522952,54,0.2,Pending
4340,279.0,49,2025-09-21 09:41:14.527452,100,0.3,Completed
4341,362.0,21,2025-09-21 11:08:39.531953,21,0.19,Pending
4342,84.0,15,2025-09-21 12:36:04.536453,53,0.11,Completed
4343,399.0,14,2025-09-21 14:03:29.540954,83,0.2,Completed
4344,242.0,42,2025-09-21 15:30:54.545454,16,0.17,Completed
4345,116.0,44,2025-09-21 16:58:19.549954,28,0.25,Completed
4346,109.0,16,2025-09-21 18:25:44.554455,4,0.19,Completed
4347,221.0,15,2025-09-21 19:53:09.558955,55,0.19,Completed
4348,392.0,42,2025-09-21 21:20:34.563456,15,0.07,Completed
4349,41.0,4,2025-09-21 22:47:59.567956,64,0.12,Pending
4350,368.0,27,2025-09-22 00:15:24.572457,65,0.1,Completed
4351,147.0,23,2025-09-22 01:42:49.576957,16,0.0,Completed
4352,112.0,29,2025-09-22 03:10:14.581458,20,0.09,Completed
4353,103.0,41,2025-09-22 04:37:39.585958,64,0.15,Completed
4354,46.0,9,2025-09-22 06:05:04.590459,33,0.18,Completed
4355,412.0,43,2025-09-22 07:32:29.594959,81,0.28,Pending
4356,494.0,43,2025-09-22 08:59:54.599459,69,0.07,Completed
4357,475.0,7,2025-09-22 10:27:19.603960,69,0.05,Pending
4358,324.0,42,2025-09-22 11:54:44.608460,58,0.26,Completed
4359,378.0,4,2025-09-22 13:22:09.612961,39,0.28,Completed
4360,271.0,5,2025-09-22 14:49:34.617461,77,0.15,Completed
4361,483.0,5,2025-09-22 16:16:59.621962,36,0.03,Completed
4362,421.0,11,2025-09-22 17:44:24.626462,94,0.15,Pending
4363,385.0,41,2025-09-22 19:11:49.630963,68,0.03,Pending
4364,195.0,28,2025-09-22 20:39:14.635463,87,0.26,Completed
4365,367.0,16,2025-09-22 22:06:39.639963,21,0.21,Cancelled
4366,280.0,41,2025-09-22 23:34:04.644464,63,0.07,Completed
4367,283.0,30,2025-09-23 01:01:29.648964,85,0.27,Completed
4368,40.0,4,2025-09-23 02:28:54.653465,6,0.19,Pending
4369,447.0,2,2025-09-23 03:56:19.657965,24,0.29,Completed
4370,189.0,46,2025-09-23 05:23:44.662466,53,0.29,Completed
4371,164.0,3,2025-09-23 06:51:09.666966,95,0.0,Completed
4372,482.0,50,2025-09-23 08:18:34.671467,83,0.04,Completed
4373,477.0,21,2025-09-23 09:45:59.675967,76,0.16,Completed
4374,24.0,6,2025-09-23 11:13:24.680468,78,0.29,Completed
4375,24.0,43,2025-09-23 12:40:49.684968,50,0.3,Completed
4376,490.0,18,2025-09-23 14:08:14.689468,12,0.17,Completed
4377,4.0,44,2025-09-23 15:35:39.693969,56,0.05,Completed
4378,323.0,5,2025-09-23 17:03:04.698469,15,0.05,Pending
4379,290.0,9,2025-09-23 18:30:29.702970,83,0.23,Completed
4380,441.0,20,2025-09-23 19:57:54.707470,92,0.18,Completed
4381,433.0,28,2025-09-23 21:25:19.711971,40,0.16,Completed
4382,471.0,26,2025-09-23 22:52:44.716471,41,0.14,Completed
4383,181.0,18,2025-09-24 00:20:09.720972,69,0.22,Completed
4384,248.0,19,2025-09-24 01:47:34.725472,69,0.26,Completed
4385,116.0,3,2025-09-24 03:14:59.729972,6,0.09,Completed
4386,279.0,9,2025-09-24 04:42:24.734473,87,0.07,Completed
4387,365.0,36,2025-09-24 06:09:49.738973,67,0.2,Completed
4388,69.0,31,2025-09-24 07:37:14.743474,33,0.27,Completed
4389,351.0,49,2025-09-24 09:04:39.747974,43,0.1,Completed
4390,254.0,17,2025-09-24 10:32:04.752475,21,0.08,Completed
4391,181.0,23,2025-09-24 11:59:29.756975,84,0.07,Completed
4392,318.0,34,2025-09-24 13:26:54.761476,65,0.08,Completed
4393,169.0,41,2025-09-24 14:54:19.765976,17,0.04,Completed
4394,313.0,41,2025-09-24 16:21:44.770477,93,0.18,Completed
4395,249.0,5,2025-09-24 17:49:09.774977,8,0.08,Completed
4396,188.0,15,2025-09-24 19:16:34.779477,64,0.18,Completed
4397,54.0,47,2025-09-24 20:43:59.783978,90,0.02,Completed
4398,326.0,3,2025-09-24 22:11:24.788478,28,0.03,Completed
4399,357.0,19,2025-09-24 23:38:49.792979,98,0.16,Completed
4400,313.0,28,2025-09-25 01:06:14.797479,90,0.15,Completed
4401,138.0,3,2025-09-25 02:33:39.801980,13,0.08,Completed
4402,168.0,38,2025-09-25 04:01:04.806480,13,0.25,Completed
4403,391.0,4,2025-09-25 05:28:29.810981,38,0.06,Completed
4404,103.0,24,2025-09-25 06:55:54.815481,25,0.11,Completed
4405,422.0,31,2025-09-25 08:23:19.819981,62,0.17,Completed
4406,85.0,45,2025-09-25 09:50:44.824482,23,0.26,Completed
4407,317.0,45,2025-09-25 11:18:09.828982,86,0.13,Pending
4408,212.0,11,2025-09-25 12:45:34.833483,21,0.12,Pending
4409,3.0,37,2025-09-25 14:12:59.837983,54,0.17,Pending
4410,384.0,1,2025-09-25 15:40:24.842484,63,0.1,Completed
4411,179.0,9,2025-09-25 17:07:49.846984,30,0.21,Completed
4412,342.0,17,2025-09-25 18:35:14.851485,75,0.07,Pending
4413,303.0,1,2025-09-25 20:02:39.855985,68,0.25,Completed
4414,452.0,3,2025-09-25 21:30:04.860486,97,0.08,Completed
4415,476.0,47,2025-09-25 22:57:29.864986,76,0.3,Completed
4416,332.0,26,2025-09-26 00:24:54.869486,73,0.09,Pending
4417,38.0,31,2025-09-26 01:52:19.873987,32,0.26,Cancelled
4418,499.0,26,2025-09-26 03:19:44.878487,75,0.12,Completed
4419,420.0,23,2025-09-26 04:47:09.882988,24,0.07,Cancelled
4420,239.0,30,2025-09-26 06:14:34.887488,7,0.07,Completed
4421,169.0,10,2025-09-26 07:41:59.891989,72,0.26,Completed
4422,453.0,8,2025-09-26 09:09:24.896489,97,0.09,Cancelled
4423,397.0,44,2025-09-26 10:36:49.900990,89,0.1,Pending
4424,343.0,25,2025-09-26 12:04:14.905490,1,0.06,Completed
4425,314.0,22,2025-09-26 13:31:39.909990,3,0.29,Pending
4426,306.0,15,2025-09-26 14:59:04.914491,28,0.07,Completed
4427,30.0,41,2025-09-26 16:26:29.918991,43,0.07,Completed
4428,190.0,10,2025-09-26 17:53:54.923492,97,0.28,Pending
4429,357.0,20,2025-09-26 19:21:19.927992,46,0.27,Cancelled
4430,25.0,41,2025-09-26 20:48:44.932493,1,0.07,Completed
4431,112.0,47,2025-09-26 22:16:09.936993,38,0.26,Completed
4432,411.0,23,2025-09-26 23:43:34.941494,91,0.07,Completed
4433,435.0,1,2025-09-27 01:10:59.945994,35,0.03,Pending
4434,206.0,2,2025-09-27 02:38:24.950495,74,0.25,Completed
4435,185.0,19,2025-09-27 04:05:49.954995,76,0.23,Cancelled
4436,382.0,14,2025-09-27 05:33:14.959495,74,0.09,Completed
4437,496.0,8,2025-09-27 07:00:39.963996,54,0.03,Completed
4438,379.0,38,2025-09-27 08:28:04.968496,98,0.06,Pending
4439,47.0,12,2025-09-27 09:55:29.972997,24,0.23,Completed
4440,374.0,26,2025-09-27 11:22:54.977497,28,0.29,Completed
4441,228.0,27,2025-09-27 12:50:19.981998,22,0.08,Completed
4442,39.0,29,2025-09-27 14:17:44.986498,16,0.25,Completed
4443,16.0,15,2025-09-27 15:45:09.990999,13,0.07,Completed
4444,22.0,46,2025-09-27 17:12:34.995499,100,0.2,Pending
4445,213.0,1,2025-09-27 18:40:00.000000,100,0.03,Completed
4446,310.0,43,2025-09-27 20:07:25.004500,62,0.18,Completed
4447,149.0,28,2025-09-27 21:34:50.009000,43,0.08,Pending
4448,456.0,3,2025-09-27 23:02:15.013501,87,0.28,Completed
4449,241.0,18,2025-09-28 00:29:40.018001,78,0.09,Completed
4450,272.0,34,2025-09-28 01:57:05.022502,32,0.12,Completed
4451,59.0,32,2025-09-28 03:24:30.027002,67,0.25,Completed
4452,287.0,29,2025-09-28 04:51:55.031503,91,0.13,Completed
4453,426.0,25,2025-09-28 06:19:20.036003,83,0.07,Completed
4454,202.0,26,2025-09-28 07:46:45.040504,86,0.16,Completed
4455,32.0,39,2025-09-28 09:14:10.045004,57,0.25,Completed
4456,443.0,8,2025-09-28 10:41:35.049504,65,0.13,Completed
4457,162.0,19,2025-09-28 12:09:00.054005,69,0.04,Completed
4458,255.0,47,2025-09-28 13:36:25.058505,49,0.11,Pending
4459,254.0,42,2025-09-28 15:03:50.063006,33,0.29,Completed
4460,9.0,22,2025-09-28 16:31:15.067506,19,0.02,Completed
4461,465.0,29,2025-09-28 17:58:40.072007,36,0.12,Completed
4462,139.0,33,2025-09-28 19:26:05.076507,70,0.19,Completed
4463,480.0,38,2025-09-28 20:53:30.081008,15,0.02,Completed
4464,10.0,45,2025-09-28 22:20:55.085508,100,0.1,Completed
4465,214.0,46,2025-09-28 23:48:20.090009,97,0.28,Cancelled
4466,273.0,35,2025-09-29 01:15:45.094509,24,0.01,Completed
4467,324.0,43,2025-09-29 02:43:10.099009,27,0.23,Completed
4468,48.0,3,2025-09-29 04:10:35.103510,49,0.25,Completed
4469,436.0,19,2025-09-29 05:38:00.108010,75,0.08,Pending
4470,111.0,10,2025-09-29 07:05:25.112511,23,0.06,Completed
4471,153.0,27,2025-09-29 08:32:50.117011,33,0.27,Completed
4472,123.0,15,2025-09-29 10:00:15.121512,41,0.23,Completed
4473,405.0,11,2025-09-29 11:27:40.126012,56,0.03,Completed
4474,357.0,47,2025-09-29 12:55:05.130513,29,0.06,Completed
4475,102.0,26,2025-09-29 14:22:30.135013,31,0.19,Completed
4476,241.0,24,2025-09-29 15:49:55.139513,65,0.13,Completed
4477,321.0,13,2025-09-29 17:17:20.144014,98,0.15,Completed
4478,191.0,32,2025-09-29 18:44:45.148514,18,0.29,Completed
4479,217.0,37,2025-09-29 20:12:10.153015,82,0.13,Pending
4480,51.0,4,2025-09-29 21:39:35.157515,6,0.26,Completed
4481,292.0,13,2025-09-29 23:07:00.162016,52,0.2,Completed
4482,81.0,9,2025-09-30 00:34:25.166516,40,0.04,Pending
4483,489.0,49,2025-09-30 02:01:50.171017,65,0.22,Completed
4484,383.0,34,2025-09-30 03:29:15.175517,42,0.16,Completed
4485,88.0,37,2025-09-30 04:56:40.180018,94,0.07,Completed
4486,194.0,48,2025-09-30 06:24:05.184518,68,0.09,Completed
4487,104.0,7,2025-09-30 07:51:30.189018,32,0.17,Completed
4488,271.0,1,2025-09-30 09:18:55.193519,10,0.18,Pending
4489,96.0,12,2025-09-30 10:46:20.198019,69,0.29,Completed
4490,423.0,21,2025-09-30 12:13:45.202520,9,0.26,Pending
4491,379.0,11,2025-09-30 13:41:10.207020,69,0.06,Pending
4492,198.0,44,2025-09-30 15:08:35.211521,61,0.23,Completed
4493,1.0,44,2025-09-30 16:36:00.216021,11,0.0,Completed
4494,495.0,44,2025-09-30 18:03:25.220522,99,0.04,Cancelled
4495,407.0,14,2025-09-30 19:30:50.225022,91,0.06,Completed
4496,378.0,34,2025-09-30 20:58:15.229522,68,0.18,Completed
4497,167.0,34,2025-09-30 22:25:40.234023,74,0.06,Completed
4498,126.0,25,2025-09-30 23:53:05.238523,97,0.11,Completed
4499,313.0,4,2025-10-01 01:20:30.243024,8,0.07,Completed
4500,81.0,26,2025-10-01 02:47:55.247524,49,0.1,Completed
4501,418.0,16,2025-10-01 04:15:20.252025,24,0.28,Completed
4502,251.0,10,2025-10-01 05:42:45.256525,33,0.3,Completed
4503,169.0,45,2025-10-01 07:10:10.261026,19,0.21,Cancelled
4504,477.0,2,2025-10-01 08:37:35.265526,2,0.17,Completed
4505,73.0,35,2025-10-01 10:05:00.270027,55,0.21,Completed
4506,141.0,19,2025-10-01 11:32:25.274527,11,0.23,Completed
4507,70.0,6,2025-10-01 12:59:50.279027,99,0.22,Cancelled
4508,262.0,19,2025-10-01 14:27:15.283528,17,0.02,Completed
4509,340.0,8,2025-10-01 15:54:40.288028,42,0.09,Completed
4510,308.0,14,2025-10-01 17:22:05.292529,61,0.1,Completed
4511,245.0,10,2025-10-01 18:49:30.297029,3,0.11,Completed
4512,3.0,3,2025-10-01 20:16:55.301530,86,0.1,Completed
4513,337.0,38,2025-10-01 21:44:20.306030,35,0.24,Completed
4514,63.0,29,2025-10-01 23:11:45.310531,85,0.22,Completed
4515,49.0,15,2025-10-02 00:39:10.315031,89,0.0,Completed
4516,76.0,23,2025-10-02 02:06:35.319531,66,0.09,Completed
4517,368.0,23,2025-10-02 03:34:00.324032,1,0.19,Completed
4518,175.0,18,2025-10-02 05:01:25.328532,7,0.04,Completed
4519,109.0,46,2025-10-02 06:28:50.333033,20,0.02,Completed
4520,183.0,19,2025-10-02 07:56:15.337533,43,0.25,Completed
4521,192.0,28,2025-10-02 09:23:40.342034,6,0.14,Completed
4522,65.0,26,2025-10-02 10:51:05.346534,55,0.26,Completed
4523,337.0,10,2025-10-02 12:18:30.351035,100,0.25,Cancelled
4524,451.0,47,2025-10-02 13:45:55.355535,21,0.27,Completed
4525,474.0,4,2025-10-02 15:13:20.360036,51,0.01,Completed
4526,271.0,2,2025-10-02 16:40:45.364536,46,0.06,Completed
4527,100.0,3,2025-10-02 18:08:10.369036,35,0.09,Pending
4528,32.0,7,2025-10-02 19:35:35.373537,100,0.04,Completed
4529,352.0,16,2025-10-02 21:03:00.378037,8,0.15,Completed
4530,128.0,31,2025-10-02 22:30:25.382538,68,0.24,Completed
4531,452.0,10,2025-10-02 23:57:50.387038,16,0.29,Completed
4532,402.0,19,2025-10-03 01:25:15.391539,67,0.27,Completed
4533,369.0,28,2025-10-03 02:52:40.396039,71,0.14,Completed
4534,339.0,17,2025-10-03 04:20:05.400540,64,0.19,Completed
4535,43.0,28,2025-10-03 05:47:30.405040,2,0.07,Completed
4536,372.0,19,2025-10-03 07:14:55.409540,1,0.12,Completed
4537,419.0,37,2025-10-03 08:42:20.414041,58,0.26,Pending
4538,488.0,23,2025-10-03 10:09:45.418541,1,0.01,Cancelled
4539,78.0,20,2025-10-03 11:37:10.423042,7,0.16,Completed
4540,314.0,13,2025-10-03 13:04:35.427542,88,0.26,Pending
4541,289.0,13,2025-10-03 14:32:00.432043,69,0.04,Completed
4542,270.0,43,2025-10-03 15:59:25.436543,85,0.29,Pending
4543,162.0,11,2025-10-03 17:26:50.441044,92,0.0,Completed
4544,189.0,48,2025-10-03 18:54:15.445544,18,0.27,Completed
4545,247.0,15,2025-10-03 20:21:40.450045,88,0.11,Pending
4546,388.0,17,2025-10-03 21:49:05.454545,32,0.04,Pending
4547,216.0,50,2025-10-03 23:16:30.459045,45,0.05,Completed
4548,315.0,28,2025-10-04 00:43:55.463546,33,0.21,Completed
4549,413.0,19,2025-10-04 02:11:20.468046,74,0.26,Pending
4550,339.0,4,2025-10-04 03:38:45.472547,73,0.19,Completed
4551,390.0,22,2025-10-04 05:06:10.477047,49,0.28,Cancelled
4552,377.0,22,2025-10-04 06:33:35.481548,33,0.25,Completed
4553,481.0,37,2025-10-04 08:01:00.486048,97,0.0,Pending
4554,433.0,39,2025-10-04 09:28:25.490549,71,0.2,Completed
4555,168.0,34,2025-10-04 10:55:50.495049,68,0.09,Completed
4556,339.0,33,2025-10-04 12:23:15.499549,28,0.14,Completed
4557,193.0,44,2025-10-04 13:50:40.504050,87,0.03,Pending
4558,453.0,42,2025-10-04 15:18:05.508550,53,0.08,Completed
4559,283.0,40,2025-10-04 16:45:30.513051,96,0.19,Completed
4560,336.0,33,2025-10-04 18:12:55.517551,44,0.07,Completed
4561,390.0,12,2025-10-04 19:40:20.522052,80,0.19,Completed
4562,488.0,2,2025-10-04 21:07:45.526552,55,0.28,Pending
4563,13.0,28,2025-10-04 22:35:10.531053,10,0.0,Completed
4564,240.0,10,2025-10-05 00:02:35.535553,14,0.24,Completed
4565,320.0,22,2025-10-05 01:30:00.540054,36,0.19,Completed
4566,446.0,17,2025-10-05 02:57:25.544554,34,0.01,Completed
4567,483.0,26,2025-10-05 04:24:50.549054,88,0.24,Cancelled
4568,147.0,3,2025-10-05 05:52:15.553555,18,0.07,Completed
4569,204.0,7,2025-10-05 07:19:40.558055,16,0.08,Pending
4570,80.0,44,2025-10-05 08:47:05.562556,37,0.03,Cancelled
4571,379.0,8,2025-10-05 10:14:30.567056,41,0.16,Completed
4572,43.0,20,2025-10-05 11:41:55.571557,25,0.15,Pending
4573,458.0,12,2025-10-05 13:09:20.576057,8,0.1,Completed
4574,89.0,35,2025-10-05 14:36:45.580558,88,0.05,Completed
4575,148.0,17,2025-10-05 16:04:10.585058,84,0.25,Completed
4576,95.0,28,2025-10-05 17:31:35.589558,94,0.26,Cancelled
4577,452.0,41,2025-10-05 18:59:00.594059,84,0.16,Completed
4578,428.0,10,2025-10-05 20:26:25.598559,18,0.07,Pending
4579,151.0,22,2025-10-05 21:53:50.603060,68,0.03,Completed
4580,2.0,38,2025-10-05 23:21:15.607560,48,0.26,Completed
4581,376.0,33,2025-10-06 00:48:40.612061,100,0.03,Completed
4582,22.0,22,2025-10-06 02:16:05.616561,70,0.0,Completed
4583,371.0,44,2025-10-06 03:43:30.621062,67,0.14,Completed
4584,313.0,37,2025-10-06 05:10:55.625562,18,0.22,Pending
4585,485.0,13,2025-10-06 06:38:20.630063,18,0.14,Completed
4586,328.0,27,2025-10-06 08:05:45.634563,56,0.02,Cancelled
4587,7.0,15,2025-10-06 09:33:10.639063,23,0.21,Pending
4588,206.0,22,2025-10-06 11:00:35.643564,35,0.19,Completed
4589,440.0,30,2025-10-06 12:28:00.648064,6,0.2,Completed
4590,375.0,43,2025-10-06 13:55:25.652565,26,0.06,Pending
4591,451.0,40,2025-10-06 15:22:50.657065,85,0.24,Completed
4592,114.0,37,2025-10-06 16:50:15.661566,61,0.14,Completed
4593,272.0,34,2025-10-06 18:17:40.666066,88,0.16,Completed
4594,83.0,44,2025-10-06 19:45:05.670567,15,0.16,Cancelled
4595,179.0,34,2025-10-06 21:12:30.675067,91,0.09,Completed
4596,210.0,48,2025-10-06 22:39:55.679567,32,0.08,Completed
4597,500.0,35,2025-10-07 00:07:20.684068,12,0.0,Completed
4598,464.0,42,2025-10-07 01:34:45.688568,5,0.12,Completed
4599,328.0,19,2025-10-07 03:02:10.693069,64,0.15,Completed
4600,124.0,8,2025-10-07 04:29:35.697569,71,0.22,Pending
4601,481.0,39,2025-10-07 05:57:00.702070,86,0.02,Completed
4602,113.0,33,2025-10-07 07:24:25.706570,27,0.28,Completed
4603,12.0,44,2025-10-07 08:51:50.711071,79,0.08,Completed
4604,126.0,28,2025-10-07 10:19:15.715571,45,0.11,Completed
4605,53.0,37,2025-10-07 11:46:40.720072,35,0.01,Completed
4606,331.0,48,2025-10-07 13:14:05.724572,26,0.2,Pending
4607,389.0,25,2025-10-07 14:41:30.729072,23,0.21,Completed
4608,283.0,36,2025-10-07 16:08:55.733573,13,0.28,Completed
4609,140.0,17,2025-10-07 17:36:20.738073,90,0.1,Completed
4610,401.0,24,2025-10-07 19:03:45.742574,3,0.08,Pending
4611,390.0,21,2025-10-07 20:31:10.747074,29,0.22,Completed
4612,97.0,2,2025-10-07 21:58:35.751575,66,0.21,Completed
4613,5.0,31,2025-10-07 23:26:00.756075,64,0.28,Completed
4614,57.0,44,2025-10-08 00:53:25.760576,28,0.06,Completed
4615,412.0,33,2025-10-08 02:20:50.765076,87,0.21,Completed
4616,334.0,30,2025-10-08 03:48:15.769576,36,0.02,Completed
4617,69.0,12,2025-10-08 05:15:40.774077,6,0.14,Completed
4618,118.0,44,2025-10-08 06:43:05.778577,11,0.04,Completed
4619,376.0,12,2025-10-08 08:10:30.783078,38,0.2,Pending
4620,59.0,49,2025-10-08 09:37:55.787578,34,0.18,Completed
4621,33.0,24,2025-10-08 11:05:20.792079,81,0.01,Completed
4622,318.0,24,2025-10-08 12:32:45.796579,67,0.1,Completed
4623,50.0,11,2025-10-08 14:00:10.801080,46,0.12,Pending
4624,368.0,13,2025-10-08 15:27:35.805580,98,0.07,Completed
4625,489.0,27,2025-10-08 16:55:00.810081,86,0.01,Completed
4626,19.0,8,2025-10-08 18:22:25.814581,29,0.1,Completed
4627,214.0,10,2025-10-08 19:49:50.819081,60,0.24,Pending
4628,197.0,8,2025-10-08 21:17:15.823582,54,0.11,Completed
4629,379.0,20,2025-10-08 22:44:40.828082,93,0.1,Completed
4630,450.0,8,2025-10-09 00:12:05.832583,69,0.28,Pending
4631,478.0,9,2025-10-09 01:39:30.837083,74,0.01,Completed
4632,47.0,7,2025-10-09 03:06:55.841584,74,0.23,Pending
4633,167.0,14,2025-10-09 04:34:20.846084,9,0.14,Completed
4634,452.0,28,2025-10-09 06:01:45.850585,85,0.28,Completed
4635,289.0,2,2025-10-09 07:29:10.855085,77,0.12,Pending
4636,141.0,43,2025-10-09 08:56:35.859585,10,0.21,Pending
4637,84.0,8,2025-10-09 10:24:00.864086,75,0.02,Pending
4638,182.0,13,2025-10-09 11:51:25.868586,68,0.28,Completed
4639,391.0,21,2025-10-09 13:18:50.873087,58,0.1,Cancelled
4640,79.0,47,2025-10-09 14:46:15.877587,95,0.16,Completed
4641,215.0,28,2025-10-09 16:13:40.882088,52,0.04,Completed
4642,14.0,35,2025-10-09 17:41:05.886588,34,0.28,Completed
4643,215.0,23,2025-10-09 19:08:30.891089,35,0.2,Cancelled
4644,403.0,46,2025-10-09 20:35:55.895589,33,0.02,Completed
4645,128.0,15,2025-10-09 22:03:20.900090,72,0.05,Completed
4646,310.0,2,2025-10-09 23:30:45.904590,32,0.12,Completed
4647,477.0,12,2025-10-10 00:58:10.909090,55,0.07,Completed
4648,248.0,36,2025-10-10 02:25:35.913591,97,0.09,Completed
4649,404.0,3,2025-10-10 03:53:00.918091,8,0.3,Completed
4650,29.0,5,2025-10-10 05:20:25.922592,46,0.2,Completed
4651,280.0,3,2025-10-10 06:47:50.927092,14,0.28,Completed
4652,338.0,47,2025-10-10 08:15:15.931593,98,0.13,Completed
4653,319.0,19,2025-10-10 09:42:40.936093,8,0.21,Completed
4654,202.0,2,2025-10-10 11:10:05.940594,71,0.14,Completed
4655,361.0,44,2025-10-10 12:37:30.945094,77,0.1,Completed
4656,57.0,37,2025-10-10 14:04:55.949594,54,0.16,Completed
4657,392.0,17,2025-10-10 15:32:20.954095,21,0.13,Completed
4658,218.0,14,2025-10-10 16:59:45.958595,96,0.29,Completed
4659,62.0,28,2025-10-10 18:27:10.963096,75,0.15,Completed
4660,157.0,27,2025-10-10 19:54:35.967596,14,0.24,Completed
4661,202.0,10,2025-10-10 21:22:00.972097,75,0.2,Completed
4662,17.0,3,2025-10-10 22:49:25.976597,2,0.14,Completed
4663,322.0,36,2025-10-11 00:16:50.981098,98,0.14,Pending
4664,6.0,38,2025-10-11 01:44:15.985598,61,0.1,Pending
4665,58.0,25,2025-10-11 03:11:40.990099,17,0.03,Completed
4666,325.0,22,2025-10-11 04:39:05.994599,78,0.23,Completed
4667,412.0,48,2025-10-11 06:06:30.999099,89,0.28,Completed
4668,318.0,39,2025-10-11 07:33:56.003600,48,0.07,Completed
4669,169.0,47,2025-10-11 09:01:21.008100,91,0.28,Completed
4670,453.0,30,2025-10-11 10:28:46.012601,8,0.07,Completed
4671,82.0,21,2025-10-11 11:56:11.017101,56,0.16,Completed
4672,474.0,30,2025-10-11 13:23:36.021602,17,0.1,Completed
4673,468.0,28,2025-10-11 14:51:01.026102,69,0.03,Completed
4674,425.0,31,2025-10-11 16:18:26.030603,12,0.02,Completed
4675,433.0,26,2025-10-11 17:45:51.035103,38,0.11,Completed
4676,219.0,43,2025-10-11 19:13:16.039603,18,0.01,Completed
4677,177.0,22,2025-10-11 20:40:41.044104,26,0.03,Cancelled
4678,204.0,21,2025-10-11 22:08:06.048604,95,0.04,Completed
4679,71.0,1,2025-10-11 23:35:31.053105,37,0.0,Completed
4680,387.0,37,2025-10-12 01:02:56.057605,70,0.05,Cancelled
4681,266.0,13,2025-10-12 02:30:21.062106,41,0.17,Completed
4682,98.0,21,2025-10-12 03:57:46.066606,79,0.25,Pending
4683,345.0,46,2025-10-12 05:25:11.071107,42,0.06,Pending
4684,291.0,9,2025-10-12 06:52:36.075607,90,0.02,Completed
4685,208.0,17,2025-10-12 08:20:01.080108,76,0.22,Completed
4686,2.0,47,2025-10-12 09:47:26.084608,41,0.0,Completed
4687,124.0,21,2025-10-12 11:14:51.089108,47,0.22,Completed
4688,280.0,31,2025-10-12 12:42:16.093609,14,0.04,Cancelled
4689,74.0,39,2025-10-12 14:09:41.098109,1,0.07,Completed
4690,166.0,22,2025-10-12 15:37:06.102610,17,0.04,Pending
4691,22.0,12,2025-10-12 17:04:31.107110,97,0.07,Completed
4692,154.0,6,2025-10-12 18:31:56.111611,55,0.24,Cancelled
4693,427.0,16,2025-10-12 19:59:21.116111,93,0.04,Completed
4694,439.0,26,2025-10-12 21:26:46.120612,53,0.3,Completed
4695,295.0,5,2025-10-12 22:54:11.125112,31,0.1,Completed
4696,219.0,9,2025-10-13 00:21:36.129612,62,0.28,Completed
4697,157.0,46,2025-10-13 01:49:01.134113,8,0.06,Completed
4698,495.0,40,2025-10-13 03:16:26.138613,30,0.06,Completed
4699,230.0,14,2025-10-13 04:43:51.143114,77,0.17,Completed
4700,20.0,44,2025-10-13 06:11:16.147614,80,0.02,Completed
4701,475.0,42,2025-10-13 07:38:41.152115,66,0.24,Completed
4702,41.0,30,2025-10-13 09:06:06.156615,45,0.13,Completed
4703,438.0,26,2025-10-13 10:33:31.161116,18,0.21,Completed
4704,148.0,45,2025-10-13 12:00:56.165616,99,0.05,Completed
4705,108.0,29,2025-10-13 13:28:21.170117,45,0.19,Pending
4706,403.0,19,2025-10-13 14:55:46.174617,19,0.18,Pending
4707,84.0,47,2025-10-13 16:23:11.179117,77,0.23,Completed
4708,483.0,8,2025-10-13 17:50:36.183618,68,0.09,Completed
4709,367.0,23,2025-10-13 19:18:01.188118,83,0.28,Completed
4710,322.0,42,2025-10-13 20:45:26.192619,50,0.29,Completed
4711,414.0,35,2025-10-13 22:12:51.197119,25,0.26,Completed
4712,309.0,31,2025-10-13 23:40:16.201620,38,0.17,Completed
4713,290.0,35,2025-10-14 01:07:41.206120,95,0.13,Completed
4714,406.0,32,2025-10-14 02:35:06.210621,36,0.02,Completed
4715,323.0,5,2025-10-14 04:02:31.215121,68,0.28,Completed
4716,134.0,16,2025-10-14 05:29:56.219621,56,0.29,Completed
4717,207.0,17,2025-10-14 06:57:21.224122,39,0.01,Completed
4718,283.0,32,2025-10-14 08:24:46.228622,63,0.11,Completed
4719,266.0,38,2025-10-14 09:52:11.233123,7,0.26,Completed
4720,73.0,32,2025-10-14 11:19:36.237623,58,0.02,Completed
4721,481.0,20,2025-10-14 12:47:01.242124,80,0.06,Completed
4722,352.0,48,2025-10-14 14:14:26.246624,59,0.29,Completed
4723,48.0,2,2025-10-14 15:41:51.251125,48,0.25,Completed
4724,326.0,20,2025-10-14 17:09:16.255625,5,0.27,Completed
4725,233.0,47,2025-10-14 18:36:41.260126,87,0.04,Completed
4726,443.0,18,2025-10-14 20:04:06.264626,36,0.06,Completed
4727,100.0,1,2025-10-14 21:31:31.269126,96,0.18,Completed
4728,59.0,29,2025-10-14 22:58:56.273627,88,0.15,Completed
4729,258.0,29,2025-10-15 00:26:21.278127,25,0.09,Completed
4730,413.0,19,2025-10-15 01:53:46.282628,45,0.27,Completed
4731,452.0,44,2025-10-15 03:21:11.287128,92,0.27,Completed
4732,65.0,40,2025-10-15 04:48:36.291629,19,0.09,Cancelled
4733,83.0,6,2025-10-15 06:16:01.296129,7,0.05,Completed
4734,154.0,44,2025-10-15 07:43:26.300630,58,0.04,Completed
4735,473.0,39,2025-10-15 09:10:51.305130,81,0.15,Completed
4736,266.0,50,2025-10-15 10:38:16.309630,66,0.04,Pending
4737,309.0,46,2025-10-15 12:05:41.314131,80,0.14,Pending
4738,79.0,8,2025-10-15 13:33:06.318631,39,0.14,Pending
4739,315.0,24,2025-10-15 15:00:31.323132,18,0.27,Completed
4740,150.0,20,2025-10-15 16:27:56.327632,1,0.09,Pending
4741,435.0,14,2025-10-15 17:55:21.332133,63,0.17,Completed
4742,48.0,5,2025-10-15 19:22:46.336633,3,0.22,Completed
4743,405.0,41,2025-10-15 20:50:11.341134,21,0.18,Pending
4744,379.0,40,2025-10-15 22:17:36.345634,30,0.29,Completed
4745,248.0,34,2025-10-15 23:45:01.350135,11,0.18,Completed
4746,278.0,16,2025-10-16 01:12:26.354635,22,0.27,Completed
4747,356.0,45,2025-10-16 02:39:51.359135,57,0.07,Completed
4748,98.0,7,2025-10-16 04:07:16.363636,89,0.17,Completed
4749,414.0,16,2025-10-16 05:34:41.368136,3,0.16,Completed
4750,25.0,7,2025-10-16 07:02:06.372637,30,0.3,Completed
4751,493.0,27,2025-10-16 08:29:31.377137,88,0.06,Completed
4752,284.0,14,2025-10-16 09:56:56.381638,45,0.04,Completed
4753,449.0,14,2025-10-16 11:24:21.386138,36,0.18,Completed
4754,369.0,44,2025-10-16 12:51:46.390639,87,0.07,Completed
4755,301.0,33,2025-10-16 14:19:11.395139,72,0.19,Completed
4756,68.0,33,2025-10-16 15:46:36.399639,64,0.29,Pending
4757,7.0,44,2025-10-16 17:14:01.404140,54,0.28,Completed
4758,305.0,20,2025-10-16 18:41:26.408640,68,0.07,Completed
4759,137.0,47,2025-10-16 20:08:51.413141,50,0.05,Cancelled
4760,164.0,36,2025-10-16 21:36:16.417641,31,0.17,Completed
4761,83.0,7,2025-10-16 23:03:41.422142,29,0.18,Completed
4762,385.0,32,2025-10-17 00:31:06.426642,59,0.2,Completed
4763,138.0,48,2025-10-17 01:58:31.431143,36,0.22,Completed
4764,420.0,3,2025-10-17 03:25:56.435643,77,0.18,Completed
4765,73.0,39,2025-10-17 04:53:21.440144,73,0.03,Completed
4766,237.0,29,2025-10-17 06:20:46.444644,85,0.24,Completed
4767,46.0,24,2025-10-17 07:48:11.449144,67,0.02,Completed
4768,106.0,22,2025-10-17 09:15:36.453645,89,0.01,Completed
4769,416.0,6,2025-10-17 10:43:01.458145,89,0.23,Completed
4770,288.0,48,2025-10-17 12:10:26.462646,76,0.16,Completed
4771,262.0,24,2025-10-17 13:37:51.467146,93,0.21,Completed
4772,176.0,40,2025-10-17 15:05:16.471647,11,0.11,Completed
4773,166.0,23,2025-10-17 16:32:41.476147,11,0.0,Completed
4774,145.0,38,2025-10-17 18:00:06.480648,26,0.1,Pending
4775,330.0,10,2025-10-17 19:27:31.485148,53,0.18,Completed
4776,370.0,16,2025-10-17 20:54:56.489648,14,0.07,Completed
4777,283.0,11,2025-10-17 22:22:21.494149,64,0.21,Completed
4778,54.0,32,2025-10-17 23:49:46.498649,80,0.24,Completed
4779,178.0,45,2025-10-18 01:17:11.503150,10,0.14,Completed
4780,419.0,6,2025-10-18 02:44:36.507650,31,0.26,Completed
4781,244.0,24,2025-10-18 04:12:01.512151,95,0.26,Completed
4782,341.0,33,2025-10-18 05:39:26.516651,36,0.26,Completed
4783,127.0,12,2025-10-18 07:06:51.521152,10,0.2,Completed
4784,409.0,27,2025-10-18 08:34:16.525652,26,0.09,Pending
4785,412.0,38,2025-10-18 10:01:41.530153,20,0.14,Completed
4786,367.0,18,2025-10-18 11:29:06.534653,44,0.21,Completed
4787,271.0,45,2025-10-18 12:56:31.539153,62,0.06,Completed
4788,132.0,39,2025-10-18 14:23:56.543654,73,0.22,Completed
4789,93.0,13,2025-10-18 15:51:21.548154,79,0.16,Completed
4790,379.0,40,2025-10-18 17:18:46.552655,9,0.03,Completed
4791,73.0,30,2025-10-18 18:46:11.557155,71,0.17,Completed
4792,411.0,49,2025-10-18 20:13:36.561656,90,0.02,Completed
4793,410.0,41,2025-10-18 21:41:01.566156,24,0.0,Pending
4794,403.0,13,2025-10-18 23:08:26.570657,12,0.27,Completed
4795,248.0,34,2025-10-19 00:35:51.575157,60,0.15,Pending
4796,348.0,36,2025-10-19 02:03:16.579657,84,0.16,Pending
4797,273.0,30,2025-10-19 03:30:41.584158,78,0.08,Completed
4798,43.0,25,2025-10-19 04:58:06.588658,86,0.16,Completed
4799,377.0,2,2025-10-19 06:25:31.593159,16,0.05,Completed
4800,41.0,36,2025-10-19 07:52:56.597659,29,0.22,Completed
4801,170.0,18,2025-10-19 09:20:21.602160,32,0.25,Completed
4802,434.0,5,2025-10-19 10:47:46.606660,83,0.26,Completed
4803,212.0,19,2025-10-19 12:15:11.611161,35,0.03,Completed
4804,493.0,42,2025-10-19 13:42:36.615661,43,0.17,Completed
4805,168.0,18,2025-10-19 15:10:01.620162,96,0.24,Completed
4806,39.0,32,2025-10-19 16:37:26.624662,53,0.04,Pending
4807,369.0,21,2025-10-19 18:04:51.629162,20,0.03,Completed
4808,245.0,10,2025-10-19 19:32:16.633663,84,0.25,Completed
4809,151.0,37,2025-10-19 20:59:41.638163,8,0.24,Completed
4810,111.0,49,2025-10-19 22:27:06.642664,99,0.13,Completed
4811,480.0,22,2025-10-19 23:54:31.647164,42,0.03,Completed
4812,436.0,13,2025-10-20 01:21:56.651665,77,0.15,Completed
4813,47.0,17,2025-10-20 02:49:21.656165,70,0.12,Completed
4814,63.0,9,2025-10-20 04:16:46.660666,16,0.16,Completed
4815,225.0,24,2025-10-20 05:44:11.665166,69,0.13,Completed
4816,366.0,44,2025-10-20 07:11:36.669666,53,0.17,Completed
4817,69.0,14,2025-10-20 08:39:01.674167,45,0.22,Completed
4818,299.0,46,2025-10-20 10:06:26.678667,51,0.23,Completed
4819,432.0,8,2025-10-20 11:33:51.683168,98,0.19,Completed
4820,290.0,37,2025-10-20 13:01:16.687668,6,0.06,Completed
4821,296.0,19,2025-10-20 14:28:41.692169,33,0.12,Completed
4822,203.0,28,2025-10-20 15:56:06.696669,79,0.02,Completed
4823,61.0,46,2025-10-20 17:23:31.701170,15,0.14,Completed
4824,434.0,41,2025-10-20 18:50:56.705670,14,0.29,Cancelled
4825,451.0,30,2025-10-20 20:18:21.710171,39,0.19,Completed
4826,318.0,7,2025-10-20 21:45:46.714671,63,0.05,Completed
4827,314.0,26,2025-10-20 23:13:11.719171,5,0.08,Completed
4828,161.0,40,2025-10-21 00:40:36.723672,90,0.02,Completed
4829,331.0,46,2025-10-21 02:08:01.728172,81,0.05,Completed
4830,16.0,46,2025-10-21 03:35:26.732673,52,0.15,Completed
4831,338.0,11,2025-10-21 05:02:51.737173,16,0.1,Cancelled
4832,94.0,14,2025-10-21 06:30:16.741674,99,0.06,Completed
4833,304.0,21,2025-10-21 07:57:41.746174,38,0.04,Completed
4834,138.0,8,2025-10-21 09:25:06.750675,53,0.2,Completed
4835,338.0,3,2025-10-21 10:52:31.755175,87,0.17,Pending
4836,38.0,28,2025-10-21 12:19:56.759675,77,0.25,Completed
4837,127.0,29,2025-10-21 13:47:21.764176,97,0.05,Cancelled
4838,275.0,23,2025-10-21 15:14:46.768676,93,0.25,Pending
4839,164.0,18,2025-10-21 16:42:11.773177,53,0.17,Cancelled
4840,443.0,35,2025-10-21 18:09:36.777677,46,0.08,Pending
4841,319.0,13,2025-10-21 19:37:01.782178,98,0.08,Pending
4842,77.0,12,2025-10-21 21:04:26.786678,98,0.12,Completed
4843,174.0,47,2025-10-21 22:31:51.791179,91,0.14,Pending
4844,387.0,50,2025-10-21 23:59:16.795679,15,0.02,Completed
4845,458.0,5,2025-10-22 01:26:41.800180,59,0.25,Completed
4846,358.0,39,2025-10-22 02:54:06.804680,50,0.04,Completed
4847,321.0,11,2025-10-22 04:21:31.809180,9,0.15,Cancelled
4848,376.0,11,2025-10-22 05:48:56.813681,26,0.11,Completed
4849,91.0,47,2025-10-22 07:16:21.818181,3,0.15,Pending
4850,238.0,42,2025-10-22 08:43:46.822682,100,0.27,Completed
4851,264.0,47,2025-10-22 10:11:11.827182,47,0.3,Completed
4852,179.0,31,2025-10-22 11:38:36.831683,5,0.01,Completed
4853,494.0,31,2025-10-22 13:06:01.836183,62,0.12,Completed
4854,490.0,13,2025-10-22 14:33:26.840684,84,0.25,Cancelled
4855,209.0,14,2025-10-22 16:00:51.845184,84,0.1,Completed
4856,73.0,49,2025-10-22 17:28:16.849684,5,0.19,Completed
4857,390.0,45,2025-10-22 18:55:41.854185,10,0.3,Completed
4858,107.0,42,2025-10-22 20:23:06.858685,80,0.19,Pending
4859,345.0,25,2025-10-22 21:50:31.863186,63,0.03,Pending
4860,295.0,33,2025-10-22 23:17:56.867686,25,0.25,Completed
4861,369.0,33,2025-10-23 00:45:21.872187,44,0.29,Completed
4862,444.0,15,2025-10-23 02:12:46.876687,25,0.21,Completed
4863,284.0,16,2025-10-23 03:40:11.881188,30,0.13,Completed
4864,353.0,44,2025-10-23 05:07:36.885688,14,0.28,Completed
4865,182.0,38,2025-10-23 06:35:01.890189,86,0.29,Cancelled
4866,37.0,6,2025-10-23 08:02:26.894689,43,0.28,Pending
4867,137.0,44,2025-10-23 09:29:51.899189,28,0.12,Completed
4868,338.0,25,2025-10-23 10:57:16.903690,94,0.24,Cancelled
4869,56.0,15,2025-10-23 12:24:41.908190,19,0.2,Completed
4870,187.0,4,2025-10-23 13:52:06.912691,42,0.05,Completed
4871,341.0,4,2025-10-23 15:19:31.917191,20,0.16,Completed
4872,258.0,30,2025-10-23 16:46:56.921692,99,0.22,Completed
4873,445.0,34,2025-10-23 18:14:21.926192,86,0.27,Completed
4874,58.0,27,2025-10-23 19:41:46.930693,79,0.26,Completed
4875,363.0,31,2025-10-23 21:09:11.935193,11,0.05,Completed
4876,123.0,32,2025-10-23 22:36:36.939693,54,0.15,Pending
4877,188.0,44,2025-10-24 00:04:01.944194,98,0.14,Completed
4878,230.0,39,2025-10-24 01:31:26.948694,24,0.27,Completed
4879,168.0,9,2025-10-24 02:58:51.953195,70,0.0,Completed
4880,420.0,41,2025-10-24 04:26:16.957695,17,0.22,Completed
4881,114.0,8,2025-10-24 05:53:41.962196,28,0.19,Pending
4882,252.0,14,2025-10-24 07:21:06.966696,50,0.28,Completed
4883,107.0,33,2025-10-24 08:48:31.971197,95,0.14,Completed
4884,37.0,23,2025-10-24 10:15:56.975697,100,0.2,Completed
4885,335.0,21,2025-10-24 11:43:21.980198,55,0.29,Cancelled
4886,92.0,12,2025-10-24 13:10:46.984698,73,0.22,Completed
4887,18.0,2,2025-10-24 14:38:11.989198,10,0.02,Pending
4888,354.0,13,2025-10-24 16:05:36.993699,21,0.05,Completed
4889,63.0,4,2025-10-24 17:33:01.998199,58,0.25,Completed
4890,150.0,20,2025-10-24 19:00:27.002700,34,0.1,Completed
4891,139.0,50,2025-10-24 20:27:52.007200,95,0.21,Pending
4892,186.0,48,2025-10-24 21:55:17.011701,93,0.21,Completed
4893,185.0,14,2025-10-24 23:22:42.016201,43,0.3,Completed
4894,205.0,30,2025-10-25 00:50:07.020702,11,0.14,Completed
4895,260.0,29,2025-10-25 02:17:32.025202,33,0.22,Completed
4896,214.0,8,2025-10-25 03:44:57.029702,58,0.01,Pending
4897,256.0,12,2025-10-25 05:12:22.034203,46,0.14,Completed
4898,135.0,41,2025-10-25 06:39:47.038703,61,0.06,Pending
4899,61.0,38,2025-10-25 08:07:12.043204,62,0.25,Completed
4900,363.0,26,2025-10-25 09:34:37.047704,1,0.25,Completed
4901,310.0,50,2025-10-25 11:02:02.052205,21,0.07,Cancelled
4902,88.0,2,2025-10-25 12:29:27.056705,62,0.1,Completed
4903,324.0,40,2025-10-25 13:56:52.061206,64,0.21,Completed
4904,476.0,14,2025-10-25 15:24:17.065706,87,0.22,Completed
4905,207.0,6,2025-10-25 16:51:42.070207,73,0.2,Completed
4906,129.0,42,2025-10-25 18:19:07.074707,56,0.3,Completed
4907,311.0,40,2025-10-25 19:46:32.079207,1,0.26,Completed
4908,3.0,31,2025-10-25 21:13:57.083708,21,0.13,Completed
4909,462.0,17,2025-10-25 22:41:22.088208,22,0.1,Pending
4910,422.0,25,2025-10-26 00:08:47.092709,54,0.18,Completed
4911,242.0,32,2025-10-26 01:36:12.097209,4,0.25,Completed
4912,121.0,12,2025-10-26 03:03:37.101710,65,0.14,Completed
4913,385.0,49,2025-10-26 04:31:02.106210,51,0.22,Completed
4914,102.0,13,2025-10-26 05:58:27.110711,74,0.01,Cancelled
4915,38.0,19,2025-10-26 07:25:52.115211,63,0.28,Completed
4916,341.0,44,2025-10-26 08:53:17.119711,15,0.23,Completed
4917,496.0,48,2025-10-26 10:20:42.124212,36,0.12,Completed
4918,413.0,25,2025-10-26 11:48:07.128712,29,0.12,Completed
4919,133.0,31,2025-10-26 13:15:32.133213,52,0.03,Completed
4920,497.0,37,2025-10-26 14:42:57.137713,46,0.24,Completed
4921,202.0,25,2025-10-26 16:10:22.142214,69,0.23,Completed
4922,348.0,16,2025-10-26 17:37:47.146714,29,0.19,Completed
4923,21.0,38,2025-10-26 19:05:12.151215,47,0.03,Completed
4924,242.0,43,2025-10-26 20:32:37.155715,91,0.08,Completed
4925,455.0,49,2025-10-26 22:00:02.160216,25,0.14,Completed
4926,451.0,23,2025-10-26 23:27:27.164716,80,0.08,Completed
4927,109.0,14,2025-10-27 00:54:52.169216,16,0.13,Completed
4928,303.0,6,2025-10-27 02:22:17.173717,100,0.07,Completed
4929,84.0,25,2025-10-27 03:49:42.178217,89,0.1,Completed
4930,83.0,23,2025-10-27 05:17:07.182718,41,0.2,Completed
4931,291.0,43,2025-10-27 06:44:32.187218,65,0.27,Completed
4932,452.0,12,2025-10-27 08:11:57.191719,69,0.12,Pending
4933,69.0,13,2025-10-27 09:39:22.196219,20,0.21,Completed
4934,129.0,36,2025-10-27 11:06:47.200720,69,0.04,Completed
4935,196.0,39,2025-10-27 12:34:12.205220,36,0.16,Completed
4936,140.0,34,2025-10-27 14:01:37.209720,93,0.28,Completed
4937,444.0,6,2025-10-27 15:29:02.214221,98,0.01,Completed
4938,283.0,38,2025-10-27 16:56:27.218721,58,0.08,Completed
4939,312.0,50,2025-10-27 18:23:52.223222,48,0.04,Pending
4940,234.0,40,2025-10-27 19:51:17.227722,82,0.16,Cancelled
4941,23.0,8,2025-10-27 21:18:42.232223,2,0.2,Completed
4942,153.0,8,2025-10-27 22:46:07.236723,80,0.02,Completed
4943,277.0,40,2025-10-28 00:13:32.241224,29,0.02,Completed
4944,61.0,33,2025-10-28 01:40:57.245724,97,0.26,Pending
4945,319.0,34,2025-10-28 03:08:22.250225,16,0.14,Completed
4946,378.0,44,2025-10-28 04:35:47.254725,35,0.14,Completed
4947,52.0,15,2025-10-28 06:03:12.259225,62,0.28,Completed
4948,344.0,36,2025-10-28 07:30:37.263726,81,0.1,Completed
4949,153.0,35,2025-10-28 08:58:02.268226,4,0.27,Completed
4950,237.0,46,2025-10-28 10:25:27.272727,68,0.29,Completed
4951,311.0,22,2025-10-28 11:52:52.277227,51,0.07,Completed
4952,302.0,23,2025-10-28 13:20:17.281728,89,0.15,Completed
4953,32.0,40,2025-10-28 14:47:42.286228,33,0.16,Completed
4954,55.0,45,2025-10-28 16:15:07.290729,78,0.26,Completed
4955,352.0,22,2025-10-28 17:42:32.295229,24,0.09,Completed
4956,389.0,5,2025-10-28 19:09:57.299729,75,0.24,Completed
4957,36.0,31,2025-10-28 20:37:22.304230,25,0.29,Pending
4958,110.0,13,2025-10-28 22:04:47.308730,28,0.25,Completed
4959,490.0,28,2025-10-28 23:32:12.313231,7,0.27,Completed
4960,177.0,20,2025-10-29 00:59:37.317731,36,0.21,Completed
4961,362.0,33,2025-10-29 02:27:02.322232,10,0.27,Completed
4962,314.0,16,2025-10-29 03:54:27.326732,36,0.05,Pending
4963,295.0,29,2025-10-29 05:21:52.331233,95,0.21,Completed
4964,336.0,23,2025-10-29 06:49:17.335733,83,0.22,Completed
4965,97.0,24,2025-10-29 08:16:42.340234,18,0.13,Completed
4966,369.0,34,2025-10-29 09:44:07.344734,6,0.02,Completed
4967,213.0,7,2025-10-29 11:11:32.349234,92,0.19,Completed
4968,317.0,38,2025-10-29 12:38:57.353735,7,0.02,Completed
4969,137.0,37,2025-10-29 14:06:22.358235,12,0.11,Completed
4970,6.0,4,2025-10-29 15:33:47.362736,41,0.12,Pending
4971,499.0,34,2025-10-29 17:01:12.367236,63,0.3,Completed
4972,109.0,42,2025-10-29 18:28:37.371737,98,0.09,Completed
4973,35.0,22,2025-10-29 19:56:02.376237,25,0.25,Completed
4974,39.0,5,2025-10-29 21:23:27.380738,81,0.02,Cancelled
4975,150.0,50,2025-10-29 22:50:52.385238,53,0.16,Completed
4976,425.0,42,2025-10-30 00:18:17.389738,33,0.16,Completed
4977,118.0,23,2025-10-30 01:45:42.394239,87,0.19,Pending
4978,261.0,15,2025-10-30 03:13:07.398739,73,0.24,Completed
4979,426.0,31,2025-10-30 04:40:32.403240,6,0.23,Completed
4980,87.0,9,2025-10-30 06:07:57.407740,62,0.23,Completed
4981,465.0,43,2025-10-30 07:35:22.412241,66,0.13,Completed
4982,76.0,25,2025-10-30 09:02:47.416741,9,0.22,Completed
4983,471.0,25,2025-10-30 10:30:12.421242,67,0.15,Completed
4984,464.0,49,2025-10-30 11:57:37.425742,16,0.02,Completed
4985,451.0,21,2025-10-30 13:25:02.430243,89,0.27,Cancelled
4986,414.0,9,2025-10-30 14:52:27.434743,88,0.27,Pending
4987,313.0,48,2025-10-30 16:19:52.439243,93,0.1,Completed
4988,383.0,38,2025-10-30 17:47:17.443744,55,0.27,Completed
4989,214.0,22,2025-10-30 19:14:42.448244,40,0.23,Pending
4990,457.0,43,2025-10-30 20:42:07.452745,26,0.12,Completed
4991,285.0,23,2025-10-30 22:09:32.457245,38,0.1,Cancelled
4992,239.0,49,2025-10-30 23:36:57.461746,35,0.29,Completed
4993,165.0,4,2025-10-31 01:04:22.466246,87,0.21,Completed
4994,87.0,29,2025-10-31 02:31:47.470747,68,0.11,Cancelled
4995,141.0,15,2025-10-31 03:59:12.475247,59,0.19,Completed
4996,160.0,1,2025-10-31 05:26:37.479747,14,0.17,Completed
4997,46.0,30,2025-10-31 06:54:02.484248,47,0.16,Cancelled
4998,372.0,29,2025-10-31 08:21:27.488748,71,0.19,Completed
4999,495.0,20,2025-10-31 09:48:52.493249,72,0.16,Completed
5000,112.0,33,2025-10-31 11:16:17.497749,42,0.2,Completed
5001,407.0,41,2025-10-31 12:43:42.502250,51,0.27,Completed
5002,45.0,44,2025-10-31 14:11:07.506750,19,0.3,Completed
5003,401.0,36,2025-10-31 15:38:32.511251,66,0.21,Completed
5004,247.0,22,2025-10-31 17:05:57.515751,47,0.28,Completed
5005,104.0,13,2025-10-31 18:33:22.520252,65,0.26,Completed
5006,85.0,7,2025-10-31 20:00:47.524752,42,0.09,Pending
5007,450.0,8,2025-10-31 21:28:12.529252,38,0.28,Completed
5008,485.0,28,2025-10-31 22:55:37.533753,13,0.02,Completed
5009,134.0,45,2025-11-01 00:23:02.538253,44,0.1,Completed
5010,108.0,43,2025-11-01 01:50:27.542754,24,0.19,Completed
5011,18.0,9,2025-11-01 03:17:52.547254,96,0.16,Completed
5012,94.0,25,2025-11-01 04:45:17.551755,30,0.16,Completed
5013,150.0,16,2025-11-01 06:12:42.556255,70,0.24,Pending
5014,246.0,10,2025-11-01 07:40:07.560756,38,0.06,Completed
5015,289.0,11,2025-11-01 09:07:32.565256,97,0.29,Pending
5016,414.0,31,2025-11-01 10:34:57.569756,23,0.13,Completed
5017,209.0,12,2025-11-01 12:02:22.574257,74,0.28,Completed
5018,126.0,31,2025-11-01 13:29:47.578757,57,0.11,Completed
5019,235.0,14,2025-11-01 14:57:12.583258,79,0.18,Completed
5020,416.0,44,2025-11-01 16:24:37.587758,23,0.14,Completed
5021,426.0,32,2025-11-01 17:52:02.592259,36,0.2,Completed
5022,499.0,50,2025-11-01 19:19:27.596759,57,0.06,Completed
5023,462.0,17,2025-11-01 20:46:52.601260,1,0.12,Completed
5024,122.0,35,2025-11-01 22:14:17.605760,72,0.02,Completed
5025,138.0,1,2025-11-01 23:41:42.610261,3,0.18,Completed
5026,495.0,29,2025-11-02 01:09:07.614761,14,0.29,Completed
5027,115.0,4,2025-11-02 02:36:32.619261,81,0.01,Completed
5028,420.0,23,2025-11-02 04:03:57.623762,34,0.2,Completed
5029,162.0,28,2025-11-02 05:31:22.628262,70,0.23,Completed
5030,201.0,16,2025-11-02 06:58:47.632763,69,0.06,Completed
5031,234.0,12,2025-11-02 08:26:12.637263,51,0.08,Completed
5032,28.0,21,2025-11-02 09:53:37.641764,29,0.06,Pending
5033,11.0,45,2025-11-02 11:21:02.646264,99,0.09,Completed
5034,206.0,17,2025-11-02 12:48:27.650765,82,0.03,Pending
5035,167.0,40,2025-11-02 14:15:52.655265,48,0.11,Completed
5036,247.0,13,2025-11-02 15:43:17.659765,94,0.11,Completed
5037,47.0,32,2025-11-02 17:10:42.664266,79,0.24,Completed
5038,246.0,37,2025-11-02 18:38:07.668766,79,0.24,Completed
5039,127.0,50,2025-11-02 20:05:32.673267,16,0.24,Completed
5040,147.0,15,2025-11-02 21:32:57.677767,57,0.17,Completed
5041,118.0,12,2025-11-02 23:00:22.682268,97,0.1,Completed
5042,399.0,49,2025-11-03 00:27:47.686768,10,0.12,Completed
5043,382.0,15,2025-11-03 01:55:12.691269,19,0.1,Completed
5044,412.0,34,2025-11-03 03:22:37.695769,67,0.17,Completed
5045,152.0,6,2025-11-03 04:50:02.700270,36,0.28,Completed
5046,72.0,17,2025-11-03 06:17:27.704770,4,0.09,Pending
5047,363.0,48,2025-11-03 07:44:52.709270,75,0.14,Pending
5048,137.0,49,2025-11-03 09:12:17.713771,33,0.2,Pending
5049,175.0,20,2025-11-03 10:39:42.718271,28,0.25,Completed
5050,289.0,9,2025-11-03 12:07:07.722772,96,0.08,Completed
5051,446.0,5,2025-11-03 13:34:32.727272,80,0.08,Pending
5052,481.0,23,2025-11-03 15:01:57.731773,9,0.27,Completed
5053,19.0,33,2025-11-03 16:29:22.736273,75,0.02,Completed
5054,195.0,38,2025-11-03 17:56:47.740774,6,0.18,Completed
5055,330.0,14,2025-11-03 19:24:12.745274,49,0.26,Completed
5056,424.0,17,2025-11-03 20:51:37.749774,91,0.28,Completed
5057,175.0,19,2025-11-03 22:19:02.754275,76,0.0,Pending
5058,490.0,33,2025-11-03 23:46:27.758775,22,0.11,Completed
5059,449.0,1,2025-11-04 01:13:52.763276,48,0.08,Completed
5060,413.0,13,2025-11-04 02:41:17.767776,21,0.17,Completed
5061,434.0,46,2025-11-04 04:08:42.772277,33,0.19,Completed
5062,354.0,27,2025-11-04 05:36:07.776777,81,0.3,Completed
5063,499.0,6,2025-11-04 07:03:32.781278,56,0.15,Completed
5064,141.0,6,2025-11-04 08:30:57.785778,29,0.17,Completed
5065,246.0,33,2025-11-04 09:58:22.790279,53,0.12,Completed
5066,385.0,30,2025-11-04 11:25:47.794779,40,0.04,Completed
5067,418.0,46,2025-11-04 12:53:12.799279,74,0.09,Cancelled
5068,93.0,35,2025-11-04 14:20:37.803780,18,0.07,Cancelled
5069,432.0,23,2025-11-04 15:48:02.808280,47,0.24,Completed
5070,239.0,10,2025-11-04 17:15:27.812781,13,0.16,Completed
5071,205.0,19,2025-11-04 18:42:52.817281,27,0.09,Completed
5072,48.0,28,2025-11-04 20:10:17.821782,62,0.15,Cancelled
5073,433.0,23,2025-11-04 21:37:42.826282,74,0.07,Pending
5074,245.0,4,2025-11-04 23:05:07.830783,96,0.06,Completed
5075,320.0,20,2025-11-05 00:32:32.835283,45,0.26,Completed
5076,317.0,19,2025-11-05 01:59:57.839783,3,0.28,Completed
5077,413.0,42,2025-11-05 03:27:22.844284,22,0.02,Completed
5078,295.0,27,2025-11-05 04:54:47.848784,27,0.23,Completed
5079,128.0,34,2025-11-05 06:22:12.853285,55,0.14,Completed
5080,344.0,4,2025-11-05 07:49:37.857785,67,0.12,Completed
5081,282.0,38,2025-11-05 09:17:02.862286,33,0.21,Pending
5082,17.0,7,2025-11-05 10:44:27.866786,2,0.08,Completed
5083,71.0,48,2025-11-05 12:11:52.871287,75,0.01,Completed
5084,269.0,7,2025-11-05 13:39:17.875787,46,0.06,Completed
5085,325.0,50,2025-11-05 15:06:42.880288,74,0.06,Completed
5086,282.0,26,2025-11-05 16:34:07.884788,33,0.01,Completed
5087,305.0,26,2025-11-05 18:01:32.889288,58,0.1,Completed
5088,451.0,19,2025-11-05 19:28:57.893789,7,0.14,Pending
5089,7.0,9,2025-11-05 20:56:22.898289,15,0.22,Cancelled
5090,314.0,20,2025-11-05 22:23:47.902790,26,0.1,Pending
5091,305.0,42,2025-11-05 23:51:12.907290,11,0.06,Completed
5092,103.0,45,2025-11-06 01:18:37.911791,38,0.07,Completed
5093,309.0,50,2025-11-06 02:46:02.916291,27,0.27,Completed
5094,193.0,16,2025-11-06 04:13:27.920792,7,0.06,Completed
5095,241.0,17,2025-11-06 05:40:52.925292,1,0.26,Cancelled
5096,62.0,22,2025-11-06 07:08:17.929792,74,0.13,Completed
5097,17.0,13,2025-11-06 08:35:42.934293,21,0.28,Completed
5098,171.0,12,2025-11-06 10:03:07.938793,79,0.12,Pending
5099,25.0,10,2025-11-06 11:30:32.943294,30,0.05,Cancelled
5100,251.0,1,2025-11-06 12:57:57.947794,94,0.16,Completed
5101,253.0,32,2025-11-06 14:25:22.952295,8,0.18,Completed
5102,387.0,30,2025-11-06 15:52:47.956795,88,0.19,Completed
5103,207.0,8,2025-11-06 17:20:12.961296,83,0.12,Completed
5104,29.0,21,2025-11-06 18:47:37.965796,3,0.01,Completed
5105,117.0,22,2025-11-06 20:15:02.970297,55,0.19,Completed
5106,491.0,18,2025-11-06 21:42:27.974797,15,0.28,Completed
5107,416.0,2,2025-11-06 23:09:52.979297,36,0.29,Completed
5108,282.0,48,2025-11-07 00:37:17.983798,6,0.18,Completed
5109,380.0,44,2025-11-07 02:04:42.988298,42,0.01,Completed
5110,144.0,9,2025-11-07 03:32:07.992799,50,0.03,Pending
5111,25.0,3,2025-11-07 04:59:32.997299,18,0.25,Completed
5112,310.0,26,2025-11-07 06:26:58.001800,83,0.25,Completed
5113,156.0,21,2025-11-07 07:54:23.006300,50,0.28,Completed
5114,73.0,30,2025-11-07 09:21:48.010801,30,0.17,Completed
5115,120.0,28,2025-11-07 10:49:13.015301,77,0.26,Pending
5116,312.0,36,2025-11-07 12:16:38.019801,39,0.25,Completed
5117,321.0,26,2025-11-07 13:44:03.024302,12,0.18,Completed
5118,93.0,34,2025-11-07 15:11:28.028802,98,0.24,Completed
5119,86.0,8,2025-11-07 16:38:53.033303,59,0.04,Completed
5120,336.0,10,2025-11-07 18:06:18.037803,76,0.19,Completed
5121,425.0,48,2025-11-07 19:33:43.042304,44,0.29,Completed
5122,499.0,43,2025-11-07 21:01:08.046804,88,0.05,Completed
5123,364.0,50,2025-11-07 22:28:33.051305,4,0.22,Completed
5124,435.0,14,2025-11-07 23:55:58.055805,36,0.1,Pending
5125,118.0,40,2025-11-08 01:23:23.060306,48,0.25,Completed
5126,233.0,15,2025-11-08 02:50:48.064806,14,0.21,Completed
5127,199.0,17,2025-11-08 04:18:13.069306,81,0.28,Completed
5128,206.0,18,2025-11-08 05:45:38.073807,49,0.21,Completed
5129,413.0,32,2025-11-08 07:13:03.078307,67,0.12,Completed
5130,339.0,38,2025-11-08 08:40:28.082808,87,0.0,Completed
5131,147.0,23,2025-11-08 10:07:53.087308,77,0.24,Completed
5132,450.0,46,2025-11-08 11:35:18.091809,9,0.12,Completed
5133,425.0,23,2025-11-08 13:02:43.096309,21,0.2,Completed
5134,429.0,35,2025-11-08 14:30:08.100810,72,0.03,Completed
5135,271.0,39,2025-11-08 15:57:33.105310,81,0.27,Completed
5136,387.0,15,2025-11-08 17:24:58.109810,16,0.13,Completed
5137,139.0,24,2025-11-08 18:52:23.114311,16,0.28,Completed
5138,181.0,28,2025-11-08 20:19:48.118811,28,0.21,Completed
5139,430.0,16,2025-11-08 21:47:13.123312,51,0.04,Completed
5140,30.0,16,2025-11-08 23:14:38.127812,56,0.17,Completed
5141,57.0,40,2025-11-09 00:42:03.132313,80,0.27,Completed
5142,232.0,39,2025-11-09 02:09:28.136813,57,0.24,Pending
5143,146.0,6,2025-11-09 03:36:53.141314,52,0.13,Completed
5144,435.0,2,2025-11-09 05:04:18.145814,46,0.29,Pending
5145,384.0,13,2025-11-09 06:31:43.150315,78,0.08,Completed
5146,48.0,44,2025-11-09 07:59:08.154815,38,0.11,Completed
5147,194.0,47,2025-11-09 09:26:33.159315,84,0.22,Completed
5148,224.0,9,2025-11-09 10:53:58.163816,48,0.07,Completed
5149,136.0,34,2025-11-09 12:21:23.168316,41,0.15,Completed
5150,22.0,17,2025-11-09 13:48:48.172817,98,0.22,Completed
5151,6.0,27,2025-11-09 15:16:13.177317,59,0.19,Completed
5152,204.0,29,2025-11-09 16:43:38.181818,93,0.05,Completed
5153,239.0,37,2025-11-09 18:11:03.186318,67,0.19,Completed
5154,185.0,43,2025-11-09 19:38:28.190819,74,0.17,Completed
5155,360.0,22,2025-11-09 21:05:53.195319,84,0.17,Completed
5156,292.0,24,2025-11-09 22:33:18.199819,66,0.25,Completed
5157,335.0,7,2025-11-10 00:00:43.204320,27,0.06,Completed
5158,220.0,34,2025-11-10 01:28:08.208820,32,0.23,Completed
5159,116.0,48,2025-11-10 02:55:33.213321,56,0.23,Completed
5160,313.0,12,2025-11-10 04:22:58.217821,10,0.22,Cancelled
5161,49.0,23,2025-11-10 05:50:23.222322,40,0.15,Completed
5162,173.0,15,2025-11-10 07:17:48.226822,17,0.12,Completed
5163,82.0,33,2025-11-10 08:45:13.231323,58,0.12,Completed
5164,322.0,13,2025-11-10 10:12:38.235823,97,0.22,Completed
5165,333.0,23,2025-11-10 11:40:03.240324,6,0.15,Completed
5166,45.0,38,2025-11-10 13:07:28.244824,39,0.1,Completed
5167,335.0,32,2025-11-10 14:34:53.249324,18,0.19,Completed
5168,20.0,45,2025-11-10 16:02:18.253825,73,0.25,Completed
5169,448.0,50,2025-11-10 17:29:43.258325,72,0.02,Completed
5170,221.0,35,2025-11-10 18:57:08.262826,89,0.29,Completed
5171,123.0,1,2025-11-10 20:24:33.267326,95,0.03,Pending
5172,234.0,47,2025-11-10 21:51:58.271827,42,0.15,Completed
5173,221.0,45,2025-11-10 23:19:23.276327,4,0.17,Completed
5174,323.0,5,2025-11-11 00:46:48.280828,20,0.04,Completed
5175,339.0,13,2025-11-11 02:14:13.285328,28,0.27,Completed
5176,3.0,5,2025-11-11 03:41:38.289828,40,0.14,Completed
5177,182.0,32,2025-11-11 05:09:03.294329,65,0.04,Completed
5178,206.0,21,2025-11-11 06:36:28.298829,44,0.21,Pending
5179,320.0,24,2025-11-11 08:03:53.303330,23,0.2,Completed
5180,40.0,18,2025-11-11 09:31:18.307830,57,0.29,Completed
5181,59.0,21,2025-11-11 10:58:43.312331,47,0.13,Pending
5182,439.0,10,2025-11-11 12:26:08.316831,13,0.08,Cancelled
5183,62.0,24,2025-11-11 13:53:33.321332,16,0.02,Completed
5184,132.0,40,2025-11-11 15:20:58.325832,90,0.22,Completed
5185,60.0,47,2025-11-11 16:48:23.330333,55,0.19,Pending
5186,372.0,21,2025-11-11 18:15:48.334833,95,0.29,Pending
5187,331.0,25,2025-11-11 19:43:13.339333,65,0.21,Completed
5188,122.0,23,2025-11-11 21:10:38.343834,81,0.28,Completed
5189,479.0,22,2025-11-11 22:38:03.348334,16,0.3,Completed
5190,107.0,4,2025-11-12 00:05:28.352835,37,0.13,Completed
5191,96.0,34,2025-11-12 01:32:53.357335,52,0.05,Completed
5192,347.0,6,2025-11-12 03:00:18.361836,10,0.06,Completed
5193,414.0,28,2025-11-12 04:27:43.366336,38,0.1,Completed
5194,235.0,31,2025-11-12 05:55:08.370837,44,0.15,Completed
5195,386.0,35,2025-11-12 07:22:33.375337,95,0.04,Completed
5196,62.0,39,2025-11-12 08:49:58.379837,74,0.09,Completed
5197,256.0,42,2025-11-12 10:17:23.384338,54,0.09,Completed
5198,49.0,23,2025-11-12 11:44:48.388838,98,0.0,Completed
5199,393.0,6,2025-11-12 13:12:13.393339,51,0.11,Pending
5200,348.0,16,2025-11-12 14:39:38.397839,52,0.03,Completed
5201,159.0,2,2025-11-12 16:07:03.402340,70,0.13,Completed
5202,124.0,24,2025-11-12 17:34:28.406840,92,0.06,Completed
5203,482.0,17,2025-11-12 19:01:53.411341,92,0.25,Pending
5204,317.0,45,2025-11-12 20:29:18.415841,59,0.02,Completed
5205,207.0,1,2025-11-12 21:56:43.420342,13,0.26,Completed
5206,48.0,6,2025-11-12 23:24:08.424842,41,0.17,Completed
5207,409.0,5,2025-11-13 00:51:33.429342,12,0.14,Completed
5208,420.0,45,2025-11-13 02:18:58.433843,50,0.16,Completed
5209,136.0,50,2025-11-13 03:46:23.438343,57,0.11,Completed
5210,201.0,29,2025-11-13 05:13:48.442844,50,0.04,Completed
5211,250.0,12,2025-11-13 06:41:13.447344,57,0.23,Completed
5212,314.0,39,2025-11-13 08:08:38.451845,54,0.28,Completed
5213,357.0,47,2025-11-13 09:36:03.456345,66,0.29,Completed
5214,368.0,3,2025-11-13 11:03:28.460846,8,0.2,Completed
5215,429.0,48,2025-11-13 12:30:53.465346,63,0.12,Completed
5216,318.0,1,2025-11-13 13:58:18.469846,9,0.14,Cancelled
5217,295.0,27,2025-11-13 15:25:43.474347,60,0.2,Completed
5218,480.0,48,2025-11-13 16:53:08.478847,63,0.25,Completed
5219,314.0,24,2025-11-13 18:20:33.483348,72,0.11,Completed
5220,500.0,44,2025-11-13 19:47:58.487848,3,0.28,Completed
5221,209.0,19,2025-11-13 21:15:23.492349,73,0.1,Cancelled
5222,355.0,8,2025-11-13 22:42:48.496849,13,0.16,Completed
5223,485.0,44,2025-11-14 00:10:13.501350,9,0.29,Pending
5224,211.0,47,2025-11-14 01:37:38.505850,95,0.28,Completed
5225,192.0,2,2025-11-14 03:05:03.510351,89,0.21,Completed
5226,44.0,30,2025-11-14 04:32:28.514851,52,0.1,Pending
5227,29.0,30,2025-11-14 05:59:53.519351,62,0.07,Completed
5228,59.0,49,2025-11-14 07:27:18.523852,8,0.02,Completed
5229,71.0,39,2025-11-14 08:54:43.528352,95,0.21,Cancelled
5230,92.0,45,2025-11-14 10:22:08.532853,45,0.15,Completed
5231,265.0,32,2025-11-14 11:49:33.537353,53,0.17,Completed
5232,383.0,1,2025-11-14 13:16:58.541854,63,0.14,Completed
5233,220.0,38,2025-11-14 14:44:23.546354,95,0.14,Completed
5234,390.0,13,2025-11-14 16:11:48.550855,81,0.17,Completed
5235,413.0,11,2025-11-14 17:39:13.555355,57,0.27,Completed
5236,442.0,10,2025-11-14 19:06:38.559855,54,0.01,Completed
5237,401.0,48,2025-11-14 20:34:03.564356,19,0.24,Pending
5238,400.0,26,2025-11-14 22:01:28.568856,67,0.12,Completed
5239,215.0,20,2025-11-14 23:28:53.573357,46,0.22,Completed
5240,479.0,17,2025-11-15 00:56:18.577857,94,0.28,Completed
5241,387.0,17,2025-11-15 02:23:43.582358,10,0.09,Completed
5242,277.0,4,2025-11-15 03:51:08.586858,93,0.03,Completed
5243,64.0,5,2025-11-15 05:18:33.591359,18,0.07,Completed
5244,346.0,23,2025-11-15 06:45:58.595859,12,0.07,Completed
5245,292.0,46,2025-11-15 08:13:23.600360,49,0.22,Completed
5246,490.0,10,2025-11-15 09:40:48.604860,23,0.02,Completed
5247,485.0,46,2025-11-15 11:08:13.609360,62,0.02,Completed
5248,245.0,28,2025-11-15 12:35:38.613861,11,0.21,Completed
5249,470.0,33,2025-11-15 14:03:03.618361,73,0.17,Completed
5250,62.0,43,2025-11-15 15:30:28.622862,56,0.13,Completed
5251,426.0,26,2025-11-15 16:57:53.627362,88,0.17,Completed
5252,332.0,50,2025-11-15 18:25:18.631863,89,0.22,Pending
5253,170.0,48,2025-11-15 19:52:43.636363,55,0.03,Cancelled
5254,445.0,29,2025-11-15 21:20:08.640864,25,0.17,Completed
5255,269.0,27,2025-11-15 22:47:33.645364,9,0.25,Completed
5256,267.0,18,2025-11-16 00:14:58.649864,12,0.11,Completed
5257,54.0,40,2025-11-16 01:42:23.654365,11,0.23,Completed
5258,16.0,10,2025-11-16 03:09:48.658865,38,0.25,Completed
5259,8.0,42,2025-11-16 04:37:13.663366,28,0.25,Cancelled
5260,104.0,5,2025-11-16 06:04:38.667866,8,0.2,Completed
5261,59.0,10,2025-11-16 07:32:03.672367,74,0.22,Completed
5262,313.0,50,2025-11-16 08:59:28.676867,89,0.24,Cancelled
5263,40.0,21,2025-11-16 10:26:53.681368,47,0.22,Pending
5264,237.0,24,2025-11-16 11:54:18.685868,36,0.14,Completed
5265,443.0,38,2025-11-16 13:21:43.690369,50,0.05,Completed
5266,386.0,3,2025-11-16 14:49:08.694869,9,0.09,Completed
5267,94.0,40,2025-11-16 16:16:33.699369,60,0.06,Completed
5268,222.0,31,2025-11-16 17:43:58.703870,72,0.11,Completed
5269,204.0,41,2025-11-16 19:11:23.708370,67,0.15,Completed
5270,138.0,37,2025-11-16 20:38:48.712871,53,0.29,Completed
5271,300.0,2,2025-11-16 22:06:13.717371,82,0.29,Completed
5272,395.0,2,2025-11-16 23:33:38.721872,99,0.23,Completed
5273,207.0,39,2025-11-17 01:01:03.726372,17,0.29,Completed
5274,336.0,49,2025-11-17 02:28:28.730873,100,0.3,Cancelled
5275,81.0,42,2025-11-17 03:55:53.735373,53,0.27,Completed
5276,218.0,44,2025-11-17 05:23:18.739873,28,0.02,Completed
5277,2.0,34,2025-11-17 06:50:43.744374,63,0.13,Completed
5278,178.0,42,2025-11-17 08:18:08.748874,15,0.16,Completed
5279,396.0,20,2025-11-17 09:45:33.753375,19,0.04,Completed
5280,371.0,33,2025-11-17 11:12:58.757875,86,0.24,Completed
5281,346.0,4,2025-11-17 12:40:23.762376,70,0.04,Completed
5282,279.0,45,2025-11-17 14:07:48.766876,47,0.11,Completed
5283,146.0,44,2025-11-17 15:35:13.771377,71,0.02,Pending
5284,318.0,11,2025-11-17 17:02:38.775877,48,0.16,Pending
5285,224.0,42,2025-11-17 18:30:03.780378,73,0.18,Completed
5286,369.0,47,2025-11-17 19:57:28.784878,20,0.22,Completed
5287,384.0,5,2025-11-17 21:24:53.789378,37,0.1,Completed
5288,62.0,25,2025-11-17 22:52:18.793879,75,0.18,Completed
5289,294.0,49,2025-11-18 00:19:43.798379,2,0.22,Completed
5290,239.0,37,2025-11-18 01:47:08.802880,64,0.23,Completed
5291,195.0,34,2025-11-18 03:14:33.807380,86,0.09,Pending
5292,166.0,9,2025-11-18 04:41:58.811881,36,0.02,Completed
5293,451.0,6,2025-11-18 06:09:23.816381,5,0.01,Cancelled
5294,222.0,18,2025-11-18 07:36:48.820882,64,0.23,Completed
5295,61.0,14,2025-11-18 09:04:13.825382,7,0.12,Completed
5296,129.0,19,2025-11-18 10:31:38.829882,70,0.04,Completed
5297,478.0,14,2025-11-18 11:59:03.834383,22,0.06,Pending
5298,173.0,40,2025-11-18 13:26:28.838883,74,0.23,Completed
5299,480.0,17,2025-11-18 14:53:53.843384,46,0.18,Completed
5300,156.0,35,2025-11-18 16:21:18.847884,40,0.15,Completed
5301,405.0,29,2025-11-18 17:48:43.852385,61,0.19,Completed
5302,378.0,42,2025-11-18 19:16:08.856885,46,0.04,Completed
5303,110.0,17,2025-11-18 20:43:33.861386,84,0.1,Completed
5304,269.0,43,2025-11-18 22:10:58.865886,28,0.11,Completed
5305,411.0,8,2025-11-18 23:38:23.870387,87,0.09,Completed
5306,356.0,1,2025-11-19 01:05:48.874887,35,0.26,Completed
5307,391.0,45,2025-11-19 02:33:13.879387,1,0.17,Completed
5308,278.0,36,2025-11-19 04:00:38.883888,29,0.22,Completed
5309,74.0,7,2025-11-19 05:28:03.888388,9,0.07,Completed
5310,487.0,46,2025-11-19 06:55:28.892889,9,0.08,Completed
5311,437.0,5,2025-11-19 08:22:53.897389,22,0.07,Completed
5312,463.0,24,2025-11-19 09:50:18.901890,63,0.21,Completed
5313,207.0,28,2025-11-19 11:17:43.906390,66,0.1,Completed
5314,388.0,43,2025-11-19 12:45:08.910891,80,0.12,Pending
5315,480.0,17,2025-11-19 14:12:33.915391,58,0.21,Completed
5316,279.0,37,2025-11-19 15:39:58.919891,70,0.29,Pending
5317,375.0,20,2025-11-19 17:07:23.924392,55,0.05,Completed
5318,326.0,3,2025-11-19 18:34:48.928892,13,0.02,Completed
5319,472.0,37,2025-11-19 20:02:13.933393,97,0.06,Completed
5320,340.0,26,2025-11-19 21:29:38.937893,19,0.22,Completed
5321,357.0,15,2025-11-19 22:57:03.942394,79,0.06,Completed
5322,340.0,48,2025-11-20 00:24:28.946894,33,0.18,Completed
5323,204.0,8,2025-11-20 01:51:53.951395,74,0.18,Completed
5324,161.0,13,2025-11-20 03:19:18.955895,65,0.09,Completed
5325,28.0,48,2025-11-20 04:46:43.960396,60,0.02,Completed
5326,392.0,3,2025-11-20 06:14:08.964896,12,0.12,Completed
5327,257.0,1,2025-11-20 07:41:33.969396,43,0.06,Completed
5328,165.0,9,2025-11-20 09:08:58.973897,93,0.06,Completed
5329,63.0,31,2025-11-20 10:36:23.978397,17,0.16,Completed
5330,22.0,41,2025-11-20 12:03:48.982898,68,0.2,Completed
5331,70.0,26,2025-11-20 13:31:13.987398,29,0.02,Completed
5332,381.0,17,2025-11-20 14:58:38.991899,55,0.17,Completed
5333,405.0,34,2025-11-20 16:26:03.996399,7,0.07,Completed
5334,96.0,9,2025-11-20 17:53:29.000900,44,0.2,Completed
5335,163.0,13,2025-11-20 19:20:54.005400,77,0.24,Completed
5336,79.0,5,2025-11-20 20:48:19.009900,5,0.24,Completed
5337,5.0,41,2025-11-20 22:15:44.014401,60,0.11,Completed
5338,316.0,13,2025-11-20 23:43:09.018901,6,0.17,Completed
5339,120.0,1,2025-11-21 01:10:34.023402,98,0.24,Completed
5340,302.0,25,2025-11-21 02:37:59.027902,7,0.02,Completed
5341,178.0,47,2025-11-21 04:05:24.032403,46,0.18,Completed
5342,176.0,4,2025-11-21 05:32:49.036903,57,0.25,Pending
5343,390.0,36,2025-11-21 07:00:14.041404,54,0.11,Completed
5344,217.0,10,2025-11-21 08:27:39.045904,92,0.14,Completed
5345,56.0,28,2025-11-21 09:55:04.050405,46,0.21,Completed
5346,366.0,6,2025-11-21 11:22:29.054905,10,0.02,Completed
5347,187.0,27,2025-11-21 12:49:54.059405,4,0.12,Completed
5348,232.0,12,2025-11-21 14:17:19.063906,67,0.09,Completed
5349,255.0,48,2025-11-21 15:44:44.068406,25,0.01,Completed
5350,413.0,3,2025-11-21 17:12:09.072907,87,0.06,Pending
5351,455.0,46,2025-11-21 18:39:34.077407,91,0.12,Completed
5352,104.0,33,2025-11-21 20:06:59.081908,78,0.06,Completed
5353,77.0,10,2025-11-21 21:34:24.086408,61,0.18,Pending
5354,230.0,31,2025-11-21 23:01:49.090909,38,0.13,Pending
5355,402.0,15,2025-11-22 00:29:14.095409,32,0.01,Completed
5356,258.0,7,2025-11-22 01:56:39.099909,23,0.08,Pending
5357,264.0,36,2025-11-22 03:24:04.104410,37,0.01,Cancelled
5358,331.0,14,2025-11-22 04:51:29.108910,3,0.11,Pending
5359,481.0,48,2025-11-22 06:18:54.113411,99,0.08,Completed
5360,182.0,14,2025-11-22 07:46:19.117911,13,0.21,Completed
5361,381.0,3,2025-11-22 09:13:44.122412,34,0.09,Completed
5362,256.0,49,2025-11-22 10:41:09.126912,88,0.11,Pending
5363,38.0,46,2025-11-22 12:08:34.131413,65,0.22,Completed
5364,176.0,50,2025-11-22 13:35:59.135913,76,0.14,Completed
5365,27.0,3,2025-11-22 15:03:24.140414,8,0.17,Completed
5366,276.0,22,2025-11-22 16:30:49.144914,83,0.25,Completed
5367,140.0,19,2025-11-22 17:58:14.149414,9,0.06,Completed
5368,299.0,35,2025-11-22 19:25:39.153915,28,0.3,Completed
5369,445.0,12,2025-11-22 20:53:04.158415,78,0.27,Completed
5370,287.0,5,2025-11-22 22:20:29.162916,91,0.09,Completed
5371,91.0,10,2025-11-22 23:47:54.167416,18,0.27,Completed
5372,480.0,41,2025-11-23 01:15:19.171917,42,0.23,Cancelled
5373,61.0,33,2025-11-23 02:42:44.176417,41,0.28,Completed
5374,458.0,13,2025-11-23 04:10:09.180918,70,0.21,Completed
5375,451.0,35,2025-11-23 05:37:34.185418,33,0.2,Cancelled
5376,365.0,32,2025-11-23 07:04:59.189918,89,0.0,Completed
5377,347.0,11,2025-11-23 08:32:24.194419,77,0.14,Completed
5378,163.0,48,2025-11-23 09:59:49.198919,54,0.06,Completed
5379,351.0,38,2025-11-23 11:27:14.203420,87,0.1,Completed
5380,143.0,24,2025-11-23 12:54:39.207920,36,0.29,Completed
5381,400.0,35,2025-11-23 14:22:04.212421,97,0.03,Completed
5382,253.0,19,2025-11-23 15:49:29.216921,85,0.22,Completed
5383,269.0,6,2025-11-23 17:16:54.221422,98,0.05,Completed
5384,369.0,40,2025-11-23 18:44:19.225922,56,0.0,Completed
5385,291.0,45,2025-11-23 20:11:44.230423,100,0.15,Completed
5386,500.0,44,2025-11-23 21:39:09.234923,17,0.05,Completed
5387,459.0,42,2025-11-23 23:06:34.239423,10,0.29,Completed
5388,187.0,35,2025-11-24 00:33:59.243924,87,0.06,Completed
5389,405.0,4,2025-11-24 02:01:24.248424,44,0.06,Completed
5390,499.0,33,2025-11-24 03:28:49.252925,2,0.01,Completed
5391,438.0,13,2025-11-24 04:56:14.257425,99,0.1,Cancelled
5392,459.0,36,2025-11-24 06:23:39.261926,14,0.01,Pending
5393,414.0,43,2025-11-24 07:51:04.266426,41,0.15,Pending
5394,304.0,19,2025-11-24 09:18:29.270927,2,0.15,Completed
5395,291.0,43,2025-11-24 10:45:54.275427,19,0.02,Completed
5396,86.0,12,2025-11-24 12:13:19.279927,80,0.07,Completed
5397,166.0,11,2025-11-24 13:40:44.284428,89,0.25,Completed
5398,415.0,6,2025-11-24 15:08:09.288928,1,0.14,Completed
5399,462.0,12,2025-11-24 16:35:34.293429,2,0.13,Completed
5400,408.0,27,2025-11-24 18:02:59.297929,27,0.21,Completed
5401,114.0,41,2025-11-24 19:30:24.302430,2,0.21,Completed
5402,433.0,25,2025-11-24 20:57:49.306930,94,0.23,Completed
5403,480.0,42,2025-11-24 22:25:14.311431,51,0.25,Pending
5404,356.0,3,2025-11-24 23:52:39.315931,10,0.07,Completed
5405,416.0,3,2025-11-25 01:20:04.320432,19,0.02,Completed
5406,183.0,20,2025-11-25 02:47:29.324932,80,0.11,Completed
5407,207.0,28,2025-11-25 04:14:54.329432,13,0.26,Completed
5408,256.0,23,2025-11-25 05:42:19.333933,48,0.02,Completed
5409,235.0,48,2025-11-25 07:09:44.338433,56,0.17,Completed
5410,442.0,3,2025-11-25 08:37:09.342934,72,0.21,Completed
5411,355.0,42,2025-11-25 10:04:34.347434,56,0.14,Cancelled
5412,3.0,24,2025-11-25 11:31:59.351935,50,0.08,Completed
5413,208.0,43,2025-11-25 12:59:24.356435,95,0.1,Completed
5414,197.0,40,2025-11-25 14:26:49.360936,45,0.02,Cancelled
5415,341.0,6,2025-11-25 15:54:14.365436,89,0.09,Completed
5416,125.0,20,2025-11-25 17:21:39.369936,59,0.01,Completed
5417,138.0,11,2025-11-25 18:49:04.374437,39,0.22,Pending
5418,339.0,32,2025-11-25 20:16:29.378937,21,0.27,Completed
5419,25.0,27,2025-11-25 21:43:54.383438,55,0.19,Completed
5420,68.0,21,2025-11-25 23:11:19.387938,57,0.2,Completed
5421,61.0,44,2025-11-26 00:38:44.392439,41,0.14,Pending
5422,29.0,48,2025-11-26 02:06:09.396939,93,0.05,Completed
5423,383.0,50,2025-11-26 03:33:34.401440,70,0.0,Completed
5424,19.0,13,2025-11-26 05:00:59.405940,82,0.1,Completed
5425,171.0,22,2025-11-26 06:28:24.410441,49,0.23,Completed
5426,450.0,35,2025-11-26 07:55:49.414941,44,0.29,Completed
5427,74.0,47,2025-11-26 09:23:14.419441,35,0.13,Cancelled
5428,61.0,22,2025-11-26 10:50:39.423942,91,0.11,Completed
5429,427.0,28,2025-11-26 12:18:04.428442,5,0.13,Completed
5430,153.0,21,2025-11-26 13:45:29.432943,71,0.13,Completed
5431,276.0,46,2025-11-26 15:12:54.437443,74,0.19,Completed
5432,48.0,18,2025-11-26 16:40:19.441944,74,0.22,Completed
5433,211.0,31,2025-11-26 18:07:44.446444,51,0.24,Completed
5434,343.0,46,2025-11-26 19:35:09.450945,57,0.19,Completed
5435,408.0,37,2025-11-26 21:02:34.455445,58,0.13,Completed
5436,139.0,21,2025-11-26 22:29:59.459945,92,0.29,Completed
5437,110.0,14,2025-11-26 23:57:24.464446,36,0.21,Completed
5438,482.0,25,2025-11-27 01:24:49.468946,10,0.13,Completed
5439,183.0,27,2025-11-27 02:52:14.473447,50,0.13,Completed
5440,28.0,40,2025-11-27 04:19:39.477947,99,0.25,Completed
5441,197.0,23,2025-11-27 05:47:04.482448,99,0.13,Completed
5442,191.0,31,2025-11-27 07:14:29.486948,37,0.15,Completed
5443,315.0,47,2025-11-27 08:41:54.491449,20,0.09,Completed
5444,389.0,29,2025-11-27 10:09:19.495949,13,0.25,Completed
5445,51.0,47,2025-11-27 11:36:44.500450,75,0.16,Completed
5446,149.0,30,2025-11-27 13:04:09.504950,19,0.17,Completed
5447,268.0,26,2025-11-27 14:31:34.509450,92,0.26,Completed
5448,50.0,20,2025-11-27 15:58:59.513951,56,0.28,Completed
5449,388.0,38,2025-11-27 17:26:24.518451,45,0.25,Completed
5450,246.0,19,2025-11-27 18:53:49.522952,60,0.02,Pending
5451,113.0,27,2025-11-27 20:21:14.527452,68,0.13,Completed
5452,170.0,25,2025-11-27 21:48:39.531953,57,0.1,Completed
5453,468.0,40,2025-11-27 23:16:04.536453,54,0.06,Completed
5454,166.0,38,2025-11-28 00:43:29.540954,37,0.27,Completed
5455,409.0,23,2025-11-28 02:10:54.545454,83,0.27,Completed
5456,14.0,29,2025-11-28 03:38:19.549954,37,0.14,Completed
5457,203.0,15,2025-11-28 05:05:44.554455,14,0.04,Pending
5458,288.0,3,2025-11-28 06:33:09.558955,95,0.0,Completed
5459,395.0,10,2025-11-28 08:00:34.563456,92,0.13,Completed
5460,189.0,15,2025-11-28 09:27:59.567956,100,0.01,Completed
5461,402.0,16,2025-11-28 10:55:24.572457,44,0.18,Completed
5462,155.0,17,2025-11-28 12:22:49.576957,83,0.18,Completed
5463,55.0,19,2025-11-28 13:50:14.581458,42,0.27,Completed
5464,182.0,11,2025-11-28 15:17:39.585958,1,0.06,Completed
5465,210.0,48,2025-11-28 16:45:04.590459,23,0.11,Completed
5466,376.0,5,2025-11-28 18:12:29.594959,64,0.26,Pending
5467,471.0,5,2025-11-28 19:39:54.599459,28,0.14,Completed
5468,75.0,14,2025-11-28 21:07:19.603960,4,0.02,Completed
5469,277.0,50,2025-11-28 22:34:44.608460,41,0.03,Completed
5470,428.0,26,2025-11-29 00:02:09.612961,60,0.24,Completed
5471,133.0,8,2025-11-29 01:29:34.617461,18,0.22,Completed
5472,343.0,5,2025-11-29 02:56:59.621962,63,0.26,Completed
5473,425.0,7,2025-11-29 04:24:24.626462,61,0.04,Cancelled
5474,59.0,16,2025-11-29 05:51:49.630963,49,0.23,Completed
5475,345.0,14,2025-11-29 07:19:14.635463,47,0.2,Completed
5476,489.0,37,2025-11-29 08:46:39.639963,39,0.07,Pending
5477,182.0,41,2025-11-29 10:14:04.644464,89,0.29,Completed
5478,458.0,4,2025-11-29 11:41:29.648964,82,0.17,Completed
5479,406.0,36,2025-11-29 13:08:54.653465,6,0.27,Completed
5480,339.0,48,2025-11-29 14:36:19.657965,83,0.26,Completed
5481,321.0,17,2025-11-29 16:03:44.662466,53,0.1,Cancelled
5482,64.0,47,2025-11-29 17:31:09.666966,76,0.16,Completed
5483,327.0,36,2025-11-29 18:58:34.671467,25,0.13,Completed
5484,260.0,6,2025-11-29 20:25:59.675967,99,0.21,Completed
5485,193.0,16,2025-11-29 21:53:24.680468,65,0.18,Completed
5486,143.0,29,2025-11-29 23:20:49.684968,5,0.24,Completed
5487,104.0,36,2025-11-30 00:48:14.689468,65,0.0,Completed
5488,460.0,38,2025-11-30 02:15:39.693969,8,0.21,Completed
5489,406.0,37,2025-11-30 03:43:04.698469,39,0.1,Cancelled
5490,214.0,48,2025-11-30 05:10:29.702970,43,0.07,Completed
5491,242.0,48,2025-11-30 06:37:54.707470,82,0.24,Completed
5492,431.0,10,2025-11-30 08:05:19.711971,73,0.03,Pending
5493,209.0,41,2025-11-30 09:32:44.716471,5,0.07,Completed
5494,93.0,36,2025-11-30 11:00:09.720972,4,0.06,Completed
5495,430.0,29,2025-11-30 12:27:34.725472,93,0.13,Completed
5496,142.0,14,2025-11-30 13:54:59.729972,1,0.1,Completed
5497,434.0,4,2025-11-30 15:22:24.734473,94,0.22,Completed
5498,404.0,44,2025-11-30 16:49:49.738973,56,0.21,Pending
5499,434.0,42,2025-11-30 18:17:14.743474,45,0.1,Completed
5500,112.0,36,2025-11-30 19:44:39.747974,65,0.13,Completed
5501,417.0,50,2025-11-30 21:12:04.752475,3,0.06,Completed
5502,375.0,45,2025-11-30 22:39:29.756975,22,0.2,Pending
5503,59.0,13,2025-12-01 00:06:54.761476,72,0.12,Completed
5504,43.0,46,2025-12-01 01:34:19.765976,56,0.04,Completed
5505,207.0,18,2025-12-01 03:01:44.770477,18,0.04,Completed
5506,268.0,33,2025-12-01 04:29:09.774977,25,0.1,Completed
5507,296.0,21,2025-12-01 05:56:34.779477,48,0.22,Completed
5508,118.0,16,2025-12-01 07:23:59.783978,84,0.01,Completed
5509,20.0,15,2025-12-01 08:51:24.788478,31,0.08,Completed
5510,222.0,5,2025-12-01 10:18:49.792979,30,0.05,Completed
5511,166.0,6,2025-12-01 11:46:14.797479,80,0.29,Completed
5512,131.0,38,2025-12-01 13:13:39.801980,66,0.21,Cancelled
5513,156.0,3,2025-12-01 14:41:04.806480,81,0.07,Completed
5514,184.0,48,2025-12-01 16:08:29.810981,10,0.06,Completed
5515,90.0,12,2025-12-01 17:35:54.815481,71,0.26,Pending
5516,94.0,36,2025-12-01 19:03:19.819981,59,0.06,Completed
5517,13.0,33,2025-12-01 20:30:44.824482,51,0.3,Completed
5518,461.0,36,2025-12-01 21:58:09.828982,9,0.08,Completed
5519,322.0,33,2025-12-01 23:25:34.833483,54,0.03,Cancelled
5520,293.0,31,2025-12-02 00:52:59.837983,62,0.21,Completed
5521,433.0,21,2025-12-02 02:20:24.842484,81,0.18,Completed
5522,230.0,27,2025-12-02 03:47:49.846984,9,0.3,Completed
5523,322.0,27,2025-12-02 05:15:14.851485,9,0.24,Completed
5524,292.0,8,2025-12-02 06:42:39.855985,24,0.13,Completed
5525,438.0,37,2025-12-02 08:10:04.860486,39,0.2,Cancelled
5526,26.0,32,2025-12-02 09:37:29.864986,75,0.25,Completed
5527,75.0,26,2025-12-02 11:04:54.869486,8,0.15,Completed
5528,456.0,2,2025-12-02 12:32:19.873987,25,0.08,Completed
5529,364.0,12,2025-12-02 13:59:44.878487,66,0.06,Completed
5530,424.0,22,2025-12-02 15:27:09.882988,10,0.09,Completed
5531,299.0,17,2025-12-02 16:54:34.887488,24,0.25,Completed
5532,150.0,7,2025-12-02 18:21:59.891989,80,0.11,Pending
5533,148.0,43,2025-12-02 19:49:24.896489,83,0.09,Completed
5534,8.0,4,2025-12-02 21:16:49.900990,59,0.24,Pending
5535,29.0,37,2025-12-02 22:44:14.905490,31,0.01,Completed
5536,296.0,38,2025-12-03 00:11:39.909990,11,0.18,Cancelled
5537,474.0,32,2025-12-03 01:39:04.914491,6,0.26,Pending
5538,414.0,11,2025-12-03 03:06:29.918991,70,0.12,Completed
5539,209.0,1,2025-12-03 04:33:54.923492,32,0.08,Completed
5540,128.0,25,2025-12-03 06:01:19.927992,39,0.15,Pending
5541,340.0,42,2025-12-03 07:28:44.932493,48,0.22,Completed
5542,116.0,24,2025-12-03 08:56:09.936993,13,0.15,Completed
5543,439.0,43,2025-12-03 10:23:34.941494,59,0.0,Completed
5544,144.0,17,2025-12-03 11:50:59.945994,67,0.02,Completed
5545,430.0,8,2025-12-03 13:18:24.950495,56,0.22,Completed
5546,318.0,45,2025-12-03 14:45:49.954995,41,0.12,Completed
5547,235.0,27,2025-12-03 16:13:14.959495,56,0.24,Completed
5548,7.0,18,2025-12-03 17:40:39.963996,35,0.19,Completed
5549,464.0,27,2025-12-03 19:08:04.968496,38,0.17,Completed
5550,45.0,22,2025-12-03 20:35:29.972997,81,0.27,Pending
5551,443.0,16,2025-12-03 22:02:54.977497,67,0.01,Completed
5552,239.0,2,2025-12-03 23:30:19.981998,34,0.05,Completed
5553,440.0,5,2025-12-04 00:57:44.986498,76,0.19,Completed
5554,432.0,18,2025-12-04 02:25:09.990999,88,0.02,Completed
5555,155.0,3,2025-12-04 03:52:34.995499,70,0.19,Pending
5556,181.0,27,2025-12-04 05:19:59.999999,11,0.3,Completed
5557,215.0,17,2025-12-04 06:47:25.004500,27,0.26,Completed
5558,88.0,16,2025-12-04 08:14:50.009000,48,0.18,Completed
5559,256.0,6,2025-12-04 09:42:15.013501,24,0.27,Pending
5560,73.0,7,2025-12-04 11:09:40.018001,18,0.03,Completed
5561,419.0,50,2025-12-04 12:37:05.022502,27,0.14,Completed
5562,179.0,14,2025-12-04 14:04:30.027002,54,0.13,Completed
5563,212.0,38,2025-12-04 15:31:55.031503,55,0.1,Completed
5564,293.0,40,2025-12-04 16:59:20.036003,21,0.0,Completed
5565,234.0,15,2025-12-04 18:26:45.040504,59,0.27,Completed
5566,465.0,47,2025-12-04 19:54:10.045004,34,0.23,Completed
5567,239.0,47,2025-12-04 21:21:35.049504,97,0.2,Completed
5568,223.0,48,2025-12-04 22:49:00.054005,58,0.04,Completed
5569,119.0,33,2025-12-05 00:16:25.058505,48,0.11,Completed
5570,313.0,43,2025-12-05 01:43:50.063006,54,0.28,Completed
5571,264.0,27,2025-12-05 03:11:15.067506,18,0.19,Completed
5572,207.0,29,2025-12-05 04:38:40.072007,3,0.18,Completed
5573,95.0,37,2025-12-05 06:06:05.076507,24,0.27,Pending
5574,373.0,5,2025-12-05 07:33:30.081008,1,0.17,Completed
5575,222.0,29,2025-12-05 09:00:55.085508,6,0.18,Pending
5576,366.0,32,2025-12-05 10:28:20.090009,19,0.1,Completed
5577,276.0,6,2025-12-05 11:55:45.094509,86,0.11,Pending
5578,380.0,2,2025-12-05 13:23:10.099009,43,0.21,Completed
5579,231.0,6,2025-12-05 14:50:35.103510,8,0.1,Completed
5580,309.0,46,2025-12-05 16:18:00.108010,69,0.17,Completed
5581,119.0,43,2025-12-05 17:45:25.112511,52,0.08,Completed
5582,268.0,4,2025-12-05 19:12:50.117011,73,0.05,Completed
5583,433.0,29,2025-12-05 20:40:15.121512,47,0.14,Completed
5584,273.0,25,2025-12-05 22:07:40.126012,85,0.07,Completed
5585,64.0,9,2025-12-05 23:35:05.130513,28,0.27,Completed
5586,298.0,3,2025-12-06 01:02:30.135013,46,0.09,Completed
5587,350.0,26,2025-12-06 02:29:55.139513,4,0.18,Completed
5588,413.0,48,2025-12-06 03:57:20.144014,88,0.08,Completed
5589,403.0,43,2025-12-06 05:24:45.148514,8,0.08,Cancelled
5590,494.0,27,2025-12-06 06:52:10.153015,61,0.11,Completed
5591,11.0,36,2025-12-06 08:19:35.157515,17,0.27,Completed
5592,98.0,32,2025-12-06 09:47:00.162016,34,0.12,Completed
5593,434.0,1,2025-12-06 11:14:25.166516,20,0.25,Completed
5594,71.0,16,2025-12-06 12:41:50.171017,80,0.06,Completed
5595,364.0,48,2025-12-06 14:09:15.175517,74,0.01,Completed
5596,58.0,11,2025-12-06 15:36:40.180018,34,0.23,Cancelled
5597,290.0,26,2025-12-06 17:04:05.184518,43,0.16,Completed
5598,251.0,40,2025-12-06 18:31:30.189018,10,0.15,Completed
5599,276.0,1,2025-12-06 19:58:55.193519,94,0.08,Completed
5600,50.0,26,2025-12-06 21:26:20.198019,30,0.02,Completed
5601,358.0,28,2025-12-06 22:53:45.202520,25,0.14,Completed
5602,216.0,9,2025-12-07 00:21:10.207020,57,0.26,Completed
5603,394.0,44,2025-12-07 01:48:35.211521,63,0.04,Completed
5604,416.0,22,2025-12-07 03:16:00.216021,71,0.28,Pending
5605,52.0,8,2025-12-07 04:43:25.220522,47,0.08,Completed
5606,271.0,49,2025-12-07 06:10:50.225022,84,0.16,Completed
5607,485.0,42,2025-12-07 07:38:15.229522,81,0.02,Cancelled
5608,84.0,27,2025-12-07 09:05:40.234023,3,0.13,Completed
5609,387.0,39,2025-12-07 10:33:05.238523,46,0.04,Completed
5610,293.0,19,2025-12-07 12:00:30.243024,36,0.01,Completed
5611,126.0,25,2025-12-07 13:27:55.247524,26,0.29,Completed
5612,296.0,38,2025-12-07 14:55:20.252025,10,0.22,Completed
5613,72.0,21,2025-12-07 16:22:45.256525,34,0.22,Pending
5614,296.0,24,2025-12-07 17:50:10.261026,78,0.03,Pending
5615,236.0,24,2025-12-07 19:17:35.265526,8,0.28,Completed
5616,56.0,19,2025-12-07 20:45:00.270027,55,0.14,Completed
5617,407.0,50,2025-12-07 22:12:25.274527,91,0.26,Completed
5618,360.0,47,2025-12-07 23:39:50.279027,10,0.0,Completed
5619,395.0,2,2025-12-08 01:07:15.283528,57,0.09,Completed
5620,110.0,14,2025-12-08 02:34:40.288028,79,0.3,Completed
5621,192.0,32,2025-12-08 04:02:05.292529,86,0.13,Completed
5622,392.0,42,2025-12-08 05:29:30.297029,45,0.27,Completed
5623,93.0,32,2025-12-08 06:56:55.301530,50,0.1,Completed
5624,350.0,28,2025-12-08 08:24:20.306030,64,0.16,Completed
5625,56.0,48,2025-12-08 09:51:45.310531,95,0.26,Completed
5626,60.0,39,2025-12-08 11:19:10.315031,2,0.18,Completed
5627,138.0,40,2025-12-08 12:46:35.319531,45,0.22,Completed
5628,39.0,42,2025-12-08 14:14:00.324032,95,0.07,Completed
5629,28.0,47,2025-12-08 15:41:25.328532,62,0.05,Completed
5630,49.0,40,2025-12-08 17:08:50.333033,14,0.07,Completed
5631,420.0,13,2025-12-08 18:36:15.337533,74,0.15,Pending
5632,125.0,12,2025-12-08 20:03:40.342034,94,0.24,Completed
5633,13.0,8,2025-12-08 21:31:05.346534,100,0.11,Completed
5634,480.0,15,2025-12-08 22:58:30.351035,15,0.17,Completed
5635,36.0,26,2025-12-09 00:25:55.355535,14,0.24,Completed
5636,101.0,12,2025-12-09 01:53:20.360036,31,0.07,Completed
5637,282.0,43,2025-12-09 03:20:45.364536,29,0.26,Completed
5638,86.0,46,2025-12-09 04:48:10.369036,27,0.29,Completed
5639,4.0,27,2025-12-09 06:15:35.373537,85,0.01,Completed
5640,223.0,18,2025-12-09 07:43:00.378037,9,0.02,Completed
5641,338.0,45,2025-12-09 09:10:25.382538,20,0.03,Completed
5642,448.0,36,2025-12-09 10:37:50.387038,99,0.23,Completed
5643,166.0,49,2025-12-09 12:05:15.391539,58,0.06,Completed
5644,383.0,27,2025-12-09 13:32:40.396039,79,0.22,Completed
5645,344.0,9,2025-12-09 15:00:05.400540,88,0.13,Completed
5646,383.0,39,2025-12-09 16:27:30.405040,49,0.25,Completed
5647,376.0,1,2025-12-09 17:54:55.409540,57,0.24,Pending
5648,471.0,7,2025-12-09 19:22:20.414041,16,0.29,Pending
5649,278.0,26,2025-12-09 20:49:45.418541,100,0.08,Completed
5650,130.0,7,2025-12-09 22:17:10.423042,75,0.07,Completed
5651,31.0,7,2025-12-09 23:44:35.427542,8,0.01,Completed
5652,375.0,8,2025-12-10 01:12:00.432043,67,0.12,Completed
5653,11.0,16,2025-12-10 02:39:25.436543,19,0.14,Completed
5654,476.0,3,2025-12-10 04:06:50.441044,67,0.29,Pending
5655,302.0,45,2025-12-10 05:34:15.445544,36,0.25,Completed
5656,96.0,10,2025-12-10 07:01:40.450045,89,0.05,Pending
5657,190.0,50,2025-12-10 08:29:05.454545,60,0.24,Completed
5658,453.0,7,2025-12-10 09:56:30.459045,36,0.05,Completed
5659,192.0,21,2025-12-10 11:23:55.463546,11,0.02,Completed
5660,486.0,37,2025-12-10 12:51:20.468046,51,0.25,Completed
5661,266.0,31,2025-12-10 14:18:45.472547,80,0.29,Completed
5662,424.0,23,2025-12-10 15:46:10.477047,55,0.03,Pending
5663,128.0,27,2025-12-10 17:13:35.481548,54,0.24,Pending
5664,238.0,22,2025-12-10 18:41:00.486048,17,0.26,Completed
5665,408.0,39,2025-12-10 20:08:25.490549,62,0.04,Completed
5666,355.0,27,2025-12-10 21:35:50.495049,42,0.08,Completed
5667,428.0,49,2025-12-10 23:03:15.499549,24,0.22,Pending
5668,112.0,4,2025-12-11 00:30:40.504050,17,0.24,Completed
5669,316.0,24,2025-12-11 01:58:05.508550,48,0.11,Completed
5670,446.0,23,2025-12-11 03:25:30.513051,84,0.05,Completed
5671,343.0,48,2025-12-11 04:52:55.517551,86,0.19,Cancelled
5672,145.0,19,2025-12-11 06:20:20.522052,70,0.21,Completed
5673,65.0,42,2025-12-11 07:47:45.526552,7,0.15,Pending
5674,247.0,3,2025-12-11 09:15:10.531053,14,0.04,Completed
5675,223.0,27,2025-12-11 10:42:35.535553,11,0.25,Completed
5676,479.0,3,2025-12-11 12:10:00.540054,12,0.19,Completed
5677,490.0,28,2025-12-11 13:37:25.544554,5,0.26,Completed
5678,313.0,17,2025-12-11 15:04:50.549054,5,0.28,Completed
5679,439.0,31,2025-12-11 16:32:15.553555,20,0.24,Completed
5680,106.0,10,2025-12-11 17:59:40.558055,54,0.29,Completed
5681,181.0,49,2025-12-11 19:27:05.562556,55,0.29,Completed
5682,184.0,22,2025-12-11 20:54:30.567056,58,0.19,Completed
5683,226.0,30,2025-12-11 22:21:55.571557,79,0.22,Completed
5684,265.0,49,2025-12-11 23:49:20.576057,90,0.21,Completed
5685,278.0,21,2025-12-12 01:16:45.580558,97,0.19,Completed
5686,397.0,36,2025-12-12 02:44:10.585058,30,0.01,Completed
5687,89.0,23,2025-12-12 04:11:35.589558,24,0.11,Completed
5688,176.0,38,2025-12-12 05:39:00.594059,87,0.03,Completed
5689,18.0,12,2025-12-12 07:06:25.598559,73,0.09,Completed
5690,371.0,25,2025-12-12 08:33:50.603060,3,0.02,Completed
5691,460.0,20,2025-12-12 10:01:15.607560,100,0.28,Completed
5692,424.0,49,2025-12-12 11:28:40.612061,48,0.14,Pending
5693,401.0,49,2025-12-12 12:56:05.616561,71,0.06,Pending
5694,399.0,42,2025-12-12 14:23:30.621062,22,0.18,Completed
5695,106.0,7,2025-12-12 15:50:55.625562,14,0.06,Completed
5696,271.0,29,2025-12-12 17:18:20.630063,48,0.24,Pending
5697,463.0,48,2025-12-12 18:45:45.634563,29,0.09,Completed
5698,319.0,29,2025-12-12 20:13:10.639063,50,0.09,Pending
5699,167.0,13,2025-12-12 21:40:35.643564,80,0.26,Pending
5700,13.0,3,2025-12-12 23:08:00.648064,98,0.17,Completed
5701,337.0,2,2025-12-13 00:35:25.652565,10,0.27,Completed
5702,32.0,16,2025-12-13 02:02:50.657065,71,0.12,Completed
5703,393.0,30,2025-12-13 03:30:15.661566,89,0.1,Completed
5704,40.0,38,2025-12-13 04:57:40.666066,27,0.15,Pending
5705,148.0,6,2025-12-13 06:25:05.670567,79,0.02,Cancelled
5706,218.0,45,2025-12-13 07:52:30.675067,96,0.05,Pending
5707,219.0,7,2025-12-13 09:19:55.679567,28,0.07,Completed
5708,469.0,5,2025-12-13 10:47:20.684068,9,0.25,Pending
5709,82.0,7,2025-12-13 12:14:45.688568,71,0.22,Pending
5710,333.0,34,2025-12-13 13:42:10.693069,80,0.06,Pending
5711,208.0,32,2025-12-13 15:09:35.697569,26,0.08,Pending
5712,201.0,49,2025-12-13 16:37:00.702070,99,0.28,Completed
5713,447.0,13,2025-12-13 18:04:25.706570,81,0.03,Completed
5714,332.0,30,2025-12-13 19:31:50.711071,87,0.16,Completed
5715,428.0,25,2025-12-13 20:59:15.715571,8,0.16,Completed
5716,38.0,21,2025-12-13 22:26:40.720072,2,0.22,Completed
5717,211.0,21,2025-12-13 23:54:05.724572,95,0.08,Completed
5718,444.0,28,2025-12-14 01:21:30.729072,57,0.28,Completed
5719,327.0,48,2025-12-14 02:48:55.733573,52,0.12,Completed
5720,249.0,20,2025-12-14 04:16:20.738073,58,0.09,Cancelled
5721,227.0,34,2025-12-14 05:43:45.742574,96,0.1,Completed
5722,48.0,5,2025-12-14 07:11:10.747074,93,0.1,Completed
5723,18.0,18,2025-12-14 08:38:35.751575,3,0.06,Completed
5724,400.0,39,2025-12-14 10:06:00.756075,8,0.28,Completed
5725,439.0,43,2025-12-14 11:33:25.760576,59,0.05,Completed
5726,295.0,11,2025-12-14 13:00:50.765076,2,0.26,Completed
5727,196.0,17,2025-12-14 14:28:15.769576,95,0.12,Completed
5728,187.0,48,2025-12-14 15:55:40.774077,62,0.08,Pending
5729,345.0,45,2025-12-14 17:23:05.778577,49,0.06,Completed
5730,224.0,22,2025-12-14 18:50:30.783078,20,0.15,Pending
5731,318.0,37,2025-12-14 20:17:55.787578,29,0.2,Pending
5732,488.0,20,2025-12-14 21:45:20.792079,17,0.27,Pending
5733,397.0,48,2025-12-14 23:12:45.796579,74,0.2,Completed
5734,365.0,48,2025-12-15 00:40:10.801080,22,0.15,Completed
5735,337.0,48,2025-12-15 02:07:35.805580,6,0.01,Completed
5736,497.0,46,2025-12-15 03:35:00.810081,62,0.27,Completed
5737,229.0,6,2025-12-15 05:02:25.814581,98,0.27,Completed
5738,390.0,34,2025-12-15 06:29:50.819081,31,0.11,Completed
5739,467.0,14,2025-12-15 07:57:15.823582,62,0.01,Completed
5740,77.0,48,2025-12-15 09:24:40.828082,12,0.22,Completed
5741,188.0,23,2025-12-15 10:52:05.832583,12,0.24,Pending
5742,346.0,20,2025-12-15 12:19:30.837083,63,0.16,Completed
5743,270.0,13,2025-12-15 13:46:55.841584,16,0.12,Completed
5744,95.0,47,2025-12-15 15:14:20.846084,25,0.26,Pending
5745,310.0,44,2025-12-15 16:41:45.850585,22,0.06,Pending
5746,132.0,41,2025-12-15 18:09:10.855085,91,0.13,Completed
5747,39.0,32,2025-12-15 19:36:35.859585,88,0.01,Completed
5748,72.0,26,2025-12-15 21:04:00.864086,76,0.05,Completed
5749,281.0,50,2025-12-15 22:31:25.868586,18,0.28,Pending
5750,333.0,14,2025-12-15 23:58:50.873087,45,0.17,Completed
5751,160.0,36,2025-12-16 01:26:15.877587,80,0.24,Completed
5752,187.0,8,2025-12-16 02:53:40.882088,68,0.15,Completed
5753,486.0,40,2025-12-16 04:21:05.886588,12,0.25,Completed
5754,191.0,22,2025-12-16 05:48:30.891089,49,0.16,Completed
5755,422.0,22,2025-12-16 07:15:55.895589,33,0.0,Completed
5756,120.0,16,2025-12-16 08:43:20.900090,86,0.27,Completed
5757,220.0,27,2025-12-16 10:10:45.904590,63,0.04,Completed
5758,53.0,10,2025-12-16 11:38:10.909090,18,0.14,Completed
5759,222.0,25,2025-12-16 13:05:35.913591,54,0.14,Pending
5760,451.0,31,2025-12-16 14:33:00.918091,97,0.01,Pending
5761,412.0,21,2025-12-16 16:00:25.922592,27,0.02,Completed
5762,131.0,27,2025-12-16 17:27:50.927092,83,0.23,Completed
5763,237.0,17,2025-12-16 18:55:15.931593,78,0.09,Pending
5764,246.0,33,2025-12-16 20:22:40.936093,25,0.12,Pending
5765,226.0,31,2025-12-16 21:50:05.940594,34,0.17,Completed
5766,208.0,50,2025-12-16 23:17:30.945094,88,0.11,Completed
5767,406.0,42,2025-12-17 00:44:55.949594,60,0.23,Completed
5768,96.0,26,2025-12-17 02:12:20.954095,54,0.27,Completed
5769,422.0,21,2025-12-17 03:39:45.958595,87,0.02,Completed
5770,200.0,36,2025-12-17 05:07:10.963096,5,0.19,Pending
5771,247.0,1,2025-12-17 06:34:35.967596,36,0.1,Completed
5772,72.0,4,2025-12-17 08:02:00.972097,54,0.17,Completed
5773,318.0,4,2025-12-17 09:29:25.976597,88,0.15,Completed
5774,185.0,26,2025-12-17 10:56:50.981098,36,0.1,Completed
5775,6.0,4,2025-12-17 12:24:15.985598,69,0.03,Completed
5776,206.0,49,2025-12-17 13:51:40.990099,39,0.17,Completed
5777,32.0,9,2025-12-17 15:19:05.994599,70,0.03,Completed
5778,99.0,30,2025-12-17 16:46:30.999099,100,0.05,Completed
5779,394.0,45,2025-12-17 18:13:56.003600,4,0.29,Completed
5780,387.0,4,2025-12-17 19:41:21.008100,74,0.1,Completed
5781,256.0,5,2025-12-17 21:08:46.012601,65,0.18,Completed
5782,187.0,45,2025-12-17 22:36:11.017101,85,0.08,Completed
5783,76.0,23,2025-12-18 00:03:36.021602,40,0.26,Completed
5784,177.0,16,2025-12-18 01:31:01.026102,37,0.09,Completed
5785,315.0,22,2025-12-18 02:58:26.030603,67,0.11,Completed
5786,287.0,37,2025-12-18 04:25:51.035103,31,0.18,Completed
5787,349.0,8,2025-12-18 05:53:16.039603,91,0.26,Completed
5788,255.0,48,2025-12-18 07:20:41.044104,81,0.24,Completed
5789,325.0,33,2025-12-18 08:48:06.048604,87,0.08,Completed
5790,190.0,38,2025-12-18 10:15:31.053105,77,0.25,Completed
5791,308.0,43,2025-12-18 11:42:56.057605,47,0.21,Completed
5792,345.0,16,2025-12-18 13:10:21.062106,27,0.3,Completed
5793,127.0,5,2025-12-18 14:37:46.066606,51,0.28,Completed
5794,425.0,16,2025-12-18 16:05:11.071107,20,0.16,Completed
5795,287.0,7,2025-12-18 17:32:36.075607,13,0.22,Completed
5796,254.0,1,2025-12-18 19:00:01.080108,63,0.17,Completed
5797,213.0,9,2025-12-18 20:27:26.084608,44,0.18,Completed
5798,250.0,18,2025-12-18 21:54:51.089108,24,0.03,Completed
5799,84.0,45,2025-12-18 23:22:16.093609,3,0.0,Completed
5800,487.0,47,2025-12-19 00:49:41.098109,10,0.01,Pending
5801,383.0,3,2025-12-19 02:17:06.102610,65,0.29,Pending
5802,406.0,24,2025-12-19 03:44:31.107110,49,0.04,Completed
5803,388.0,28,2025-12-19 05:11:56.111611,58,0.01,Completed
5804,13.0,10,2025-12-19 06:39:21.116111,77,0.09,Completed
5805,45.0,9,2025-12-19 08:06:46.120612,78,0.18,Pending
5806,127.0,13,2025-12-19 09:34:11.125112,97,0.28,Completed
5807,426.0,48,2025-12-19 11:01:36.129612,2,0.21,Completed
5808,114.0,35,2025-12-19 12:29:01.134113,66,0.08,Pending
5809,433.0,23,2025-12-19 13:56:26.138613,31,0.28,Completed
5810,276.0,47,2025-12-19 15:23:51.143114,68,0.01,Completed
5811,500.0,17,2025-12-19 16:51:16.147614,98,0.29,Completed
5812,205.0,46,2025-12-19 18:18:41.152115,83,0.02,Pending
5813,337.0,7,2025-12-19 19:46:06.156615,37,0.23,Cancelled
5814,438.0,16,2025-12-19 21:13:31.161116,73,0.01,Completed
5815,420.0,40,2025-12-19 22:40:56.165616,24,0.28,Completed
5816,481.0,36,2025-12-20 00:08:21.170117,77,0.03,Completed
5817,385.0,20,2025-12-20 01:35:46.174617,44,0.02,Completed
5818,399.0,24,2025-12-20 03:03:11.179117,94,0.27,Completed
5819,461.0,47,2025-12-20 04:30:36.183618,83,0.03,Completed
5820,273.0,5,2025-12-20 05:58:01.188118,41,0.24,Completed
5821,408.0,45,2025-12-20 07:25:26.192619,74,0.22,Completed
5822,58.0,6,2025-12-20 08:52:51.197119,51,0.18,Completed
5823,328.0,28,2025-12-20 10:20:16.201620,42,0.11,Completed
5824,498.0,5,2025-12-20 11:47:41.206120,78,0.27,Pending
5825,219.0,49,2025-12-20 13:15:06.210621,40,0.26,Completed
5826,109.0,39,2025-12-20 14:42:31.215121,48,0.13,Completed
5827,279.0,38,2025-12-20 16:09:56.219621,84,0.07,Completed
5828,174.0,2,2025-12-20 17:37:21.224122,4,0.08,Completed
5829,328.0,43,2025-12-20 19:04:46.228622,60,0.07,Completed
5830,264.0,39,2025-12-20 20:32:11.233123,39,0.16,Completed
5831,315.0,21,2025-12-20 21:59:36.237623,5,0.26,Pending
5832,474.0,40,2025-12-20 23:27:01.242124,96,0.23,Pending
5833,111.0,37,2025-12-21 00:54:26.246624,6,0.24,Completed
5834,187.0,18,2025-12-21 02:21:51.251125,14,0.13,Completed
5835,269.0,48,2025-12-21 03:49:16.255625,70,0.1,Completed
5836,423.0,46,2025-12-21 05:16:41.260126,78,0.23,Pending
5837,229.0,12,2025-12-21 06:44:06.264626,12,0.24,Completed
5838,497.0,17,2025-12-21 08:11:31.269126,62,0.21,Cancelled
5839,156.0,37,2025-12-21 09:38:56.273627,27,0.01,Completed
5840,473.0,46,2025-12-21 11:06:21.278127,54,0.18,Completed
5841,189.0,38,2025-12-21 12:33:46.282628,90,0.1,Completed
5842,272.0,15,2025-12-21 14:01:11.287128,12,0.06,Completed
5843,375.0,7,2025-12-21 15:28:36.291629,8,0.21,Completed
5844,2.0,14,2025-12-21 16:56:01.296129,74,0.08,Completed
5845,246.0,50,2025-12-21 18:23:26.300630,16,0.27,Completed
5846,210.0,1,2025-12-21 19:50:51.305130,52,0.09,Completed
5847,401.0,38,2025-12-21 21:18:16.309630,26,0.17,Completed
5848,286.0,3,2025-12-21 22:45:41.314131,8,0.25,Completed
5849,359.0,37,2025-12-22 00:13:06.318631,45,0.12,Completed
5850,13.0,44,2025-12-22 01:40:31.323132,93,0.25,Completed
5851,96.0,31,2025-12-22 03:07:56.327632,84,0.22,Completed
5852,498.0,43,2025-12-22 04:35:21.332133,81,0.28,Completed
5853,221.0,13,2025-12-22 06:02:46.336633,19,0.1,Completed
5854,238.0,48,2025-12-22 07:30:11.341134,17,0.03,Completed
5855,94.0,18,2025-12-22 08:57:36.345634,65,0.13,Completed
5856,338.0,17,2025-12-22 10:25:01.350135,29,0.24,Pending
5857,269.0,17,2025-12-22 11:52:26.354635,14,0.14,Completed
5858,171.0,11,2025-12-22 13:19:51.359135,17,0.08,Cancelled
5859,469.0,20,2025-12-22 14:47:16.363636,13,0.01,Completed
5860,94.0,10,2025-12-22 16:14:41.368136,93,0.09,Pending
5861,149.0,29,2025-12-22 17:42:06.372637,98,0.21,Completed
5862,112.0,48,2025-12-22 19:09:31.377137,91,0.04,Completed
5863,55.0,34,2025-12-22 20:36:56.381638,63,0.1,Completed
5864,337.0,17,2025-12-22 22:04:21.386138,33,0.01,Completed
5865,424.0,42,2025-12-22 23:31:46.390639,29,0.22,Pending
5866,467.0,13,2025-12-23 00:59:11.395139,37,0.26,Completed
5867,116.0,44,2025-12-23 02:26:36.399639,83,0.17,Completed
5868,143.0,47,2025-12-23 03:54:01.404140,46,0.01,Completed
5869,201.0,39,2025-12-23 05:21:26.408640,24,0.07,Completed
5870,180.0,27,2025-12-23 06:48:51.413141,14,0.13,Cancelled
5871,202.0,26,2025-12-23 08:16:16.417641,5,0.18,Completed
5872,364.0,28,2025-12-23 09:43:41.422142,53,0.15,Completed
5873,479.0,13,2025-12-23 11:11:06.426642,88,0.27,Completed
5874,53.0,12,2025-12-23 12:38:31.431143,98,0.28,Completed
5875,471.0,44,2025-12-23 14:05:56.435643,95,0.03,Completed
5876,384.0,28,2025-12-23 15:33:21.440144,30,0.04,Completed
5877,180.0,2,2025-12-23 17:00:46.444644,60,0.11,Completed
5878,414.0,37,2025-12-23 18:28:11.449144,73,0.13,Completed
5879,417.0,34,2025-12-23 19:55:36.453645,91,0.18,Completed
5880,313.0,23,2025-12-23 21:23:01.458145,28,0.23,Completed
5881,308.0,45,2025-12-23 22:50:26.462646,26,0.04,Completed
5882,137.0,29,2025-12-24 00:17:51.467146,18,0.24,Pending
5883,182.0,35,2025-12-24 01:45:16.471647,36,0.18,Completed
5884,367.0,11,2025-12-24 03:12:41.476147,8,0.29,Completed
5885,1.0,48,2025-12-24 04:40:06.480648,18,0.2,Pending
5886,44.0,33,2025-12-24 06:07:31.485148,84,0.21,Completed
5887,227.0,11,2025-12-24 07:34:56.489648,58,0.06,Completed
5888,331.0,9,2025-12-24 09:02:21.494149,32,0.23,Completed
5889,98.0,14,2025-12-24 10:29:46.498649,93,0.02,Pending
5890,208.0,9,2025-12-24 11:57:11.503150,49,0.2,Completed
5891,265.0,39,2025-12-24 13:24:36.507650,48,0.02,Completed
5892,288.0,48,2025-12-24 14:52:01.512151,82,0.03,Pending
5893,271.0,3,2025-12-24 16:19:26.516651,71,0.03,Completed
5894,140.0,29,2025-12-24 17:46:51.521152,65,0.02,Completed
5895,481.0,19,2025-12-24 19:14:16.525652,92,0.1,Completed
5896,237.0,36,2025-12-24 20:41:41.530153,33,0.3,Completed
5897,462.0,32,2025-12-24 22:09:06.534653,50,0.1,Completed
5898,441.0,7,2025-12-24 23:36:31.539153,4,0.23,Completed
5899,392.0,28,2025-12-25 01:03:56.543654,84,0.04,Completed
5900,72.0,44,2025-12-25 02:31:21.548154,36,0.14,Pending
5901,155.0,18,2025-12-25 03:58:46.552655,95,0.06,Completed
5902,190.0,5,2025-12-25 05:26:11.557155,28,0.06,Completed
5903,268.0,23,2025-12-25 06:53:36.561656,3,0.03,Completed
5904,321.0,22,2025-12-25 08:21:01.566156,6,0.13,Cancelled
5905,107.0,26,2025-12-25 09:48:26.570657,45,0.02,Completed
5906,232.0,42,2025-12-25 11:15:51.575157,23,0.27,Completed
5907,42.0,12,2025-12-25 12:43:16.579657,7,0.13,Completed
5908,190.0,40,2025-12-25 14:10:41.584158,61,0.25,Completed
5909,371.0,19,2025-12-25 15:38:06.588658,100,0.29,Completed
5910,139.0,47,2025-12-25 17:05:31.593159,65,0.2,Pending
5911,103.0,1,2025-12-25 18:32:56.597659,6,0.27,Completed
5912,171.0,3,2025-12-25 20:00:21.602160,24,0.04,Pending
5913,351.0,27,2025-12-25 21:27:46.606660,37,0.25,Completed
5914,273.0,18,2025-12-25 22:55:11.611161,45,0.08,Pending
5915,481.0,50,2025-12-26 00:22:36.615661,51,0.14,Completed
5916,416.0,30,2025-12-26 01:50:01.620162,100,0.19,Completed
5917,221.0,2,2025-12-26 03:17:26.624662,88,0.27,Completed
5918,213.0,5,2025-12-26 04:44:51.629162,45,0.27,Completed
5919,341.0,29,2025-12-26 06:12:16.633663,63,0.03,Completed
5920,424.0,33,2025-12-26 07:39:41.638163,29,0.11,Completed
5921,407.0,42,2025-12-26 09:07:06.642664,96,0.24,Completed
5922,56.0,20,2025-12-26 10:34:31.647164,25,0.21,Pending
5923,390.0,30,2025-12-26 12:01:56.651665,10,0.01,Completed
5924,342.0,42,2025-12-26 13:29:21.656165,35,0.13,Completed
5925,434.0,5,2025-12-26 14:56:46.660666,55,0.25,Completed
5926,102.0,50,2025-12-26 16:24:11.665166,25,0.22,Completed
5927,421.0,21,2025-12-26 17:51:36.669666,91,0.12,Completed
5928,493.0,15,2025-12-26 19:19:01.674167,45,0.22,Completed
5929,192.0,20,2025-12-26 20:46:26.678667,96,0.17,Completed
5930,499.0,8,2025-12-26 22:13:51.683168,12,0.27,Completed
5931,310.0,49,2025-12-26 23:41:16.687668,4,0.18,Completed
5932,200.0,31,2025-12-27 01:08:41.692169,90,0.12,Completed
5933,233.0,12,2025-12-27 02:36:06.696669,67,0.26,Completed
5934,433.0,21,2025-12-27 04:03:31.701170,17,0.01,Cancelled
5935,227.0,30,2025-12-27 05:30:56.705670,73,0.27,Completed
5936,371.0,27,2025-12-27 06:58:21.710171,93,0.21,Completed
5937,139.0,44,2025-12-27 08:25:46.714671,65,0.28,Pending
5938,344.0,26,2025-12-27 09:53:11.719171,82,0.08,Completed
5939,305.0,33,2025-12-27 11:20:36.723672,53,0.21,Completed
5940,149.0,26,2025-12-27 12:48:01.728172,84,0.24,Completed
5941,115.0,26,2025-12-27 14:15:26.732673,57,0.21,Completed
5942,450.0,36,2025-12-27 15:42:51.737173,98,0.06,Pending
5943,63.0,40,2025-12-27 17:10:16.741674,28,0.08,Completed
5944,104.0,1,2025-12-27 18:37:41.746174,99,0.17,Completed
5945,339.0,15,2025-12-27 20:05:06.750675,16,0.13,Pending
5946,359.0,50,2025-12-27 21:32:31.755175,21,0.22,Completed
5947,156.0,1,2025-12-27 22:59:56.759675,77,0.11,Completed
5948,273.0,11,2025-12-28 00:27:21.764176,99,0.26,Cancelled
5949,6.0,2,2025-12-28 01:54:46.768676,42,0.13,Completed
5950,147.0,1,2025-12-28 03:22:11.773177,54,0.01,Completed
5951,184.0,31,2025-12-28 04:49:36.777677,32,0.01,Completed
5952,486.0,44,2025-12-28 06:17:01.782178,38,0.19,Cancelled
5953,28.0,16,2025-12-28 07:44:26.786678,70,0.16,Completed
5954,450.0,22,2025-12-28 09:11:51.791179,38,0.16,Completed
5955,38.0,42,2025-12-28 10:39:16.795679,54,0.24,Completed
5956,119.0,18,2025-12-28 12:06:41.800180,60,0.11,Completed
5957,293.0,47,2025-12-28 13:34:06.804680,77,0.3,Completed
5958,371.0,17,2025-12-28 15:01:31.809180,77,0.28,Pending
5959,244.0,30,2025-12-28 16:28:56.813681,47,0.0,Completed
5960,68.0,10,2025-12-28 17:56:21.818181,12,0.27,Pending
5961,214.0,35,2025-12-28 19:23:46.822682,53,0.2,Completed
5962,218.0,21,2025-12-28 20:51:11.827182,33,0.15,Completed
5963,177.0,16,2025-12-28 22:18:36.831683,28,0.17,Completed
5964,299.0,6,2025-12-28 23:46:01.836183,3,0.25,Pending
5965,164.0,3,2025-12-29 01:13:26.840684,82,0.29,Cancelled
5966,58.0,41,2025-12-29 02:40:51.845184,26,0.17,Pending
5967,269.0,43,2025-12-29 04:08:16.849684,54,0.05,Completed
5968,308.0,21,2025-12-29 05:35:41.854185,40,0.19,Completed
5969,58.0,13,2025-12-29 07:03:06.858685,66,0.02,Completed
5970,288.0,18,2025-12-29 08:30:31.863186,68,0.19,Completed
5971,465.0,24,2025-12-29 09:57:56.867686,92,0.24,Completed
5972,105.0,27,2025-12-29 11:25:21.872187,92,0.11,Completed
5973,228.0,4,2025-12-29 12:52:46.876687,89,0.02,Completed
5974,247.0,22,2025-12-29 14:20:11.881188,90,0.21,Completed
5975,188.0,24,2025-12-29 15:47:36.885688,47,0.1,Completed
5976,494.0,40,2025-12-29 17:15:01.890189,2,0.07,Completed
5977,83.0,45,2025-12-29 18:42:26.894689,42,0.21,Completed
5978,186.0,10,2025-12-29 20:09:51.899189,34,0.29,Completed
5979,252.0,2,2025-12-29 21:37:16.903690,94,0.22,Completed
5980,355.0,40,2025-12-29 23:04:41.908190,21,0.15,Completed
5981,238.0,6,2025-12-30 00:32:06.912691,44,0.18,Completed
5982,360.0,48,2025-12-30 01:59:31.917191,87,0.04,Completed
5983,184.0,18,2025-12-30 03:26:56.921692,97,0.24,Completed
5984,284.0,17,2025-12-30 04:54:21.926192,2,0.18,Completed
5985,385.0,38,2025-12-30 06:21:46.930693,91,0.29,Completed
5986,426.0,45,2025-12-30 07:49:11.935193,59,0.29,Completed
5987,210.0,23,2025-12-30 09:16:36.939693,86,0.11,Completed
5988,304.0,46,2025-12-30 10:44:01.944194,98,0.3,Completed
5989,296.0,30,2025-12-30 12:11:26.948694,16,0.29,Completed
5990,97.0,21,2025-12-30 13:38:51.953195,20,0.19,Completed
5991,447.0,10,2025-12-30 15:06:16.957695,26,0.1,Completed
5992,460.0,43,2025-12-30 16:33:41.962196,16,0.23,Completed
5993,456.0,13,2025-12-30 18:01:06.966696,70,0.08,Completed
5994,472.0,12,2025-12-30 19:28:31.971197,23,0.19,Completed
5995,208.0,9,2025-12-30 20:55:56.975697,42,0.01,Completed
5996,370.0,4,2025-12-30 22:23:21.980198,37,0.19,Completed
5997,388.0,39,2025-12-30 23:50:46.984698,72,0.29,Completed
5998,422.0,24,2025-12-31 01:18:11.989198,6,0.07,Completed
5999,492.0,34,2025-12-31 02:45:36.993699,37,0.23,Pending
6000,411.0,39,2025-12-31 04:13:01.998199,22,0.09,Pending
6001,137.0,41,2025-12-31 05:40:27.002700,6,0.21,Pending
6002,367.0,5,2025-12-31 07:07:52.007200,32,0.21,Completed
6003,400.0,15,2025-12-31 08:35:17.011701,17,0.06,Pending
6004,184.0,50,2025-12-31 10:02:42.016201,38,0.18,Pending
6005,76.0,4,2025-12-31 11:30:07.020702,17,0.26,Cancelled
6006,287.0,39,2025-12-31 12:57:32.025202,37,0.11,Cancelled
6007,472.0,8,2025-12-31 14:24:57.029702,23,0.21,Completed
6008,375.0,49,2025-12-31 15:52:22.034203,49,0.2,Completed
6009,142.0,45,2025-12-31 17:19:47.038703,61,0.08,Completed
6010,237.0,24,2025-12-31 18:47:12.043204,49,0.28,Completed
6011,25.0,28,2025-12-31 20:14:37.047704,61,0.17,Pending
6012,290.0,43,2025-12-31 21:42:02.052205,77,0.11,Completed
6013,67.0,27,2025-12-31 23:09:27.056705,32,0.05,Completed
6014,250.0,1,2026-01-01 00:36:52.061206,86,0.14,Completed
6015,408.0,34,2026-01-01 02:04:17.065706,63,0.22,Completed
6016,118.0,17,2026-01-01 03:31:42.070207,7,0.19,Completed
6017,490.0,37,2026-01-01 04:59:07.074707,22,0.22,Completed
6018,73.0,38,2026-01-01 06:26:32.079207,85,0.24,Completed
6019,282.0,26,2026-01-01 07:53:57.083708,6,0.13,Pending
6020,404.0,24,2026-01-01 09:21:22.088208,61,0.16,Completed
6021,448.0,39,2026-01-01 10:48:47.092709,14,0.3,Pending
6022,360.0,21,2026-01-01 12:16:12.097209,16,0.29,Completed
6023,10.0,30,2026-01-01 13:43:37.101710,3,0.12,Completed
6024,211.0,47,2026-01-01 15:11:02.106210,9,0.21,Completed
6025,323.0,48,2026-01-01 16:38:27.110711,47,0.08,Completed
6026,152.0,13,2026-01-01 18:05:52.115211,85,0.05,Cancelled
6027,5.0,37,2026-01-01 19:33:17.119711,94,0.23,Pending
6028,195.0,3,2026-01-01 21:00:42.124212,94,0.13,Completed
6029,442.0,32,2026-01-01 22:28:07.128712,42,0.05,Completed
6030,283.0,35,2026-01-01 23:55:32.133213,42,0.23,Completed
6031,464.0,19,2026-01-02 01:22:57.137713,96,0.27,Completed
6032,113.0,14,2026-01-02 02:50:22.142214,23,0.28,Completed
6033,271.0,48,2026-01-02 04:17:47.146714,3,0.18,Completed
6034,163.0,22,2026-01-02 05:45:12.151215,1,0.14,Completed
6035,460.0,17,2026-01-02 07:12:37.155715,67,0.04,Completed
6036,105.0,4,2026-01-02 08:40:02.160216,71,0.24,Completed
6037,181.0,45,2026-01-02 10:07:27.164716,3,0.28,Completed
6038,44.0,40,2026-01-02 11:34:52.169216,100,0.27,Completed
6039,282.0,19,2026-01-02 13:02:17.173717,49,0.23,Cancelled
6040,175.0,37,2026-01-02 14:29:42.178217,67,0.0,Completed
6041,162.0,2,2026-01-02 15:57:07.182718,55,0.12,Completed
6042,471.0,15,2026-01-02 17:24:32.187218,4,0.12,Completed
6043,351.0,2,2026-01-02 18:51:57.191719,31,0.27,Completed
6044,434.0,11,2026-01-02 20:19:22.196219,66,0.02,Completed
6045,340.0,45,2026-01-02 21:46:47.200720,78,0.16,Pending
6046,140.0,23,2026-01-02 23:14:12.205220,64,0.04,Pending
6047,471.0,10,2026-01-03 00:41:37.209720,31,0.2,Completed
6048,132.0,3,2026-01-03 02:09:02.214221,63,0.24,Completed
6049,87.0,5,2026-01-03 03:36:27.218721,66,0.19,Completed
6050,176.0,3,2026-01-03 05:03:52.223222,31,0.24,Completed
6051,183.0,38,2026-01-03 06:31:17.227722,47,0.18,Completed
6052,368.0,13,2026-01-03 07:58:42.232223,22,0.06,Completed
6053,129.0,42,2026-01-03 09:26:07.236723,74,0.11,Completed
6054,246.0,19,2026-01-03 10:53:32.241224,94,0.29,Pending
6055,89.0,40,2026-01-03 12:20:57.245724,97,0.09,Completed
6056,66.0,50,2026-01-03 13:48:22.250225,83,0.02,Completed
6057,158.0,35,2026-01-03 15:15:47.254725,46,0.12,Completed
6058,387.0,24,2026-01-03 16:43:12.259225,89,0.11,Completed
6059,378.0,24,2026-01-03 18:10:37.263726,58,0.14,Completed
6060,149.0,17,2026-01-03 19:38:02.268226,61,0.17,Completed
6061,473.0,40,2026-01-03 21:05:27.272727,46,0.3,Pending
6062,340.0,10,2026-01-03 22:32:52.277227,1,0.23,Pending
6063,433.0,2,2026-01-04 00:00:17.281728,96,0.01,Pending
6064,116.0,44,2026-01-04 01:27:42.286228,25,0.21,Completed
6065,214.0,23,2026-01-04 02:55:07.290729,61,0.25,Completed
6066,469.0,6,2026-01-04 04:22:32.295229,81,0.27,Completed
6067,446.0,2,2026-01-04 05:49:57.299729,14,0.13,Completed
6068,481.0,21,2026-01-04 07:17:22.304230,45,0.09,Completed
6069,372.0,35,2026-01-04 08:44:47.308730,77,0.25,Completed
6070,294.0,49,2026-01-04 10:12:12.313231,39,0.23,Completed
6071,253.0,29,2026-01-04 11:39:37.317731,66,0.16,Pending
6072,143.0,7,2026-01-04 13:07:02.322232,32,0.04,Completed
6073,250.0,29,2026-01-04 14:34:27.326732,96,0.2,Completed
6074,366.0,37,2026-01-04 16:01:52.331233,58,0.02,Completed
6075,436.0,23,2026-01-04 17:29:17.335733,56,0.03,Pending
6076,463.0,33,2026-01-04 18:56:42.340234,6,0.1,Completed
6077,302.0,8,2026-01-04 20:24:07.344734,89,0.11,Cancelled
6078,25.0,12,2026-01-04 21:51:32.349234,67,0.14,Completed
6079,277.0,46,2026-01-04 23:18:57.353735,82,0.1,Pending
6080,472.0,48,2026-01-05 00:46:22.358235,50,0.01,Completed
6081,377.0,10,2026-01-05 02:13:47.362736,38,0.05,Completed
6082,378.0,15,2026-01-05 03:41:12.367236,3,0.03,Completed
6083,389.0,24,2026-01-05 05:08:37.371737,5,0.13,Completed
6084,70.0,26,2026-01-05 06:36:02.376237,24,0.06,Cancelled
6085,113.0,47,2026-01-05 08:03:27.380738,54,0.09,Completed
6086,363.0,42,2026-01-05 09:30:52.385238,34,0.14,Completed
6087,112.0,39,2026-01-05 10:58:17.389738,39,0.07,Completed
6088,364.0,3,2026-01-05 12:25:42.394239,88,0.07,Completed
6089,303.0,2,2026-01-05 13:53:07.398739,100,0.25,Completed
6090,471.0,6,2026-01-05 15:20:32.403240,92,0.16,Completed
6091,452.0,21,2026-01-05 16:47:57.407740,48,0.26,Pending
6092,91.0,9,2026-01-05 18:15:22.412241,49,0.15,Pending
6093,18.0,10,2026-01-05 19:42:47.416741,34,0.27,Pending
6094,149.0,36,2026-01-05 21:10:12.421242,80,0.08,Completed
6095,476.0,3,2026-01-05 22:37:37.425742,100,0.19,Completed
6096,227.0,41,2026-01-06 00:05:02.430243,7,0.15,Completed
6097,214.0,24,2026-01-06 01:32:27.434743,18,0.28,Completed
6098,360.0,22,2026-01-06 02:59:52.439243,70,0.13,Completed
6099,151.0,49,2026-01-06 04:27:17.443744,92,0.26,Pending
6100,192.0,14,2026-01-06 05:54:42.448244,34,0.17,Completed
6101,451.0,42,2026-01-06 07:22:07.452745,51,0.21,Completed
6102,40.0,45,2026-01-06 08:49:32.457245,93,0.27,Pending
6103,242.0,44,2026-01-06 10:16:57.461746,68,0.3,Cancelled
6104,138.0,27,2026-01-06 11:44:22.466246,14,0.22,Completed
6105,345.0,33,2026-01-06 13:11:47.470747,69,0.09,Completed
6106,180.0,22,2026-01-06 14:39:12.475247,89,0.09,Completed
6107,497.0,29,2026-01-06 16:06:37.479747,8,0.09,Completed
6108,200.0,19,2026-01-06 17:34:02.484248,15,0.03,Cancelled
6109,203.0,19,2026-01-06 19:01:27.488748,83,0.02,Completed
6110,61.0,6,2026-01-06 20:28:52.493249,59,0.17,Pending
6111,192.0,45,2026-01-06 21:56:17.497749,11,0.24,Pending
6112,5.0,19,2026-01-06 23:23:42.502250,20,0.01,Pending
6113,378.0,13,2026-01-07 00:51:07.506750,55,0.17,Completed
6114,237.0,26,2026-01-07 02:18:32.511251,36,0.11,Completed
6115,181.0,22,2026-01-07 03:45:57.515751,82,0.27,Completed
6116,311.0,21,2026-01-07 05:13:22.520252,14,0.04,Pending
6117,37.0,36,2026-01-07 06:40:47.524752,58,0.17,Cancelled
6118,56.0,2,2026-01-07 08:08:12.529252,38,0.29,Completed
6119,443.0,47,2026-01-07 09:35:37.533753,89,0.1,Completed
6120,237.0,44,2026-01-07 11:03:02.538253,80,0.22,Completed
6121,358.0,30,2026-01-07 12:30:27.542754,82,0.26,Completed
6122,349.0,27,2026-01-07 13:57:52.547254,1,0.06,Completed
6123,197.0,7,2026-01-07 15:25:17.551755,65,0.3,Completed
6124,73.0,20,2026-01-07 16:52:42.556255,1,0.24,Completed
6125,59.0,50,2026-01-07 18:20:07.560756,85,0.04,Completed
6126,240.0,31,2026-01-07 19:47:32.565256,60,0.09,Completed
6127,2.0,23,2026-01-07 21:14:57.569756,25,0.19,Completed
6128,449.0,13,2026-01-07 22:42:22.574257,91,0.27,Completed
6129,360.0,17,2026-01-08 00:09:47.578757,10,0.06,Completed
6130,188.0,4,2026-01-08 01:37:12.583258,50,0.22,Cancelled
6131,307.0,14,2026-01-08 03:04:37.587758,12,0.08,Pending
6132,30.0,20,2026-01-08 04:32:02.592259,92,0.24,Pending
6133,267.0,13,2026-01-08 05:59:27.596759,32,0.21,Completed
6134,476.0,3,2026-01-08 07:26:52.601260,33,0.16,Completed
6135,108.0,26,2026-01-08 08:54:17.605760,72,0.19,Pending
6136,332.0,26,2026-01-08 10:21:42.610261,26,0.26,Completed
6137,423.0,18,2026-01-08 11:49:07.614761,42,0.12,Completed
6138,90.0,32,2026-01-08 13:16:32.619261,50,0.23,Completed
6139,205.0,14,2026-01-08 14:43:57.623762,61,0.05,Completed
6140,379.0,47,2026-01-08 16:11:22.628262,41,0.21,Pending
6141,456.0,3,2026-01-08 17:38:47.632763,57,0.23,Pending
6142,447.0,1,2026-01-08 19:06:12.637263,2,0.13,Cancelled
6143,448.0,26,2026-01-08 20:33:37.641764,99,0.24,Pending
6144,445.0,24,2026-01-08 22:01:02.646264,98,0.17,Completed
6145,381.0,49,2026-01-08 23:28:27.650765,70,0.28,Completed
6146,438.0,35,2026-01-09 00:55:52.655265,31,0.03,Completed
6147,220.0,14,2026-01-09 02:23:17.659765,23,0.04,Completed
6148,378.0,3,2026-01-09 03:50:42.664266,76,0.25,Completed
6149,94.0,13,2026-01-09 05:18:07.668766,54,0.25,Pending
6150,457.0,47,2026-01-09 06:45:32.673267,28,0.14,Completed
6151,103.0,50,2026-01-09 08:12:57.677767,79,0.29,Completed
6152,223.0,14,2026-01-09 09:40:22.682268,19,0.2,Completed
6153,186.0,21,2026-01-09 11:07:47.686768,76,0.29,Completed
6154,469.0,26,2026-01-09 12:35:12.691269,48,0.16,Completed
6155,184.0,3,2026-01-09 14:02:37.695769,2,0.06,Pending
6156,495.0,40,2026-01-09 15:30:02.700270,11,0.13,Completed
6157,162.0,4,2026-01-09 16:57:27.704770,44,0.29,Completed
6158,247.0,36,2026-01-09 18:24:52.709270,59,0.11,Completed
6159,31.0,43,2026-01-09 19:52:17.713771,59,0.29,Pending
6160,52.0,1,2026-01-09 21:19:42.718271,38,0.24,Completed
6161,345.0,40,2026-01-09 22:47:07.722772,25,0.13,Pending
6162,76.0,47,2026-01-10 00:14:32.727272,21,0.16,Pending
6163,385.0,33,2026-01-10 01:41:57.731773,42,0.18,Completed
6164,439.0,7,2026-01-10 03:09:22.736273,36,0.2,Cancelled
6165,278.0,11,2026-01-10 04:36:47.740774,9,0.02,Cancelled
6166,40.0,27,2026-01-10 06:04:12.745274,12,0.28,Completed
6167,101.0,14,2026-01-10 07:31:37.749774,10,0.18,Completed
6168,111.0,22,2026-01-10 08:59:02.754275,59,0.28,Pending
6169,385.0,16,2026-01-10 10:26:27.758775,5,0.19,Completed
6170,321.0,46,2026-01-10 11:53:52.763276,33,0.13,Pending
6171,249.0,12,2026-01-10 13:21:17.767776,69,0.17,Completed
6172,191.0,49,2026-01-10 14:48:42.772277,80,0.25,Pending
6173,490.0,46,2026-01-10 16:16:07.776777,63,0.1,Completed
6174,182.0,10,2026-01-10 17:43:32.781278,29,0.29,Completed
6175,426.0,24,2026-01-10 19:10:57.785778,18,0.14,Pending
6176,405.0,46,2026-01-10 20:38:22.790279,93,0.29,Completed
6177,335.0,18,2026-01-10 22:05:47.794779,6,0.26,Completed
6178,209.0,22,2026-01-10 23:33:12.799279,53,0.23,Completed
6179,22.0,9,2026-01-11 01:00:37.803780,82,0.14,Completed
6180,166.0,17,2026-01-11 02:28:02.808280,32,0.18,Completed
6181,99.0,38,2026-01-11 03:55:27.812781,42,0.25,Completed
6182,493.0,40,2026-01-11 05:22:52.817281,47,0.16,Completed
6183,208.0,13,2026-01-11 06:50:17.821782,31,0.22,Completed
6184,8.0,50,2026-01-11 08:17:42.826282,62,0.24,Completed
6185,190.0,37,2026-01-11 09:45:07.830783,56,0.15,Completed
6186,175.0,6,2026-01-11 11:12:32.835283,11,0.16,Completed
6187,273.0,21,2026-01-11 12:39:57.839783,26,0.06,Completed
6188,17.0,36,2026-01-11 14:07:22.844284,92,0.07,Completed
6189,90.0,7,2026-01-11 15:34:47.848784,27,0.27,Completed
6190,141.0,36,2026-01-11 17:02:12.853285,83,0.25,Completed
6191,145.0,25,2026-01-11 18:29:37.857785,57,0.0,Completed
6192,166.0,11,2026-01-11 19:57:02.862286,27,0.26,Completed
6193,337.0,44,2026-01-11 21:24:27.866786,59,0.01,Completed
6194,496.0,14,2026-01-11 22:51:52.871287,62,0.14,Pending
6195,78.0,45,2026-01-12 00:19:17.875787,20,0.02,Completed
6196,429.0,29,2026-01-12 01:46:42.880288,3,0.29,Completed
6197,262.0,10,2026-01-12 03:14:07.884788,16,0.29,Completed
6198,163.0,50,2026-01-12 04:41:32.889288,44,0.18,Cancelled
6199,366.0,48,2026-01-12 06:08:57.893789,93,0.12,Completed
6200,14.0,5,2026-01-12 07:36:22.898289,79,0.15,Completed
6201,239.0,8,2026-01-12 09:03:47.902790,30,0.23,Pending
6202,72.0,46,2026-01-12 10:31:12.907290,40,0.07,Completed
6203,445.0,5,2026-01-12 11:58:37.911791,65,0.13,Completed
6204,143.0,24,2026-01-12 13:26:02.916291,29,0.22,Completed
6205,310.0,40,2026-01-12 14:53:27.920792,30,0.12,Completed
6206,283.0,26,2026-01-12 16:20:52.925292,32,0.01,Completed
6207,269.0,6,2026-01-12 17:48:17.929792,10,0.15,Completed
6208,241.0,16,2026-01-12 19:15:42.934293,91,0.22,Completed
6209,415.0,36,2026-01-12 20:43:07.938793,51,0.29,Pending
6210,245.0,12,2026-01-12 22:10:32.943294,8,0.01,Completed
6211,163.0,11,2026-01-12 23:37:57.947794,51,0.16,Completed
6212,60.0,3,2026-01-13 01:05:22.952295,36,0.13,Completed
6213,6.0,44,2026-01-13 02:32:47.956795,55,0.07,Pending
6214,197.0,37,2026-01-13 04:00:12.961296,35,0.19,Cancelled
6215,470.0,6,2026-01-13 05:27:37.965796,36,0.05,Completed
6216,58.0,19,2026-01-13 06:55:02.970297,56,0.09,Completed
6217,305.0,18,2026-01-13 08:22:27.974797,36,0.23,Completed
6218,407.0,16,2026-01-13 09:49:52.979297,89,0.14,Completed
6219,217.0,23,2026-01-13 11:17:17.983798,84,0.3,Completed
6220,418.0,43,2026-01-13 12:44:42.988298,61,0.12,Pending
6221,26.0,37,2026-01-13 14:12:07.992799,62,0.14,Completed
6222,303.0,9,2026-01-13 15:39:32.997299,81,0.09,Pending
6223,5.0,3,2026-01-13 17:06:58.001800,87,0.07,Completed
6224,474.0,8,2026-01-13 18:34:23.006300,25,0.28,Completed
6225,20.0,38,2026-01-13 20:01:48.010801,64,0.22,Completed
6226,390.0,4,2026-01-13 21:29:13.015301,60,0.1,Completed
6227,198.0,12,2026-01-13 22:56:38.019801,57,0.21,Completed
6228,59.0,44,2026-01-14 00:24:03.024302,95,0.29,Completed
6229,448.0,31,2026-01-14 01:51:28.028802,70,0.02,Completed
6230,242.0,25,2026-01-14 03:18:53.033303,99,0.08,Completed
6231,146.0,16,2026-01-14 04:46:18.037803,52,0.06,Completed
6232,388.0,42,2026-01-14 06:13:43.042304,56,0.26,Completed
6233,273.0,14,2026-01-14 07:41:08.046804,63,0.05,Completed
6234,249.0,13,2026-01-14 09:08:33.051305,68,0.09,Completed
6235,14.0,41,2026-01-14 10:35:58.055805,20,0.16,Completed
6236,462.0,7,2026-01-14 12:03:23.060306,54,0.19,Completed
6237,13.0,12,2026-01-14 13:30:48.064806,1,0.24,Completed
6238,391.0,37,2026-01-14 14:58:13.069306,90,0.12,Pending
6239,384.0,50,2026-01-14 16:25:38.073807,98,0.16,Completed
6240,44.0,4,2026-01-14 17:53:03.078307,10,0.29,Completed
6241,375.0,2,2026-01-14 19:20:28.082808,23,0.09,Completed
6242,399.0,35,2026-01-14 20:47:53.087308,51,0.07,Completed
6243,19.0,44,2026-01-14 22:15:18.091809,24,0.21,Completed
6244,63.0,3,2026-01-14 23:42:43.096309,13,0.23,Completed
6245,491.0,4,2026-01-15 01:10:08.100810,29,0.12,Completed
6246,239.0,38,2026-01-15 02:37:33.105310,58,0.06,Pending
6247,492.0,12,2026-01-15 04:04:58.109810,91,0.23,Completed
6248,419.0,19,2026-01-15 05:32:23.114311,95,0.2,Completed
6249,337.0,10,2026-01-15 06:59:48.118811,43,0.26,Completed
6250,419.0,1,2026-01-15 08:27:13.123312,10,0.25,Completed
6251,403.0,17,2026-01-15 09:54:38.127812,31,0.06,Completed
6252,404.0,16,2026-01-15 11:22:03.132313,74,0.25,Completed
6253,100.0,9,2026-01-15 12:49:28.136813,88,0.05,Completed
6254,163.0,9,2026-01-15 14:16:53.141314,97,0.26,Completed
6255,416.0,9,2026-01-15 15:44:18.145814,14,0.23,Completed
6256,122.0,12,2026-01-15 17:11:43.150315,99,0.17,Completed
6257,432.0,41,2026-01-15 18:39:08.154815,34,0.19,Completed
6258,44.0,15,2026-01-15 20:06:33.159315,17,0.03,Completed
6259,360.0,2,2026-01-15 21:33:58.163816,21,0.01,Completed
6260,408.0,11,2026-01-15 23:01:23.168316,96,0.1,Completed
6261,317.0,11,2026-01-16 00:28:48.172817,67,0.25,Completed
6262,381.0,8,2026-01-16 01:56:13.177317,58,0.14,Cancelled
6263,145.0,32,2026-01-16 03:23:38.181818,79,0.07,Completed
6264,327.0,6,2026-01-16 04:51:03.186318,8,0.25,Completed
6265,363.0,20,2026-01-16 06:18:28.190819,96,0.07,Completed
6266,50.0,39,2026-01-16 07:45:53.195319,38,0.24,Completed
6267,65.0,35,2026-01-16 09:13:18.199819,26,0.14,Completed
6268,355.0,8,2026-01-16 10:40:43.204320,64,0.14,Completed
6269,288.0,50,2026-01-16 12:08:08.208820,30,0.08,Completed
6270,164.0,49,2026-01-16 13:35:33.213321,9,0.27,Completed
6271,141.0,43,2026-01-16 15:02:58.217821,32,0.03,Cancelled
6272,454.0,34,2026-01-16 16:30:23.222322,11,0.04,Completed
6273,314.0,19,2026-01-16 17:57:48.226822,86,0.19,Completed
6274,128.0,7,2026-01-16 19:25:13.231323,34,0.26,Completed
6275,398.0,31,2026-01-16 20:52:38.235823,18,0.03,Completed
6276,421.0,18,2026-01-16 22:20:03.240324,19,0.22,Completed
6277,368.0,40,2026-01-16 23:47:28.244824,54,0.22,Pending
6278,463.0,14,2026-01-17 01:14:53.249324,82,0.17,Completed
6279,239.0,39,2026-01-17 02:42:18.253825,37,0.15,Completed
6280,324.0,36,2026-01-17 04:09:43.258325,82,0.1,Completed
6281,296.0,17,2026-01-17 05:37:08.262826,12,0.11,Completed
6282,187.0,37,2026-01-17 07:04:33.267326,4,0.2,Completed
6283,208.0,44,2026-01-17 08:31:58.271827,43,0.02,Completed
6284,220.0,9,2026-01-17 09:59:23.276327,27,0.18,Completed
6285,400.0,20,2026-01-17 11:26:48.280828,51,0.08,Completed
6286,190.0,45,2026-01-17 12:54:13.285328,5,0.14,Pending
6287,388.0,28,2026-01-17 14:21:38.289828,6,0.17,Completed
6288,429.0,50,2026-01-17 15:49:03.294329,77,0.27,Completed
6289,346.0,20,2026-01-17 17:16:28.298829,87,0.17,Completed
6290,284.0,41,2026-01-17 18:43:53.303330,56,0.07,Completed
6291,352.0,36,2026-01-17 20:11:18.307830,89,0.02,Completed
6292,237.0,27,2026-01-17 21:38:43.312331,68,0.19,Completed
6293,194.0,8,2026-01-17 23:06:08.316831,96,0.16,Completed
6294,287.0,32,2026-01-18 00:33:33.321332,44,0.2,Completed
6295,259.0,1,2026-01-18 02:00:58.325832,15,0.14,Completed
6296,246.0,17,2026-01-18 03:28:23.330333,90,0.25,Completed
6297,136.0,9,2026-01-18 04:55:48.334833,42,0.28,Completed
6298,280.0,20,2026-01-18 06:23:13.339333,11,0.01,Completed
6299,271.0,45,2026-01-18 07:50:38.343834,73,0.22,Completed
6300,171.0,32,2026-01-18 09:18:03.348334,11,0.01,Completed
6301,159.0,2,2026-01-18 10:45:28.352835,66,0.13,Completed
6302,201.0,32,2026-01-18 12:12:53.357335,27,0.14,Completed
6303,487.0,45,2026-01-18 13:40:18.361836,58,0.21,Cancelled
6304,45.0,9,2026-01-18 15:07:43.366336,90,0.11,Completed
6305,450.0,30,2026-01-18 16:35:08.370837,72,0.25,Pending
6306,264.0,20,2026-01-18 18:02:33.375337,21,0.1,Completed
6307,71.0,38,2026-01-18 19:29:58.379837,21,0.1,Completed
6308,364.0,1,2026-01-18 20:57:23.384338,72,0.07,Pending
6309,371.0,5,2026-01-18 22:24:48.388838,1,0.21,Completed
6310,103.0,35,2026-01-18 23:52:13.393339,58,0.02,Pending
6311,490.0,36,2026-01-19 01:19:38.397839,13,0.11,Completed
6312,125.0,1,2026-01-19 02:47:03.402340,73,0.08,Completed
6313,313.0,14,2026-01-19 04:14:28.406840,92,0.07,Completed
6314,464.0,9,2026-01-19 05:41:53.411341,6,0.02,Pending
6315,483.0,30,2026-01-19 07:09:18.415841,87,0.06,Pending
6316,286.0,24,2026-01-19 08:36:43.420342,100,0.13,Completed
6317,458.0,4,2026-01-19 10:04:08.424842,58,0.15,Completed
6318,230.0,50,2026-01-19 11:31:33.429342,17,0.08,Pending
6319,146.0,14,2026-01-19 12:58:58.433843,73,0.2,Completed
6320,370.0,25,2026-01-19 14:26:23.438343,12,0.1,Completed
6321,197.0,4,2026-01-19 15:53:48.442844,86,0.11,Pending
6322,373.0,25,2026-01-19 17:21:13.447344,52,0.23,Completed
6323,221.0,10,2026-01-19 18:48:38.451845,76,0.17,Completed
6324,423.0,35,2026-01-19 20:16:03.456345,70,0.29,Pending
6325,60.0,7,2026-01-19 21:43:28.460846,73,0.11,Completed
6326,98.0,42,2026-01-19 23:10:53.465346,52,0.25,Completed
6327,171.0,13,2026-01-20 00:38:18.469846,37,0.22,Completed
6328,382.0,4,2026-01-20 02:05:43.474347,3,0.27,Completed
6329,173.0,50,2026-01-20 03:33:08.478847,98,0.29,Completed
6330,151.0,43,2026-01-20 05:00:33.483348,8,0.0,Completed
6331,453.0,36,2026-01-20 06:27:58.487848,10,0.03,Cancelled
6332,350.0,14,2026-01-20 07:55:23.492349,47,0.2,Completed
6333,390.0,18,2026-01-20 09:22:48.496849,41,0.12,Completed
6334,440.0,8,2026-01-20 10:50:13.501350,64,0.25,Completed
6335,122.0,32,2026-01-20 12:17:38.505850,42,0.0,Completed
6336,494.0,27,2026-01-20 13:45:03.510351,43,0.24,Completed
6337,108.0,42,2026-01-20 15:12:28.514851,9,0.04,Cancelled
6338,4.0,37,2026-01-20 16:39:53.519351,14,0.09,Pending
6339,93.0,23,2026-01-20 18:07:18.523852,91,0.29,Completed
6340,407.0,7,2026-01-20 19:34:43.528352,96,0.02,Completed
6341,6.0,12,2026-01-20 21:02:08.532853,4,0.1,Pending
6342,288.0,25,2026-01-20 22:29:33.537353,2,0.03,Completed
6343,106.0,3,2026-01-20 23:56:58.541854,97,0.26,Completed
6344,146.0,26,2026-01-21 01:24:23.546354,85,0.21,Completed
6345,271.0,4,2026-01-21 02:51:48.550855,1,0.24,Completed
6346,424.0,42,2026-01-21 04:19:13.555355,75,0.16,Completed
6347,378.0,36,2026-01-21 05:46:38.559855,65,0.11,Completed
6348,96.0,15,2026-01-21 07:14:03.564356,46,0.0,Pending
6349,457.0,32,2026-01-21 08:41:28.568856,59,0.08,Completed
6350,229.0,29,2026-01-21 10:08:53.573357,75,0.15,Completed
6351,202.0,10,2026-01-21 11:36:18.577857,7,0.2,Completed
6352,212.0,21,2026-01-21 13:03:43.582358,66,0.07,Completed
6353,6.0,16,2026-01-21 14:31:08.586858,15,0.04,Completed
6354,112.0,47,2026-01-21 15:58:33.591359,72,0.06,Completed
6355,376.0,19,2026-01-21 17:25:58.595859,47,0.11,Completed
6356,379.0,29,2026-01-21 18:53:23.600360,90,0.04,Cancelled
6357,447.0,18,2026-01-21 20:20:48.604860,40,0.05,Completed
6358,323.0,44,2026-01-21 21:48:13.609360,42,0.01,Completed
6359,106.0,16,2026-01-21 23:15:38.613861,51,0.26,Completed
6360,139.0,1,2026-01-22 00:43:03.618361,35,0.07,Completed
6361,299.0,48,2026-01-22 02:10:28.622862,41,0.25,Completed
6362,401.0,2,2026-01-22 03:37:53.627362,85,0.13,Completed
6363,96.0,15,2026-01-22 05:05:18.631863,57,0.19,Completed
6364,388.0,39,2026-01-22 06:32:43.636363,38,0.02,Completed
6365,447.0,28,2026-01-22 08:00:08.640864,72,0.18,Pending
6366,452.0,1,2026-01-22 09:27:33.645364,96,0.09,Completed
6367,337.0,5,2026-01-22 10:54:58.649864,8,0.03,Completed
6368,297.0,42,2026-01-22 12:22:23.654365,74,0.27,Completed
6369,467.0,22,2026-01-22 13:49:48.658865,63,0.18,Completed
6370,389.0,36,2026-01-22 15:17:13.663366,87,0.07,Completed
6371,416.0,46,2026-01-22 16:44:38.667866,4,0.13,Completed
6372,214.0,13,2026-01-22 18:12:03.672367,48,0.11,Completed
6373,454.0,1,2026-01-22 19:39:28.676867,52,0.21,Pending
6374,291.0,16,2026-01-22 21:06:53.681368,38,0.18,Completed
6375,22.0,41,2026-01-22 22:34:18.685868,94,0.01,Completed
6376,193.0,22,2026-01-23 00:01:43.690369,87,0.06,Completed
6377,468.0,32,2026-01-23 01:29:08.694869,5,0.14,Completed
6378,150.0,16,2026-01-23 02:56:33.699369,85,0.13,Completed
6379,368.0,15,2026-01-23 04:23:58.703870,70,0.16,Completed
6380,247.0,46,2026-01-23 05:51:23.708370,81,0.21,Completed
6381,267.0,42,2026-01-23 07:18:48.712871,89,0.2,Cancelled
6382,461.0,12,2026-01-23 08:46:13.717371,24,0.11,Pending
6383,251.0,1,2026-01-23 10:13:38.721872,86,0.26,Pending
6384,490.0,17,2026-01-23 11:41:03.726372,77,0.02,Completed
6385,3.0,41,2026-01-23 13:08:28.730873,17,0.18,Completed
6386,393.0,50,2026-01-23 14:35:53.735373,78,0.28,Completed
6387,316.0,28,2026-01-23 16:03:18.739873,98,0.16,Completed
6388,76.0,7,2026-01-23 17:30:43.744374,90,0.14,Pending
6389,87.0,9,2026-01-23 18:58:08.748874,83,0.04,Completed
6390,270.0,22,2026-01-23 20:25:33.753375,26,0.24,Pending
6391,225.0,26,2026-01-23 21:52:58.757875,3,0.11,Completed
6392,18.0,12,2026-01-23 23:20:23.762376,2,0.21,Completed
6393,113.0,7,2026-01-24 00:47:48.766876,92,0.06,Completed
6394,251.0,46,2026-01-24 02:15:13.771377,2,0.01,Completed
6395,233.0,47,2026-01-24 03:42:38.775877,22,0.09,Completed
6396,329.0,15,2026-01-24 05:10:03.780378,71,0.08,Pending
6397,279.0,38,2026-01-24 06:37:28.784878,4,0.26,Completed
6398,202.0,21,2026-01-24 08:04:53.789378,38,0.26,Completed
6399,83.0,14,2026-01-24 09:32:18.793879,84,0.16,Pending
6400,125.0,2,2026-01-24 10:59:43.798379,70,0.01,Completed
6401,175.0,8,2026-01-24 12:27:08.802880,73,0.07,Completed
6402,69.0,45,2026-01-24 13:54:33.807380,52,0.19,Completed
6403,47.0,6,2026-01-24 15:21:58.811881,31,0.03,Completed
6404,372.0,37,2026-01-24 16:49:23.816381,26,0.21,Completed
6405,256.0,37,2026-01-24 18:16:48.820882,36,0.0,Pending
6406,215.0,33,2026-01-24 19:44:13.825382,26,0.2,Cancelled
6407,30.0,41,2026-01-24 21:11:38.829882,28,0.25,Pending
6408,281.0,6,2026-01-24 22:39:03.834383,5,0.14,Completed
6409,412.0,26,2026-01-25 00:06:28.838883,74,0.25,Completed
6410,482.0,39,2026-01-25 01:33:53.843384,18,0.23,Completed
6411,237.0,41,2026-01-25 03:01:18.847884,15,0.2,Completed
6412,248.0,37,2026-01-25 04:28:43.852385,57,0.13,Completed
6413,368.0,14,2026-01-25 05:56:08.856885,97,0.08,Cancelled
6414,495.0,37,2026-01-25 07:23:33.861386,5,0.26,Completed
6415,25.0,8,2026-01-25 08:50:58.865886,37,0.19,Completed
6416,74.0,39,2026-01-25 10:18:23.870387,86,0.24,Completed
6417,206.0,13,2026-01-25 11:45:48.874887,86,0.17,Completed
6418,490.0,13,2026-01-25 13:13:13.879387,22,0.05,Completed
6419,494.0,40,2026-01-25 14:40:38.883888,52,0.29,Completed
6420,314.0,43,2026-01-25 16:08:03.888388,15,0.05,Completed
6421,94.0,28,2026-01-25 17:35:28.892889,17,0.27,Completed
6422,375.0,18,2026-01-25 19:02:53.897389,51,0.06,Completed
6423,127.0,19,2026-01-25 20:30:18.901890,45,0.11,Completed
6424,425.0,38,2026-01-25 21:57:43.906390,63,0.13,Pending
6425,25.0,32,2026-01-25 23:25:08.910891,28,0.28,Completed
6426,334.0,22,2026-01-26 00:52:33.915391,59,0.27,Completed
6427,355.0,2,2026-01-26 02:19:58.919891,86,0.25,Completed
6428,116.0,13,2026-01-26 03:47:23.924392,21,0.11,Completed
6429,48.0,23,2026-01-26 05:14:48.928892,42,0.0,Completed
6430,226.0,25,2026-01-26 06:42:13.933393,81,0.2,Completed
6431,266.0,28,2026-01-26 08:09:38.937893,69,0.12,Completed
6432,99.0,11,2026-01-26 09:37:03.942394,82,0.23,Completed
6433,459.0,33,2026-01-26 11:04:28.946894,17,0.24,Pending
6434,11.0,24,2026-01-26 12:31:53.951395,68,0.13,Completed
6435,85.0,2,2026-01-26 13:59:18.955895,7,0.22,Completed
6436,405.0,30,2026-01-26 15:26:43.960396,89,0.25,Completed
6437,214.0,17,2026-01-26 16:54:08.964896,40,0.28,Pending
6438,173.0,40,2026-01-26 18:21:33.969396,40,0.17,Completed
6439,391.0,34,2026-01-26 19:48:58.973897,43,0.23,Completed
6440,209.0,38,2026-01-26 21:16:23.978397,73,0.15,Completed
6441,448.0,22,2026-01-26 22:43:48.982898,83,0.01,Completed
6442,382.0,5,2026-01-27 00:11:13.987398,51,0.05,Completed
6443,64.0,48,2026-01-27 01:38:38.991899,73,0.04,Completed
6444,258.0,40,2026-01-27 03:06:03.996399,23,0.05,Completed
6445,332.0,16,2026-01-27 04:33:29.000900,95,0.0,Completed
6446,121.0,13,2026-01-27 06:00:54.005400,32,0.26,Completed
6447,298.0,26,2026-01-27 07:28:19.009900,31,0.17,Completed
6448,466.0,31,2026-01-27 08:55:44.014401,17,0.11,Cancelled
6449,54.0,39,2026-01-27 10:23:09.018901,58,0.12,Completed
6450,331.0,48,2026-01-27 11:50:34.023402,86,0.14,Completed
6451,272.0,23,2026-01-27 13:17:59.027902,35,0.02,Completed
6452,241.0,48,2026-01-27 14:45:24.032403,30,0.08,Pending
6453,243.0,12,2026-01-27 16:12:49.036903,64,0.26,Completed
6454,18.0,14,2026-01-27 17:40:14.041404,53,0.22,Completed
6455,483.0,18,2026-01-27 19:07:39.045904,51,0.17,Completed
6456,187.0,27,2026-01-27 20:35:04.050405,37,0.14,Completed
6457,346.0,28,2026-01-27 22:02:29.054905,90,0.08,Completed
6458,144.0,18,2026-01-27 23:29:54.059405,6,0.14,Completed
6459,262.0,16,2026-01-28 00:57:19.063906,34,0.18,Completed
6460,441.0,16,2026-01-28 02:24:44.068406,56,0.21,Cancelled
6461,364.0,13,2026-01-28 03:52:09.072907,96,0.05,Completed
6462,491.0,29,2026-01-28 05:19:34.077407,25,0.24,Completed
6463,431.0,9,2026-01-28 06:46:59.081908,13,0.1,Completed
6464,239.0,26,2026-01-28 08:14:24.086408,63,0.15,Completed
6465,304.0,28,2026-01-28 09:41:49.090909,66,0.18,Completed
6466,298.0,41,2026-01-28 11:09:14.095409,5,0.15,Completed
6467,76.0,13,2026-01-28 12:36:39.099909,75,0.17,Pending
6468,188.0,36,2026-01-28 14:04:04.104410,11,0.03,Completed
6469,333.0,9,2026-01-28 15:31:29.108910,88,0.13,Pending
6470,388.0,47,2026-01-28 16:58:54.113411,78,0.08,Completed
6471,487.0,14,2026-01-28 18:26:19.117911,94,0.03,Completed
6472,246.0,12,2026-01-28 19:53:44.122412,44,0.06,Completed
6473,130.0,32,2026-01-28 21:21:09.126912,99,0.18,Completed
6474,474.0,38,2026-01-28 22:48:34.131413,85,0.06,Completed
6475,315.0,3,2026-01-29 00:15:59.135913,69,0.05,Completed
6476,411.0,16,2026-01-29 01:43:24.140414,2,0.17,Completed
6477,283.0,20,2026-01-29 03:10:49.144914,40,0.27,Pending
6478,79.0,32,2026-01-29 04:38:14.149414,37,0.24,Completed
6479,72.0,23,2026-01-29 06:05:39.153915,49,0.27,Completed
6480,263.0,17,2026-01-29 07:33:04.158415,98,0.17,Completed
6481,191.0,16,2026-01-29 09:00:29.162916,75,0.12,Pending
6482,367.0,38,2026-01-29 10:27:54.167416,36,0.22,Pending
6483,375.0,8,2026-01-29 11:55:19.171917,75,0.08,Completed
6484,430.0,19,2026-01-29 13:22:44.176417,73,0.02,Completed
6485,63.0,30,2026-01-29 14:50:09.180918,70,0.1,Completed
6486,488.0,34,2026-01-29 16:17:34.185418,34,0.09,Completed
6487,380.0,14,2026-01-29 17:44:59.189918,58,0.2,Cancelled
6488,12.0,22,2026-01-29 19:12:24.194419,37,0.17,Completed
6489,141.0,44,2026-01-29 20:39:49.198919,96,0.04,Completed
6490,254.0,17,2026-01-29 22:07:14.203420,60,0.27,Completed
6491,43.0,15,2026-01-29 23:34:39.207920,12,0.18,Completed
6492,17.0,50,2026-01-30 01:02:04.212421,32,0.14,Completed
6493,63.0,48,2026-01-30 02:29:29.216921,81,0.28,Completed
6494,253.0,32,2026-01-30 03:56:54.221422,4,0.03,Completed
6495,465.0,13,2026-01-30 05:24:19.225922,33,0.24,Completed
6496,376.0,21,2026-01-30 06:51:44.230423,43,0.11,Completed
6497,292.0,49,2026-01-30 08:19:09.234923,9,0.21,Completed
6498,469.0,40,2026-01-30 09:46:34.239423,98,0.28,Completed
6499,8.0,33,2026-01-30 11:13:59.243924,51,0.16,Completed
6500,325.0,27,2026-01-30 12:41:24.248424,94,0.01,Completed
6501,90.0,35,2026-01-30 14:08:49.252925,20,0.01,Completed
6502,208.0,16,2026-01-30 15:36:14.257425,39,0.1,Completed
6503,292.0,28,2026-01-30 17:03:39.261926,23,0.23,Completed
6504,284.0,34,2026-01-30 18:31:04.266426,41,0.09,Completed
6505,118.0,47,2026-01-30 19:58:29.270927,44,0.1,Completed
6506,349.0,1,2026-01-30 21:25:54.275427,35,0.24,Completed
6507,175.0,41,2026-01-30 22:53:19.279927,23,0.03,Completed
6508,76.0,48,2026-01-31 00:20:44.284428,58,0.25,Cancelled
6509,101.0,31,2026-01-31 01:48:09.288928,48,0.08,Completed
6510,414.0,36,2026-01-31 03:15:34.293429,87,0.02,Pending
6511,151.0,44,2026-01-31 04:42:59.297929,58,0.04,Completed
6512,400.0,33,2026-01-31 06:10:24.302430,57,0.29,Completed
6513,270.0,33,2026-01-31 07:37:49.306930,87,0.14,Completed
6514,458.0,39,2026-01-31 09:05:14.311431,39,0.08,Completed
6515,71.0,18,2026-01-31 10:32:39.315931,28,0.16,Completed
6516,493.0,23,2026-01-31 12:00:04.320432,64,0.2,Completed
6517,180.0,23,2026-01-31 13:27:29.324932,62,0.1,Completed
6518,124.0,15,2026-01-31 14:54:54.329432,83,0.22,Pending
6519,381.0,26,2026-01-31 16:22:19.333933,62,0.08,Completed
6520,293.0,30,2026-01-31 17:49:44.338433,94,0.03,Completed
6521,285.0,25,2026-01-31 19:17:09.342934,85,0.16,Completed
6522,195.0,45,2026-01-31 20:44:34.347434,88,0.05,Completed
6523,399.0,16,2026-01-31 22:11:59.351935,85,0.28,Completed
6524,228.0,39,2026-01-31 23:39:24.356435,26,0.0,Completed
6525,431.0,48,2026-02-01 01:06:49.360936,51,0.23,Completed
6526,430.0,45,2026-02-01 02:34:14.365436,50,0.08,Cancelled
6527,436.0,14,2026-02-01 04:01:39.369936,36,0.25,Completed
6528,275.0,17,2026-02-01 05:29:04.374437,26,0.02,Pending
6529,461.0,12,2026-02-01 06:56:29.378937,33,0.29,Pending
6530,106.0,29,2026-02-01 08:23:54.383438,100,0.03,Completed
6531,21.0,32,2026-02-01 09:51:19.387938,68,0.24,Completed
6532,64.0,24,2026-02-01 11:18:44.392439,73,0.16,Completed
6533,165.0,13,2026-02-01 12:46:09.396939,8,0.13,Completed
6534,27.0,20,2026-02-01 14:13:34.401440,66,0.08,Completed
6535,311.0,15,2026-02-01 15:40:59.405940,93,0.25,Completed
6536,500.0,4,2026-02-01 17:08:24.410441,23,0.06,Completed
6537,285.0,34,2026-02-01 18:35:49.414941,70,0.22,Completed
6538,148.0,28,2026-02-01 20:03:14.419441,55,0.13,Pending
6539,281.0,50,2026-02-01 21:30:39.423942,43,0.3,Completed
6540,326.0,2,2026-02-01 22:58:04.428442,100,0.18,Completed
6541,319.0,47,2026-02-02 00:25:29.432943,21,0.03,Completed
6542,164.0,30,2026-02-02 01:52:54.437443,22,0.13,Completed
6543,386.0,26,2026-02-02 03:20:19.441944,9,0.02,Completed
6544,406.0,47,2026-02-02 04:47:44.446444,34,0.09,Cancelled
6545,224.0,26,2026-02-02 06:15:09.450945,59,0.1,Completed
6546,272.0,20,2026-02-02 07:42:34.455445,26,0.26,Cancelled
6547,146.0,42,2026-02-02 09:09:59.459945,1,0.25,Completed
6548,453.0,28,2026-02-02 10:37:24.464446,100,0.0,Completed
6549,438.0,20,2026-02-02 12:04:49.468946,5,0.16,Completed
6550,356.0,11,2026-02-02 13:32:14.473447,41,0.07,Completed
6551,30.0,10,2026-02-02 14:59:39.477947,63,0.1,Completed
6552,45.0,23,2026-02-02 16:27:04.482448,22,0.01,Pending
6553,275.0,37,2026-02-02 17:54:29.486948,68,0.22,Completed
6554,471.0,41,2026-02-02 19:21:54.491449,48,0.29,Completed
6555,34.0,19,2026-02-02 20:49:19.495949,66,0.07,Completed
6556,141.0,45,2026-02-02 22:16:44.500450,16,0.1,Completed
6557,427.0,18,2026-02-02 23:44:09.504950,80,0.06,Completed
6558,318.0,49,2026-02-03 01:11:34.509450,53,0.28,Cancelled
6559,374.0,27,2026-02-03 02:38:59.513951,86,0.0,Completed
6560,221.0,6,2026-02-03 04:06:24.518451,65,0.18,Completed
6561,356.0,10,2026-02-03 05:33:49.522952,79,0.26,Completed
6562,22.0,2,2026-02-03 07:01:14.527452,64,0.06,Completed
6563,180.0,24,2026-02-03 08:28:39.531953,88,0.18,Completed
6564,436.0,38,2026-02-03 09:56:04.536453,68,0.02,Pending
6565,367.0,28,2026-02-03 11:23:29.540954,63,0.24,Completed
6566,420.0,28,2026-02-03 12:50:54.545454,62,0.08,Completed
6567,329.0,45,2026-02-03 14:18:19.549954,82,0.3,Completed
6568,231.0,50,2026-02-03 15:45:44.554455,81,0.28,Completed
6569,499.0,39,2026-02-03 17:13:09.558955,71,0.22,Completed
6570,403.0,2,2026-02-03 18:40:34.563456,45,0.15,Completed
6571,38.0,46,2026-02-03 20:07:59.567956,52,0.23,Completed
6572,70.0,5,2026-02-03 21:35:24.572457,74,0.04,Completed
6573,116.0,50,2026-02-03 23:02:49.576957,65,0.09,Completed
6574,239.0,11,2026-02-04 00:30:14.581458,2,0.01,Completed
6575,335.0,10,2026-02-04 01:57:39.585958,49,0.19,Completed
6576,441.0,43,2026-02-04 03:25:04.590459,22,0.24,Completed
6577,148.0,2,2026-02-04 04:52:29.594959,96,0.28,Completed
6578,9.0,15,2026-02-04 06:19:54.599459,29,0.21,Completed
6579,288.0,39,2026-02-04 07:47:19.603960,35,0.22,Completed
6580,388.0,41,2026-02-04 09:14:44.608460,81,0.27,Completed
6581,50.0,37,2026-02-04 10:42:09.612961,76,0.28,Completed
6582,338.0,7,2026-02-04 12:09:34.617461,24,0.15,Completed
6583,5.0,20,2026-02-04 13:36:59.621962,94,0.03,Cancelled
6584,404.0,34,2026-02-04 15:04:24.626462,30,0.14,Completed
6585,343.0,35,2026-02-04 16:31:49.630963,84,0.17,Completed
6586,126.0,34,2026-02-04 17:59:14.635463,42,0.19,Completed
6587,75.0,22,2026-02-04 19:26:39.639963,71,0.3,Completed
6588,165.0,31,2026-02-04 20:54:04.644464,50,0.28,Completed
6589,278.0,23,2026-02-04 22:21:29.648964,71,0.12,Completed
6590,442.0,19,2026-02-04 23:48:54.653465,60,0.03,Completed
6591,324.0,4,2026-02-05 01:16:19.657965,30,0.06,Pending
6592,477.0,24,2026-02-05 02:43:44.662466,12,0.05,Completed
6593,300.0,20,2026-02-05 04:11:09.666966,49,0.11,Completed
6594,290.0,39,2026-02-05 05:38:34.671467,95,0.26,Completed
6595,77.0,28,2026-02-05 07:05:59.675967,82,0.13,Completed
6596,298.0,39,2026-02-05 08:33:24.680468,46,0.17,Pending
6597,137.0,17,2026-02-05 10:00:49.684968,43,0.05,Completed
6598,106.0,19,2026-02-05 11:28:14.689468,2,0.15,Completed
6599,95.0,48,2026-02-05 12:55:39.693969,97,0.26,Completed
6600,135.0,35,2026-02-05 14:23:04.698469,75,0.23,Completed
6601,68.0,32,2026-02-05 15:50:29.702970,98,0.02,Completed
6602,147.0,47,2026-02-05 17:17:54.707470,80,0.26,Completed
6603,490.0,46,2026-02-05 18:45:19.711971,54,0.08,Completed
6604,478.0,47,2026-02-05 20:12:44.716471,35,0.2,Completed
6605,159.0,46,2026-02-05 21:40:09.720972,52,0.04,Completed
6606,384.0,39,2026-02-05 23:07:34.725472,33,0.2,Completed
6607,163.0,35,2026-02-06 00:34:59.729972,85,0.01,Completed
6608,441.0,30,2026-02-06 02:02:24.734473,84,0.18,Completed
6609,341.0,17,2026-02-06 03:29:49.738973,72,0.19,Pending
6610,189.0,42,2026-02-06 04:57:14.743474,51,0.07,Completed
6611,415.0,47,2026-02-06 06:24:39.747974,26,0.28,Completed
6612,339.0,29,2026-02-06 07:52:04.752475,97,0.01,Pending
6613,95.0,6,2026-02-06 09:19:29.756975,62,0.27,Completed
6614,181.0,17,2026-02-06 10:46:54.761476,61,0.11,Completed
6615,288.0,17,2026-02-06 12:14:19.765976,26,0.21,Completed
6616,322.0,14,2026-02-06 13:41:44.770477,37,0.2,Cancelled
6617,187.0,24,2026-02-06 15:09:09.774977,30,0.05,Completed
6618,372.0,50,2026-02-06 16:36:34.779477,95,0.1,Cancelled
6619,138.0,37,2026-02-06 18:03:59.783978,97,0.16,Pending
6620,130.0,40,2026-02-06 19:31:24.788478,11,0.25,Completed
6621,194.0,39,2026-02-06 20:58:49.792979,53,0.29,Completed
6622,316.0,32,2026-02-06 22:26:14.797479,41,0.01,Completed
6623,472.0,36,2026-02-06 23:53:39.801980,5,0.11,Completed
6624,273.0,50,2026-02-07 01:21:04.806480,66,0.2,Completed
6625,352.0,37,2026-02-07 02:48:29.810981,13,0.16,Pending
6626,144.0,48,2026-02-07 04:15:54.815481,63,0.28,Completed
6627,16.0,14,2026-02-07 05:43:19.819981,82,0.01,Pending
6628,302.0,27,2026-02-07 07:10:44.824482,90,0.13,Completed
6629,423.0,19,2026-02-07 08:38:09.828982,25,0.2,Completed
6630,245.0,31,2026-02-07 10:05:34.833483,44,0.07,Completed
6631,415.0,46,2026-02-07 11:32:59.837983,14,0.22,Completed
6632,107.0,9,2026-02-07 13:00:24.842484,69,0.02,Pending
6633,88.0,38,2026-02-07 14:27:49.846984,59,0.14,Completed
6634,129.0,17,2026-02-07 15:55:14.851485,56,0.2,Completed
6635,395.0,19,2026-02-07 17:22:39.855985,52,0.08,Completed
6636,375.0,44,2026-02-07 18:50:04.860486,66,0.02,Completed
6637,341.0,4,2026-02-07 20:17:29.864986,68,0.29,Completed
6638,4.0,48,2026-02-07 21:44:54.869486,12,0.27,Completed
6639,327.0,11,2026-02-07 23:12:19.873987,75,0.28,Completed
6640,410.0,22,2026-02-08 00:39:44.878487,68,0.29,Completed
6641,367.0,4,2026-02-08 02:07:09.882988,43,0.06,Completed
6642,306.0,17,2026-02-08 03:34:34.887488,73,0.05,Pending
6643,396.0,8,2026-02-08 05:01:59.891989,74,0.01,Completed
6644,95.0,46,2026-02-08 06:29:24.896489,91,0.27,Completed
6645,209.0,34,2026-02-08 07:56:49.900990,6,0.23,Completed
6646,225.0,11,2026-02-08 09:24:14.905490,15,0.19,Completed
6647,459.0,31,2026-02-08 10:51:39.909990,42,0.28,Completed
6648,348.0,11,2026-02-08 12:19:04.914491,31,0.17,Pending
6649,480.0,38,2026-02-08 13:46:29.918991,86,0.04,Cancelled
6650,321.0,21,2026-02-08 15:13:54.923492,53,0.05,Completed
6651,47.0,46,2026-02-08 16:41:19.927992,6,0.04,Completed
6652,476.0,30,2026-02-08 18:08:44.932493,33,0.09,Completed
6653,181.0,10,2026-02-08 19:36:09.936993,29,0.11,Cancelled
6654,106.0,26,2026-02-08 21:03:34.941494,21,0.24,Completed
6655,199.0,27,2026-02-08 22:30:59.945994,54,0.06,Pending
6656,386.0,8,2026-02-08 23:58:24.950495,56,0.22,Pending
6657,106.0,39,2026-02-09 01:25:49.954995,94,0.15,Pending
6658,280.0,8,2026-02-09 02:53:14.959495,21,0.3,Completed
6659,260.0,8,2026-02-09 04:20:39.963996,100,0.23,Completed
6660,108.0,34,2026-02-09 05:48:04.968496,55,0.29,Completed
6661,19.0,16,2026-02-09 07:15:29.972997,58,0.1,Completed
6662,410.0,41,2026-02-09 08:42:54.977497,64,0.04,Completed
6663,459.0,13,2026-02-09 10:10:19.981998,86,0.15,Completed
6664,296.0,23,2026-02-09 11:37:44.986498,46,0.04,Completed
6665,306.0,12,2026-02-09 13:05:09.990999,84,0.15,Completed
6666,171.0,27,2026-02-09 14:32:34.995499,22,0.08,Completed
6667,331.0,22,2026-02-09 15:59:59.999999,60,0.15,Completed
6668,493.0,32,2026-02-09 17:27:25.004500,11,0.28,Completed
6669,195.0,49,2026-02-09 18:54:50.009000,47,0.09,Completed
6670,12.0,27,2026-02-09 20:22:15.013501,31,0.3,Pending
6671,195.0,2,2026-02-09 21:49:40.018001,77,0.07,Completed
6672,490.0,45,2026-02-09 23:17:05.022502,18,0.06,Completed
6673,283.0,33,2026-02-10 00:44:30.027002,22,0.16,Completed
6674,369.0,26,2026-02-10 02:11:55.031503,56,0.25,Pending
6675,182.0,28,2026-02-10 03:39:20.036003,17,0.22,Cancelled
6676,450.0,19,2026-02-10 05:06:45.040504,38,0.22,Completed
6677,305.0,43,2026-02-10 06:34:10.045004,25,0.08,Completed
6678,144.0,5,2026-02-10 08:01:35.049504,32,0.01,Completed
6679,386.0,33,2026-02-10 09:29:00.054005,15,0.05,Completed
6680,316.0,20,2026-02-10 10:56:25.058505,13,0.1,Completed
6681,182.0,30,2026-02-10 12:23:50.063006,58,0.29,Pending
6682,30.0,45,2026-02-10 13:51:15.067506,90,0.28,Completed
6683,84.0,8,2026-02-10 15:18:40.072007,50,0.06,Completed
6684,166.0,38,2026-02-10 16:46:05.076507,11,0.22,Completed
6685,284.0,17,2026-02-10 18:13:30.081008,13,0.17,Completed
6686,281.0,44,2026-02-10 19:40:55.085508,97,0.01,Completed
6687,96.0,1,2026-02-10 21:08:20.090009,50,0.11,Completed
6688,381.0,3,2026-02-10 22:35:45.094509,38,0.15,Cancelled
6689,266.0,46,2026-02-11 00:03:10.099009,1,0.2,Completed
6690,444.0,26,2026-02-11 01:30:35.103510,39,0.09,Pending
6691,298.0,31,2026-02-11 02:58:00.108010,27,0.28,Cancelled
6692,296.0,8,2026-02-11 04:25:25.112511,36,0.14,Completed
6693,225.0,43,2026-02-11 05:52:50.117011,32,0.07,Completed
6694,333.0,46,2026-02-11 07:20:15.121512,41,0.09,Pending
6695,361.0,8,2026-02-11 08:47:40.126012,15,0.23,Completed
6696,374.0,35,2026-02-11 10:15:05.130513,31,0.19,Completed
6697,42.0,39,2026-02-11 11:42:30.135013,6,0.22,Completed
6698,303.0,28,2026-02-11 13:09:55.139513,89,0.09,Pending
6699,421.0,4,2026-02-11 14:37:20.144014,52,0.1,Completed
6700,246.0,16,2026-02-11 16:04:45.148514,82,0.12,Pending
6701,208.0,13,2026-02-11 17:32:10.153015,22,0.06,Cancelled
6702,237.0,20,2026-02-11 18:59:35.157515,31,0.21,Completed
6703,22.0,5,2026-02-11 20:27:00.162016,100,0.1,Completed
6704,185.0,37,2026-02-11 21:54:25.166516,73,0.1,Completed
6705,468.0,20,2026-02-11 23:21:50.171017,46,0.08,Completed
6706,242.0,24,2026-02-12 00:49:15.175517,67,0.14,Completed
6707,363.0,36,2026-02-12 02:16:40.180018,97,0.23,Completed
6708,283.0,34,2026-02-12 03:44:05.184518,91,0.25,Cancelled
6709,41.0,45,2026-02-12 05:11:30.189018,43,0.24,Completed
6710,336.0,48,2026-02-12 06:38:55.193519,1,0.19,Cancelled
6711,162.0,34,2026-02-12 08:06:20.198019,44,0.08,Completed
6712,160.0,19,2026-02-12 09:33:45.202520,57,0.22,Pending
6713,474.0,17,2026-02-12 11:01:10.207020,9,0.01,Completed
6714,89.0,5,2026-02-12 12:28:35.211521,5,0.24,Pending
6715,322.0,25,2026-02-12 13:56:00.216021,79,0.23,Completed
6716,12.0,18,2026-02-12 15:23:25.220522,9,0.2,Completed
6717,424.0,50,2026-02-12 16:50:50.225022,45,0.03,Completed
6718,73.0,8,2026-02-12 18:18:15.229522,92,0.3,Completed
6719,76.0,27,2026-02-12 19:45:40.234023,77,0.23,Completed
6720,346.0,15,2026-02-12 21:13:05.238523,24,0.22,Pending
6721,201.0,45,2026-02-12 22:40:30.243024,74,0.02,Completed
6722,10.0,13,2026-02-13 00:07:55.247524,42,0.12,Completed
6723,352.0,16,2026-02-13 01:35:20.252025,22,0.03,Completed
6724,226.0,22,2026-02-13 03:02:45.256525,60,0.11,Pending
6725,176.0,20,2026-02-13 04:30:10.261026,86,0.17,Completed
6726,276.0,13,2026-02-13 05:57:35.265526,37,0.26,Completed
6727,39.0,20,2026-02-13 07:25:00.270027,39,0.08,Completed
6728,60.0,2,2026-02-13 08:52:25.274527,84,0.19,Pending
6729,66.0,35,2026-02-13 10:19:50.279027,74,0.05,Completed
6730,321.0,47,2026-02-13 11:47:15.283528,74,0.11,Completed
6731,435.0,19,2026-02-13 13:14:40.288028,90,0.28,Completed
6732,124.0,45,2026-02-13 14:42:05.292529,89,0.22,Completed
6733,164.0,37,2026-02-13 16:09:30.297029,53,0.16,Completed
6734,408.0,6,2026-02-13 17:36:55.301530,28,0.08,Completed
6735,411.0,14,2026-02-13 19:04:20.306030,77,0.11,Completed
6736,386.0,4,2026-02-13 20:31:45.310531,15,0.05,Completed
6737,159.0,22,2026-02-13 21:59:10.315031,60,0.11,Completed
6738,57.0,39,2026-02-13 23:26:35.319531,60,0.05,Completed
6739,78.0,36,2026-02-14 00:54:00.324032,6,0.24,Completed
6740,194.0,34,2026-02-14 02:21:25.328532,52,0.02,Completed
6741,285.0,27,2026-02-14 03:48:50.333033,12,0.06,Completed
6742,15.0,7,2026-02-14 05:16:15.337533,19,0.21,Completed
6743,12.0,3,2026-02-14 06:43:40.342034,96,0.27,Completed
6744,101.0,47,2026-02-14 08:11:05.346534,75,0.29,Completed
6745,156.0,33,2026-02-14 09:38:30.351035,97,0.25,Completed
6746,340.0,2,2026-02-14 11:05:55.355535,2,0.06,Completed
6747,125.0,42,2026-02-14 12:33:20.360036,55,0.09,Completed
6748,359.0,16,2026-02-14 14:00:45.364536,15,0.26,Pending
6749,280.0,25,2026-02-14 15:28:10.369036,64,0.27,Pending
6750,405.0,15,2026-02-14 16:55:35.373537,100,0.19,Completed
6751,394.0,24,2026-02-14 18:23:00.378037,69,0.09,Completed
6752,110.0,15,2026-02-14 19:50:25.382538,15,0.07,Completed
6753,334.0,31,2026-02-14 21:17:50.387038,43,0.26,Completed
6754,357.0,14,2026-02-14 22:45:15.391539,74,0.06,Pending
6755,146.0,14,2026-02-15 00:12:40.396039,17,0.2,Completed
6756,216.0,6,2026-02-15 01:40:05.400540,98,0.29,Completed
6757,398.0,14,2026-02-15 03:07:30.405040,24,0.21,Completed
6758,162.0,17,2026-02-15 04:34:55.409540,74,0.08,Pending
6759,128.0,18,2026-02-15 06:02:20.414041,30,0.08,Completed
6760,314.0,20,2026-02-15 07:29:45.418541,67,0.03,Completed
6761,332.0,17,2026-02-15 08:57:10.423042,51,0.21,Completed
6762,150.0,16,2026-02-15 10:24:35.427542,60,0.16,Completed
6763,454.0,40,2026-02-15 11:52:00.432043,3,0.06,Completed
6764,36.0,39,2026-02-15 13:19:25.436543,5,0.07,Completed
6765,173.0,32,2026-02-15 14:46:50.441044,28,0.0,Completed
6766,420.0,44,2026-02-15 16:14:15.445544,78,0.29,Completed
6767,22.0,9,2026-02-15 17:41:40.450045,11,0.25,Completed
6768,206.0,27,2026-02-15 19:09:05.454545,72,0.12,Completed
6769,127.0,46,2026-02-15 20:36:30.459045,72,0.28,Cancelled
6770,336.0,33,2026-02-15 22:03:55.463546,76,0.2,Completed
6771,445.0,10,2026-02-15 23:31:20.468046,15,0.23,Completed
6772,356.0,17,2026-02-16 00:58:45.472547,83,0.2,Completed
6773,440.0,49,2026-02-16 02:26:10.477047,48,0.23,Completed
6774,217.0,49,2026-02-16 03:53:35.481548,46,0.05,Completed
6775,96.0,36,2026-02-16 05:21:00.486048,28,0.17,Completed
6776,417.0,17,2026-02-16 06:48:25.490549,7,0.25,Completed
6777,429.0,18,2026-02-16 08:15:50.495049,71,0.01,Completed
6778,164.0,23,2026-02-16 09:43:15.499549,94,0.04,Completed
6779,148.0,34,2026-02-16 11:10:40.504050,82,0.07,Completed
6780,18.0,8,2026-02-16 12:38:05.508550,88,0.09,Completed
6781,294.0,13,2026-02-16 14:05:30.513051,6,0.05,Completed
6782,195.0,23,2026-02-16 15:32:55.517551,58,0.19,Completed
6783,151.0,20,2026-02-16 17:00:20.522052,68,0.09,Completed
6784,480.0,22,2026-02-16 18:27:45.526552,55,0.05,Completed
6785,365.0,47,2026-02-16 19:55:10.531053,67,0.27,Completed
6786,123.0,23,2026-02-16 21:22:35.535553,49,0.21,Completed
6787,400.0,41,2026-02-16 22:50:00.540054,51,0.07,Completed
6788,187.0,35,2026-02-17 00:17:25.544554,59,0.11,Completed
6789,453.0,3,2026-02-17 01:44:50.549054,6,0.22,Cancelled
6790,452.0,34,2026-02-17 03:12:15.553555,90,0.24,Completed
6791,149.0,33,2026-02-17 04:39:40.558055,51,0.05,Completed
6792,104.0,46,2026-02-17 06:07:05.562556,38,0.28,Completed
6793,243.0,17,2026-02-17 07:34:30.567056,11,0.24,Pending
6794,462.0,45,2026-02-17 09:01:55.571557,52,0.26,Completed
6795,231.0,19,2026-02-17 10:29:20.576057,93,0.04,Completed
6796,479.0,30,2026-02-17 11:56:45.580558,20,0.04,Pending
6797,206.0,23,2026-02-17 13:24:10.585058,10,0.09,Completed
6798,198.0,15,2026-02-17 14:51:35.589558,26,0.02,Completed
6799,396.0,14,2026-02-17 16:19:00.594059,48,0.03,Pending
6800,400.0,2,2026-02-17 17:46:25.598559,91,0.04,Completed
6801,337.0,39,2026-02-17 19:13:50.603060,14,0.21,Pending
6802,493.0,49,2026-02-17 20:41:15.607560,100,0.01,Completed
6803,87.0,18,2026-02-17 22:08:40.612061,59,0.02,Pending
6804,142.0,6,2026-02-17 23:36:05.616561,12,0.28,Completed
6805,317.0,32,2026-02-18 01:03:30.621062,23,0.03,Completed
6806,199.0,21,2026-02-18 02:30:55.625562,85,0.16,Pending
6807,46.0,40,2026-02-18 03:58:20.630063,72,0.19,Completed
6808,288.0,28,2026-02-18 05:25:45.634563,39,0.29,Completed
6809,15.0,27,2026-02-18 06:53:10.639063,9,0.27,Completed
6810,44.0,2,2026-02-18 08:20:35.643564,88,0.13,Completed
6811,401.0,33,2026-02-18 09:48:00.648064,95,0.28,Pending
6812,169.0,16,2026-02-18 11:15:25.652565,25,0.13,Completed
6813,310.0,39,2026-02-18 12:42:50.657065,17,0.2,Completed
6814,495.0,22,2026-02-18 14:10:15.661566,42,0.08,Completed
6815,44.0,43,2026-02-18 15:37:40.666066,29,0.19,Pending
6816,98.0,47,2026-02-18 17:05:05.670567,60,0.16,Completed
6817,261.0,13,2026-02-18 18:32:30.675067,67,0.18,Completed
6818,109.0,2,2026-02-18 19:59:55.679567,85,0.2,Pending
6819,283.0,14,2026-02-18 21:27:20.684068,57,0.05,Completed
6820,372.0,38,2026-02-18 22:54:45.688568,72,0.09,Completed
6821,343.0,41,2026-02-19 00:22:10.693069,14,0.22,Completed
6822,104.0,28,2026-02-19 01:49:35.697569,39,0.05,Completed
6823,256.0,7,2026-02-19 03:17:00.702070,16,0.1,Completed
6824,379.0,18,2026-02-19 04:44:25.706570,18,0.2,Completed
6825,206.0,41,2026-02-19 06:11:50.711071,95,0.28,Completed
6826,335.0,36,2026-02-19 07:39:15.715571,75,0.02,Completed
6827,43.0,41,2026-02-19 09:06:40.720072,20,0.15,Completed
6828,353.0,36,2026-02-19 10:34:05.724572,46,0.02,Completed
6829,245.0,44,2026-02-19 12:01:30.729072,45,0.11,Completed
6830,287.0,4,2026-02-19 13:28:55.733573,4,0.05,Completed
6831,355.0,30,2026-02-19 14:56:20.738073,84,0.19,Completed
6832,273.0,24,2026-02-19 16:23:45.742574,95,0.23,Completed
6833,476.0,20,2026-02-19 17:51:10.747074,20,0.07,Pending
6834,83.0,46,2026-02-19 19:18:35.751575,11,0.21,Completed
6835,110.0,31,2026-02-19 20:46:00.756075,65,0.13,Completed
6836,438.0,24,2026-02-19 22:13:25.760576,18,0.09,Completed
6837,190.0,7,2026-02-19 23:40:50.765076,39,0.16,Completed
6838,471.0,26,2026-02-20 01:08:15.769576,44,0.11,Pending
6839,288.0,13,2026-02-20 02:35:40.774077,97,0.07,Completed
6840,424.0,8,2026-02-20 04:03:05.778577,100,0.23,Completed
6841,397.0,5,2026-02-20 05:30:30.783078,18,0.24,Completed
6842,251.0,44,2026-02-20 06:57:55.787578,47,0.24,Completed
6843,212.0,13,2026-02-20 08:25:20.792079,31,0.11,Completed
6844,291.0,29,2026-02-20 09:52:45.796579,99,0.05,Completed
6845,133.0,20,2026-02-20 11:20:10.801080,39,0.25,Completed
6846,201.0,14,2026-02-20 12:47:35.805580,38,0.1,Completed
6847,285.0,32,2026-02-20 14:15:00.810081,79,0.22,Completed
6848,326.0,50,2026-02-20 15:42:25.814581,47,0.25,Completed
6849,409.0,27,2026-02-20 17:09:50.819081,70,0.23,Completed
6850,95.0,25,2026-02-20 18:37:15.823582,8,0.12,Completed
6851,278.0,4,2026-02-20 20:04:40.828082,86,0.28,Completed
6852,450.0,21,2026-02-20 21:32:05.832583,65,0.2,Cancelled
6853,429.0,18,2026-02-20 22:59:30.837083,13,0.17,Completed
6854,325.0,39,2026-02-21 00:26:55.841584,55,0.21,Completed
6855,219.0,15,2026-02-21 01:54:20.846084,88,0.01,Completed
6856,89.0,38,2026-02-21 03:21:45.850585,85,0.12,Completed
6857,72.0,48,2026-02-21 04:49:10.855085,43,0.26,Completed
6858,247.0,24,2026-02-21 06:16:35.859585,4,0.05,Completed
6859,129.0,8,2026-02-21 07:44:00.864086,71,0.12,Completed
6860,212.0,28,2026-02-21 09:11:25.868586,60,0.12,Completed
6861,428.0,21,2026-02-21 10:38:50.873087,12,0.11,Completed
6862,343.0,16,2026-02-21 12:06:15.877587,59,0.17,Pending
6863,96.0,16,2026-02-21 13:33:40.882088,77,0.3,Completed
6864,75.0,35,2026-02-21 15:01:05.886588,54,0.08,Completed
6865,423.0,17,2026-02-21 16:28:30.891089,44,0.21,Completed
6866,495.0,9,2026-02-21 17:55:55.895589,16,0.23,Completed
6867,54.0,35,2026-02-21 19:23:20.900090,6,0.18,Completed
6868,344.0,29,2026-02-21 20:50:45.904590,14,0.03,Completed
6869,459.0,39,2026-02-21 22:18:10.909090,58,0.17,Completed
6870,413.0,18,2026-02-21 23:45:35.913591,31,0.29,Completed
6871,54.0,12,2026-02-22 01:13:00.918091,100,0.1,Completed
6872,218.0,19,2026-02-22 02:40:25.922592,41,0.19,Cancelled
6873,16.0,48,2026-02-22 04:07:50.927092,35,0.29,Completed
6874,99.0,22,2026-02-22 05:35:15.931593,10,0.24,Completed
6875,20.0,49,2026-02-22 07:02:40.936093,81,0.21,Completed
6876,46.0,15,2026-02-22 08:30:05.940594,30,0.29,Completed
6877,451.0,1,2026-02-22 09:57:30.945094,44,0.05,Completed
6878,193.0,2,2026-02-22 11:24:55.949594,55,0.23,Pending
6879,383.0,8,2026-02-22 12:52:20.954095,71,0.12,Completed
6880,58.0,22,2026-02-22 14:19:45.958595,18,0.11,Completed
6881,437.0,25,2026-02-22 15:47:10.963096,83,0.16,Completed
6882,111.0,2,2026-02-22 17:14:35.967596,79,0.01,Completed
6883,129.0,9,2026-02-22 18:42:00.972097,86,0.09,Completed
6884,337.0,9,2026-02-22 20:09:25.976597,39,0.05,Completed
6885,194.0,13,2026-02-22 21:36:50.981098,42,0.04,Completed
6886,413.0,6,2026-02-22 23:04:15.985598,54,0.1,Completed
6887,340.0,30,2026-02-23 00:31:40.990099,30,0.24,Completed
6888,326.0,15,2026-02-23 01:59:05.994599,20,0.06,Completed
6889,8.0,15,2026-02-23 03:26:30.999099,96,0.16,Completed
6890,29.0,50,2026-02-23 04:53:56.003600,42,0.22,Completed
6891,112.0,7,2026-02-23 06:21:21.008100,89,0.07,Completed
6892,435.0,11,2026-02-23 07:48:46.012601,87,0.28,Completed
6893,161.0,40,2026-02-23 09:16:11.017101,5,0.26,Pending
6894,131.0,38,2026-02-23 10:43:36.021602,50,0.08,Pending
6895,188.0,40,2026-02-23 12:11:01.026102,41,0.3,Completed
6896,163.0,2,2026-02-23 13:38:26.030603,94,0.2,Completed
6897,197.0,48,2026-02-23 15:05:51.035103,39,0.09,Completed
6898,475.0,39,2026-02-23 16:33:16.039603,57,0.2,Completed
6899,364.0,10,2026-02-23 18:00:41.044104,91,0.2,Completed
6900,204.0,44,2026-02-23 19:28:06.048604,57,0.18,Completed
6901,212.0,17,2026-02-23 20:55:31.053105,37,0.21,Cancelled
6902,109.0,7,2026-02-23 22:22:56.057605,7,0.08,Completed
6903,276.0,40,2026-02-23 23:50:21.062106,5,0.29,Completed
6904,73.0,39,2026-02-24 01:17:46.066606,79,0.26,Pending
6905,167.0,4,2026-02-24 02:45:11.071107,51,0.22,Completed
6906,260.0,35,2026-02-24 04:12:36.075607,8,0.01,Completed
6907,243.0,47,2026-02-24 05:40:01.080108,56,0.18,Pending
6908,275.0,36,2026-02-24 07:07:26.084608,73,0.21,Completed
6909,102.0,31,2026-02-24 08:34:51.089108,11,0.26,Completed
6910,475.0,25,2026-02-24 10:02:16.093609,22,0.28,Completed
6911,173.0,41,2026-02-24 11:29:41.098109,98,0.27,Completed
6912,171.0,13,2026-02-24 12:57:06.102610,99,0.12,Completed
6913,141.0,18,2026-02-24 14:24:31.107110,77,0.27,Completed
6914,397.0,21,2026-02-24 15:51:56.111611,11,0.0,Completed
6915,188.0,48,2026-02-24 17:19:21.116111,60,0.11,Completed
6916,441.0,1,2026-02-24 18:46:46.120612,96,0.03,Pending
6917,86.0,36,2026-02-24 20:14:11.125112,15,0.26,Completed
6918,476.0,50,2026-02-24 21:41:36.129612,38,0.28,Completed
6919,52.0,8,2026-02-24 23:09:01.134113,1,0.08,Completed
6920,111.0,48,2026-02-25 00:36:26.138613,46,0.11,Pending
6921,437.0,21,2026-02-25 02:03:51.143114,88,0.3,Completed
6922,365.0,43,2026-02-25 03:31:16.147614,43,0.17,Completed
6923,342.0,21,2026-02-25 04:58:41.152115,22,0.15,Completed
6924,43.0,27,2026-02-25 06:26:06.156615,3,0.15,Pending
6925,211.0,19,2026-02-25 07:53:31.161116,14,0.21,Pending
6926,456.0,23,2026-02-25 09:20:56.165616,2,0.29,Completed
6927,500.0,50,2026-02-25 10:48:21.170117,61,0.11,Completed
6928,200.0,43,2026-02-25 12:15:46.174617,32,0.05,Completed
6929,298.0,35,2026-02-25 13:43:11.179117,38,0.06,Completed
6930,346.0,40,2026-02-25 15:10:36.183618,97,0.01,Completed
6931,240.0,42,2026-02-25 16:38:01.188118,46,0.17,Completed
6932,115.0,48,2026-02-25 18:05:26.192619,42,0.28,Pending
6933,26.0,5,2026-02-25 19:32:51.197119,6,0.21,Pending
6934,407.0,41,2026-02-25 21:00:16.201620,41,0.3,Completed
6935,299.0,8,2026-02-25 22:27:41.206120,25,0.27,Completed
6936,77.0,11,2026-02-25 23:55:06.210621,98,0.15,Completed
6937,412.0,16,2026-02-26 01:22:31.215121,11,0.15,Completed
6938,137.0,39,2026-02-26 02:49:56.219621,41,0.19,Completed
6939,20.0,47,2026-02-26 04:17:21.224122,71,0.03,Completed
6940,440.0,24,2026-02-26 05:44:46.228622,57,0.18,Completed
6941,211.0,21,2026-02-26 07:12:11.233123,46,0.14,Pending
6942,240.0,23,2026-02-26 08:39:36.237623,86,0.19,Pending
6943,39.0,49,2026-02-26 10:07:01.242124,48,0.17,Pending
6944,435.0,38,2026-02-26 11:34:26.246624,63,0.09,Completed
6945,268.0,47,2026-02-26 13:01:51.251125,39,0.18,Completed
6946,207.0,8,2026-02-26 14:29:16.255625,10,0.11,Pending
6947,479.0,7,2026-02-26 15:56:41.260126,85,0.06,Completed
6948,439.0,2,2026-02-26 17:24:06.264626,70,0.2,Completed
6949,462.0,30,2026-02-26 18:51:31.269126,65,0.09,Cancelled
6950,267.0,13,2026-02-26 20:18:56.273627,98,0.27,Completed
6951,154.0,23,2026-02-26 21:46:21.278127,59,0.06,Cancelled
6952,42.0,29,2026-02-26 23:13:46.282628,78,0.18,Completed
6953,411.0,38,2026-02-27 00:41:11.287128,36,0.17,Completed
6954,11.0,37,2026-02-27 02:08:36.291629,27,0.06,Completed
6955,294.0,20,2026-02-27 03:36:01.296129,73,0.13,Completed
6956,98.0,33,2026-02-27 05:03:26.300630,55,0.2,Completed
6957,427.0,29,2026-02-27 06:30:51.305130,70,0.1,Completed
6958,275.0,50,2026-02-27 07:58:16.309630,95,0.03,Completed
6959,448.0,15,2026-02-27 09:25:41.314131,81,0.18,Cancelled
6960,390.0,23,2026-02-27 10:53:06.318631,53,0.07,Completed
6961,430.0,42,2026-02-27 12:20:31.323132,60,0.2,Completed
6962,372.0,3,2026-02-27 13:47:56.327632,61,0.25,Completed
6963,230.0,37,2026-02-27 15:15:21.332133,36,0.04,Pending
6964,369.0,29,2026-02-27 16:42:46.336633,85,0.13,Completed
6965,426.0,45,2026-02-27 18:10:11.341134,27,0.13,Pending
6966,220.0,8,2026-02-27 19:37:36.345634,41,0.19,Completed
6967,65.0,22,2026-02-27 21:05:01.350135,28,0.1,Completed
6968,355.0,29,2026-02-27 22:32:26.354635,16,0.13,Completed
6969,232.0,2,2026-02-27 23:59:51.359135,35,0.0,Completed
6970,328.0,41,2026-02-28 01:27:16.363636,36,0.04,Completed
6971,443.0,49,2026-02-28 02:54:41.368136,56,0.17,Completed
6972,52.0,50,2026-02-28 04:22:06.372637,99,0.06,Completed
6973,374.0,45,2026-02-28 05:49:31.377137,19,0.04,Completed
6974,431.0,1,2026-02-28 07:16:56.381638,57,0.1,Completed
6975,376.0,44,2026-02-28 08:44:21.386138,85,0.05,Pending
6976,263.0,20,2026-02-28 10:11:46.390639,33,0.02,Completed
6977,267.0,21,2026-02-28 11:39:11.395139,23,0.09,Completed
6978,359.0,37,2026-02-28 13:06:36.399639,63,0.05,Completed
6979,317.0,8,2026-02-28 14:34:01.404140,70,0.24,Completed
6980,324.0,27,2026-02-28 16:01:26.408640,96,0.02,Pending
6981,409.0,47,2026-02-28 17:28:51.413141,22,0.22,Completed
6982,396.0,35,2026-02-28 18:56:16.417641,67,0.11,Completed
6983,154.0,6,2026-02-28 20:23:41.422142,99,0.2,Completed
6984,358.0,45,2026-02-28 21:51:06.426642,80,0.02,Completed
6985,366.0,44,2026-02-28 23:18:31.431143,59,0.28,Completed
6986,140.0,19,2026-03-01 00:45:56.435643,25,0.23,Completed
6987,427.0,18,2026-03-01 02:13:21.440144,17,0.04,Completed
6988,51.0,1,2026-03-01 03:40:46.444644,39,0.07,Completed
6989,117.0,25,2026-03-01 05:08:11.449144,77,0.19,Completed
6990,421.0,27,2026-03-01 06:35:36.453645,92,0.28,Completed
6991,46.0,7,2026-03-01 08:03:01.458145,75,0.13,Completed
6992,309.0,44,2026-03-01 09:30:26.462646,74,0.15,Completed
6993,88.0,42,2026-03-01 10:57:51.467146,39,0.07,Completed
6994,208.0,29,2026-03-01 12:25:16.471647,24,0.11,Completed
6995,377.0,31,2026-03-01 13:52:41.476147,38,0.09,Completed
6996,269.0,44,2026-03-01 15:20:06.480648,88,0.11,Completed
6997,89.0,43,2026-03-01 16:47:31.485148,97,0.01,Completed
6998,381.0,36,2026-03-01 18:14:56.489648,81,0.01,Completed
6999,118.0,19,2026-03-01 19:42:21.494149,57,0.2,Completed
7000,54.0,6,2026-03-01 21:09:46.498649,44,0.2,Completed
7001,441.0,25,2026-03-01 22:37:11.503150,36,0.1,Completed
7002,116.0,31,2026-03-02 00:04:36.507650,99,0.27,Completed
7003,118.0,9,2026-03-02 01:32:01.512151,70,0.08,Completed
7004,260.0,20,2026-03-02 02:59:26.516651,80,0.12,Completed
7005,75.0,10,2026-03-02 04:26:51.521152,45,0.22,Completed
7006,480.0,37,2026-03-02 05:54:16.525652,92,0.22,Completed
7007,305.0,27,2026-03-02 07:21:41.530153,96,0.26,Pending
7008,7.0,13,2026-03-02 08:49:06.534653,26,0.01,Completed
7009,366.0,41,2026-03-02 10:16:31.539153,11,0.06,Completed
7010,122.0,2,2026-03-02 11:43:56.543654,52,0.19,Completed
7011,11.0,50,2026-03-02 13:11:21.548154,25,0.1,Cancelled
7012,348.0,21,2026-03-02 14:38:46.552655,31,0.01,Completed
7013,438.0,33,2026-03-02 16:06:11.557155,85,0.18,Completed
7014,489.0,24,2026-03-02 17:33:36.561656,45,0.12,Cancelled
7015,215.0,44,2026-03-02 19:01:01.566156,67,0.11,Completed
7016,429.0,42,2026-03-02 20:28:26.570657,76,0.08,Completed
7017,279.0,34,2026-03-02 21:55:51.575157,40,0.0,Completed
7018,498.0,9,2026-03-02 23:23:16.579657,46,0.05,Completed
7019,28.0,2,2026-03-03 00:50:41.584158,54,0.14,Completed
7020,235.0,30,2026-03-03 02:18:06.588658,41,0.08,Completed
7021,367.0,22,2026-03-03 03:45:31.593159,89,0.26,Completed
7022,313.0,46,2026-03-03 05:12:56.597659,81,0.04,Completed
7023,26.0,11,2026-03-03 06:40:21.602160,38,0.26,Pending
7024,409.0,43,2026-03-03 08:07:46.606660,100,0.12,Completed
7025,54.0,17,2026-03-03 09:35:11.611161,36,0.08,Completed
7026,29.0,36,2026-03-03 11:02:36.615661,83,0.09,Completed
7027,467.0,13,2026-03-03 12:30:01.620162,44,0.1,Completed
7028,353.0,7,2026-03-03 13:57:26.624662,57,0.15,Cancelled
7029,164.0,16,2026-03-03 15:24:51.629162,66,0.11,Completed
7030,270.0,33,2026-03-03 16:52:16.633663,81,0.19,Completed
7031,334.0,45,2026-03-03 18:19:41.638163,30,0.13,Completed
7032,35.0,1,2026-03-03 19:47:06.642664,10,0.2,Completed
7033,286.0,11,2026-03-03 21:14:31.647164,99,0.18,Completed
7034,348.0,6,2026-03-03 22:41:56.651665,61,0.07,Completed
7035,273.0,20,2026-03-04 00:09:21.656165,63,0.24,Completed
7036,451.0,35,2026-03-04 01:36:46.660666,36,0.24,Pending
7037,208.0,44,2026-03-04 03:04:11.665166,54,0.3,Completed
7038,238.0,37,2026-03-04 04:31:36.669666,97,0.05,Completed
7039,414.0,41,2026-03-04 05:59:01.674167,65,0.25,Completed
7040,500.0,26,2026-03-04 07:26:26.678667,82,0.26,Completed
7041,93.0,12,2026-03-04 08:53:51.683168,4,0.19,Completed
7042,173.0,30,2026-03-04 10:21:16.687668,55,0.15,Completed
7043,79.0,28,2026-03-04 11:48:41.692169,54,0.29,Pending
7044,110.0,27,2026-03-04 13:16:06.696669,91,0.29,Cancelled
7045,217.0,42,2026-03-04 14:43:31.701170,89,0.19,Completed
7046,435.0,19,2026-03-04 16:10:56.705670,64,0.11,Completed
7047,358.0,5,2026-03-04 17:38:21.710171,92,0.25,Cancelled
7048,106.0,5,2026-03-04 19:05:46.714671,22,0.03,Completed
7049,47.0,41,2026-03-04 20:33:11.719171,25,0.09,Completed
7050,181.0,27,2026-03-04 22:00:36.723672,81,0.3,Completed
7051,64.0,28,2026-03-04 23:28:01.728172,59,0.24,Completed
7052,246.0,26,2026-03-05 00:55:26.732673,57,0.28,Completed
7053,244.0,27,2026-03-05 02:22:51.737173,54,0.18,Completed
7054,422.0,49,2026-03-05 03:50:16.741674,44,0.12,Completed
7055,320.0,42,2026-03-05 05:17:41.746174,52,0.29,Completed
7056,87.0,21,2026-03-05 06:45:06.750675,76,0.09,Completed
7057,217.0,1,2026-03-05 08:12:31.755175,16,0.23,Pending
7058,490.0,28,2026-03-05 09:39:56.759675,16,0.17,Pending
7059,7.0,48,2026-03-05 11:07:21.764176,81,0.07,Completed
7060,278.0,15,2026-03-05 12:34:46.768676,55,0.01,Completed
7061,337.0,17,2026-03-05 14:02:11.773177,61,0.12,Completed
7062,210.0,26,2026-03-05 15:29:36.777677,95,0.16,Completed
7063,497.0,20,2026-03-05 16:57:01.782178,79,0.05,Completed
7064,169.0,25,2026-03-05 18:24:26.786678,77,0.12,Pending
7065,330.0,13,2026-03-05 19:51:51.791179,40,0.18,Completed
7066,138.0,33,2026-03-05 21:19:16.795679,91,0.21,Completed
7067,441.0,25,2026-03-05 22:46:41.800180,21,0.02,Completed
7068,391.0,8,2026-03-06 00:14:06.804680,66,0.2,Completed
7069,496.0,5,2026-03-06 01:41:31.809180,8,0.02,Completed
7070,381.0,6,2026-03-06 03:08:56.813681,71,0.01,Completed
7071,306.0,23,2026-03-06 04:36:21.818181,10,0.05,Completed
7072,230.0,30,2026-03-06 06:03:46.822682,57,0.2,Completed
7073,475.0,14,2026-03-06 07:31:11.827182,4,0.02,Pending
7074,308.0,23,2026-03-06 08:58:36.831683,43,0.01,Completed
7075,161.0,11,2026-03-06 10:26:01.836183,100,0.04,Completed
7076,1.0,31,2026-03-06 11:53:26.840684,99,0.28,Pending
7077,236.0,6,2026-03-06 13:20:51.845184,63,0.27,Completed
7078,437.0,11,2026-03-06 14:48:16.849684,43,0.03,Completed
7079,188.0,13,2026-03-06 16:15:41.854185,67,0.09,Completed
7080,418.0,12,2026-03-06 17:43:06.858685,82,0.28,Completed
7081,4.0,2,2026-03-06 19:10:31.863186,51,0.03,Completed
7082,401.0,35,2026-03-06 20:37:56.867686,56,0.03,Completed
7083,132.0,36,2026-03-06 22:05:21.872187,43,0.03,Completed
7084,427.0,17,2026-03-06 23:32:46.876687,24,0.29,Completed
7085,218.0,28,2026-03-07 01:00:11.881188,96,0.22,Completed
7086,260.0,28,2026-03-07 02:27:36.885688,34,0.06,Completed
7087,1.0,22,2026-03-07 03:55:01.890189,59,0.01,Completed
7088,71.0,38,2026-03-07 05:22:26.894689,2,0.29,Completed
7089,478.0,7,2026-03-07 06:49:51.899189,2,0.13,Completed
7090,178.0,15,2026-03-07 08:17:16.903690,10,0.18,Completed
7091,457.0,32,2026-03-07 09:44:41.908190,23,0.08,Completed
7092,189.0,11,2026-03-07 11:12:06.912691,15,0.23,Completed
7093,291.0,24,2026-03-07 12:39:31.917191,76,0.06,Completed
7094,8.0,3,2026-03-07 14:06:56.921692,17,0.24,Completed
7095,253.0,30,2026-03-07 15:34:21.926192,82,0.07,Completed
7096,408.0,6,2026-03-07 17:01:46.930693,14,0.03,Completed
7097,467.0,2,2026-03-07 18:29:11.935193,81,0.14,Completed
7098,292.0,14,2026-03-07 19:56:36.939693,79,0.24,Completed
7099,434.0,41,2026-03-07 21:24:01.944194,76,0.12,Cancelled
7100,244.0,18,2026-03-07 22:51:26.948694,16,0.01,Pending
7101,123.0,44,2026-03-08 00:18:51.953195,32,0.17,Completed
7102,299.0,31,2026-03-08 01:46:16.957695,23,0.2,Completed
7103,283.0,13,2026-03-08 03:13:41.962196,34,0.22,Pending
7104,32.0,26,2026-03-08 04:41:06.966696,98,0.12,Completed
7105,334.0,44,2026-03-08 06:08:31.971197,16,0.03,Completed
7106,377.0,12,2026-03-08 07:35:56.975697,34,0.18,Cancelled
7107,146.0,18,2026-03-08 09:03:21.980198,71,0.1,Completed
7108,156.0,9,2026-03-08 10:30:46.984698,33,0.28,Completed
7109,413.0,49,2026-03-08 11:58:11.989198,68,0.15,Completed
7110,16.0,21,2026-03-08 13:25:36.993699,43,0.14,Completed
7111,355.0,48,2026-03-08 14:53:01.998199,64,0.09,Pending
7112,47.0,49,2026-03-08 16:20:27.002700,71,0.1,Completed
7113,251.0,40,2026-03-08 17:47:52.007200,18,0.15,Completed
7114,187.0,43,2026-03-08 19:15:17.011701,68,0.09,Completed
7115,31.0,24,2026-03-08 20:42:42.016201,61,0.27,Completed
7116,260.0,34,2026-03-08 22:10:07.020702,75,0.13,Completed
7117,421.0,8,2026-03-08 23:37:32.025202,20,0.09,Completed
7118,17.0,44,2026-03-09 01:04:57.029702,11,0.05,Completed
7119,39.0,33,2026-03-09 02:32:22.034203,79,0.2,Pending
7120,304.0,23,2026-03-09 03:59:47.038703,46,0.01,Completed
7121,430.0,13,2026-03-09 05:27:12.043204,64,0.13,Completed
7122,474.0,49,2026-03-09 06:54:37.047704,81,0.17,Completed
7123,432.0,14,2026-03-09 08:22:02.052205,98,0.1,Completed
7124,39.0,14,2026-03-09 09:49:27.056705,76,0.22,Completed
7125,489.0,16,2026-03-09 11:16:52.061206,28,0.2,Completed
7126,132.0,49,2026-03-09 12:44:17.065706,48,0.29,Completed
7127,30.0,38,2026-03-09 14:11:42.070207,35,0.15,Completed
7128,158.0,39,2026-03-09 15:39:07.074707,8,0.16,Completed
7129,278.0,26,2026-03-09 17:06:32.079207,91,0.07,Completed
7130,203.0,26,2026-03-09 18:33:57.083708,22,0.12,Completed
7131,66.0,1,2026-03-09 20:01:22.088208,24,0.01,Pending
7132,108.0,32,2026-03-09 21:28:47.092709,66,0.21,Completed
7133,268.0,15,2026-03-09 22:56:12.097209,95,0.09,Completed
7134,222.0,21,2026-03-10 00:23:37.101710,86,0.16,Pending
7135,292.0,18,2026-03-10 01:51:02.106210,64,0.08,Completed
7136,18.0,30,2026-03-10 03:18:27.110711,65,0.19,Completed
7137,90.0,13,2026-03-10 04:45:52.115211,14,0.13,Completed
7138,181.0,24,2026-03-10 06:13:17.119711,25,0.14,Completed
7139,255.0,30,2026-03-10 07:40:42.124212,100,0.28,Pending
7140,455.0,2,2026-03-10 09:08:07.128712,100,0.21,Cancelled
7141,253.0,19,2026-03-10 10:35:32.133213,3,0.08,Completed
7142,257.0,47,2026-03-10 12:02:57.137713,5,0.15,Completed
7143,383.0,44,2026-03-10 13:30:22.142214,65,0.14,Pending
7144,442.0,47,2026-03-10 14:57:47.146714,54,0.24,Completed
7145,346.0,25,2026-03-10 16:25:12.151215,19,0.25,Completed
7146,87.0,50,2026-03-10 17:52:37.155715,97,0.09,Completed
7147,90.0,14,2026-03-10 19:20:02.160216,54,0.25,Pending
7148,237.0,6,2026-03-10 20:47:27.164716,94,0.05,Pending
7149,390.0,12,2026-03-10 22:14:52.169216,76,0.23,Pending
7150,70.0,20,2026-03-10 23:42:17.173717,10,0.07,Completed
7151,44.0,23,2026-03-11 01:09:42.178217,98,0.09,Completed
7152,200.0,30,2026-03-11 02:37:07.182718,16,0.26,Completed
7153,152.0,30,2026-03-11 04:04:32.187218,46,0.13,Completed
7154,86.0,38,2026-03-11 05:31:57.191719,29,0.3,Completed
7155,19.0,30,2026-03-11 06:59:22.196219,15,0.05,Completed
7156,101.0,41,2026-03-11 08:26:47.200720,48,0.14,Completed
7157,402.0,30,2026-03-11 09:54:12.205220,11,0.22,Completed
7158,95.0,36,2026-03-11 11:21:37.209720,34,0.0,Completed
7159,254.0,49,2026-03-11 12:49:02.214221,36,0.05,Completed
7160,357.0,34,2026-03-11 14:16:27.218721,30,0.01,Completed
7161,30.0,16,2026-03-11 15:43:52.223222,99,0.3,Completed
7162,249.0,24,2026-03-11 17:11:17.227722,73,0.23,Completed
7163,426.0,14,2026-03-11 18:38:42.232223,82,0.11,Completed
7164,33.0,26,2026-03-11 20:06:07.236723,19,0.05,Completed
7165,458.0,8,2026-03-11 21:33:32.241224,68,0.03,Completed
7166,229.0,14,2026-03-11 23:00:57.245724,70,0.16,Completed
7167,12.0,31,2026-03-12 00:28:22.250225,33,0.29,Pending
7168,118.0,2,2026-03-12 01:55:47.254725,96,0.2,Completed
7169,350.0,48,2026-03-12 03:23:12.259225,80,0.11,Completed
7170,155.0,4,2026-03-12 04:50:37.263726,75,0.15,Completed
7171,423.0,1,2026-03-12 06:18:02.268226,22,0.3,Completed
7172,393.0,20,2026-03-12 07:45:27.272727,36,0.16,Completed
7173,246.0,14,2026-03-12 09:12:52.277227,23,0.29,Completed
7174,405.0,40,2026-03-12 10:40:17.281728,63,0.0,Pending
7175,332.0,25,2026-03-12 12:07:42.286228,26,0.22,Pending
7176,247.0,25,2026-03-12 13:35:07.290729,60,0.19,Pending
7177,29.0,3,2026-03-12 15:02:32.295229,95,0.21,Cancelled
7178,161.0,5,2026-03-12 16:29:57.299729,93,0.17,Completed
7179,235.0,38,2026-03-12 17:57:22.304230,5,0.01,Completed
7180,190.0,26,2026-03-12 19:24:47.308730,54,0.04,Completed
7181,117.0,40,2026-03-12 20:52:12.313231,38,0.28,Completed
7182,271.0,38,2026-03-12 22:19:37.317731,62,0.07,Completed
7183,258.0,38,2026-03-12 23:47:02.322232,25,0.3,Pending
7184,180.0,4,2026-03-13 01:14:27.326732,98,0.2,Completed
7185,487.0,7,2026-03-13 02:41:52.331233,12,0.13,Completed
7186,373.0,30,2026-03-13 04:09:17.335733,22,0.28,Completed
7187,172.0,30,2026-03-13 05:36:42.340234,9,0.24,Completed
7188,438.0,19,2026-03-13 07:04:07.344734,84,0.13,Completed
7189,274.0,39,2026-03-13 08:31:32.349234,29,0.02,Cancelled
7190,259.0,35,2026-03-13 09:58:57.353735,44,0.26,Completed
7191,135.0,40,2026-03-13 11:26:22.358235,93,0.23,Completed
7192,171.0,33,2026-03-13 12:53:47.362736,27,0.24,Cancelled
7193,210.0,33,2026-03-13 14:21:12.367236,55,0.22,Completed
7194,236.0,14,2026-03-13 15:48:37.371737,81,0.08,Completed
7195,422.0,38,2026-03-13 17:16:02.376237,5,0.26,Completed
7196,421.0,10,2026-03-13 18:43:27.380738,52,0.0,Completed
7197,186.0,28,2026-03-13 20:10:52.385238,13,0.07,Pending
7198,417.0,14,2026-03-13 21:38:17.389738,42,0.01,Completed
7199,364.0,36,2026-03-13 23:05:42.394239,15,0.03,Completed
7200,443.0,38,2026-03-14 00:33:07.398739,79,0.16,Completed
7201,95.0,16,2026-03-14 02:00:32.403240,18,0.01,Completed
7202,378.0,21,2026-03-14 03:27:57.407740,50,0.05,Completed
7203,11.0,28,2026-03-14 04:55:22.412241,2,0.07,Completed
7204,68.0,33,2026-03-14 06:22:47.416741,87,0.2,Completed
7205,379.0,6,2026-03-14 07:50:12.421242,13,0.14,Completed
7206,210.0,41,2026-03-14 09:17:37.425742,68,0.14,Completed
7207,196.0,15,2026-03-14 10:45:02.430243,47,0.23,Completed
7208,369.0,44,2026-03-14 12:12:27.434743,89,0.14,Pending
7209,98.0,3,2026-03-14 13:39:52.439243,75,0.1,Completed
7210,93.0,43,2026-03-14 15:07:17.443744,50,0.29,Completed
7211,472.0,47,2026-03-14 16:34:42.448244,12,0.0,Completed
7212,22.0,35,2026-03-14 18:02:07.452745,13,0.09,Completed
7213,450.0,14,2026-03-14 19:29:32.457245,9,0.18,Completed
7214,172.0,2,2026-03-14 20:56:57.461746,59,0.23,Completed
7215,383.0,29,2026-03-14 22:24:22.466246,45,0.24,Completed
7216,134.0,4,2026-03-14 23:51:47.470747,70,0.01,Completed
7217,426.0,26,2026-03-15 01:19:12.475247,43,0.21,Completed
7218,25.0,12,2026-03-15 02:46:37.479747,74,0.22,Pending
7219,185.0,2,2026-03-15 04:14:02.484248,23,0.06,Pending
7220,85.0,17,2026-03-15 05:41:27.488748,79,0.03,Completed
7221,55.0,35,2026-03-15 07:08:52.493249,45,0.22,Completed
7222,251.0,10,2026-03-15 08:36:17.497749,23,0.07,Completed
7223,144.0,48,2026-03-15 10:03:42.502250,34,0.0,Completed
7224,351.0,22,2026-03-15 11:31:07.506750,16,0.07,Pending
7225,398.0,41,2026-03-15 12:58:32.511251,63,0.01,Completed
7226,167.0,43,2026-03-15 14:25:57.515751,51,0.07,Completed
7227,412.0,21,2026-03-15 15:53:22.520252,32,0.1,Completed
7228,224.0,15,2026-03-15 17:20:47.524752,38,0.08,Completed
7229,220.0,35,2026-03-15 18:48:12.529252,56,0.28,Completed
7230,179.0,48,2026-03-15 20:15:37.533753,69,0.07,Completed
7231,119.0,21,2026-03-15 21:43:02.538253,17,0.14,Completed
7232,433.0,21,2026-03-15 23:10:27.542754,86,0.29,Completed
7233,265.0,21,2026-03-16 00:37:52.547254,39,0.26,Completed
7234,442.0,44,2026-03-16 02:05:17.551755,41,0.09,Completed
7235,429.0,32,2026-03-16 03:32:42.556255,48,0.1,Completed
7236,150.0,5,2026-03-16 05:00:07.560756,82,0.18,Completed
7237,416.0,39,2026-03-16 06:27:32.565256,28,0.28,Completed
7238,453.0,9,2026-03-16 07:54:57.569756,77,0.0,Completed
7239,215.0,18,2026-03-16 09:22:22.574257,50,0.12,Completed
7240,197.0,21,2026-03-16 10:49:47.578757,1,0.25,Completed
7241,42.0,8,2026-03-16 12:17:12.583258,50,0.12,Completed
7242,53.0,44,2026-03-16 13:44:37.587758,19,0.22,Completed
7243,480.0,34,2026-03-16 15:12:02.592259,98,0.21,Completed
7244,443.0,10,2026-03-16 16:39:27.596759,59,0.06,Completed
7245,330.0,41,2026-03-16 18:06:52.601260,68,0.13,Completed
7246,251.0,24,2026-03-16 19:34:17.605760,67,0.17,Completed
7247,295.0,40,2026-03-16 21:01:42.610261,41,0.21,Completed
7248,378.0,24,2026-03-16 22:29:07.614761,10,0.25,Completed
7249,271.0,32,2026-03-16 23:56:32.619261,28,0.23,Cancelled
7250,455.0,33,2026-03-17 01:23:57.623762,34,0.01,Completed
7251,413.0,38,2026-03-17 02:51:22.628262,39,0.2,Completed
7252,123.0,44,2026-03-17 04:18:47.632763,83,0.15,Completed
7253,367.0,49,2026-03-17 05:46:12.637263,56,0.17,Completed
7254,387.0,34,2026-03-17 07:13:37.641764,52,0.11,Completed
7255,339.0,11,2026-03-17 08:41:02.646264,100,0.21,Completed
7256,266.0,31,2026-03-17 10:08:27.650765,3,0.2,Completed
7257,348.0,18,2026-03-17 11:35:52.655265,23,0.17,Completed
7258,29.0,23,2026-03-17 13:03:17.659765,17,0.26,Completed
7259,463.0,22,2026-03-17 14:30:42.664266,71,0.03,Completed
7260,35.0,43,2026-03-17 15:58:07.668766,26,0.09,Cancelled
7261,6.0,18,2026-03-17 17:25:32.673267,18,0.15,Completed
7262,396.0,40,2026-03-17 18:52:57.677767,46,0.29,Completed
7263,111.0,47,2026-03-17 20:20:22.682268,70,0.02,Pending
7264,294.0,41,2026-03-17 21:47:47.686768,31,0.1,Completed
7265,77.0,47,2026-03-17 23:15:12.691269,93,0.28,Completed
7266,349.0,39,2026-03-18 00:42:37.695769,9,0.27,Completed
7267,147.0,20,2026-03-18 02:10:02.700270,35,0.26,Completed
7268,67.0,13,2026-03-18 03:37:27.704770,81,0.09,Completed
7269,392.0,45,2026-03-18 05:04:52.709270,60,0.25,Pending
7270,8.0,1,2026-03-18 06:32:17.713771,76,0.15,Completed
7271,122.0,4,2026-03-18 07:59:42.718271,63,0.19,Pending
7272,340.0,24,2026-03-18 09:27:07.722772,100,0.07,Completed
7273,175.0,36,2026-03-18 10:54:32.727272,52,0.21,Completed
7274,388.0,36,2026-03-18 12:21:57.731773,48,0.1,Completed
7275,179.0,45,2026-03-18 13:49:22.736273,61,0.1,Cancelled
7276,85.0,2,2026-03-18 15:16:47.740774,24,0.19,Completed
7277,451.0,28,2026-03-18 16:44:12.745274,74,0.07,Cancelled
7278,45.0,26,2026-03-18 18:11:37.749774,58,0.07,Completed
7279,136.0,23,2026-03-18 19:39:02.754275,64,0.11,Completed
7280,343.0,15,2026-03-18 21:06:27.758775,30,0.23,Completed
7281,16.0,36,2026-03-18 22:33:52.763276,29,0.07,Completed
7282,333.0,27,2026-03-19 00:01:17.767776,10,0.24,Completed
7283,195.0,6,2026-03-19 01:28:42.772277,39,0.21,Completed
7284,496.0,35,2026-03-19 02:56:07.776777,55,0.2,Completed
7285,9.0,39,2026-03-19 04:23:32.781278,28,0.14,Completed
7286,316.0,38,2026-03-19 05:50:57.785778,18,0.22,Pending
7287,334.0,35,2026-03-19 07:18:22.790279,41,0.0,Completed
7288,333.0,36,2026-03-19 08:45:47.794779,81,0.09,Completed
7289,327.0,10,2026-03-19 10:13:12.799279,75,0.2,Completed
7290,15.0,30,2026-03-19 11:40:37.803780,65,0.3,Pending
7291,327.0,41,2026-03-19 13:08:02.808280,81,0.0,Cancelled
7292,102.0,38,2026-03-19 14:35:27.812781,100,0.15,Completed
7293,226.0,29,2026-03-19 16:02:52.817281,100,0.28,Completed
7294,425.0,43,2026-03-19 17:30:17.821782,46,0.26,Completed
7295,278.0,39,2026-03-19 18:57:42.826282,60,0.01,Completed
7296,408.0,50,2026-03-19 20:25:07.830783,9,0.16,Pending
7297,113.0,4,2026-03-19 21:52:32.835283,45,0.0,Cancelled
7298,485.0,5,2026-03-19 23:19:57.839783,60,0.24,Completed
7299,428.0,4,2026-03-20 00:47:22.844284,28,0.09,Cancelled
7300,1.0,36,2026-03-20 02:14:47.848784,97,0.23,Completed
7301,266.0,45,2026-03-20 03:42:12.853285,3,0.28,Completed
7302,491.0,16,2026-03-20 05:09:37.857785,51,0.29,Completed
7303,208.0,25,2026-03-20 06:37:02.862286,8,0.27,Completed
7304,110.0,14,2026-03-20 08:04:27.866786,70,0.06,Completed
7305,200.0,11,2026-03-20 09:31:52.871287,59,0.06,Completed
7306,440.0,29,2026-03-20 10:59:17.875787,61,0.19,Completed
7307,369.0,34,2026-03-20 12:26:42.880288,58,0.16,Completed
7308,473.0,22,2026-03-20 13:54:07.884788,70,0.0,Pending
7309,306.0,14,2026-03-20 15:21:32.889288,93,0.12,Completed
7310,12.0,24,2026-03-20 16:48:57.893789,12,0.27,Completed
7311,345.0,39,2026-03-20 18:16:22.898289,9,0.27,Completed
7312,465.0,26,2026-03-20 19:43:47.902790,49,0.06,Completed
7313,188.0,43,2026-03-20 21:11:12.907290,83,0.11,Completed
7314,154.0,36,2026-03-20 22:38:37.911791,17,0.17,Completed
7315,494.0,39,2026-03-21 00:06:02.916291,54,0.26,Completed
7316,368.0,16,2026-03-21 01:33:27.920792,44,0.16,Completed
7317,334.0,38,2026-03-21 03:00:52.925292,32,0.29,Completed
7318,425.0,32,2026-03-21 04:28:17.929792,35,0.24,Completed
7319,420.0,6,2026-03-21 05:55:42.934293,78,0.29,Completed
7320,377.0,34,2026-03-21 07:23:07.938793,49,0.22,Completed
7321,279.0,8,2026-03-21 08:50:32.943294,54,0.26,Completed
7322,171.0,30,2026-03-21 10:17:57.947794,16,0.25,Completed
7323,134.0,27,2026-03-21 11:45:22.952295,85,0.08,Completed
7324,495.0,7,2026-03-21 13:12:47.956795,12,0.07,Completed
7325,453.0,27,2026-03-21 14:40:12.961296,88,0.26,Completed
7326,427.0,25,2026-03-21 16:07:37.965796,98,0.03,Completed
7327,25.0,46,2026-03-21 17:35:02.970297,8,0.12,Completed
7328,18.0,41,2026-03-21 19:02:27.974797,21,0.25,Completed
7329,190.0,15,2026-03-21 20:29:52.979297,48,0.24,Completed
7330,141.0,25,2026-03-21 21:57:17.983798,8,0.04,Completed
7331,43.0,22,2026-03-21 23:24:42.988298,28,0.15,Completed
7332,334.0,18,2026-03-22 00:52:07.992799,80,0.14,Completed
7333,284.0,12,2026-03-22 02:19:32.997299,10,0.1,Cancelled
7334,146.0,23,2026-03-22 03:46:58.001800,52,0.28,Completed
7335,315.0,45,2026-03-22 05:14:23.006300,15,0.2,Completed
7336,444.0,39,2026-03-22 06:41:48.010801,4,0.29,Completed
7337,319.0,25,2026-03-22 08:09:13.015301,90,0.02,Completed
7338,441.0,10,2026-03-22 09:36:38.019801,79,0.12,Completed
7339,92.0,30,2026-03-22 11:04:03.024302,100,0.25,Completed
7340,179.0,10,2026-03-22 12:31:28.028802,96,0.13,Completed
7341,56.0,34,2026-03-22 13:58:53.033303,62,0.08,Cancelled
7342,155.0,46,2026-03-22 15:26:18.037803,4,0.3,Pending
7343,160.0,13,2026-03-22 16:53:43.042304,41,0.26,Completed
7344,111.0,29,2026-03-22 18:21:08.046804,73,0.16,Pending
7345,137.0,38,2026-03-22 19:48:33.051305,99,0.17,Completed
7346,232.0,41,2026-03-22 21:15:58.055805,55,0.0,Completed
7347,480.0,45,2026-03-22 22:43:23.060306,28,0.29,Completed
7348,468.0,9,2026-03-23 00:10:48.064806,47,0.24,Completed
7349,220.0,13,2026-03-23 01:38:13.069306,9,0.01,Completed
7350,481.0,37,2026-03-23 03:05:38.073807,2,0.05,Completed
7351,68.0,14,2026-03-23 04:33:03.078307,67,0.25,Completed
7352,302.0,37,2026-03-23 06:00:28.082808,48,0.03,Completed
7353,249.0,9,2026-03-23 07:27:53.087308,69,0.28,Completed
7354,482.0,8,2026-03-23 08:55:18.091809,74,0.3,Pending
7355,496.0,39,2026-03-23 10:22:43.096309,28,0.27,Pending
7356,323.0,40,2026-03-23 11:50:08.100810,79,0.22,Completed
7357,410.0,3,2026-03-23 13:17:33.105310,14,0.15,Completed
7358,392.0,47,2026-03-23 14:44:58.109810,46,0.02,Completed
7359,6.0,40,2026-03-23 16:12:23.114311,87,0.22,Completed
7360,464.0,33,2026-03-23 17:39:48.118811,13,0.12,Pending
7361,280.0,32,2026-03-23 19:07:13.123312,16,0.17,Completed
7362,432.0,7,2026-03-23 20:34:38.127812,94,0.09,Completed
7363,487.0,19,2026-03-23 22:02:03.132313,40,0.07,Completed
7364,94.0,34,2026-03-23 23:29:28.136813,72,0.1,Completed
7365,429.0,14,2026-03-24 00:56:53.141314,81,0.24,Completed
7366,269.0,50,2026-03-24 02:24:18.145814,30,0.13,Completed
7367,197.0,47,2026-03-24 03:51:43.150315,81,0.09,Completed
7368,25.0,46,2026-03-24 05:19:08.154815,99,0.13,Completed
7369,148.0,19,2026-03-24 06:46:33.159315,65,0.01,Completed
7370,118.0,26,2026-03-24 08:13:58.163816,58,0.27,Completed
7371,338.0,17,2026-03-24 09:41:23.168316,88,0.17,Completed
7372,367.0,28,2026-03-24 11:08:48.172817,48,0.03,Completed
7373,338.0,19,2026-03-24 12:36:13.177317,49,0.09,Completed
7374,66.0,27,2026-03-24 14:03:38.181818,89,0.3,Completed
7375,458.0,48,2026-03-24 15:31:03.186318,2,0.18,Completed
7376,301.0,19,2026-03-24 16:58:28.190819,89,0.09,Completed
7377,370.0,33,2026-03-24 18:25:53.195319,14,0.13,Completed
7378,175.0,7,2026-03-24 19:53:18.199819,97,0.08,Completed
7379,319.0,29,2026-03-24 21:20:43.204320,17,0.01,Completed
7380,76.0,43,2026-03-24 22:48:08.208820,31,0.25,Cancelled
7381,495.0,5,2026-03-25 00:15:33.213321,10,0.09,Pending
7382,461.0,30,2026-03-25 01:42:58.217821,70,0.25,Pending
7383,114.0,49,2026-03-25 03:10:23.222322,89,0.14,Pending
7384,111.0,43,2026-03-25 04:37:48.226822,37,0.05,Completed
7385,249.0,8,2026-03-25 06:05:13.231323,64,0.24,Pending
7386,439.0,42,2026-03-25 07:32:38.235823,30,0.11,Completed
7387,203.0,12,2026-03-25 09:00:03.240324,34,0.21,Completed
7388,147.0,42,2026-03-25 10:27:28.244824,18,0.25,Completed
7389,35.0,13,2026-03-25 11:54:53.249324,88,0.29,Completed
7390,487.0,26,2026-03-25 13:22:18.253825,63,0.03,Pending
7391,309.0,18,2026-03-25 14:49:43.258325,49,0.0,Completed
7392,26.0,42,2026-03-25 16:17:08.262826,56,0.16,Completed
7393,238.0,49,2026-03-25 17:44:33.267326,91,0.08,Completed
7394,14.0,20,2026-03-25 19:11:58.271827,58,0.14,Completed
7395,374.0,16,2026-03-25 20:39:23.276327,27,0.02,Pending
7396,45.0,37,2026-03-25 22:06:48.280828,55,0.15,Cancelled
7397,428.0,3,2026-03-25 23:34:13.285328,85,0.04,Completed
7398,216.0,27,2026-03-26 01:01:38.289828,19,0.25,Completed
7399,233.0,15,2026-03-26 02:29:03.294329,23,0.23,Completed
7400,193.0,34,2026-03-26 03:56:28.298829,47,0.02,Pending
7401,51.0,45,2026-03-26 05:23:53.303330,79,0.25,Completed
7402,427.0,22,2026-03-26 06:51:18.307830,66,0.1,Completed
7403,375.0,40,2026-03-26 08:18:43.312331,99,0.11,Completed
7404,214.0,23,2026-03-26 09:46:08.316831,51,0.05,Completed
7405,151.0,49,2026-03-26 11:13:33.321332,84,0.25,Completed
7406,440.0,4,2026-03-26 12:40:58.325832,28,0.12,Pending
7407,275.0,41,2026-03-26 14:08:23.330333,57,0.01,Completed
7408,338.0,23,2026-03-26 15:35:48.334833,58,0.29,Pending
7409,76.0,47,2026-03-26 17:03:13.339333,15,0.08,Completed
7410,439.0,9,2026-03-26 18:30:38.343834,16,0.28,Completed
7411,220.0,24,2026-03-26 19:58:03.348334,97,0.09,Completed
7412,348.0,21,2026-03-26 21:25:28.352835,47,0.25,Completed
7413,444.0,41,2026-03-26 22:52:53.357335,63,0.2,Completed
7414,187.0,46,2026-03-27 00:20:18.361836,12,0.26,Completed
7415,289.0,16,2026-03-27 01:47:43.366336,43,0.29,Completed
7416,403.0,25,2026-03-27 03:15:08.370837,84,0.26,Completed
7417,28.0,26,2026-03-27 04:42:33.375337,29,0.12,Completed
7418,379.0,49,2026-03-27 06:09:58.379837,49,0.24,Completed
7419,180.0,45,2026-03-27 07:37:23.384338,3,0.21,Completed
7420,253.0,9,2026-03-27 09:04:48.388838,69,0.02,Completed
7421,126.0,15,2026-03-27 10:32:13.393339,60,0.28,Completed
7422,177.0,39,2026-03-27 11:59:38.397839,66,0.14,Completed
7423,37.0,33,2026-03-27 13:27:03.402340,87,0.04,Completed
7424,410.0,1,2026-03-27 14:54:28.406840,90,0.13,Cancelled
7425,99.0,5,2026-03-27 16:21:53.411341,26,0.18,Completed
7426,98.0,9,2026-03-27 17:49:18.415841,71,0.17,Completed
7427,127.0,44,2026-03-27 19:16:43.420342,74,0.17,Completed
7428,483.0,6,2026-03-27 20:44:08.424842,69,0.08,Completed
7429,168.0,28,2026-03-27 22:11:33.429342,47,0.19,Completed
7430,80.0,45,2026-03-27 23:38:58.433843,76,0.27,Completed
7431,294.0,26,2026-03-28 01:06:23.438343,96,0.12,Completed
7432,333.0,28,2026-03-28 02:33:48.442844,42,0.19,Pending
7433,126.0,40,2026-03-28 04:01:13.447344,31,0.07,Cancelled
7434,343.0,15,2026-03-28 05:28:38.451845,22,0.01,Completed
7435,310.0,6,2026-03-28 06:56:03.456345,17,0.18,Cancelled
7436,150.0,27,2026-03-28 08:23:28.460846,84,0.01,Completed
7437,16.0,38,2026-03-28 09:50:53.465346,20,0.22,Completed
7438,28.0,4,2026-03-28 11:18:18.469846,8,0.2,Completed
7439,496.0,11,2026-03-28 12:45:43.474347,98,0.11,Pending
7440,419.0,21,2026-03-28 14:13:08.478847,49,0.12,Pending
7441,444.0,30,2026-03-28 15:40:33.483348,87,0.28,Completed
7442,173.0,18,2026-03-28 17:07:58.487848,38,0.0,Completed
7443,46.0,35,2026-03-28 18:35:23.492349,53,0.17,Pending
7444,328.0,3,2026-03-28 20:02:48.496849,28,0.28,Completed
7445,236.0,12,2026-03-28 21:30:13.501350,77,0.27,Completed
7446,439.0,27,2026-03-28 22:57:38.505850,29,0.18,Completed
7447,214.0,30,2026-03-29 00:25:03.510351,72,0.11,Completed
7448,85.0,21,2026-03-29 01:52:28.514851,11,0.03,Completed
7449,282.0,38,2026-03-29 03:19:53.519351,47,0.05,Completed
7450,232.0,21,2026-03-29 04:47:18.523852,45,0.2,Completed
7451,85.0,38,2026-03-29 06:14:43.528352,18,0.0,Pending
7452,409.0,40,2026-03-29 07:42:08.532853,50,0.27,Completed
7453,489.0,15,2026-03-29 09:09:33.537353,89,0.18,Completed
7454,65.0,18,2026-03-29 10:36:58.541854,49,0.01,Pending
7455,134.0,29,2026-03-29 12:04:23.546354,22,0.07,Pending
7456,151.0,48,2026-03-29 13:31:48.550855,45,0.18,Completed
7457,115.0,38,2026-03-29 14:59:13.555355,61,0.01,Completed
7458,64.0,21,2026-03-29 16:26:38.559855,99,0.23,Completed
7459,343.0,17,2026-03-29 17:54:03.564356,93,0.28,Completed
7460,427.0,41,2026-03-29 19:21:28.568856,21,0.29,Pending
7461,363.0,18,2026-03-29 20:48:53.573357,71,0.22,Completed
7462,407.0,37,2026-03-29 22:16:18.577857,61,0.26,Completed
7463,352.0,38,2026-03-29 23:43:43.582358,76,0.18,Completed
7464,158.0,12,2026-03-30 01:11:08.586858,36,0.14,Pending
7465,77.0,11,2026-03-30 02:38:33.591359,24,0.21,Completed
7466,491.0,48,2026-03-30 04:05:58.595859,32,0.07,Completed
7467,146.0,49,2026-03-30 05:33:23.600360,91,0.03,Completed
7468,343.0,20,2026-03-30 07:00:48.604860,96,0.23,Completed
7469,463.0,9,2026-03-30 08:28:13.609360,59,0.29,Pending
7470,225.0,1,2026-03-30 09:55:38.613861,96,0.17,Completed
7471,405.0,3,2026-03-30 11:23:03.618361,96,0.14,Completed
7472,313.0,21,2026-03-30 12:50:28.622862,90,0.16,Pending
7473,103.0,23,2026-03-30 14:17:53.627362,75,0.14,Completed
7474,407.0,9,2026-03-30 15:45:18.631863,82,0.13,Completed
7475,347.0,19,2026-03-30 17:12:43.636363,5,0.28,Completed
7476,301.0,45,2026-03-30 18:40:08.640864,16,0.14,Completed
7477,428.0,46,2026-03-30 20:07:33.645364,11,0.02,Completed
7478,466.0,19,2026-03-30 21:34:58.649864,35,0.23,Completed
7479,88.0,23,2026-03-30 23:02:23.654365,75,0.12,Completed
7480,371.0,27,2026-03-31 00:29:48.658865,42,0.21,Completed
7481,303.0,27,2026-03-31 01:57:13.663366,87,0.17,Completed
7482,168.0,39,2026-03-31 03:24:38.667866,98,0.21,Completed
7483,435.0,36,2026-03-31 04:52:03.672367,81,0.02,Completed
7484,170.0,12,2026-03-31 06:19:28.676867,10,0.01,Completed
7485,135.0,27,2026-03-31 07:46:53.681368,82,0.11,Completed
7486,50.0,46,2026-03-31 09:14:18.685868,8,0.21,Pending
7487,432.0,34,2026-03-31 10:41:43.690369,26,0.07,Completed
7488,340.0,33,2026-03-31 12:09:08.694869,3,0.13,Completed
7489,347.0,28,2026-03-31 13:36:33.699369,59,0.29,Pending
7490,134.0,31,2026-03-31 15:03:58.703870,88,0.06,Completed
7491,347.0,32,2026-03-31 16:31:23.708370,3,0.25,Completed
7492,137.0,50,2026-03-31 17:58:48.712871,38,0.25,Completed
7493,245.0,20,2026-03-31 19:26:13.717371,2,0.27,Completed
7494,109.0,40,2026-03-31 20:53:38.721872,99,0.27,Pending
7495,313.0,35,2026-03-31 22:21:03.726372,17,0.15,Completed
7496,287.0,31,2026-03-31 23:48:28.730873,73,0.2,Completed
7497,21.0,31,2026-04-01 01:15:53.735373,36,0.19,Completed
7498,90.0,38,2026-04-01 02:43:18.739873,86,0.09,Cancelled
7499,296.0,22,2026-04-01 04:10:43.744374,95,0.08,Completed
7500,112.0,45,2026-04-01 05:38:08.748874,98,0.1,Completed
7501,301.0,41,2026-04-01 07:05:33.753375,88,0.07,Pending
7502,77.0,9,2026-04-01 08:32:58.757875,73,0.23,Completed
7503,177.0,9,2026-04-01 10:00:23.762376,2,0.29,Completed
7504,343.0,15,2026-04-01 11:27:48.766876,85,0.26,Pending
7505,148.0,13,2026-04-01 12:55:13.771377,34,0.07,Completed
7506,101.0,22,2026-04-01 14:22:38.775877,27,0.02,Completed
7507,246.0,16,2026-04-01 15:50:03.780378,37,0.23,Completed
7508,117.0,32,2026-04-01 17:17:28.784878,71,0.12,Completed
7509,92.0,2,2026-04-01 18:44:53.789378,22,0.25,Completed
7510,401.0,26,2026-04-01 20:12:18.793879,68,0.23,Completed
7511,28.0,14,2026-04-01 21:39:43.798379,14,0.19,Completed
7512,425.0,38,2026-04-01 23:07:08.802880,98,0.08,Completed
7513,450.0,34,2026-04-02 00:34:33.807380,23,0.03,Completed
7514,25.0,8,2026-04-02 02:01:58.811881,44,0.08,Completed
7515,58.0,36,2026-04-02 03:29:23.816381,89,0.15,Pending
7516,498.0,21,2026-04-02 04:56:48.820882,65,0.29,Completed
7517,297.0,46,2026-04-02 06:24:13.825382,79,0.02,Pending
7518,134.0,43,2026-04-02 07:51:38.829882,96,0.06,Completed
7519,331.0,28,2026-04-02 09:19:03.834383,78,0.19,Completed
7520,249.0,46,2026-04-02 10:46:28.838883,61,0.09,Completed
7521,38.0,44,2026-04-02 12:13:53.843384,85,0.26,Pending
7522,390.0,48,2026-04-02 13:41:18.847884,55,0.04,Completed
7523,429.0,6,2026-04-02 15:08:43.852385,71,0.29,Completed
7524,75.0,20,2026-04-02 16:36:08.856885,100,0.27,Completed
7525,142.0,31,2026-04-02 18:03:33.861386,85,0.27,Completed
7526,322.0,33,2026-04-02 19:30:58.865886,50,0.05,Pending
7527,168.0,44,2026-04-02 20:58:23.870387,12,0.1,Completed
7528,259.0,7,2026-04-02 22:25:48.874887,79,0.24,Completed
7529,373.0,8,2026-04-02 23:53:13.879387,15,0.24,Cancelled
7530,355.0,9,2026-04-03 01:20:38.883888,17,0.21,Cancelled
7531,225.0,2,2026-04-03 02:48:03.888388,34,0.13,Completed
7532,152.0,17,2026-04-03 04:15:28.892889,35,0.09,Completed
7533,19.0,45,2026-04-03 05:42:53.897389,39,0.29,Completed
7534,146.0,37,2026-04-03 07:10:18.901890,78,0.04,Completed
7535,448.0,42,2026-04-03 08:37:43.906390,55,0.01,Completed
7536,241.0,44,2026-04-03 10:05:08.910891,59,0.0,Completed
7537,372.0,17,2026-04-03 11:32:33.915391,5,0.23,Cancelled
7538,381.0,38,2026-04-03 12:59:58.919891,30,0.02,Completed
7539,344.0,35,2026-04-03 14:27:23.924392,4,0.16,Completed
7540,237.0,47,2026-04-03 15:54:48.928892,15,0.11,Pending
7541,35.0,39,2026-04-03 17:22:13.933393,35,0.04,Completed
7542,190.0,30,2026-04-03 18:49:38.937893,74,0.22,Completed
7543,1.0,6,2026-04-03 20:17:03.942394,55,0.02,Completed
7544,484.0,4,2026-04-03 21:44:28.946894,66,0.1,Completed
7545,153.0,37,2026-04-03 23:11:53.951395,60,0.17,Pending
7546,429.0,35,2026-04-04 00:39:18.955895,24,0.12,Completed
7547,433.0,9,2026-04-04 02:06:43.960396,92,0.08,Completed
7548,126.0,6,2026-04-04 03:34:08.964896,22,0.28,Completed
7549,491.0,13,2026-04-04 05:01:33.969396,44,0.28,Completed
7550,482.0,22,2026-04-04 06:28:58.973897,32,0.12,Completed
7551,345.0,28,2026-04-04 07:56:23.978397,95,0.12,Completed
7552,400.0,30,2026-04-04 09:23:48.982898,83,0.09,Completed
7553,226.0,36,2026-04-04 10:51:13.987398,51,0.26,Completed
7554,221.0,2,2026-04-04 12:18:38.991899,85,0.17,Completed
7555,403.0,36,2026-04-04 13:46:03.996399,3,0.03,Completed
7556,407.0,8,2026-04-04 15:13:29.000900,70,0.26,Completed
7557,211.0,45,2026-04-04 16:40:54.005400,32,0.16,Completed
7558,25.0,42,2026-04-04 18:08:19.009900,2,0.12,Completed
7559,16.0,50,2026-04-04 19:35:44.014401,88,0.1,Completed
7560,182.0,9,2026-04-04 21:03:09.018901,59,0.03,Completed
7561,499.0,1,2026-04-04 22:30:34.023402,91,0.29,Pending
7562,329.0,13,2026-04-04 23:57:59.027902,73,0.22,Completed
7563,129.0,50,2026-04-05 01:25:24.032403,77,0.04,Completed
7564,42.0,15,2026-04-05 02:52:49.036903,14,0.15,Cancelled
7565,403.0,32,2026-04-05 04:20:14.041404,51,0.17,Completed
7566,481.0,34,2026-04-05 05:47:39.045904,11,0.05,Completed
7567,418.0,43,2026-04-05 07:15:04.050405,78,0.13,Pending
7568,336.0,31,2026-04-05 08:42:29.054905,80,0.19,Completed
7569,236.0,14,2026-04-05 10:09:54.059405,10,0.09,Completed
7570,360.0,47,2026-04-05 11:37:19.063906,84,0.1,Completed
7571,439.0,14,2026-04-05 13:04:44.068406,80,0.04,Completed
7572,402.0,48,2026-04-05 14:32:09.072907,58,0.12,Completed
7573,34.0,29,2026-04-05 15:59:34.077407,34,0.18,Completed
7574,345.0,47,2026-04-05 17:26:59.081908,80,0.03,Completed
7575,381.0,19,2026-04-05 18:54:24.086408,78,0.18,Completed
7576,45.0,27,2026-04-05 20:21:49.090909,53,0.12,Completed
7577,134.0,9,2026-04-05 21:49:14.095409,28,0.2,Completed
7578,21.0,37,2026-04-05 23:16:39.099909,18,0.09,Pending
7579,122.0,37,2026-04-06 00:44:04.104410,26,0.17,Completed
7580,70.0,43,2026-04-06 02:11:29.108910,7,0.18,Completed
7581,352.0,28,2026-04-06 03:38:54.113411,45,0.21,Completed
7582,361.0,24,2026-04-06 05:06:19.117911,98,0.23,Completed
7583,48.0,28,2026-04-06 06:33:44.122412,45,0.04,Completed
7584,491.0,36,2026-04-06 08:01:09.126912,71,0.29,Completed
7585,39.0,18,2026-04-06 09:28:34.131413,97,0.25,Completed
7586,287.0,25,2026-04-06 10:55:59.135913,35,0.17,Pending
7587,490.0,35,2026-04-06 12:23:24.140414,52,0.27,Pending
7588,10.0,4,2026-04-06 13:50:49.144914,21,0.11,Completed
7589,30.0,14,2026-04-06 15:18:14.149414,28,0.01,Pending
7590,244.0,39,2026-04-06 16:45:39.153915,96,0.22,Completed
7591,274.0,26,2026-04-06 18:13:04.158415,44,0.28,Completed
7592,444.0,8,2026-04-06 19:40:29.162916,80,0.05,Completed
7593,88.0,24,2026-04-06 21:07:54.167416,56,0.19,Completed
7594,244.0,16,2026-04-06 22:35:19.171917,10,0.24,Completed
7595,381.0,20,2026-04-07 00:02:44.176417,23,0.27,Completed
7596,329.0,15,2026-04-07 01:30:09.180918,48,0.08,Completed
7597,479.0,7,2026-04-07 02:57:34.185418,52,0.04,Completed
7598,15.0,17,2026-04-07 04:24:59.189918,15,0.07,Completed
7599,4.0,22,2026-04-07 05:52:24.194419,55,0.17,Cancelled
7600,191.0,22,2026-04-07 07:19:49.198919,43,0.28,Cancelled
7601,168.0,12,2026-04-07 08:47:14.203420,50,0.17,Cancelled
7602,9.0,18,2026-04-07 10:14:39.207920,6,0.28,Completed
7603,109.0,46,2026-04-07 11:42:04.212421,33,0.23,Completed
7604,137.0,47,2026-04-07 13:09:29.216921,62,0.18,Cancelled
7605,154.0,15,2026-04-07 14:36:54.221422,55,0.01,Cancelled
7606,388.0,37,2026-04-07 16:04:19.225922,39,0.1,Completed
7607,209.0,16,2026-04-07 17:31:44.230423,12,0.02,Completed
7608,272.0,5,2026-04-07 18:59:09.234923,100,0.1,Completed
7609,143.0,2,2026-04-07 20:26:34.239423,31,0.02,Pending
7610,99.0,28,2026-04-07 21:53:59.243924,74,0.05,Completed
7611,377.0,41,2026-04-07 23:21:24.248424,53,0.12,Pending
7612,308.0,27,2026-04-08 00:48:49.252925,34,0.15,Completed
7613,69.0,31,2026-04-08 02:16:14.257425,41,0.07,Completed
7614,247.0,41,2026-04-08 03:43:39.261926,10,0.22,Completed
7615,261.0,36,2026-04-08 05:11:04.266426,52,0.18,Completed
7616,276.0,47,2026-04-08 06:38:29.270927,75,0.21,Completed
7617,79.0,43,2026-04-08 08:05:54.275427,57,0.22,Completed
7618,146.0,1,2026-04-08 09:33:19.279927,78,0.22,Completed
7619,111.0,50,2026-04-08 11:00:44.284428,3,0.28,Completed
7620,258.0,29,2026-04-08 12:28:09.288928,57,0.07,Completed
7621,93.0,1,2026-04-08 13:55:34.293429,33,0.08,Completed
7622,13.0,8,2026-04-08 15:22:59.297929,7,0.03,Completed
7623,260.0,16,2026-04-08 16:50:24.302430,4,0.18,Completed
7624,426.0,28,2026-04-08 18:17:49.306930,39,0.12,Cancelled
7625,109.0,22,2026-04-08 19:45:14.311431,48,0.15,Completed
7626,330.0,18,2026-04-08 21:12:39.315931,74,0.05,Completed
7627,189.0,22,2026-04-08 22:40:04.320432,79,0.19,Completed
7628,95.0,41,2026-04-09 00:07:29.324932,16,0.19,Completed
7629,105.0,12,2026-04-09 01:34:54.329432,38,0.08,Cancelled
7630,8.0,19,2026-04-09 03:02:19.333933,4,0.14,Completed
7631,67.0,25,2026-04-09 04:29:44.338433,4,0.27,Pending
7632,496.0,50,2026-04-09 05:57:09.342934,100,0.23,Completed
7633,191.0,5,2026-04-09 07:24:34.347434,27,0.07,Completed
7634,366.0,34,2026-04-09 08:51:59.351935,86,0.26,Completed
7635,256.0,39,2026-04-09 10:19:24.356435,86,0.02,Pending
7636,9.0,10,2026-04-09 11:46:49.360936,17,0.12,Completed
7637,478.0,47,2026-04-09 13:14:14.365436,98,0.02,Completed
7638,117.0,7,2026-04-09 14:41:39.369936,96,0.28,Completed
7639,267.0,37,2026-04-09 16:09:04.374437,70,0.01,Completed
7640,99.0,47,2026-04-09 17:36:29.378937,54,0.05,Completed
7641,485.0,15,2026-04-09 19:03:54.383438,97,0.27,Completed
7642,298.0,42,2026-04-09 20:31:19.387938,8,0.17,Completed
7643,397.0,24,2026-04-09 21:58:44.392439,53,0.24,Completed
7644,164.0,26,2026-04-09 23:26:09.396939,100,0.0,Cancelled
7645,376.0,26,2026-04-10 00:53:34.401440,5,0.13,Completed
7646,141.0,46,2026-04-10 02:20:59.405940,69,0.3,Completed
7647,268.0,26,2026-04-10 03:48:24.410441,47,0.17,Completed
7648,37.0,10,2026-04-10 05:15:49.414941,74,0.25,Completed
7649,74.0,17,2026-04-10 06:43:14.419441,40,0.29,Completed
7650,73.0,14,2026-04-10 08:10:39.423942,7,0.21,Completed
7651,308.0,2,2026-04-10 09:38:04.428442,12,0.1,Completed
7652,199.0,48,2026-04-10 11:05:29.432943,94,0.09,Completed
7653,130.0,13,2026-04-10 12:32:54.437443,25,0.02,Cancelled
7654,246.0,27,2026-04-10 14:00:19.441944,28,0.13,Pending
7655,312.0,9,2026-04-10 15:27:44.446444,43,0.27,Completed
7656,60.0,7,2026-04-10 16:55:09.450945,77,0.14,Completed
7657,279.0,48,2026-04-10 18:22:34.455445,47,0.27,Completed
7658,103.0,10,2026-04-10 19:49:59.459945,49,0.25,Pending
7659,296.0,9,2026-04-10 21:17:24.464446,86,0.3,Cancelled
7660,320.0,22,2026-04-10 22:44:49.468946,54,0.28,Pending
7661,487.0,23,2026-04-11 00:12:14.473447,18,0.21,Completed
7662,341.0,7,2026-04-11 01:39:39.477947,27,0.26,Completed
7663,151.0,48,2026-04-11 03:07:04.482448,72,0.22,Cancelled
7664,157.0,9,2026-04-11 04:34:29.486948,6,0.21,Pending
7665,206.0,27,2026-04-11 06:01:54.491449,75,0.21,Pending
7666,474.0,24,2026-04-11 07:29:19.495949,93,0.22,Completed
7667,179.0,29,2026-04-11 08:56:44.500450,69,0.11,Completed
7668,197.0,17,2026-04-11 10:24:09.504950,71,0.13,Completed
7669,223.0,20,2026-04-11 11:51:34.509450,22,0.09,Pending
7670,89.0,7,2026-04-11 13:18:59.513951,59,0.04,Pending
7671,287.0,43,2026-04-11 14:46:24.518451,47,0.14,Completed
7672,434.0,40,2026-04-11 16:13:49.522952,68,0.27,Completed
7673,276.0,7,2026-04-11 17:41:14.527452,32,0.2,Completed
7674,236.0,28,2026-04-11 19:08:39.531953,83,0.02,Completed
7675,183.0,19,2026-04-11 20:36:04.536453,97,0.24,Completed
7676,209.0,20,2026-04-11 22:03:29.540954,1,0.28,Completed
7677,493.0,44,2026-04-11 23:30:54.545454,54,0.25,Completed
7678,130.0,39,2026-04-12 00:58:19.549954,46,0.22,Completed
7679,153.0,40,2026-04-12 02:25:44.554455,41,0.05,Completed
7680,13.0,7,2026-04-12 03:53:09.558955,41,0.1,Completed
7681,122.0,6,2026-04-12 05:20:34.563456,8,0.17,Pending
7682,359.0,25,2026-04-12 06:47:59.567956,32,0.02,Completed
7683,220.0,41,2026-04-12 08:15:24.572457,30,0.03,Completed
7684,106.0,13,2026-04-12 09:42:49.576957,46,0.28,Pending
7685,375.0,39,2026-04-12 11:10:14.581458,92,0.21,Completed
7686,70.0,40,2026-04-12 12:37:39.585958,52,0.08,Completed
7687,195.0,22,2026-04-12 14:05:04.590459,96,0.1,Completed
7688,186.0,49,2026-04-12 15:32:29.594959,89,0.12,Completed
7689,99.0,17,2026-04-12 16:59:54.599459,98,0.02,Completed
7690,82.0,48,2026-04-12 18:27:19.603960,61,0.22,Completed
7691,75.0,22,2026-04-12 19:54:44.608460,97,0.05,Completed
7692,374.0,34,2026-04-12 21:22:09.612961,13,0.24,Completed
7693,340.0,8,2026-04-12 22:49:34.617461,89,0.25,Completed
7694,192.0,49,2026-04-13 00:16:59.621962,40,0.19,Completed
7695,325.0,45,2026-04-13 01:44:24.626462,61,0.23,Completed
7696,467.0,18,2026-04-13 03:11:49.630963,44,0.05,Completed
7697,214.0,24,2026-04-13 04:39:14.635463,62,0.17,Completed
7698,315.0,42,2026-04-13 06:06:39.639963,44,0.2,Pending
7699,444.0,2,2026-04-13 07:34:04.644464,48,0.2,Completed
7700,467.0,2,2026-04-13 09:01:29.648964,74,0.04,Completed
7701,382.0,27,2026-04-13 10:28:54.653465,59,0.1,Completed
7702,367.0,14,2026-04-13 11:56:19.657965,57,0.1,Completed
7703,318.0,48,2026-04-13 13:23:44.662466,95,0.17,Pending
7704,144.0,39,2026-04-13 14:51:09.666966,11,0.23,Cancelled
7705,384.0,12,2026-04-13 16:18:34.671467,25,0.17,Completed
7706,216.0,32,2026-04-13 17:45:59.675967,61,0.23,Completed
7707,361.0,28,2026-04-13 19:13:24.680468,46,0.03,Completed
7708,324.0,28,2026-04-13 20:40:49.684968,54,0.26,Completed
7709,15.0,46,2026-04-13 22:08:14.689468,34,0.16,Completed
7710,217.0,25,2026-04-13 23:35:39.693969,84,0.01,Cancelled
7711,492.0,4,2026-04-14 01:03:04.698469,7,0.19,Completed
7712,439.0,26,2026-04-14 02:30:29.702970,97,0.16,Completed
7713,35.0,36,2026-04-14 03:57:54.707470,62,0.07,Completed
7714,183.0,50,2026-04-14 05:25:19.711971,57,0.23,Pending
7715,270.0,3,2026-04-14 06:52:44.716471,99,0.28,Completed
7716,433.0,1,2026-04-14 08:20:09.720972,93,0.1,Completed
7717,467.0,17,2026-04-14 09:47:34.725472,76,0.15,Cancelled
7718,358.0,7,2026-04-14 11:14:59.729972,5,0.04,Cancelled
7719,100.0,48,2026-04-14 12:42:24.734473,76,0.28,Completed
7720,7.0,5,2026-04-14 14:09:49.738973,93,0.1,Pending
7721,30.0,19,2026-04-14 15:37:14.743474,35,0.06,Completed
7722,467.0,39,2026-04-14 17:04:39.747974,84,0.14,Completed
7723,305.0,46,2026-04-14 18:32:04.752475,37,0.01,Completed
7724,473.0,34,2026-04-14 19:59:29.756975,60,0.08,Completed
7725,144.0,35,2026-04-14 21:26:54.761476,65,0.02,Cancelled
7726,111.0,49,2026-04-14 22:54:19.765976,16,0.04,Pending
7727,232.0,16,2026-04-15 00:21:44.770477,30,0.03,Completed
7728,179.0,40,2026-04-15 01:49:09.774977,73,0.26,Completed
7729,72.0,50,2026-04-15 03:16:34.779477,42,0.28,Pending
7730,210.0,47,2026-04-15 04:43:59.783978,61,0.14,Completed
7731,220.0,39,2026-04-15 06:11:24.788478,74,0.19,Completed
7732,80.0,27,2026-04-15 07:38:49.792979,77,0.21,Completed
7733,500.0,41,2026-04-15 09:06:14.797479,48,0.12,Completed
7734,83.0,38,2026-04-15 10:33:39.801980,62,0.11,Pending
7735,42.0,50,2026-04-15 12:01:04.806480,84,0.2,Pending
7736,273.0,50,2026-04-15 13:28:29.810981,93,0.11,Cancelled
7737,191.0,25,2026-04-15 14:55:54.815481,64,0.17,Completed
7738,173.0,26,2026-04-15 16:23:19.819981,57,0.15,Pending
7739,461.0,14,2026-04-15 17:50:44.824482,68,0.16,Completed
7740,7.0,14,2026-04-15 19:18:09.828982,46,0.25,Completed
7741,155.0,14,2026-04-15 20:45:34.833483,28,0.21,Completed
7742,10.0,25,2026-04-15 22:12:59.837983,77,0.29,Pending
7743,34.0,36,2026-04-15 23:40:24.842484,3,0.24,Completed
7744,36.0,4,2026-04-16 01:07:49.846984,37,0.04,Completed
7745,409.0,47,2026-04-16 02:35:14.851485,48,0.22,Cancelled
7746,6.0,15,2026-04-16 04:02:39.855985,19,0.2,Completed
7747,408.0,32,2026-04-16 05:30:04.860486,92,0.19,Pending
7748,402.0,18,2026-04-16 06:57:29.864986,83,0.14,Completed
7749,215.0,14,2026-04-16 08:24:54.869486,17,0.02,Completed
7750,134.0,1,2026-04-16 09:52:19.873987,82,0.29,Completed
7751,285.0,42,2026-04-16 11:19:44.878487,82,0.26,Completed
7752,126.0,20,2026-04-16 12:47:09.882988,87,0.15,Cancelled
7753,409.0,10,2026-04-16 14:14:34.887488,40,0.05,Completed
7754,439.0,10,2026-04-16 15:41:59.891989,50,0.25,Completed
7755,337.0,24,2026-04-16 17:09:24.896489,73,0.13,Completed
7756,174.0,34,2026-04-16 18:36:49.900990,29,0.12,Completed
7757,152.0,28,2026-04-16 20:04:14.905490,51,0.2,Completed
7758,331.0,27,2026-04-16 21:31:39.909991,42,0.23,Pending
7759,26.0,40,2026-04-16 22:59:04.914491,29,0.02,Completed
7760,383.0,1,2026-04-17 00:26:29.918991,66,0.23,Completed
7761,115.0,33,2026-04-17 01:53:54.923492,17,0.22,Completed
7762,382.0,4,2026-04-17 03:21:19.927992,31,0.18,Completed
7763,482.0,7,2026-04-17 04:48:44.932493,92,0.1,Completed
7764,284.0,9,2026-04-17 06:16:09.936993,52,0.05,Completed
7765,387.0,16,2026-04-17 07:43:34.941494,39,0.03,Completed
7766,75.0,5,2026-04-17 09:10:59.945994,60,0.0,Completed
7767,166.0,34,2026-04-17 10:38:24.950495,94,0.06,Completed
7768,189.0,23,2026-04-17 12:05:49.954995,99,0.12,Completed
7769,78.0,43,2026-04-17 13:33:14.959495,51,0.07,Completed
7770,435.0,50,2026-04-17 15:00:39.963996,84,0.09,Completed
7771,90.0,25,2026-04-17 16:28:04.968496,16,0.12,Completed
7772,176.0,13,2026-04-17 17:55:29.972997,98,0.09,Completed
7773,21.0,24,2026-04-17 19:22:54.977497,14,0.22,Completed
7774,54.0,11,2026-04-17 20:50:19.981998,90,0.15,Completed
7775,184.0,17,2026-04-17 22:17:44.986498,84,0.01,Completed
7776,359.0,37,2026-04-17 23:45:09.990999,42,0.07,Pending
7777,222.0,13,2026-04-18 01:12:34.995499,51,0.21,Completed
7778,315.0,27,2026-04-18 02:40:00.000000,24,0.09,Completed
7779,328.0,20,2026-04-18 04:07:25.004500,82,0.28,Completed
7780,179.0,33,2026-04-18 05:34:50.009000,43,0.21,Completed
7781,276.0,42,2026-04-18 07:02:15.013501,73,0.09,Completed
7782,112.0,32,2026-04-18 08:29:40.018001,19,0.15,Completed
7783,224.0,8,2026-04-18 09:57:05.022502,84,0.2,Completed
7784,214.0,29,2026-04-18 11:24:30.027002,61,0.06,Completed
7785,59.0,40,2026-04-18 12:51:55.031503,94,0.07,Completed
7786,327.0,19,2026-04-18 14:19:20.036003,63,0.15,Completed
7787,393.0,6,2026-04-18 15:46:45.040504,26,0.28,Pending
7788,109.0,44,2026-04-18 17:14:10.045004,95,0.1,Pending
7789,385.0,39,2026-04-18 18:41:35.049504,35,0.12,Completed
7790,157.0,48,2026-04-18 20:09:00.054005,67,0.06,Completed
7791,191.0,41,2026-04-18 21:36:25.058505,56,0.18,Completed
7792,200.0,21,2026-04-18 23:03:50.063006,40,0.22,Completed
7793,312.0,22,2026-04-19 00:31:15.067506,29,0.13,Completed
7794,196.0,42,2026-04-19 01:58:40.072007,6,0.23,Completed
7795,35.0,10,2026-04-19 03:26:05.076507,52,0.09,Completed
7796,379.0,10,2026-04-19 04:53:30.081008,1,0.21,Completed
7797,387.0,29,2026-04-19 06:20:55.085508,52,0.08,Completed
7798,246.0,16,2026-04-19 07:48:20.090009,24,0.23,Pending
7799,237.0,1,2026-04-19 09:15:45.094509,34,0.25,Pending
7800,104.0,17,2026-04-19 10:43:10.099009,7,0.24,Completed
7801,7.0,30,2026-04-19 12:10:35.103510,75,0.06,Completed
7802,283.0,26,2026-04-19 13:38:00.108010,11,0.21,Completed
7803,1.0,46,2026-04-19 15:05:25.112511,36,0.16,Completed
7804,219.0,19,2026-04-19 16:32:50.117011,20,0.3,Completed
7805,464.0,21,2026-04-19 18:00:15.121512,63,0.11,Completed
7806,230.0,17,2026-04-19 19:27:40.126012,80,0.23,Completed
7807,455.0,46,2026-04-19 20:55:05.130513,63,0.11,Cancelled
7808,172.0,40,2026-04-19 22:22:30.135013,69,0.12,Completed
7809,87.0,21,2026-04-19 23:49:55.139513,88,0.03,Completed
7810,41.0,41,2026-04-20 01:17:20.144014,30,0.07,Completed
7811,123.0,40,2026-04-20 02:44:45.148514,30,0.05,Completed
7812,331.0,45,2026-04-20 04:12:10.153015,97,0.05,Completed
7813,298.0,49,2026-04-20 05:39:35.157515,84,0.0,Completed
7814,373.0,19,2026-04-20 07:07:00.162016,22,0.24,Completed
7815,417.0,7,2026-04-20 08:34:25.166516,61,0.14,Pending
7816,178.0,17,2026-04-20 10:01:50.171017,21,0.24,Completed
7817,63.0,1,2026-04-20 11:29:15.175517,37,0.18,Completed
7818,484.0,37,2026-04-20 12:56:40.180018,27,0.25,Completed
7819,165.0,6,2026-04-20 14:24:05.184518,35,0.15,Completed
7820,489.0,26,2026-04-20 15:51:30.189018,38,0.03,Completed
7821,187.0,2,2026-04-20 17:18:55.193519,60,0.19,Completed
7822,383.0,32,2026-04-20 18:46:20.198019,70,0.2,Completed
7823,209.0,48,2026-04-20 20:13:45.202520,32,0.19,Pending
7824,227.0,5,2026-04-20 21:41:10.207020,80,0.24,Completed
7825,432.0,37,2026-04-20 23:08:35.211521,92,0.22,Completed
7826,389.0,31,2026-04-21 00:36:00.216021,80,0.13,Completed
7827,48.0,12,2026-04-21 02:03:25.220522,27,0.25,Completed
7828,224.0,35,2026-04-21 03:30:50.225022,3,0.21,Completed
7829,3.0,30,2026-04-21 04:58:15.229522,49,0.04,Completed
7830,372.0,48,2026-04-21 06:25:40.234023,85,0.16,Completed
7831,175.0,6,2026-04-21 07:53:05.238523,30,0.22,Completed
7832,446.0,15,2026-04-21 09:20:30.243024,22,0.17,Completed
7833,99.0,15,2026-04-21 10:47:55.247524,19,0.28,Completed
7834,116.0,16,2026-04-21 12:15:20.252025,31,0.03,Completed
7835,270.0,20,2026-04-21 13:42:45.256525,20,0.22,Completed
7836,447.0,13,2026-04-21 15:10:10.261026,19,0.25,Completed
7837,368.0,44,2026-04-21 16:37:35.265526,2,0.21,Completed
7838,253.0,42,2026-04-21 18:05:00.270027,40,0.12,Cancelled
7839,317.0,46,2026-04-21 19:32:25.274527,39,0.12,Completed
7840,415.0,31,2026-04-21 20:59:50.279027,91,0.18,Pending
7841,95.0,34,2026-04-21 22:27:15.283528,72,0.12,Completed
7842,273.0,29,2026-04-21 23:54:40.288028,54,0.26,Completed
7843,380.0,3,2026-04-22 01:22:05.292529,27,0.03,Completed
7844,24.0,9,2026-04-22 02:49:30.297029,79,0.19,Completed
7845,116.0,11,2026-04-22 04:16:55.301530,12,0.04,Completed
7846,151.0,11,2026-04-22 05:44:20.306030,78,0.16,Completed
7847,338.0,25,2026-04-22 07:11:45.310531,71,0.21,Completed
7848,50.0,22,2026-04-22 08:39:10.315031,17,0.05,Completed
7849,206.0,42,2026-04-22 10:06:35.319531,90,0.21,Completed
7850,498.0,46,2026-04-22 11:34:00.324032,84,0.04,Completed
7851,335.0,9,2026-04-22 13:01:25.328532,10,0.19,Completed
7852,79.0,20,2026-04-22 14:28:50.333033,19,0.15,Completed
7853,70.0,21,2026-04-22 15:56:15.337533,82,0.09,Completed
7854,27.0,10,2026-04-22 17:23:40.342034,30,0.03,Completed
7855,271.0,22,2026-04-22 18:51:05.346534,30,0.22,Completed
7856,50.0,29,2026-04-22 20:18:30.351035,25,0.11,Completed
7857,292.0,9,2026-04-22 21:45:55.355535,88,0.03,Completed
7858,247.0,5,2026-04-22 23:13:20.360036,74,0.23,Completed
7859,264.0,40,2026-04-23 00:40:45.364536,66,0.07,Completed
7860,79.0,11,2026-04-23 02:08:10.369036,96,0.22,Completed
7861,387.0,1,2026-04-23 03:35:35.373537,35,0.17,Completed
7862,190.0,42,2026-04-23 05:03:00.378037,51,0.06,Completed
7863,47.0,1,2026-04-23 06:30:25.382538,71,0.02,Pending
7864,461.0,39,2026-04-23 07:57:50.387038,71,0.18,Cancelled
7865,361.0,46,2026-04-23 09:25:15.391539,27,0.01,Completed
7866,354.0,5,2026-04-23 10:52:40.396039,10,0.02,Completed
7867,472.0,49,2026-04-23 12:20:05.400540,97,0.21,Completed
7868,488.0,22,2026-04-23 13:47:30.405040,43,0.16,Completed
7869,352.0,26,2026-04-23 15:14:55.409540,55,0.1,Completed
7870,189.0,6,2026-04-23 16:42:20.414041,71,0.16,Completed
7871,416.0,32,2026-04-23 18:09:45.418541,6,0.18,Completed
7872,256.0,48,2026-04-23 19:37:10.423042,6,0.17,Completed
7873,222.0,11,2026-04-23 21:04:35.427542,77,0.19,Pending
7874,372.0,10,2026-04-23 22:32:00.432043,48,0.28,Completed
7875,241.0,47,2026-04-23 23:59:25.436543,77,0.12,Completed
7876,269.0,39,2026-04-24 01:26:50.441044,2,0.09,Completed
7877,1.0,34,2026-04-24 02:54:15.445544,83,0.01,Completed
7878,34.0,31,2026-04-24 04:21:40.450045,51,0.04,Completed
7879,446.0,12,2026-04-24 05:49:05.454545,61,0.03,Completed
7880,79.0,44,2026-04-24 07:16:30.459045,19,0.1,Pending
7881,236.0,16,2026-04-24 08:43:55.463546,2,0.18,Completed
7882,334.0,38,2026-04-24 10:11:20.468046,51,0.01,Completed
7883,377.0,3,2026-04-24 11:38:45.472547,26,0.22,Pending
7884,349.0,2,2026-04-24 13:06:10.477047,70,0.12,Completed
7885,98.0,5,2026-04-24 14:33:35.481548,20,0.29,Completed
7886,82.0,11,2026-04-24 16:01:00.486048,23,0.17,Completed
7887,455.0,25,2026-04-24 17:28:25.490549,54,0.23,Completed
7888,477.0,35,2026-04-24 18:55:50.495049,15,0.26,Completed
7889,415.0,35,2026-04-24 20:23:15.499549,6,0.27,Completed
7890,192.0,22,2026-04-24 21:50:40.504050,92,0.16,Completed
7891,253.0,37,2026-04-24 23:18:05.508550,35,0.12,Completed
7892,409.0,22,2026-04-25 00:45:30.513051,75,0.17,Completed
7893,38.0,11,2026-04-25 02:12:55.517551,8,0.12,Completed
7894,14.0,32,2026-04-25 03:40:20.522052,57,0.07,Pending
7895,392.0,35,2026-04-25 05:07:45.526552,50,0.1,Completed
7896,347.0,31,2026-04-25 06:35:10.531053,49,0.07,Completed
7897,310.0,45,2026-04-25 08:02:35.535553,88,0.08,Completed
7898,386.0,8,2026-04-25 09:30:00.540054,21,0.03,Pending
7899,209.0,20,2026-04-25 10:57:25.544554,36,0.13,Completed
7900,357.0,42,2026-04-25 12:24:50.549054,71,0.07,Completed
7901,462.0,34,2026-04-25 13:52:15.553555,69,0.13,Completed
7902,89.0,4,2026-04-25 15:19:40.558055,58,0.24,Completed
7903,56.0,18,2026-04-25 16:47:05.562556,63,0.13,Completed
7904,94.0,4,2026-04-25 18:14:30.567056,93,0.29,Completed
7905,93.0,20,2026-04-25 19:41:55.571557,16,0.04,Cancelled
7906,340.0,9,2026-04-25 21:09:20.576057,6,0.26,Pending
7907,85.0,16,2026-04-25 22:36:45.580558,78,0.07,Completed
7908,445.0,26,2026-04-26 00:04:10.585058,52,0.28,Pending
7909,245.0,38,2026-04-26 01:31:35.589558,2,0.07,Completed
7910,22.0,25,2026-04-26 02:59:00.594059,89,0.22,Completed
7911,291.0,4,2026-04-26 04:26:25.598559,95,0.02,Pending
7912,485.0,41,2026-04-26 05:53:50.603060,77,0.19,Completed
7913,272.0,45,2026-04-26 07:21:15.607560,18,0.07,Completed
7914,306.0,41,2026-04-26 08:48:40.612061,81,0.2,Pending
7915,122.0,38,2026-04-26 10:16:05.616561,92,0.19,Completed
7916,128.0,19,2026-04-26 11:43:30.621062,76,0.28,Completed
7917,113.0,14,2026-04-26 13:10:55.625562,35,0.19,Completed
7918,427.0,21,2026-04-26 14:38:20.630063,86,0.12,Completed
7919,273.0,15,2026-04-26 16:05:45.634563,39,0.06,Pending
7920,336.0,3,2026-04-26 17:33:10.639063,1,0.2,Completed
7921,442.0,37,2026-04-26 19:00:35.643564,37,0.03,Cancelled
7922,130.0,50,2026-04-26 20:28:00.648064,21,0.25,Pending
7923,132.0,46,2026-04-26 21:55:25.652565,1,0.07,Completed
7924,85.0,16,2026-04-26 23:22:50.657065,4,0.16,Completed
7925,423.0,14,2026-04-27 00:50:15.661566,96,0.18,Completed
7926,482.0,9,2026-04-27 02:17:40.666066,58,0.11,Completed
7927,350.0,47,2026-04-27 03:45:05.670567,1,0.2,Completed
7928,390.0,7,2026-04-27 05:12:30.675067,13,0.08,Pending
7929,81.0,14,2026-04-27 06:39:55.679567,46,0.01,Completed
7930,487.0,6,2026-04-27 08:07:20.684068,47,0.29,Pending
7931,473.0,21,2026-04-27 09:34:45.688568,81,0.1,Completed
7932,325.0,15,2026-04-27 11:02:10.693069,76,0.21,Completed
7933,69.0,8,2026-04-27 12:29:35.697569,7,0.15,Completed
7934,148.0,34,2026-04-27 13:57:00.702070,51,0.2,Completed
7935,448.0,40,2026-04-27 15:24:25.706570,3,0.03,Pending
7936,16.0,1,2026-04-27 16:51:50.711071,50,0.16,Completed
7937,307.0,32,2026-04-27 18:19:15.715571,26,0.12,Completed
7938,105.0,49,2026-04-27 19:46:40.720072,31,0.14,Completed
7939,165.0,5,2026-04-27 21:14:05.724572,100,0.29,Completed
7940,488.0,30,2026-04-27 22:41:30.729072,62,0.04,Completed
7941,201.0,22,2026-04-28 00:08:55.733573,26,0.23,Completed
7942,197.0,20,2026-04-28 01:36:20.738073,67,0.1,Completed
7943,426.0,16,2026-04-28 03:03:45.742574,55,0.09,Completed
7944,185.0,7,2026-04-28 04:31:10.747074,28,0.08,Completed
7945,322.0,7,2026-04-28 05:58:35.751575,44,0.1,Pending
7946,265.0,50,2026-04-28 07:26:00.756075,81,0.11,Completed
7947,363.0,50,2026-04-28 08:53:25.760576,38,0.08,Completed
7948,100.0,2,2026-04-28 10:20:50.765076,30,0.2,Completed
7949,342.0,47,2026-04-28 11:48:15.769576,66,0.01,Completed
7950,320.0,14,2026-04-28 13:15:40.774077,8,0.1,Completed
7951,214.0,31,2026-04-28 14:43:05.778577,14,0.08,Completed
7952,278.0,50,2026-04-28 16:10:30.783078,99,0.23,Pending
7953,162.0,41,2026-04-28 17:37:55.787578,62,0.04,Completed
7954,439.0,14,2026-04-28 19:05:20.792079,75,0.28,Pending
7955,157.0,5,2026-04-28 20:32:45.796579,63,0.05,Completed
7956,422.0,11,2026-04-28 22:00:10.801080,79,0.11,Completed
7957,251.0,40,2026-04-28 23:27:35.805580,66,0.06,Pending
7958,366.0,5,2026-04-29 00:55:00.810081,96,0.09,Completed
7959,97.0,29,2026-04-29 02:22:25.814581,40,0.23,Completed
7960,18.0,11,2026-04-29 03:49:50.819081,13,0.14,Completed
7961,327.0,5,2026-04-29 05:17:15.823582,17,0.05,Pending
7962,449.0,49,2026-04-29 06:44:40.828082,15,0.01,Completed
7963,383.0,32,2026-04-29 08:12:05.832583,33,0.07,Completed
7964,97.0,36,2026-04-29 09:39:30.837083,16,0.28,Completed
7965,1.0,15,2026-04-29 11:06:55.841584,13,0.25,Completed
7966,216.0,19,2026-04-29 12:34:20.846084,86,0.13,Completed
7967,132.0,22,2026-04-29 14:01:45.850585,23,0.14,Completed
7968,260.0,34,2026-04-29 15:29:10.855085,36,0.27,Completed
7969,125.0,17,2026-04-29 16:56:35.859585,43,0.18,Completed
7970,82.0,12,2026-04-29 18:24:00.864086,50,0.26,Completed
7971,283.0,25,2026-04-29 19:51:25.868586,74,0.15,Completed
7972,171.0,17,2026-04-29 21:18:50.873087,81,0.06,Pending
7973,59.0,10,2026-04-29 22:46:15.877587,94,0.22,Completed
7974,32.0,28,2026-04-30 00:13:40.882088,13,0.16,Completed
7975,161.0,18,2026-04-30 01:41:05.886588,30,0.2,Completed
7976,284.0,18,2026-04-30 03:08:30.891089,57,0.05,Cancelled
7977,106.0,45,2026-04-30 04:35:55.895589,30,0.19,Completed
7978,105.0,32,2026-04-30 06:03:20.900090,71,0.11,Completed
7979,439.0,14,2026-04-30 07:30:45.904590,10,0.1,Completed
7980,228.0,16,2026-04-30 08:58:10.909090,99,0.2,Completed
7981,188.0,50,2026-04-30 10:25:35.913591,66,0.18,Completed
7982,70.0,18,2026-04-30 11:53:00.918091,94,0.19,Completed
7983,318.0,16,2026-04-30 13:20:25.922592,83,0.29,Completed
7984,464.0,17,2026-04-30 14:47:50.927092,39,0.21,Completed
7985,290.0,7,2026-04-30 16:15:15.931593,37,0.19,Pending
7986,87.0,12,2026-04-30 17:42:40.936093,3,0.18,Completed
7987,370.0,34,2026-04-30 19:10:05.940594,89,0.12,Completed
7988,362.0,10,2026-04-30 20:37:30.945094,34,0.25,Completed
7989,472.0,5,2026-04-30 22:04:55.949594,86,0.11,Completed
7990,56.0,21,2026-04-30 23:32:20.954095,38,0.21,Pending
7991,113.0,3,2026-05-01 00:59:45.958595,14,0.09,Completed
7992,13.0,19,2026-05-01 02:27:10.963096,64,0.04,Completed
7993,440.0,45,2026-05-01 03:54:35.967596,39,0.04,Completed
7994,18.0,44,2026-05-01 05:22:00.972097,54,0.19,Pending
7995,182.0,35,2026-05-01 06:49:25.976597,2,0.1,Pending
7996,461.0,6,2026-05-01 08:16:50.981098,96,0.08,Completed
7997,113.0,14,2026-05-01 09:44:15.985598,43,0.18,Completed
7998,229.0,4,2026-05-01 11:11:40.990099,53,0.01,Completed
7999,171.0,45,2026-05-01 12:39:05.994599,3,0.07,Completed
8000,295.0,18,2026-05-01 14:06:30.999099,41,0.1,Completed
8001,189.0,29,2026-05-01 15:33:56.003600,8,0.21,Completed
8002,426.0,35,2026-05-01 17:01:21.008100,90,0.16,Cancelled
8003,465.0,38,2026-05-01 18:28:46.012601,96,0.26,Completed
8004,79.0,16,2026-05-01 19:56:11.017101,75,0.1,Completed
8005,146.0,20,2026-05-01 21:23:36.021602,63,0.09,Pending
8006,407.0,24,2026-05-01 22:51:01.026102,65,0.01,Pending
8007,182.0,35,2026-05-02 00:18:26.030603,79,0.29,Completed
8008,499.0,44,2026-05-02 01:45:51.035103,4,0.15,Pending
8009,286.0,19,2026-05-02 03:13:16.039603,68,0.15,Completed
8010,250.0,4,2026-05-02 04:40:41.044104,92,0.28,Completed
8011,354.0,33,2026-05-02 06:08:06.048604,10,0.09,Completed
8012,314.0,2,2026-05-02 07:35:31.053105,75,0.1,Completed
8013,196.0,13,2026-05-02 09:02:56.057605,50,0.2,Completed
8014,323.0,45,2026-05-02 10:30:21.062106,23,0.24,Pending
8015,71.0,30,2026-05-02 11:57:46.066606,61,0.21,Completed
8016,248.0,34,2026-05-02 13:25:11.071107,47,0.24,Completed
8017,146.0,30,2026-05-02 14:52:36.075607,3,0.17,Completed
8018,106.0,24,2026-05-02 16:20:01.080108,17,0.26,Completed
8019,263.0,48,2026-05-02 17:47:26.084608,22,0.17,Completed
8020,296.0,44,2026-05-02 19:14:51.089108,91,0.07,Completed
8021,70.0,33,2026-05-02 20:42:16.093609,16,0.16,Completed
8022,470.0,41,2026-05-02 22:09:41.098109,80,0.21,Completed
8023,193.0,49,2026-05-02 23:37:06.102610,3,0.2,Completed
8024,68.0,10,2026-05-03 01:04:31.107110,52,0.07,Pending
8025,494.0,18,2026-05-03 02:31:56.111611,33,0.01,Completed
8026,305.0,19,2026-05-03 03:59:21.116111,42,0.08,Completed
8027,52.0,7,2026-05-03 05:26:46.120612,2,0.3,Cancelled
8028,370.0,19,2026-05-03 06:54:11.125112,39,0.06,Cancelled
8029,363.0,24,2026-05-03 08:21:36.129612,46,0.14,Completed
8030,285.0,15,2026-05-03 09:49:01.134113,48,0.19,Completed
8031,405.0,41,2026-05-03 11:16:26.138613,27,0.26,Completed
8032,474.0,42,2026-05-03 12:43:51.143114,15,0.23,Completed
8033,334.0,23,2026-05-03 14:11:16.147614,7,0.27,Completed
8034,9.0,4,2026-05-03 15:38:41.152115,57,0.18,Completed
8035,251.0,38,2026-05-03 17:06:06.156615,42,0.26,Completed
8036,431.0,4,2026-05-03 18:33:31.161116,9,0.08,Completed
8037,332.0,5,2026-05-03 20:00:56.165616,6,0.13,Pending
8038,298.0,41,2026-05-03 21:28:21.170117,57,0.25,Completed
8039,435.0,44,2026-05-03 22:55:46.174617,76,0.1,Completed
8040,184.0,23,2026-05-04 00:23:11.179117,30,0.26,Completed
8041,179.0,40,2026-05-04 01:50:36.183618,55,0.11,Cancelled
8042,198.0,37,2026-05-04 03:18:01.188118,84,0.11,Cancelled
8043,128.0,11,2026-05-04 04:45:26.192619,84,0.09,Completed
8044,20.0,11,2026-05-04 06:12:51.197119,54,0.16,Completed
8045,472.0,13,2026-05-04 07:40:16.201620,27,0.04,Completed
8046,411.0,14,2026-05-04 09:07:41.206120,84,0.01,Completed
8047,422.0,8,2026-05-04 10:35:06.210621,59,0.27,Completed
8048,328.0,25,2026-05-04 12:02:31.215121,7,0.28,Completed
8049,65.0,18,2026-05-04 13:29:56.219621,40,0.02,Completed
8050,182.0,44,2026-05-04 14:57:21.224122,94,0.16,Completed
8051,241.0,44,2026-05-04 16:24:46.228622,72,0.16,Completed
8052,369.0,18,2026-05-04 17:52:11.233123,2,0.11,Completed
8053,24.0,10,2026-05-04 19:19:36.237623,14,0.17,Completed
8054,384.0,7,2026-05-04 20:47:01.242124,10,0.14,Pending
8055,431.0,50,2026-05-04 22:14:26.246624,50,0.15,Completed
8056,455.0,44,2026-05-04 23:41:51.251125,18,0.23,Completed
8057,83.0,14,2026-05-05 01:09:16.255625,18,0.16,Completed
8058,470.0,15,2026-05-05 02:36:41.260126,16,0.1,Completed
8059,319.0,16,2026-05-05 04:04:06.264626,52,0.17,Completed
8060,185.0,2,2026-05-05 05:31:31.269126,69,0.19,Completed
8061,439.0,30,2026-05-05 06:58:56.273627,52,0.2,Completed
8062,316.0,30,2026-05-05 08:26:21.278127,31,0.19,Completed
8063,99.0,18,2026-05-05 09:53:46.282628,84,0.2,Pending
8064,62.0,31,2026-05-05 11:21:11.287128,23,0.09,Pending
8065,286.0,44,2026-05-05 12:48:36.291629,96,0.13,Pending
8066,477.0,48,2026-05-05 14:16:01.296129,42,0.2,Pending
8067,22.0,13,2026-05-05 15:43:26.300630,81,0.23,Completed
8068,459.0,20,2026-05-05 17:10:51.305130,62,0.13,Completed
8069,212.0,49,2026-05-05 18:38:16.309630,77,0.11,Pending
8070,126.0,50,2026-05-05 20:05:41.314131,50,0.21,Completed
8071,413.0,35,2026-05-05 21:33:06.318631,77,0.07,Completed
8072,499.0,23,2026-05-05 23:00:31.323132,81,0.0,Completed
8073,425.0,42,2026-05-06 00:27:56.327632,15,0.14,Completed
8074,42.0,33,2026-05-06 01:55:21.332133,90,0.05,Completed
8075,98.0,38,2026-05-06 03:22:46.336633,44,0.11,Completed
8076,449.0,35,2026-05-06 04:50:11.341134,92,0.09,Completed
8077,31.0,36,2026-05-06 06:17:36.345634,42,0.23,Completed
8078,158.0,20,2026-05-06 07:45:01.350135,45,0.1,Pending
8079,112.0,3,2026-05-06 09:12:26.354635,94,0.19,Completed
8080,402.0,8,2026-05-06 10:39:51.359135,35,0.2,Completed
8081,247.0,40,2026-05-06 12:07:16.363636,22,0.14,Completed
8082,122.0,32,2026-05-06 13:34:41.368136,74,0.02,Completed
8083,273.0,29,2026-05-06 15:02:06.372637,75,0.21,Completed
8084,294.0,7,2026-05-06 16:29:31.377137,38,0.02,Pending
8085,398.0,2,2026-05-06 17:56:56.381638,97,0.03,Completed
8086,471.0,21,2026-05-06 19:24:21.386138,70,0.06,Completed
8087,473.0,6,2026-05-06 20:51:46.390639,64,0.08,Completed
8088,207.0,28,2026-05-06 22:19:11.395139,7,0.25,Completed
8089,110.0,48,2026-05-06 23:46:36.399639,44,0.2,Completed
8090,440.0,42,2026-05-07 01:14:01.404140,76,0.12,Completed
8091,278.0,36,2026-05-07 02:41:26.408640,7,0.29,Completed
8092,451.0,32,2026-05-07 04:08:51.413141,66,0.07,Completed
8093,56.0,45,2026-05-07 05:36:16.417641,60,0.18,Completed
8094,375.0,42,2026-05-07 07:03:41.422142,1,0.25,Completed
8095,403.0,46,2026-05-07 08:31:06.426642,62,0.24,Completed
8096,57.0,9,2026-05-07 09:58:31.431143,87,0.03,Completed
8097,428.0,11,2026-05-07 11:25:56.435643,89,0.21,Pending
8098,482.0,23,2026-05-07 12:53:21.440144,18,0.08,Completed
8099,291.0,50,2026-05-07 14:20:46.444644,7,0.11,Completed
8100,114.0,11,2026-05-07 15:48:11.449144,54,0.15,Completed
8101,381.0,49,2026-05-07 17:15:36.453645,67,0.24,Completed
8102,385.0,2,2026-05-07 18:43:01.458145,93,0.05,Completed
8103,308.0,3,2026-05-07 20:10:26.462646,10,0.03,Completed
8104,341.0,11,2026-05-07 21:37:51.467146,61,0.05,Completed
8105,477.0,50,2026-05-07 23:05:16.471647,59,0.07,Completed
8106,198.0,35,2026-05-08 00:32:41.476147,59,0.02,Completed
8107,421.0,15,2026-05-08 02:00:06.480648,69,0.28,Completed
8108,321.0,43,2026-05-08 03:27:31.485148,63,0.1,Completed
8109,179.0,11,2026-05-08 04:54:56.489648,98,0.05,Completed
8110,385.0,31,2026-05-08 06:22:21.494149,8,0.19,Completed
8111,219.0,28,2026-05-08 07:49:46.498649,78,0.24,Completed
8112,277.0,28,2026-05-08 09:17:11.503150,55,0.23,Completed
8113,437.0,32,2026-05-08 10:44:36.507650,6,0.22,Pending
8114,16.0,25,2026-05-08 12:12:01.512151,1,0.02,Completed
8115,492.0,20,2026-05-08 13:39:26.516651,56,0.23,Pending
8116,379.0,28,2026-05-08 15:06:51.521152,97,0.15,Completed
8117,61.0,25,2026-05-08 16:34:16.525652,75,0.19,Pending
8118,54.0,11,2026-05-08 18:01:41.530153,88,0.29,Completed
8119,168.0,19,2026-05-08 19:29:06.534653,10,0.24,Completed
8120,26.0,28,2026-05-08 20:56:31.539153,23,0.25,Completed
8121,336.0,1,2026-05-08 22:23:56.543654,16,0.05,Pending
8122,476.0,5,2026-05-08 23:51:21.548154,16,0.14,Completed
8123,65.0,10,2026-05-09 01:18:46.552655,56,0.28,Completed
8124,100.0,42,2026-05-09 02:46:11.557155,95,0.17,Pending
8125,74.0,46,2026-05-09 04:13:36.561656,6,0.03,Completed
8126,192.0,34,2026-05-09 05:41:01.566156,30,0.22,Completed
8127,171.0,36,2026-05-09 07:08:26.570657,63,0.01,Completed
8128,273.0,2,2026-05-09 08:35:51.575157,1,0.22,Completed
8129,377.0,18,2026-05-09 10:03:16.579657,51,0.26,Completed
8130,187.0,13,2026-05-09 11:30:41.584158,89,0.13,Completed
8131,23.0,5,2026-05-09 12:58:06.588658,46,0.12,Completed
8132,391.0,20,2026-05-09 14:25:31.593159,21,0.09,Completed
8133,428.0,2,2026-05-09 15:52:56.597659,99,0.26,Completed
8134,181.0,11,2026-05-09 17:20:21.602160,38,0.16,Completed
8135,327.0,30,2026-05-09 18:47:46.606660,69,0.17,Completed
8136,108.0,32,2026-05-09 20:15:11.611161,63,0.2,Completed
8137,335.0,32,2026-05-09 21:42:36.615661,50,0.09,Completed
8138,162.0,50,2026-05-09 23:10:01.620162,12,0.13,Completed
8139,302.0,38,2026-05-10 00:37:26.624662,69,0.22,Pending
8140,493.0,28,2026-05-10 02:04:51.629162,73,0.3,Completed
8141,452.0,10,2026-05-10 03:32:16.633663,44,0.01,Completed
8142,206.0,22,2026-05-10 04:59:41.638163,52,0.01,Completed
8143,78.0,17,2026-05-10 06:27:06.642664,9,0.13,Completed
8144,16.0,22,2026-05-10 07:54:31.647164,99,0.2,Cancelled
8145,327.0,43,2026-05-10 09:21:56.651665,65,0.12,Pending
8146,96.0,19,2026-05-10 10:49:21.656165,10,0.3,Completed
8147,147.0,17,2026-05-10 12:16:46.660666,46,0.06,Completed
8148,2.0,24,2026-05-10 13:44:11.665166,100,0.0,Completed
8149,10.0,36,2026-05-10 15:11:36.669666,58,0.06,Completed
8150,434.0,32,2026-05-10 16:39:01.674167,37,0.27,Pending
8151,125.0,46,2026-05-10 18:06:26.678667,52,0.04,Completed
8152,81.0,36,2026-05-10 19:33:51.683168,99,0.14,Completed
8153,485.0,28,2026-05-10 21:01:16.687668,81,0.13,Completed
8154,140.0,14,2026-05-10 22:28:41.692169,13,0.2,Completed
8155,326.0,36,2026-05-10 23:56:06.696669,6,0.02,Completed
8156,150.0,6,2026-05-11 01:23:31.701170,58,0.2,Completed
8157,288.0,9,2026-05-11 02:50:56.705670,48,0.11,Completed
8158,361.0,21,2026-05-11 04:18:21.710171,32,0.28,Completed
8159,340.0,12,2026-05-11 05:45:46.714671,11,0.25,Cancelled
8160,129.0,30,2026-05-11 07:13:11.719171,81,0.12,Completed
8161,438.0,31,2026-05-11 08:40:36.723672,5,0.3,Completed
8162,239.0,40,2026-05-11 10:08:01.728172,6,0.02,Completed
8163,58.0,4,2026-05-11 11:35:26.732673,74,0.24,Completed
8164,198.0,31,2026-05-11 13:02:51.737173,97,0.13,Pending
8165,211.0,27,2026-05-11 14:30:16.741674,94,0.13,Completed
8166,402.0,25,2026-05-11 15:57:41.746174,21,0.05,Completed
8167,390.0,5,2026-05-11 17:25:06.750675,42,0.15,Completed
8168,45.0,6,2026-05-11 18:52:31.755175,81,0.03,Completed
8169,97.0,5,2026-05-11 20:19:56.759675,27,0.18,Completed
8170,279.0,27,2026-05-11 21:47:21.764176,3,0.07,Completed
8171,23.0,8,2026-05-11 23:14:46.768676,60,0.22,Completed
8172,410.0,9,2026-05-12 00:42:11.773177,93,0.18,Completed
8173,461.0,15,2026-05-12 02:09:36.777677,66,0.22,Completed
8174,391.0,36,2026-05-12 03:37:01.782178,93,0.22,Completed
8175,335.0,41,2026-05-12 05:04:26.786678,49,0.06,Completed
8176,44.0,7,2026-05-12 06:31:51.791179,100,0.0,Completed
8177,27.0,32,2026-05-12 07:59:16.795679,34,0.11,Completed
8178,282.0,8,2026-05-12 09:26:41.800180,37,0.28,Completed
8179,97.0,47,2026-05-12 10:54:06.804680,42,0.17,Completed
8180,463.0,15,2026-05-12 12:21:31.809180,65,0.22,Completed
8181,36.0,37,2026-05-12 13:48:56.813681,60,0.26,Completed
8182,109.0,19,2026-05-12 15:16:21.818181,90,0.27,Completed
8183,55.0,39,2026-05-12 16:43:46.822682,1,0.16,Completed
8184,192.0,6,2026-05-12 18:11:11.827182,59,0.16,Cancelled
8185,219.0,19,2026-05-12 19:38:36.831683,4,0.26,Completed
8186,185.0,28,2026-05-12 21:06:01.836183,14,0.24,Completed
8187,69.0,17,2026-05-12 22:33:26.840684,18,0.21,Completed
8188,317.0,42,2026-05-13 00:00:51.845184,34,0.18,Completed
8189,130.0,19,2026-05-13 01:28:16.849684,1,0.19,Completed
8190,55.0,31,2026-05-13 02:55:41.854185,53,0.11,Completed
8191,378.0,11,2026-05-13 04:23:06.858685,22,0.25,Completed
8192,97.0,15,2026-05-13 05:50:31.863186,80,0.19,Completed
8193,336.0,10,2026-05-13 07:17:56.867686,61,0.07,Completed
8194,87.0,43,2026-05-13 08:45:21.872187,22,0.07,Cancelled
8195,294.0,23,2026-05-13 10:12:46.876687,50,0.26,Completed
8196,119.0,3,2026-05-13 11:40:11.881188,16,0.19,Pending
8197,208.0,3,2026-05-13 13:07:36.885688,28,0.12,Pending
8198,334.0,18,2026-05-13 14:35:01.890189,92,0.06,Completed
8199,413.0,25,2026-05-13 16:02:26.894689,86,0.18,Pending
8200,154.0,43,2026-05-13 17:29:51.899189,70,0.06,Completed
8201,35.0,20,2026-05-13 18:57:16.903690,89,0.14,Pending
8202,79.0,29,2026-05-13 20:24:41.908190,42,0.2,Completed
8203,67.0,22,2026-05-13 21:52:06.912691,66,0.17,Completed
8204,343.0,50,2026-05-13 23:19:31.917191,71,0.28,Completed
8205,413.0,15,2026-05-14 00:46:56.921692,81,0.01,Completed
8206,34.0,39,2026-05-14 02:14:21.926192,35,0.08,Completed
8207,97.0,10,2026-05-14 03:41:46.930693,20,0.02,Completed
8208,169.0,21,2026-05-14 05:09:11.935193,2,0.06,Pending
8209,169.0,29,2026-05-14 06:36:36.939693,7,0.04,Completed
8210,151.0,32,2026-05-14 08:04:01.944194,96,0.22,Completed
8211,71.0,10,2026-05-14 09:31:26.948694,49,0.11,Completed
8212,3.0,13,2026-05-14 10:58:51.953195,83,0.28,Completed
8213,314.0,47,2026-05-14 12:26:16.957695,76,0.01,Completed
8214,32.0,23,2026-05-14 13:53:41.962196,9,0.2,Completed
8215,287.0,50,2026-05-14 15:21:06.966696,27,0.29,Completed
8216,82.0,23,2026-05-14 16:48:31.971197,78,0.05,Completed
8217,43.0,31,2026-05-14 18:15:56.975697,2,0.13,Completed
8218,391.0,4,2026-05-14 19:43:21.980198,85,0.21,Completed
8219,105.0,49,2026-05-14 21:10:46.984698,68,0.19,Pending
8220,1.0,3,2026-05-14 22:38:11.989198,60,0.17,Cancelled
8221,61.0,21,2026-05-15 00:05:36.993699,85,0.1,Completed
8222,270.0,2,2026-05-15 01:33:01.998199,86,0.22,Completed
8223,180.0,4,2026-05-15 03:00:27.002700,49,0.2,Completed
8224,224.0,1,2026-05-15 04:27:52.007200,2,0.05,Completed
8225,6.0,15,2026-05-15 05:55:17.011701,17,0.29,Cancelled
8226,103.0,33,2026-05-15 07:22:42.016201,83,0.17,Completed
8227,10.0,6,2026-05-15 08:50:07.020702,88,0.16,Completed
8228,71.0,7,2026-05-15 10:17:32.025202,20,0.25,Completed
8229,90.0,19,2026-05-15 11:44:57.029702,76,0.19,Pending
8230,226.0,44,2026-05-15 13:12:22.034203,89,0.02,Completed
8231,158.0,1,2026-05-15 14:39:47.038703,87,0.15,Completed
8232,228.0,39,2026-05-15 16:07:12.043204,98,0.23,Completed
8233,405.0,19,2026-05-15 17:34:37.047704,32,0.21,Completed
8234,126.0,45,2026-05-15 19:02:02.052205,51,0.29,Completed
8235,444.0,26,2026-05-15 20:29:27.056705,88,0.01,Completed
8236,209.0,44,2026-05-15 21:56:52.061206,42,0.08,Completed
8237,97.0,12,2026-05-15 23:24:17.065706,63,0.16,Pending
8238,74.0,22,2026-05-16 00:51:42.070207,89,0.19,Cancelled
8239,115.0,13,2026-05-16 02:19:07.074707,61,0.08,Completed
8240,191.0,28,2026-05-16 03:46:32.079207,62,0.25,Pending
8241,495.0,14,2026-05-16 05:13:57.083708,3,0.05,Cancelled
8242,170.0,22,2026-05-16 06:41:22.088208,89,0.0,Completed
8243,307.0,30,2026-05-16 08:08:47.092709,92,0.29,Completed
8244,448.0,44,2026-05-16 09:36:12.097209,76,0.12,Cancelled
8245,204.0,20,2026-05-16 11:03:37.101710,26,0.29,Completed
8246,56.0,44,2026-05-16 12:31:02.106210,48,0.08,Completed
8247,208.0,27,2026-05-16 13:58:27.110711,8,0.02,Completed
8248,41.0,38,2026-05-16 15:25:52.115211,5,0.23,Completed
8249,32.0,42,2026-05-16 16:53:17.119711,11,0.25,Completed
8250,15.0,41,2026-05-16 18:20:42.124212,42,0.15,Completed
8251,62.0,34,2026-05-16 19:48:07.128712,99,0.02,Completed
8252,155.0,39,2026-05-16 21:15:32.133213,91,0.2,Completed
8253,284.0,41,2026-05-16 22:42:57.137713,41,0.05,Completed
8254,209.0,44,2026-05-17 00:10:22.142214,19,0.25,Completed
8255,320.0,37,2026-05-17 01:37:47.146714,48,0.08,Pending
8256,494.0,1,2026-05-17 03:05:12.151215,53,0.25,Pending
8257,187.0,15,2026-05-17 04:32:37.155715,55,0.13,Completed
8258,498.0,32,2026-05-17 06:00:02.160216,61,0.18,Completed
8259,442.0,8,2026-05-17 07:27:27.164716,32,0.24,Pending
8260,130.0,33,2026-05-17 08:54:52.169216,46,0.01,Completed
8261,127.0,18,2026-05-17 10:22:17.173717,92,0.25,Completed
8262,292.0,45,2026-05-17 11:49:42.178217,36,0.04,Pending
8263,114.0,29,2026-05-17 13:17:07.182718,18,0.11,Completed
8264,199.0,32,2026-05-17 14:44:32.187218,74,0.14,Completed
8265,13.0,33,2026-05-17 16:11:57.191719,96,0.27,Pending
8266,271.0,5,2026-05-17 17:39:22.196219,18,0.01,Cancelled
8267,89.0,18,2026-05-17 19:06:47.200720,12,0.17,Completed
8268,215.0,48,2026-05-17 20:34:12.205220,72,0.19,Pending
8269,444.0,10,2026-05-17 22:01:37.209720,97,0.09,Completed
8270,278.0,36,2026-05-17 23:29:02.214221,46,0.09,Completed
8271,447.0,33,2026-05-18 00:56:27.218721,55,0.15,Pending
8272,474.0,23,2026-05-18 02:23:52.223222,38,0.06,Completed
8273,481.0,40,2026-05-18 03:51:17.227722,78,0.14,Completed
8274,203.0,5,2026-05-18 05:18:42.232223,2,0.23,Completed
8275,74.0,34,2026-05-18 06:46:07.236723,9,0.25,Completed
8276,25.0,24,2026-05-18 08:13:32.241224,5,0.12,Completed
8277,101.0,17,2026-05-18 09:40:57.245724,98,0.19,Pending
8278,176.0,31,2026-05-18 11:08:22.250225,19,0.0,Completed
8279,427.0,7,2026-05-18 12:35:47.254725,71,0.17,Completed
8280,117.0,17,2026-05-18 14:03:12.259225,39,0.29,Completed
8281,166.0,28,2026-05-18 15:30:37.263726,42,0.09,Completed
8282,41.0,38,2026-05-18 16:58:02.268226,17,0.18,Completed
8283,429.0,22,2026-05-18 18:25:27.272727,63,0.23,Completed
8284,344.0,15,2026-05-18 19:52:52.277227,90,0.18,Completed
8285,424.0,37,2026-05-18 21:20:17.281728,46,0.13,Completed
8286,366.0,15,2026-05-18 22:47:42.286228,91,0.05,Pending
8287,120.0,50,2026-05-19 00:15:07.290729,92,0.14,Completed
8288,97.0,50,2026-05-19 01:42:32.295229,20,0.09,Completed
8289,145.0,25,2026-05-19 03:09:57.299729,70,0.21,Completed
8290,216.0,21,2026-05-19 04:37:22.304230,8,0.13,Completed
8291,229.0,38,2026-05-19 06:04:47.308730,96,0.25,Completed
8292,313.0,2,2026-05-19 07:32:12.313231,19,0.06,Completed
8293,130.0,27,2026-05-19 08:59:37.317731,32,0.13,Completed
8294,352.0,49,2026-05-19 10:27:02.322232,19,0.17,Completed
8295,377.0,32,2026-05-19 11:54:27.326732,24,0.04,Completed
8296,318.0,21,2026-05-19 13:21:52.331233,24,0.18,Completed
8297,472.0,4,2026-05-19 14:49:17.335733,56,0.09,Completed
8298,137.0,44,2026-05-19 16:16:42.340234,81,0.07,Pending
8299,324.0,19,2026-05-19 17:44:07.344734,18,0.04,Cancelled
8300,337.0,2,2026-05-19 19:11:32.349234,12,0.1,Completed
8301,273.0,26,2026-05-19 20:38:57.353735,41,0.28,Completed
8302,117.0,34,2026-05-19 22:06:22.358235,87,0.01,Completed
8303,306.0,14,2026-05-19 23:33:47.362736,48,0.26,Completed
8304,368.0,15,2026-05-20 01:01:12.367236,82,0.12,Completed
8305,94.0,20,2026-05-20 02:28:37.371737,64,0.17,Completed
8306,168.0,34,2026-05-20 03:56:02.376237,16,0.15,Completed
8307,442.0,36,2026-05-20 05:23:27.380738,80,0.28,Completed
8308,203.0,19,2026-05-20 06:50:52.385238,100,0.23,Completed
8309,341.0,9,2026-05-20 08:18:17.389738,23,0.3,Completed
8310,149.0,7,2026-05-20 09:45:42.394239,86,0.24,Completed
8311,402.0,30,2026-05-20 11:13:07.398739,39,0.09,Completed
8312,183.0,13,2026-05-20 12:40:32.403240,33,0.29,Completed
8313,413.0,27,2026-05-20 14:07:57.407740,24,0.3,Completed
8314,152.0,44,2026-05-20 15:35:22.412241,61,0.04,Completed
8315,74.0,35,2026-05-20 17:02:47.416741,55,0.27,Completed
8316,365.0,13,2026-05-20 18:30:12.421242,61,0.2,Completed
8317,401.0,15,2026-05-20 19:57:37.425742,84,0.28,Completed
8318,274.0,46,2026-05-20 21:25:02.430243,97,0.27,Completed
8319,42.0,9,2026-05-20 22:52:27.434743,95,0.27,Completed
8320,496.0,45,2026-05-21 00:19:52.439243,40,0.27,Cancelled
8321,212.0,23,2026-05-21 01:47:17.443744,58,0.04,Pending
8322,101.0,36,2026-05-21 03:14:42.448244,72,0.04,Completed
8323,45.0,40,2026-05-21 04:42:07.452745,74,0.04,Completed
8324,82.0,3,2026-05-21 06:09:32.457245,1,0.03,Completed
8325,17.0,34,2026-05-21 07:36:57.461746,85,0.11,Cancelled
8326,73.0,19,2026-05-21 09:04:22.466246,25,0.21,Completed
8327,14.0,28,2026-05-21 10:31:47.470747,96,0.11,Pending
8328,433.0,23,2026-05-21 11:59:12.475247,53,0.22,Completed
8329,157.0,40,2026-05-21 13:26:37.479747,61,0.25,Completed
8330,223.0,49,2026-05-21 14:54:02.484248,46,0.2,Completed
8331,132.0,45,2026-05-21 16:21:27.488748,74,0.14,Pending
8332,338.0,7,2026-05-21 17:48:52.493249,60,0.09,Completed
8333,404.0,41,2026-05-21 19:16:17.497749,51,0.04,Completed
8334,376.0,12,2026-05-21 20:43:42.502250,73,0.15,Completed
8335,376.0,14,2026-05-21 22:11:07.506750,84,0.22,Pending
8336,47.0,46,2026-05-21 23:38:32.511251,48,0.16,Completed
8337,107.0,15,2026-05-22 01:05:57.515751,84,0.22,Pending
8338,108.0,3,2026-05-22 02:33:22.520252,40,0.1,Completed
8339,265.0,15,2026-05-22 04:00:47.524752,7,0.02,Completed
8340,205.0,24,2026-05-22 05:28:12.529252,75,0.23,Completed
8341,79.0,46,2026-05-22 06:55:37.533753,85,0.07,Pending
8342,155.0,8,2026-05-22 08:23:02.538253,19,0.18,Completed
8343,271.0,5,2026-05-22 09:50:27.542754,15,0.24,Completed
8344,476.0,4,2026-05-22 11:17:52.547254,70,0.04,Completed
8345,485.0,14,2026-05-22 12:45:17.551755,61,0.18,Completed
8346,247.0,16,2026-05-22 14:12:42.556255,56,0.21,Completed
8347,19.0,20,2026-05-22 15:40:07.560756,10,0.22,Completed
8348,346.0,24,2026-05-22 17:07:32.565256,46,0.04,Completed
8349,436.0,6,2026-05-22 18:34:57.569756,80,0.25,Completed
8350,26.0,31,2026-05-22 20:02:22.574257,75,0.03,Completed
8351,217.0,6,2026-05-22 21:29:47.578757,57,0.16,Completed
8352,154.0,35,2026-05-22 22:57:12.583258,35,0.13,Pending
8353,154.0,15,2026-05-23 00:24:37.587758,72,0.07,Completed
8354,174.0,29,2026-05-23 01:52:02.592259,92,0.09,Completed
8355,92.0,3,2026-05-23 03:19:27.596759,3,0.05,Pending
8356,433.0,11,2026-05-23 04:46:52.601260,66,0.13,Completed
8357,338.0,3,2026-05-23 06:14:17.605760,53,0.01,Completed
8358,480.0,28,2026-05-23 07:41:42.610261,78,0.27,Completed
8359,181.0,10,2026-05-23 09:09:07.614761,52,0.05,Pending
8360,131.0,50,2026-05-23 10:36:32.619261,93,0.27,Completed
8361,450.0,33,2026-05-23 12:03:57.623762,53,0.26,Completed
8362,481.0,48,2026-05-23 13:31:22.628262,54,0.14,Completed
8363,298.0,16,2026-05-23 14:58:47.632763,47,0.15,Completed
8364,275.0,10,2026-05-23 16:26:12.637263,3,0.09,Completed
8365,273.0,33,2026-05-23 17:53:37.641764,65,0.3,Completed
8366,492.0,36,2026-05-23 19:21:02.646264,15,0.2,Completed
8367,417.0,3,2026-05-23 20:48:27.650765,84,0.29,Completed
8368,76.0,5,2026-05-23 22:15:52.655265,86,0.12,Completed
8369,177.0,12,2026-05-23 23:43:17.659765,34,0.26,Pending
8370,184.0,44,2026-05-24 01:10:42.664266,50,0.13,Completed
8371,319.0,13,2026-05-24 02:38:07.668766,33,0.26,Completed
8372,131.0,24,2026-05-24 04:05:32.673267,73,0.04,Completed
8373,363.0,44,2026-05-24 05:32:57.677767,3,0.19,Completed
8374,49.0,32,2026-05-24 07:00:22.682268,2,0.2,Completed
8375,55.0,16,2026-05-24 08:27:47.686768,4,0.2,Pending
8376,154.0,32,2026-05-24 09:55:12.691269,16,0.13,Completed
8377,355.0,45,2026-05-24 11:22:37.695769,54,0.21,Completed
8378,200.0,37,2026-05-24 12:50:02.700270,33,0.07,Completed
8379,308.0,36,2026-05-24 14:17:27.704770,9,0.18,Completed
8380,356.0,21,2026-05-24 15:44:52.709270,57,0.17,Completed
8381,373.0,47,2026-05-24 17:12:17.713771,40,0.1,Completed
8382,118.0,12,2026-05-24 18:39:42.718271,52,0.23,Pending
8383,263.0,21,2026-05-24 20:07:07.722772,82,0.02,Completed
8384,46.0,21,2026-05-24 21:34:32.727272,16,0.05,Completed
8385,302.0,43,2026-05-24 23:01:57.731773,8,0.14,Completed
8386,356.0,6,2026-05-25 00:29:22.736273,87,0.27,Completed
8387,400.0,9,2026-05-25 01:56:47.740774,60,0.17,Completed
8388,408.0,1,2026-05-25 03:24:12.745274,36,0.25,Completed
8389,189.0,12,2026-05-25 04:51:37.749774,3,0.16,Completed
8390,310.0,14,2026-05-25 06:19:02.754275,15,0.24,Completed
8391,318.0,6,2026-05-25 07:46:27.758775,97,0.1,Pending
8392,129.0,1,2026-05-25 09:13:52.763276,82,0.24,Completed
8393,49.0,22,2026-05-25 10:41:17.767776,23,0.12,Completed
8394,25.0,34,2026-05-25 12:08:42.772277,3,0.17,Completed
8395,266.0,11,2026-05-25 13:36:07.776777,30,0.05,Completed
8396,118.0,3,2026-05-25 15:03:32.781278,45,0.28,Completed
8397,464.0,42,2026-05-25 16:30:57.785778,17,0.21,Completed
8398,144.0,6,2026-05-25 17:58:22.790279,58,0.26,Completed
8399,442.0,6,2026-05-25 19:25:47.794779,58,0.06,Completed
8400,200.0,20,2026-05-25 20:53:12.799279,96,0.02,Completed
8401,157.0,21,2026-05-25 22:20:37.803780,57,0.1,Completed
8402,487.0,2,2026-05-25 23:48:02.808280,7,0.16,Completed
8403,348.0,26,2026-05-26 01:15:27.812781,39,0.24,Completed
8404,134.0,31,2026-05-26 02:42:52.817281,78,0.12,Completed
8405,400.0,26,2026-05-26 04:10:17.821782,58,0.08,Pending
8406,148.0,32,2026-05-26 05:37:42.826282,56,0.11,Pending
8407,336.0,10,2026-05-26 07:05:07.830783,15,0.21,Pending
8408,71.0,23,2026-05-26 08:32:32.835283,44,0.1,Completed
8409,233.0,6,2026-05-26 09:59:57.839783,12,0.29,Completed
8410,334.0,23,2026-05-26 11:27:22.844284,8,0.05,Completed
8411,299.0,28,2026-05-26 12:54:47.848784,80,0.23,Completed
8412,154.0,49,2026-05-26 14:22:12.853285,41,0.18,Pending
8413,90.0,30,2026-05-26 15:49:37.857785,34,0.07,Cancelled
8414,334.0,14,2026-05-26 17:17:02.862286,46,0.23,Completed
8415,199.0,37,2026-05-26 18:44:27.866786,88,0.13,Completed
8416,161.0,32,2026-05-26 20:11:52.871287,29,0.2,Completed
8417,26.0,49,2026-05-26 21:39:17.875787,16,0.2,Completed
8418,121.0,34,2026-05-26 23:06:42.880288,5,0.03,Completed
8419,301.0,41,2026-05-27 00:34:07.884788,5,0.25,Completed
8420,212.0,44,2026-05-27 02:01:32.889288,30,0.2,Completed
8421,63.0,22,2026-05-27 03:28:57.893789,50,0.23,Completed
8422,451.0,31,2026-05-27 04:56:22.898289,5,0.13,Completed
8423,436.0,7,2026-05-27 06:23:47.902790,13,0.06,Completed
8424,68.0,41,2026-05-27 07:51:12.907290,99,0.1,Cancelled
8425,253.0,21,2026-05-27 09:18:37.911791,49,0.27,Completed
8426,410.0,16,2026-05-27 10:46:02.916291,89,0.28,Completed
8427,459.0,20,2026-05-27 12:13:27.920792,50,0.14,Completed
8428,2.0,43,2026-05-27 13:40:52.925292,14,0.09,Completed
8429,398.0,44,2026-05-27 15:08:17.929792,46,0.22,Pending
8430,108.0,47,2026-05-27 16:35:42.934293,90,0.23,Completed
8431,286.0,50,2026-05-27 18:03:07.938793,82,0.24,Completed
8432,49.0,19,2026-05-27 19:30:32.943294,84,0.01,Completed
8433,140.0,48,2026-05-27 20:57:57.947794,34,0.0,Pending
8434,218.0,32,2026-05-27 22:25:22.952295,71,0.11,Completed
8435,44.0,15,2026-05-27 23:52:47.956795,47,0.05,Completed
8436,417.0,5,2026-05-28 01:20:12.961296,60,0.24,Completed
8437,269.0,11,2026-05-28 02:47:37.965796,74,0.16,Completed
8438,78.0,15,2026-05-28 04:15:02.970297,79,0.25,Completed
8439,216.0,29,2026-05-28 05:42:27.974797,81,0.05,Completed
8440,382.0,50,2026-05-28 07:09:52.979297,11,0.19,Completed
8441,98.0,45,2026-05-28 08:37:17.983798,98,0.17,Completed
8442,236.0,4,2026-05-28 10:04:42.988298,91,0.1,Completed
8443,282.0,49,2026-05-28 11:32:07.992799,85,0.16,Completed
8444,149.0,36,2026-05-28 12:59:32.997299,95,0.18,Completed
8445,412.0,48,2026-05-28 14:26:58.001800,50,0.27,Completed
8446,304.0,23,2026-05-28 15:54:23.006300,4,0.02,Completed
8447,484.0,15,2026-05-28 17:21:48.010801,41,0.25,Completed
8448,424.0,46,2026-05-28 18:49:13.015301,59,0.29,Completed
8449,66.0,44,2026-05-28 20:16:38.019801,60,0.22,Pending
8450,234.0,3,2026-05-28 21:44:03.024302,81,0.22,Completed
8451,457.0,32,2026-05-28 23:11:28.028802,62,0.07,Completed
8452,87.0,10,2026-05-29 00:38:53.033303,84,0.16,Completed
8453,79.0,40,2026-05-29 02:06:18.037803,25,0.21,Completed
8454,205.0,38,2026-05-29 03:33:43.042304,87,0.18,Completed
8455,279.0,22,2026-05-29 05:01:08.046804,79,0.12,Completed
8456,337.0,14,2026-05-29 06:28:33.051305,33,0.28,Completed
8457,254.0,17,2026-05-29 07:55:58.055805,19,0.15,Pending
8458,304.0,21,2026-05-29 09:23:23.060306,57,0.29,Completed
8459,380.0,48,2026-05-29 10:50:48.064806,15,0.17,Completed
8460,130.0,15,2026-05-29 12:18:13.069306,41,0.24,Pending
8461,84.0,15,2026-05-29 13:45:38.073807,69,0.22,Pending
8462,276.0,1,2026-05-29 15:13:03.078307,80,0.2,Completed
8463,187.0,24,2026-05-29 16:40:28.082808,60,0.0,Completed
8464,46.0,12,2026-05-29 18:07:53.087308,96,0.02,Completed
8465,387.0,10,2026-05-29 19:35:18.091809,22,0.17,Completed
8466,183.0,46,2026-05-29 21:02:43.096309,43,0.27,Completed
8467,268.0,42,2026-05-29 22:30:08.100810,32,0.18,Cancelled
8468,296.0,42,2026-05-29 23:57:33.105310,13,0.07,Completed
8469,322.0,31,2026-05-30 01:24:58.109810,38,0.1,Completed
8470,100.0,11,2026-05-30 02:52:23.114311,26,0.19,Completed
8471,78.0,16,2026-05-30 04:19:48.118811,81,0.18,Completed
8472,272.0,9,2026-05-30 05:47:13.123312,5,0.29,Pending
8473,339.0,47,2026-05-30 07:14:38.127812,49,0.16,Completed
8474,162.0,14,2026-05-30 08:42:03.132313,97,0.11,Completed
8475,44.0,19,2026-05-30 10:09:28.136813,91,0.16,Completed
8476,238.0,31,2026-05-30 11:36:53.141314,5,0.24,Completed
8477,134.0,9,2026-05-30 13:04:18.145814,71,0.16,Completed
8478,461.0,36,2026-05-30 14:31:43.150315,48,0.1,Pending
8479,192.0,39,2026-05-30 15:59:08.154815,18,0.1,Completed
8480,356.0,26,2026-05-30 17:26:33.159315,95,0.23,Pending
8481,278.0,8,2026-05-30 18:53:58.163816,6,0.02,Completed
8482,18.0,24,2026-05-30 20:21:23.168316,66,0.08,Pending
8483,12.0,8,2026-05-30 21:48:48.172817,77,0.05,Completed
8484,180.0,19,2026-05-30 23:16:13.177317,42,0.28,Completed
8485,123.0,47,2026-05-31 00:43:38.181818,52,0.03,Completed
8486,246.0,48,2026-05-31 02:11:03.186318,11,0.23,Completed
8487,222.0,30,2026-05-31 03:38:28.190819,26,0.19,Completed
8488,373.0,22,2026-05-31 05:05:53.195319,21,0.19,Completed
8489,51.0,9,2026-05-31 06:33:18.199819,66,0.23,Completed
8490,488.0,44,2026-05-31 08:00:43.204320,40,0.12,Completed
8491,71.0,48,2026-05-31 09:28:08.208820,56,0.12,Completed
8492,480.0,4,2026-05-31 10:55:33.213321,51,0.09,Completed
8493,48.0,37,2026-05-31 12:22:58.217821,20,0.18,Cancelled
8494,19.0,8,2026-05-31 13:50:23.222322,81,0.28,Completed
8495,262.0,1,2026-05-31 15:17:48.226822,80,0.28,Completed
8496,84.0,28,2026-05-31 16:45:13.231323,57,0.21,Completed
8497,155.0,6,2026-05-31 18:12:38.235823,5,0.27,Completed
8498,53.0,47,2026-05-31 19:40:03.240324,14,0.29,Completed
8499,107.0,36,2026-05-31 21:07:28.244824,24,0.24,Completed
8500,357.0,11,2026-05-31 22:34:53.249324,68,0.12,Completed
8501,304.0,5,2026-06-01 00:02:18.253825,52,0.14,Pending
8502,135.0,50,2026-06-01 01:29:43.258325,48,0.28,Pending
8503,443.0,24,2026-06-01 02:57:08.262826,88,0.2,Pending
8504,69.0,47,2026-06-01 04:24:33.267326,47,0.25,Completed
8505,11.0,18,2026-06-01 05:51:58.271827,60,0.03,Completed
8506,143.0,20,2026-06-01 07:19:23.276327,73,0.06,Completed
8507,192.0,28,2026-06-01 08:46:48.280828,3,0.1,Completed
8508,387.0,13,2026-06-01 10:14:13.285328,9,0.06,Completed
8509,378.0,5,2026-06-01 11:41:38.289828,82,0.27,Completed
8510,69.0,30,2026-06-01 13:09:03.294329,100,0.07,Completed
8511,23.0,1,2026-06-01 14:36:28.298829,83,0.17,Completed
8512,181.0,22,2026-06-01 16:03:53.303330,24,0.03,Completed
8513,293.0,18,2026-06-01 17:31:18.307830,4,0.05,Completed
8514,9.0,46,2026-06-01 18:58:43.312331,9,0.07,Completed
8515,271.0,5,2026-06-01 20:26:08.316831,97,0.29,Pending
8516,387.0,31,2026-06-01 21:53:33.321332,1,0.24,Completed
8517,93.0,6,2026-06-01 23:20:58.325832,35,0.2,Completed
8518,454.0,27,2026-06-02 00:48:23.330333,74,0.27,Completed
8519,17.0,25,2026-06-02 02:15:48.334833,12,0.29,Completed
8520,154.0,29,2026-06-02 03:43:13.339333,18,0.14,Completed
8521,405.0,28,2026-06-02 05:10:38.343834,78,0.1,Completed
8522,328.0,16,2026-06-02 06:38:03.348334,10,0.09,Completed
8523,149.0,12,2026-06-02 08:05:28.352835,74,0.01,Completed
8524,377.0,20,2026-06-02 09:32:53.357335,18,0.08,Pending
8525,267.0,18,2026-06-02 11:00:18.361836,24,0.11,Cancelled
8526,422.0,34,2026-06-02 12:27:43.366336,1,0.01,Completed
8527,328.0,23,2026-06-02 13:55:08.370837,94,0.26,Completed
8528,106.0,45,2026-06-02 15:22:33.375337,79,0.25,Completed
8529,472.0,27,2026-06-02 16:49:58.379837,72,0.08,Pending
8530,381.0,49,2026-06-02 18:17:23.384338,99,0.24,Completed
8531,35.0,17,2026-06-02 19:44:48.388838,82,0.24,Completed
8532,119.0,48,2026-06-02 21:12:13.393339,16,0.1,Pending
8533,14.0,21,2026-06-02 22:39:38.397839,85,0.21,Completed
8534,14.0,50,2026-06-03 00:07:03.402340,15,0.09,Completed
8535,266.0,40,2026-06-03 01:34:28.406840,62,0.02,Cancelled
8536,140.0,31,2026-06-03 03:01:53.411341,5,0.15,Completed
8537,294.0,3,2026-06-03 04:29:18.415841,45,0.13,Completed
8538,364.0,17,2026-06-03 05:56:43.420342,52,0.04,Completed
8539,119.0,50,2026-06-03 07:24:08.424842,71,0.15,Completed
8540,238.0,26,2026-06-03 08:51:33.429342,7,0.28,Cancelled
8541,34.0,23,2026-06-03 10:18:58.433843,27,0.22,Completed
8542,169.0,6,2026-06-03 11:46:23.438343,89,0.22,Pending
8543,10.0,28,2026-06-03 13:13:48.442844,86,0.23,Completed
8544,122.0,8,2026-06-03 14:41:13.447344,13,0.22,Completed
8545,401.0,45,2026-06-03 16:08:38.451845,17,0.01,Completed
8546,145.0,8,2026-06-03 17:36:03.456345,44,0.28,Pending
8547,451.0,19,2026-06-03 19:03:28.460846,13,0.25,Completed
8548,446.0,38,2026-06-03 20:30:53.465346,90,0.08,Completed
8549,223.0,29,2026-06-03 21:58:18.469846,73,0.17,Completed
8550,371.0,23,2026-06-03 23:25:43.474347,5,0.18,Pending
8551,257.0,47,2026-06-04 00:53:08.478847,33,0.04,Pending
8552,268.0,32,2026-06-04 02:20:33.483348,4,0.08,Completed
8553,359.0,10,2026-06-04 03:47:58.487848,92,0.01,Completed
8554,4.0,27,2026-06-04 05:15:23.492349,26,0.26,Completed
8555,426.0,49,2026-06-04 06:42:48.496849,68,0.01,Completed
8556,397.0,1,2026-06-04 08:10:13.501350,16,0.1,Completed
8557,354.0,39,2026-06-04 09:37:38.505850,22,0.02,Completed
8558,106.0,29,2026-06-04 11:05:03.510351,36,0.23,Completed
8559,85.0,45,2026-06-04 12:32:28.514851,58,0.28,Completed
8560,214.0,3,2026-06-04 13:59:53.519351,55,0.17,Completed
8561,121.0,47,2026-06-04 15:27:18.523852,35,0.04,Pending
8562,132.0,37,2026-06-04 16:54:43.528352,25,0.17,Cancelled
8563,338.0,31,2026-06-04 18:22:08.532853,72,0.23,Completed
8564,197.0,11,2026-06-04 19:49:33.537353,81,0.22,Completed
8565,19.0,22,2026-06-04 21:16:58.541854,61,0.22,Completed
8566,130.0,18,2026-06-04 22:44:23.546354,18,0.08,Completed
8567,12.0,35,2026-06-05 00:11:48.550855,58,0.02,Completed
8568,81.0,6,2026-06-05 01:39:13.555355,76,0.04,Cancelled
8569,330.0,3,2026-06-05 03:06:38.559855,57,0.29,Completed
8570,354.0,5,2026-06-05 04:34:03.564356,97,0.18,Completed
8571,262.0,9,2026-06-05 06:01:28.568856,87,0.22,Completed
8572,392.0,28,2026-06-05 07:28:53.573357,63,0.27,Completed
8573,125.0,19,2026-06-05 08:56:18.577857,12,0.26,Completed
8574,307.0,28,2026-06-05 10:23:43.582358,11,0.07,Pending
8575,267.0,27,2026-06-05 11:51:08.586858,13,0.02,Completed
8576,447.0,13,2026-06-05 13:18:33.591359,35,0.28,Completed
8577,441.0,38,2026-06-05 14:45:58.595859,27,0.29,Completed
8578,383.0,43,2026-06-05 16:13:23.600360,89,0.17,Completed
8579,140.0,21,2026-06-05 17:40:48.604860,67,0.27,Completed
8580,329.0,27,2026-06-05 19:08:13.609360,89,0.07,Completed
8581,2.0,46,2026-06-05 20:35:38.613861,45,0.03,Completed
8582,8.0,6,2026-06-05 22:03:03.618361,74,0.15,Completed
8583,250.0,38,2026-06-05 23:30:28.622862,81,0.24,Completed
8584,139.0,49,2026-06-06 00:57:53.627362,67,0.2,Cancelled
8585,124.0,11,2026-06-06 02:25:18.631863,22,0.19,Completed
8586,309.0,47,2026-06-06 03:52:43.636363,78,0.01,Pending
8587,228.0,41,2026-06-06 05:20:08.640864,91,0.1,Completed
8588,10.0,17,2026-06-06 06:47:33.645364,42,0.28,Completed
8589,469.0,39,2026-06-06 08:14:58.649864,20,0.04,Completed
8590,212.0,7,2026-06-06 09:42:23.654365,48,0.22,Completed
8591,112.0,30,2026-06-06 11:09:48.658865,18,0.23,Completed
8592,8.0,21,2026-06-06 12:37:13.663366,77,0.22,Completed
8593,292.0,1,2026-06-06 14:04:38.667866,70,0.3,Completed
8594,477.0,25,2026-06-06 15:32:03.672367,74,0.12,Completed
8595,362.0,32,2026-06-06 16:59:28.676867,93,0.2,Completed
8596,460.0,8,2026-06-06 18:26:53.681368,6,0.06,Completed
8597,253.0,5,2026-06-06 19:54:18.685868,39,0.12,Completed
8598,14.0,30,2026-06-06 21:21:43.690369,11,0.15,Completed
8599,240.0,8,2026-06-06 22:49:08.694869,25,0.06,Completed
8600,438.0,49,2026-06-07 00:16:33.699369,94,0.27,Completed
8601,242.0,19,2026-06-07 01:43:58.703870,55,0.21,Completed
8602,469.0,44,2026-06-07 03:11:23.708370,84,0.09,Completed
8603,342.0,30,2026-06-07 04:38:48.712871,58,0.04,Completed
8604,149.0,15,2026-06-07 06:06:13.717371,37,0.09,Completed
8605,236.0,36,2026-06-07 07:33:38.721872,16,0.19,Completed
8606,306.0,44,2026-06-07 09:01:03.726372,95,0.25,Completed
8607,478.0,27,2026-06-07 10:28:28.730873,93,0.15,Completed
8608,167.0,13,2026-06-07 11:55:53.735373,70,0.03,Completed
8609,20.0,14,2026-06-07 13:23:18.739873,93,0.07,Completed
8610,216.0,37,2026-06-07 14:50:43.744374,96,0.1,Cancelled
8611,343.0,48,2026-06-07 16:18:08.748874,73,0.19,Pending
8612,135.0,30,2026-06-07 17:45:33.753375,37,0.07,Completed
8613,393.0,39,2026-06-07 19:12:58.757875,53,0.07,Completed
8614,129.0,47,2026-06-07 20:40:23.762376,87,0.09,Completed
8615,410.0,13,2026-06-07 22:07:48.766876,16,0.18,Completed
8616,422.0,16,2026-06-07 23:35:13.771377,18,0.15,Completed
8617,294.0,44,2026-06-08 01:02:38.775877,19,0.25,Completed
8618,246.0,7,2026-06-08 02:30:03.780378,44,0.21,Completed
8619,189.0,48,2026-06-08 03:57:28.784878,2,0.2,Completed
8620,44.0,27,2026-06-08 05:24:53.789378,58,0.05,Pending
8621,86.0,45,2026-06-08 06:52:18.793879,10,0.02,Completed
8622,44.0,35,2026-06-08 08:19:43.798379,76,0.15,Completed
8623,330.0,15,2026-06-08 09:47:08.802880,46,0.02,Completed
8624,375.0,28,2026-06-08 11:14:33.807380,82,0.11,Completed
8625,446.0,35,2026-06-08 12:41:58.811881,19,0.01,Completed
8626,378.0,7,2026-06-08 14:09:23.816381,38,0.05,Pending
8627,390.0,50,2026-06-08 15:36:48.820882,37,0.03,Completed
8628,145.0,46,2026-06-08 17:04:13.825382,91,0.24,Completed
8629,51.0,50,2026-06-08 18:31:38.829882,78,0.1,Completed
8630,242.0,46,2026-06-08 19:59:03.834383,45,0.02,Pending
8631,294.0,20,2026-06-08 21:26:28.838883,34,0.08,Completed
8632,408.0,32,2026-06-08 22:53:53.843384,2,0.2,Completed
8633,51.0,38,2026-06-09 00:21:18.847884,44,0.22,Cancelled
8634,266.0,40,2026-06-09 01:48:43.852385,97,0.04,Completed
8635,120.0,32,2026-06-09 03:16:08.856885,83,0.23,Completed
8636,200.0,26,2026-06-09 04:43:33.861386,27,0.11,Completed
8637,405.0,39,2026-06-09 06:10:58.865886,48,0.2,Completed
8638,248.0,20,2026-06-09 07:38:23.870387,94,0.2,Completed
8639,70.0,18,2026-06-09 09:05:48.874887,7,0.24,Completed
8640,341.0,50,2026-06-09 10:33:13.879387,27,0.21,Completed
8641,57.0,15,2026-06-09 12:00:38.883888,85,0.01,Completed
8642,382.0,22,2026-06-09 13:28:03.888388,71,0.16,Completed
8643,39.0,22,2026-06-09 14:55:28.892889,89,0.05,Completed
8644,472.0,21,2026-06-09 16:22:53.897389,18,0.29,Completed
8645,289.0,2,2026-06-09 17:50:18.901890,33,0.08,Pending
8646,443.0,40,2026-06-09 19:17:43.906390,33,0.13,Completed
8647,18.0,43,2026-06-09 20:45:08.910891,96,0.06,Completed
8648,440.0,18,2026-06-09 22:12:33.915391,25,0.04,Completed
8649,220.0,23,2026-06-09 23:39:58.919891,14,0.18,Completed
8650,313.0,13,2026-06-10 01:07:23.924392,38,0.15,Completed
8651,244.0,41,2026-06-10 02:34:48.928892,38,0.11,Pending
8652,352.0,9,2026-06-10 04:02:13.933393,4,0.03,Completed
8653,460.0,49,2026-06-10 05:29:38.937893,62,0.22,Completed
8654,304.0,7,2026-06-10 06:57:03.942394,82,0.0,Completed
8655,298.0,41,2026-06-10 08:24:28.946894,10,0.14,Completed
8656,283.0,1,2026-06-10 09:51:53.951395,35,0.19,Completed
8657,74.0,2,2026-06-10 11:19:18.955895,99,0.13,Completed
8658,110.0,4,2026-06-10 12:46:43.960396,23,0.04,Completed
8659,180.0,14,2026-06-10 14:14:08.964896,89,0.23,Completed
8660,426.0,32,2026-06-10 15:41:33.969396,65,0.1,Completed
8661,32.0,36,2026-06-10 17:08:58.973897,82,0.04,Completed
8662,234.0,2,2026-06-10 18:36:23.978397,79,0.17,Completed
8663,282.0,40,2026-06-10 20:03:48.982898,25,0.01,Pending
8664,25.0,50,2026-06-10 21:31:13.987398,96,0.1,Completed
8665,331.0,14,2026-06-10 22:58:38.991899,53,0.23,Completed
8666,279.0,20,2026-06-11 00:26:03.996399,84,0.27,Pending
8667,226.0,25,2026-06-11 01:53:29.000900,17,0.18,Completed
8668,57.0,42,2026-06-11 03:20:54.005400,57,0.07,Completed
8669,180.0,49,2026-06-11 04:48:19.009900,75,0.07,Completed
8670,232.0,8,2026-06-11 06:15:44.014401,77,0.18,Completed
8671,382.0,28,2026-06-11 07:43:09.018901,89,0.12,Completed
8672,343.0,46,2026-06-11 09:10:34.023402,20,0.05,Pending
8673,477.0,21,2026-06-11 10:37:59.027902,25,0.24,Completed
8674,287.0,23,2026-06-11 12:05:24.032403,42,0.06,Completed
8675,64.0,32,2026-06-11 13:32:49.036903,45,0.1,Completed
8676,455.0,8,2026-06-11 15:00:14.041404,31,0.02,Pending
8677,232.0,31,2026-06-11 16:27:39.045904,65,0.21,Completed
8678,289.0,37,2026-06-11 17:55:04.050405,52,0.08,Cancelled
8679,213.0,16,2026-06-11 19:22:29.054905,80,0.07,Completed
8680,258.0,40,2026-06-11 20:49:54.059405,92,0.09,Completed
8681,18.0,42,2026-06-11 22:17:19.063906,21,0.26,Completed
8682,175.0,27,2026-06-11 23:44:44.068406,30,0.16,Pending
8683,417.0,40,2026-06-12 01:12:09.072907,3,0.05,Completed
8684,229.0,41,2026-06-12 02:39:34.077407,98,0.23,Completed
8685,226.0,18,2026-06-12 04:06:59.081908,70,0.06,Completed
8686,84.0,35,2026-06-12 05:34:24.086408,43,0.12,Pending
8687,291.0,49,2026-06-12 07:01:49.090909,29,0.17,Completed
8688,435.0,15,2026-06-12 08:29:14.095409,3,0.18,Completed
8689,370.0,27,2026-06-12 09:56:39.099909,58,0.02,Pending
8690,246.0,17,2026-06-12 11:24:04.104410,33,0.25,Pending
8691,402.0,40,2026-06-12 12:51:29.108910,75,0.14,Completed
8692,110.0,2,2026-06-12 14:18:54.113411,45,0.3,Pending
8693,254.0,49,2026-06-12 15:46:19.117911,69,0.22,Completed
8694,88.0,50,2026-06-12 17:13:44.122412,32,0.3,Completed
8695,72.0,31,2026-06-12 18:41:09.126912,82,0.14,Completed
8696,381.0,37,2026-06-12 20:08:34.131413,84,0.04,Completed
8697,30.0,41,2026-06-12 21:35:59.135913,52,0.22,Pending
8698,172.0,41,2026-06-12 23:03:24.140414,64,0.23,Completed
8699,309.0,34,2026-06-13 00:30:49.144914,40,0.26,Completed
8700,394.0,34,2026-06-13 01:58:14.149414,92,0.09,Completed
8701,343.0,3,2026-06-13 03:25:39.153915,13,0.15,Pending
8702,436.0,17,2026-06-13 04:53:04.158415,90,0.26,Completed
8703,177.0,14,2026-06-13 06:20:29.162916,80,0.26,Completed
8704,139.0,14,2026-06-13 07:47:54.167416,89,0.01,Completed
8705,194.0,46,2026-06-13 09:15:19.171917,74,0.2,Completed
8706,186.0,38,2026-06-13 10:42:44.176417,29,0.18,Completed
8707,218.0,35,2026-06-13 12:10:09.180918,63,0.03,Completed
8708,164.0,1,2026-06-13 13:37:34.185418,84,0.28,Completed
8709,161.0,48,2026-06-13 15:04:59.189918,26,0.13,Cancelled
8710,431.0,29,2026-06-13 16:32:24.194419,96,0.2,Pending
8711,13.0,4,2026-06-13 17:59:49.198919,59,0.26,Pending
8712,296.0,33,2026-06-13 19:27:14.203420,49,0.04,Completed
8713,89.0,17,2026-06-13 20:54:39.207920,53,0.26,Completed
8714,324.0,28,2026-06-13 22:22:04.212421,88,0.22,Completed
8715,42.0,50,2026-06-13 23:49:29.216921,31,0.25,Completed
8716,403.0,26,2026-06-14 01:16:54.221422,12,0.15,Completed
8717,210.0,8,2026-06-14 02:44:19.225922,58,0.01,Completed
8718,229.0,34,2026-06-14 04:11:44.230423,36,0.2,Completed
8719,350.0,18,2026-06-14 05:39:09.234923,10,0.11,Completed
8720,275.0,31,2026-06-14 07:06:34.239423,6,0.12,Completed
8721,442.0,27,2026-06-14 08:33:59.243924,7,0.13,Completed
8722,279.0,16,2026-06-14 10:01:24.248424,31,0.15,Pending
8723,251.0,10,2026-06-14 11:28:49.252925,91,0.2,Completed
8724,310.0,40,2026-06-14 12:56:14.257425,72,0.22,Completed
8725,208.0,12,2026-06-14 14:23:39.261926,3,0.23,Completed
8726,321.0,22,2026-06-14 15:51:04.266426,47,0.2,Pending
8727,140.0,16,2026-06-14 17:18:29.270927,85,0.24,Completed
8728,280.0,12,2026-06-14 18:45:54.275427,1,0.04,Completed
8729,34.0,11,2026-06-14 20:13:19.279927,45,0.25,Completed
8730,309.0,20,2026-06-14 21:40:44.284428,54,0.12,Completed
8731,392.0,1,2026-06-14 23:08:09.288928,50,0.16,Completed
8732,18.0,27,2026-06-15 00:35:34.293429,79,0.13,Completed
8733,57.0,3,2026-06-15 02:02:59.297929,7,0.14,Completed
8734,112.0,12,2026-06-15 03:30:24.302430,63,0.09,Completed
8735,5.0,30,2026-06-15 04:57:49.306930,15,0.05,Completed
8736,410.0,9,2026-06-15 06:25:14.311431,89,0.03,Completed
8737,414.0,37,2026-06-15 07:52:39.315931,67,0.14,Completed
8738,182.0,1,2026-06-15 09:20:04.320432,30,0.04,Pending
8739,13.0,42,2026-06-15 10:47:29.324932,78,0.07,Cancelled
8740,339.0,49,2026-06-15 12:14:54.329432,68,0.04,Completed
8741,285.0,4,2026-06-15 13:42:19.333933,36,0.03,Completed
8742,259.0,15,2026-06-15 15:09:44.338433,67,0.26,Cancelled
8743,90.0,27,2026-06-15 16:37:09.342934,5,0.2,Completed
8744,104.0,8,2026-06-15 18:04:34.347434,25,0.28,Pending
8745,379.0,23,2026-06-15 19:31:59.351935,95,0.19,Completed
8746,186.0,15,2026-06-15 20:59:24.356435,11,0.25,Completed
8747,250.0,27,2026-06-15 22:26:49.360936,72,0.17,Pending
8748,255.0,31,2026-06-15 23:54:14.365436,90,0.14,Completed
8749,76.0,39,2026-06-16 01:21:39.369936,66,0.16,Completed
8750,386.0,47,2026-06-16 02:49:04.374437,28,0.1,Completed
8751,459.0,8,2026-06-16 04:16:29.378937,60,0.2,Pending
8752,108.0,30,2026-06-16 05:43:54.383438,10,0.27,Cancelled
8753,156.0,42,2026-06-16 07:11:19.387938,50,0.23,Completed
8754,82.0,18,2026-06-16 08:38:44.392439,39,0.14,Completed
8755,77.0,4,2026-06-16 10:06:09.396939,37,0.29,Completed
8756,485.0,47,2026-06-16 11:33:34.401440,63,0.3,Pending
8757,470.0,43,2026-06-16 13:00:59.405940,61,0.15,Completed
8758,460.0,22,2026-06-16 14:28:24.410441,85,0.26,Completed
8759,258.0,3,2026-06-16 15:55:49.414941,92,0.0,Pending
8760,127.0,15,2026-06-16 17:23:14.419441,38,0.02,Completed
8761,485.0,35,2026-06-16 18:50:39.423942,33,0.01,Pending
8762,391.0,47,2026-06-16 20:18:04.428442,75,0.23,Completed
8763,282.0,38,2026-06-16 21:45:29.432943,45,0.02,Completed
8764,474.0,33,2026-06-16 23:12:54.437443,44,0.01,Completed
8765,88.0,14,2026-06-17 00:40:19.441944,1,0.04,Completed
8766,204.0,48,2026-06-17 02:07:44.446444,53,0.09,Completed
8767,16.0,1,2026-06-17 03:35:09.450945,47,0.14,Completed
8768,151.0,49,2026-06-17 05:02:34.455445,33,0.02,Completed
8769,424.0,26,2026-06-17 06:29:59.459945,67,0.15,Completed
8770,254.0,8,2026-06-17 07:57:24.464446,90,0.07,Completed
8771,188.0,50,2026-06-17 09:24:49.468946,15,0.08,Pending
8772,329.0,16,2026-06-17 10:52:14.473447,14,0.25,Cancelled
8773,32.0,38,2026-06-17 12:19:39.477947,23,0.3,Completed
8774,271.0,10,2026-06-17 13:47:04.482448,54,0.14,Completed
8775,485.0,42,2026-06-17 15:14:29.486948,8,0.1,Pending
8776,397.0,37,2026-06-17 16:41:54.491449,54,0.28,Completed
8777,5.0,26,2026-06-17 18:09:19.495949,36,0.15,Cancelled
8778,459.0,28,2026-06-17 19:36:44.500450,84,0.22,Completed
8779,330.0,12,2026-06-17 21:04:09.504950,52,0.12,Completed
8780,308.0,20,2026-06-17 22:31:34.509450,6,0.06,Cancelled
8781,333.0,49,2026-06-17 23:58:59.513951,97,0.2,Completed
8782,169.0,14,2026-06-18 01:26:24.518451,28,0.2,Completed
8783,181.0,46,2026-06-18 02:53:49.522952,50,0.14,Completed
8784,366.0,35,2026-06-18 04:21:14.527452,38,0.08,Completed
8785,178.0,29,2026-06-18 05:48:39.531953,30,0.25,Completed
8786,143.0,12,2026-06-18 07:16:04.536453,81,0.08,Completed
8787,362.0,18,2026-06-18 08:43:29.540954,73,0.2,Completed
8788,248.0,44,2026-06-18 10:10:54.545454,92,0.12,Pending
8789,127.0,2,2026-06-18 11:38:19.549954,54,0.14,Completed
8790,263.0,2,2026-06-18 13:05:44.554455,71,0.06,Completed
8791,40.0,17,2026-06-18 14:33:09.558955,46,0.19,Completed
8792,412.0,10,2026-06-18 16:00:34.563456,28,0.07,Pending
8793,416.0,18,2026-06-18 17:27:59.567956,17,0.15,Completed
8794,355.0,22,2026-06-18 18:55:24.572457,48,0.1,Pending
8795,255.0,19,2026-06-18 20:22:49.576957,44,0.29,Completed
8796,143.0,1,2026-06-18 21:50:14.581458,60,0.29,Completed
8797,240.0,24,2026-06-18 23:17:39.585958,60,0.23,Completed
8798,228.0,36,2026-06-19 00:45:04.590459,5,0.3,Completed
8799,341.0,25,2026-06-19 02:12:29.594959,69,0.03,Completed
8800,198.0,36,2026-06-19 03:39:54.599459,78,0.3,Pending
8801,65.0,31,2026-06-19 05:07:19.603960,70,0.03,Completed
8802,388.0,31,2026-06-19 06:34:44.608460,7,0.12,Pending
8803,11.0,2,2026-06-19 08:02:09.612961,53,0.07,Completed
8804,108.0,19,2026-06-19 09:29:34.617461,17,0.29,Completed
8805,26.0,12,2026-06-19 10:56:59.621962,59,0.19,Completed
8806,445.0,10,2026-06-19 12:24:24.626462,9,0.18,Pending
8807,421.0,31,2026-06-19 13:51:49.630963,95,0.3,Completed
8808,151.0,45,2026-06-19 15:19:14.635463,22,0.18,Completed
8809,221.0,22,2026-06-19 16:46:39.639963,45,0.19,Completed
8810,341.0,23,2026-06-19 18:14:04.644464,73,0.01,Completed
8811,496.0,23,2026-06-19 19:41:29.648964,59,0.26,Pending
8812,237.0,15,2026-06-19 21:08:54.653465,80,0.29,Completed
8813,237.0,26,2026-06-19 22:36:19.657965,100,0.29,Completed
8814,497.0,3,2026-06-20 00:03:44.662466,98,0.07,Completed
8815,219.0,23,2026-06-20 01:31:09.666966,13,0.07,Pending
8816,487.0,20,2026-06-20 02:58:34.671467,83,0.11,Completed
8817,424.0,45,2026-06-20 04:25:59.675967,12,0.09,Completed
8818,461.0,40,2026-06-20 05:53:24.680468,36,0.09,Completed
8819,151.0,39,2026-06-20 07:20:49.684968,10,0.18,Completed
8820,123.0,8,2026-06-20 08:48:14.689468,16,0.24,Completed
8821,144.0,18,2026-06-20 10:15:39.693969,92,0.28,Completed
8822,478.0,41,2026-06-20 11:43:04.698469,19,0.02,Pending
8823,189.0,6,2026-06-20 13:10:29.702970,6,0.08,Completed
8824,255.0,27,2026-06-20 14:37:54.707470,4,0.08,Completed
8825,68.0,36,2026-06-20 16:05:19.711971,30,0.11,Cancelled
8826,104.0,15,2026-06-20 17:32:44.716471,95,0.13,Completed
8827,336.0,37,2026-06-20 19:00:09.720972,46,0.12,Completed
8828,159.0,5,2026-06-20 20:27:34.725472,27,0.29,Cancelled
8829,309.0,39,2026-06-20 21:54:59.729972,45,0.13,Pending
8830,362.0,9,2026-06-20 23:22:24.734473,85,0.17,Completed
8831,409.0,7,2026-06-21 00:49:49.738973,37,0.22,Completed
8832,300.0,41,2026-06-21 02:17:14.743474,9,0.22,Completed
8833,396.0,20,2026-06-21 03:44:39.747974,61,0.17,Completed
8834,90.0,10,2026-06-21 05:12:04.752475,35,0.26,Completed
8835,357.0,26,2026-06-21 06:39:29.756975,47,0.19,Pending
8836,256.0,4,2026-06-21 08:06:54.761476,21,0.26,Completed
8837,496.0,38,2026-06-21 09:34:19.765976,17,0.09,Completed
8838,353.0,24,2026-06-21 11:01:44.770477,55,0.04,Completed
8839,220.0,14,2026-06-21 12:29:09.774977,88,0.25,Completed
8840,9.0,41,2026-06-21 13:56:34.779477,95,0.11,Completed
8841,12.0,1,2026-06-21 15:23:59.783978,6,0.2,Completed
8842,325.0,17,2026-06-21 16:51:24.788478,35,0.22,Completed
8843,438.0,45,2026-06-21 18:18:49.792979,50,0.1,Completed
8844,244.0,24,2026-06-21 19:46:14.797479,37,0.15,Completed
8845,182.0,27,2026-06-21 21:13:39.801980,13,0.27,Completed
8846,284.0,7,2026-06-21 22:41:04.806480,25,0.26,Completed
8847,312.0,9,2026-06-22 00:08:29.810981,96,0.22,Completed
8848,99.0,43,2026-06-22 01:35:54.815481,1,0.23,Completed
8849,197.0,35,2026-06-22 03:03:19.819981,49,0.27,Completed
8850,482.0,12,2026-06-22 04:30:44.824482,35,0.22,Completed
8851,366.0,21,2026-06-22 05:58:09.828982,83,0.1,Completed
8852,226.0,3,2026-06-22 07:25:34.833483,53,0.04,Completed
8853,333.0,15,2026-06-22 08:52:59.837983,52,0.13,Completed
8854,103.0,21,2026-06-22 10:20:24.842484,54,0.03,Completed
8855,106.0,10,2026-06-22 11:47:49.846984,76,0.03,Completed
8856,365.0,33,2026-06-22 13:15:14.851485,47,0.29,Completed
8857,368.0,46,2026-06-22 14:42:39.855985,43,0.2,Completed
8858,58.0,6,2026-06-22 16:10:04.860486,20,0.26,Completed
8859,78.0,2,2026-06-22 17:37:29.864986,33,0.19,Pending
8860,75.0,29,2026-06-22 19:04:54.869486,93,0.13,Completed
8861,42.0,40,2026-06-22 20:32:19.873987,16,0.01,Completed
8862,422.0,33,2026-06-22 21:59:44.878487,78,0.29,Completed
8863,324.0,4,2026-06-22 23:27:09.882988,7,0.02,Completed
8864,181.0,4,2026-06-23 00:54:34.887488,70,0.18,Completed
8865,33.0,29,2026-06-23 02:21:59.891989,21,0.03,Pending
8866,71.0,37,2026-06-23 03:49:24.896489,36,0.09,Completed
8867,56.0,20,2026-06-23 05:16:49.900990,86,0.06,Completed
8868,105.0,41,2026-06-23 06:44:14.905490,54,0.17,Pending
8869,200.0,23,2026-06-23 08:11:39.909990,19,0.27,Completed
8870,101.0,45,2026-06-23 09:39:04.914491,25,0.19,Completed
8871,256.0,18,2026-06-23 11:06:29.918991,67,0.2,Completed
8872,307.0,49,2026-06-23 12:33:54.923492,100,0.27,Completed
8873,74.0,25,2026-06-23 14:01:19.927992,53,0.22,Completed
8874,171.0,1,2026-06-23 15:28:44.932493,98,0.26,Completed
8875,377.0,15,2026-06-23 16:56:09.936993,75,0.12,Completed
8876,143.0,34,2026-06-23 18:23:34.941494,48,0.26,Completed
8877,166.0,48,2026-06-23 19:50:59.945994,42,0.19,Completed
8878,399.0,20,2026-06-23 21:18:24.950495,47,0.04,Completed
8879,261.0,37,2026-06-23 22:45:49.954995,91,0.01,Pending
8880,221.0,27,2026-06-24 00:13:14.959495,42,0.07,Completed
8881,83.0,22,2026-06-24 01:40:39.963996,2,0.11,Completed
8882,182.0,5,2026-06-24 03:08:04.968496,6,0.25,Completed
8883,307.0,34,2026-06-24 04:35:29.972997,46,0.22,Completed
8884,10.0,39,2026-06-24 06:02:54.977497,66,0.29,Completed
8885,396.0,3,2026-06-24 07:30:19.981998,81,0.17,Completed
8886,4.0,17,2026-06-24 08:57:44.986498,40,0.22,Completed
8887,351.0,24,2026-06-24 10:25:09.990999,58,0.08,Completed
8888,402.0,24,2026-06-24 11:52:34.995499,78,0.2,Completed
8889,336.0,3,2026-06-24 13:20:00.000000,74,0.21,Completed
8890,488.0,45,2026-06-24 14:47:25.004500,33,0.25,Completed
8891,292.0,7,2026-06-24 16:14:50.009000,62,0.16,Pending
8892,281.0,25,2026-06-24 17:42:15.013501,12,0.19,Completed
8893,215.0,3,2026-06-24 19:09:40.018001,96,0.06,Completed
8894,460.0,15,2026-06-24 20:37:05.022502,49,0.22,Completed
8895,98.0,29,2026-06-24 22:04:30.027002,88,0.25,Completed
8896,420.0,50,2026-06-24 23:31:55.031503,78,0.18,Completed
8897,101.0,29,2026-06-25 00:59:20.036003,5,0.03,Completed
8898,451.0,10,2026-06-25 02:26:45.040504,51,0.09,Completed
8899,9.0,32,2026-06-25 03:54:10.045004,69,0.14,Completed
8900,61.0,23,2026-06-25 05:21:35.049504,32,0.2,Completed
8901,309.0,39,2026-06-25 06:49:00.054005,49,0.1,Completed
8902,146.0,9,2026-06-25 08:16:25.058505,97,0.25,Completed
8903,427.0,37,2026-06-25 09:43:50.063006,60,0.11,Completed
8904,419.0,40,2026-06-25 11:11:15.067506,46,0.01,Completed
8905,63.0,14,2026-06-25 12:38:40.072007,68,0.24,Completed
8906,121.0,4,2026-06-25 14:06:05.076507,94,0.19,Pending
8907,226.0,20,2026-06-25 15:33:30.081008,41,0.24,Completed
8908,105.0,28,2026-06-25 17:00:55.085508,81,0.1,Completed
8909,462.0,14,2026-06-25 18:28:20.090009,67,0.01,Completed
8910,260.0,44,2026-06-25 19:55:45.094509,13,0.02,Completed
8911,349.0,34,2026-06-25 21:23:10.099009,100,0.03,Pending
8912,425.0,13,2026-06-25 22:50:35.103510,18,0.24,Completed
8913,255.0,31,2026-06-26 00:18:00.108010,87,0.09,Completed
8914,429.0,33,2026-06-26 01:45:25.112511,99,0.3,Completed
8915,434.0,39,2026-06-26 03:12:50.117011,97,0.23,Pending
8916,207.0,28,2026-06-26 04:40:15.121512,51,0.18,Completed
8917,28.0,25,2026-06-26 06:07:40.126012,36,0.3,Completed
8918,170.0,32,2026-06-26 07:35:05.130513,81,0.09,Pending
8919,336.0,9,2026-06-26 09:02:30.135013,34,0.05,Pending
8920,76.0,28,2026-06-26 10:29:55.139513,12,0.22,Completed
8921,116.0,31,2026-06-26 11:57:20.144014,5,0.08,Completed
8922,69.0,17,2026-06-26 13:24:45.148514,48,0.29,Completed
8923,354.0,23,2026-06-26 14:52:10.153015,91,0.3,Completed
8924,234.0,13,2026-06-26 16:19:35.157515,40,0.28,Completed
8925,1.0,10,2026-06-26 17:47:00.162016,13,0.28,Pending
8926,167.0,16,2026-06-26 19:14:25.166516,26,0.18,Completed
8927,352.0,6,2026-06-26 20:41:50.171017,14,0.21,Pending
8928,218.0,48,2026-06-26 22:09:15.175517,96,0.03,Completed
8929,273.0,11,2026-06-26 23:36:40.180018,11,0.23,Completed
8930,368.0,3,2026-06-27 01:04:05.184518,38,0.06,Completed
8931,251.0,28,2026-06-27 02:31:30.189018,80,0.25,Pending
8932,347.0,41,2026-06-27 03:58:55.193519,57,0.29,Completed
8933,344.0,15,2026-06-27 05:26:20.198019,22,0.06,Completed
8934,419.0,13,2026-06-27 06:53:45.202520,16,0.02,Completed
8935,174.0,42,2026-06-27 08:21:10.207020,77,0.15,Pending
8936,170.0,45,2026-06-27 09:48:35.211521,76,0.24,Completed
8937,246.0,17,2026-06-27 11:16:00.216021,82,0.23,Pending
8938,423.0,7,2026-06-27 12:43:25.220522,29,0.21,Completed
8939,90.0,28,2026-06-27 14:10:50.225022,82,0.25,Completed
8940,49.0,38,2026-06-27 15:38:15.229522,2,0.05,Pending
8941,446.0,13,2026-06-27 17:05:40.234023,54,0.2,Completed
8942,294.0,17,2026-06-27 18:33:05.238523,2,0.18,Completed
8943,407.0,15,2026-06-27 20:00:30.243024,3,0.05,Completed
8944,150.0,36,2026-06-27 21:27:55.247524,93,0.12,Completed
8945,132.0,28,2026-06-27 22:55:20.252025,56,0.26,Completed
8946,433.0,15,2026-06-28 00:22:45.256525,72,0.29,Completed
8947,59.0,46,2026-06-28 01:50:10.261026,11,0.2,Completed
8948,457.0,11,2026-06-28 03:17:35.265526,76,0.28,Completed
8949,324.0,31,2026-06-28 04:45:00.270027,32,0.04,Completed
8950,199.0,4,2026-06-28 06:12:25.274527,4,0.29,Completed
8951,215.0,35,2026-06-28 07:39:50.279027,9,0.01,Completed
8952,386.0,34,2026-06-28 09:07:15.283528,88,0.16,Completed
8953,49.0,27,2026-06-28 10:34:40.288028,56,0.09,Completed
8954,472.0,10,2026-06-28 12:02:05.292529,16,0.24,Completed
8955,232.0,30,2026-06-28 13:29:30.297029,81,0.07,Completed
8956,247.0,45,2026-06-28 14:56:55.301530,86,0.0,Completed
8957,382.0,20,2026-06-28 16:24:20.306030,71,0.12,Completed
8958,479.0,29,2026-06-28 17:51:45.310531,10,0.02,Completed
8959,239.0,29,2026-06-28 19:19:10.315031,93,0.09,Completed
8960,415.0,23,2026-06-28 20:46:35.319531,36,0.19,Completed
8961,367.0,50,2026-06-28 22:14:00.324032,24,0.09,Completed
8962,168.0,21,2026-06-28 23:41:25.328532,64,0.07,Completed
8963,48.0,48,2026-06-29 01:08:50.333033,56,0.05,Completed
8964,51.0,43,2026-06-29 02:36:15.337533,78,0.04,Completed
8965,299.0,10,2026-06-29 04:03:40.342034,78,0.16,Completed
8966,98.0,41,2026-06-29 05:31:05.346534,89,0.2,Completed
8967,439.0,12,2026-06-29 06:58:30.351035,22,0.14,Completed
8968,216.0,30,2026-06-29 08:25:55.355535,52,0.04,Completed
8969,177.0,33,2026-06-29 09:53:20.360036,50,0.19,Completed
8970,380.0,18,2026-06-29 11:20:45.364536,47,0.17,Completed
8971,474.0,14,2026-06-29 12:48:10.369036,23,0.11,Cancelled
8972,80.0,22,2026-06-29 14:15:35.373537,96,0.1,Completed
8973,185.0,21,2026-06-29 15:43:00.378037,90,0.05,Completed
8974,367.0,1,2026-06-29 17:10:25.382538,91,0.04,Completed
8975,461.0,49,2026-06-29 18:37:50.387038,76,0.1,Completed
8976,399.0,43,2026-06-29 20:05:15.391539,83,0.01,Completed
8977,27.0,15,2026-06-29 21:32:40.396039,19,0.13,Completed
8978,452.0,36,2026-06-29 23:00:05.400540,52,0.18,Completed
8979,464.0,47,2026-06-30 00:27:30.405040,34,0.28,Completed
8980,448.0,22,2026-06-30 01:54:55.409540,96,0.19,Pending
8981,478.0,32,2026-06-30 03:22:20.414041,29,0.19,Completed
8982,492.0,46,2026-06-30 04:49:45.418541,61,0.11,Completed
8983,414.0,33,2026-06-30 06:17:10.423042,85,0.04,Completed
8984,420.0,41,2026-06-30 07:44:35.427542,35,0.13,Completed
8985,195.0,39,2026-06-30 09:12:00.432043,5,0.18,Pending
8986,214.0,23,2026-06-30 10:39:25.436543,76,0.22,Completed
8987,369.0,43,2026-06-30 12:06:50.441044,7,0.25,Pending
8988,342.0,2,2026-06-30 13:34:15.445544,41,0.08,Completed
8989,114.0,2,2026-06-30 15:01:40.450045,2,0.07,Completed
8990,242.0,38,2026-06-30 16:29:05.454545,89,0.17,Completed
8991,124.0,29,2026-06-30 17:56:30.459045,10,0.17,Completed
8992,305.0,46,2026-06-30 19:23:55.463546,44,0.07,Completed
8993,76.0,3,2026-06-30 20:51:20.468046,70,0.18,Cancelled
8994,311.0,39,2026-06-30 22:18:45.472547,91,0.1,Completed
8995,469.0,7,2026-06-30 23:46:10.477047,35,0.19,Completed
8996,312.0,36,2026-07-01 01:13:35.481548,62,0.09,Pending
8997,196.0,29,2026-07-01 02:41:00.486048,74,0.18,Completed
8998,351.0,37,2026-07-01 04:08:25.490549,73,0.23,Cancelled
8999,44.0,49,2026-07-01 05:35:50.495049,20,0.29,Completed
9000,415.0,36,2026-07-01 07:03:15.499549,35,0.27,Completed
9001,186.0,23,2026-07-01 08:30:40.504050,37,0.15,Completed
9002,343.0,45,2026-07-01 09:58:05.508550,72,0.15,Completed
9003,246.0,16,2026-07-01 11:25:30.513051,54,0.13,Completed
9004,437.0,48,2026-07-01 12:52:55.517551,95,0.01,Completed
9005,84.0,31,2026-07-01 14:20:20.522052,80,0.05,Completed
9006,207.0,34,2026-07-01 15:47:45.526552,28,0.02,Completed
9007,151.0,50,2026-07-01 17:15:10.531053,70,0.21,Pending
9008,156.0,1,2026-07-01 18:42:35.535553,32,0.12,Completed
9009,16.0,18,2026-07-01 20:10:00.540054,92,0.02,Cancelled
9010,165.0,40,2026-07-01 21:37:25.544554,11,0.21,Completed
9011,405.0,43,2026-07-01 23:04:50.549054,42,0.19,Completed
9012,463.0,15,2026-07-02 00:32:15.553555,23,0.22,Completed
9013,145.0,48,2026-07-02 01:59:40.558055,30,0.18,Pending
9014,498.0,49,2026-07-02 03:27:05.562556,9,0.05,Completed
9015,37.0,17,2026-07-02 04:54:30.567056,92,0.02,Completed
9016,333.0,44,2026-07-02 06:21:55.571557,88,0.25,Pending
9017,403.0,10,2026-07-02 07:49:20.576057,59,0.06,Completed
9018,414.0,20,2026-07-02 09:16:45.580558,28,0.16,Pending
9019,45.0,6,2026-07-02 10:44:10.585058,88,0.15,Pending
9020,402.0,8,2026-07-02 12:11:35.589558,79,0.28,Pending
9021,206.0,45,2026-07-02 13:39:00.594059,33,0.17,Completed
9022,62.0,34,2026-07-02 15:06:25.598559,47,0.17,Completed
9023,420.0,32,2026-07-02 16:33:50.603060,98,0.1,Completed
9024,356.0,42,2026-07-02 18:01:15.607560,22,0.29,Completed
9025,468.0,4,2026-07-02 19:28:40.612061,29,0.18,Completed
9026,308.0,44,2026-07-02 20:56:05.616561,34,0.0,Completed
9027,19.0,50,2026-07-02 22:23:30.621062,42,0.17,Pending
9028,365.0,39,2026-07-02 23:50:55.625562,52,0.11,Completed
9029,300.0,20,2026-07-03 01:18:20.630063,47,0.01,Cancelled
9030,7.0,24,2026-07-03 02:45:45.634563,74,0.13,Completed
9031,249.0,24,2026-07-03 04:13:10.639063,51,0.23,Completed
9032,428.0,26,2026-07-03 05:40:35.643564,45,0.15,Completed
9033,117.0,25,2026-07-03 07:08:00.648064,94,0.19,Pending
9034,68.0,36,2026-07-03 08:35:25.652565,75,0.19,Completed
9035,34.0,7,2026-07-03 10:02:50.657065,34,0.2,Completed
9036,194.0,10,2026-07-03 11:30:15.661566,21,0.12,Completed
9037,325.0,47,2026-07-03 12:57:40.666066,13,0.11,Completed
9038,55.0,12,2026-07-03 14:25:05.670567,54,0.0,Completed
9039,266.0,1,2026-07-03 15:52:30.675067,25,0.05,Cancelled
9040,480.0,50,2026-07-03 17:19:55.679567,21,0.29,Completed
9041,42.0,25,2026-07-03 18:47:20.684068,1,0.25,Completed
9042,297.0,16,2026-07-03 20:14:45.688568,58,0.08,Completed
9043,461.0,5,2026-07-03 21:42:10.693069,69,0.12,Completed
9044,231.0,19,2026-07-03 23:09:35.697569,86,0.28,Cancelled
9045,453.0,4,2026-07-04 00:37:00.702070,71,0.08,Completed
9046,378.0,6,2026-07-04 02:04:25.706570,13,0.16,Pending
9047,394.0,26,2026-07-04 03:31:50.711071,52,0.01,Pending
9048,10.0,49,2026-07-04 04:59:15.715571,23,0.19,Pending
9049,358.0,39,2026-07-04 06:26:40.720072,21,0.28,Completed
9050,475.0,39,2026-07-04 07:54:05.724572,6,0.27,Pending
9051,444.0,9,2026-07-04 09:21:30.729072,20,0.15,Completed
9052,128.0,45,2026-07-04 10:48:55.733573,76,0.19,Completed
9053,179.0,14,2026-07-04 12:16:20.738073,40,0.17,Completed
9054,405.0,48,2026-07-04 13:43:45.742574,9,0.02,Completed
9055,392.0,9,2026-07-04 15:11:10.747074,50,0.05,Cancelled
9056,193.0,15,2026-07-04 16:38:35.751575,28,0.29,Completed
9057,92.0,37,2026-07-04 18:06:00.756075,11,0.08,Pending
9058,369.0,50,2026-07-04 19:33:25.760576,96,0.12,Completed
9059,231.0,20,2026-07-04 21:00:50.765076,75,0.15,Cancelled
9060,78.0,8,2026-07-04 22:28:15.769576,88,0.29,Completed
9061,85.0,32,2026-07-04 23:55:40.774077,56,0.21,Pending
9062,30.0,47,2026-07-05 01:23:05.778577,79,0.19,Pending
9063,213.0,21,2026-07-05 02:50:30.783078,35,0.16,Completed
9064,49.0,41,2026-07-05 04:17:55.787578,81,0.21,Completed
9065,265.0,19,2026-07-05 05:45:20.792079,25,0.2,Completed
9066,145.0,29,2026-07-05 07:12:45.796579,99,0.27,Completed
9067,69.0,31,2026-07-05 08:40:10.801080,19,0.16,Completed
9068,58.0,6,2026-07-05 10:07:35.805580,31,0.13,Pending
9069,185.0,4,2026-07-05 11:35:00.810081,81,0.24,Completed
9070,62.0,43,2026-07-05 13:02:25.814581,50,0.24,Completed
9071,479.0,29,2026-07-05 14:29:50.819081,87,0.05,Completed
9072,308.0,42,2026-07-05 15:57:15.823582,63,0.07,Completed
9073,445.0,3,2026-07-05 17:24:40.828082,47,0.29,Completed
9074,296.0,1,2026-07-05 18:52:05.832583,1,0.13,Completed
9075,166.0,44,2026-07-05 20:19:30.837083,58,0.16,Completed
9076,171.0,15,2026-07-05 21:46:55.841584,10,0.09,Completed
9077,63.0,47,2026-07-05 23:14:20.846084,8,0.14,Completed
9078,147.0,21,2026-07-06 00:41:45.850585,26,0.22,Completed
9079,484.0,46,2026-07-06 02:09:10.855085,34,0.14,Cancelled
9080,306.0,31,2026-07-06 03:36:35.859585,19,0.09,Completed
9081,161.0,7,2026-07-06 05:04:00.864086,78,0.03,Cancelled
9082,141.0,17,2026-07-06 06:31:25.868586,72,0.28,Completed
9083,334.0,19,2026-07-06 07:58:50.873087,1,0.26,Completed
9084,97.0,39,2026-07-06 09:26:15.877587,48,0.24,Completed
9085,446.0,3,2026-07-06 10:53:40.882088,25,0.21,Completed
9086,221.0,30,2026-07-06 12:21:05.886588,24,0.15,Completed
9087,43.0,35,2026-07-06 13:48:30.891089,47,0.27,Pending
9088,433.0,29,2026-07-06 15:15:55.895589,84,0.24,Cancelled
9089,292.0,50,2026-07-06 16:43:20.900090,94,0.24,Cancelled
9090,378.0,14,2026-07-06 18:10:45.904590,69,0.09,Completed
9091,108.0,35,2026-07-06 19:38:10.909090,67,0.13,Completed
9092,266.0,28,2026-07-06 21:05:35.913591,32,0.21,Completed
9093,95.0,30,2026-07-06 22:33:00.918091,17,0.11,Completed
9094,262.0,26,2026-07-07 00:00:25.922592,61,0.15,Completed
9095,313.0,7,2026-07-07 01:27:50.927092,69,0.19,Completed
9096,385.0,39,2026-07-07 02:55:15.931593,11,0.13,Pending
9097,71.0,31,2026-07-07 04:22:40.936093,38,0.24,Completed
9098,442.0,5,2026-07-07 05:50:05.940594,68,0.03,Pending
9099,219.0,35,2026-07-07 07:17:30.945094,19,0.22,Cancelled
9100,21.0,50,2026-07-07 08:44:55.949594,87,0.04,Completed
9101,92.0,47,2026-07-07 10:12:20.954095,17,0.28,Pending
9102,127.0,14,2026-07-07 11:39:45.958595,13,0.09,Completed
9103,80.0,36,2026-07-07 13:07:10.963096,91,0.24,Completed
9104,312.0,27,2026-07-07 14:34:35.967596,1,0.16,Completed
9105,238.0,24,2026-07-07 16:02:00.972097,2,0.03,Completed
9106,471.0,40,2026-07-07 17:29:25.976597,82,0.17,Completed
9107,372.0,29,2026-07-07 18:56:50.981098,100,0.27,Completed
9108,404.0,45,2026-07-07 20:24:15.985598,97,0.05,Pending
9109,486.0,22,2026-07-07 21:51:40.990099,100,0.1,Pending
9110,182.0,8,2026-07-07 23:19:05.994599,66,0.13,Completed
9111,25.0,15,2026-07-08 00:46:30.999099,68,0.08,Completed
9112,156.0,49,2026-07-08 02:13:56.003600,16,0.28,Completed
9113,5.0,5,2026-07-08 03:41:21.008100,4,0.11,Completed
9114,120.0,4,2026-07-08 05:08:46.012601,57,0.2,Completed
9115,277.0,11,2026-07-08 06:36:11.017101,73,0.07,Completed
9116,18.0,18,2026-07-08 08:03:36.021602,85,0.07,Completed
9117,431.0,42,2026-07-08 09:31:01.026102,23,0.05,Completed
9118,198.0,49,2026-07-08 10:58:26.030603,2,0.13,Completed
9119,57.0,30,2026-07-08 12:25:51.035103,67,0.16,Completed
9120,93.0,15,2026-07-08 13:53:16.039603,87,0.0,Completed
9121,19.0,6,2026-07-08 15:20:41.044104,26,0.25,Completed
9122,384.0,16,2026-07-08 16:48:06.048604,7,0.15,Completed
9123,353.0,47,2026-07-08 18:15:31.053105,100,0.05,Completed
9124,193.0,40,2026-07-08 19:42:56.057605,44,0.02,Completed
9125,237.0,9,2026-07-08 21:10:21.062106,33,0.02,Completed
9126,387.0,43,2026-07-08 22:37:46.066606,64,0.08,Completed
9127,426.0,34,2026-07-09 00:05:11.071107,36,0.15,Completed
9128,277.0,27,2026-07-09 01:32:36.075607,4,0.26,Completed
9129,227.0,13,2026-07-09 03:00:01.080108,23,0.27,Completed
9130,233.0,36,2026-07-09 04:27:26.084608,25,0.25,Completed
9131,40.0,27,2026-07-09 05:54:51.089108,90,0.1,Completed
9132,323.0,9,2026-07-09 07:22:16.093609,92,0.09,Completed
9133,153.0,5,2026-07-09 08:49:41.098109,92,0.3,Completed
9134,127.0,22,2026-07-09 10:17:06.102610,85,0.2,Completed
9135,237.0,31,2026-07-09 11:44:31.107110,74,0.09,Pending
9136,486.0,3,2026-07-09 13:11:56.111611,27,0.1,Completed
9137,493.0,30,2026-07-09 14:39:21.116111,51,0.13,Completed
9138,55.0,21,2026-07-09 16:06:46.120612,79,0.19,Completed
9139,468.0,35,2026-07-09 17:34:11.125112,81,0.27,Completed
9140,436.0,6,2026-07-09 19:01:36.129612,99,0.06,Completed
9141,172.0,28,2026-07-09 20:29:01.134113,69,0.03,Cancelled
9142,109.0,32,2026-07-09 21:56:26.138613,80,0.12,Completed
9143,354.0,42,2026-07-09 23:23:51.143114,23,0.07,Completed
9144,469.0,37,2026-07-10 00:51:16.147614,9,0.17,Completed
9145,184.0,25,2026-07-10 02:18:41.152115,33,0.21,Completed
9146,439.0,32,2026-07-10 03:46:06.156615,35,0.09,Completed
9147,368.0,35,2026-07-10 05:13:31.161116,50,0.21,Completed
9148,471.0,22,2026-07-10 06:40:56.165616,24,0.1,Completed
9149,198.0,24,2026-07-10 08:08:21.170117,88,0.19,Completed
9150,371.0,39,2026-07-10 09:35:46.174617,24,0.19,Completed
9151,373.0,30,2026-07-10 11:03:11.179117,19,0.08,Completed
9152,461.0,50,2026-07-10 12:30:36.183618,39,0.19,Completed
9153,497.0,32,2026-07-10 13:58:01.188118,61,0.11,Completed
9154,87.0,31,2026-07-10 15:25:26.192619,25,0.1,Completed
9155,201.0,23,2026-07-10 16:52:51.197119,95,0.09,Completed
9156,337.0,40,2026-07-10 18:20:16.201620,25,0.1,Completed
9157,322.0,33,2026-07-10 19:47:41.206120,27,0.24,Completed
9158,275.0,25,2026-07-10 21:15:06.210621,32,0.07,Pending
9159,211.0,36,2026-07-10 22:42:31.215121,11,0.2,Completed
9160,391.0,24,2026-07-11 00:09:56.219621,69,0.27,Completed
9161,118.0,31,2026-07-11 01:37:21.224122,33,0.11,Pending
9162,191.0,39,2026-07-11 03:04:46.228622,19,0.01,Pending
9163,42.0,46,2026-07-11 04:32:11.233123,16,0.01,Completed
9164,42.0,13,2026-07-11 05:59:36.237623,99,0.04,Completed
9165,315.0,10,2026-07-11 07:27:01.242124,11,0.03,Completed
9166,276.0,23,2026-07-11 08:54:26.246624,75,0.22,Completed
9167,329.0,18,2026-07-11 10:21:51.251125,74,0.09,Pending
9168,17.0,32,2026-07-11 11:49:16.255625,98,0.2,Pending
9169,283.0,33,2026-07-11 13:16:41.260126,69,0.01,Completed
9170,431.0,36,2026-07-11 14:44:06.264626,87,0.09,Completed
9171,258.0,28,2026-07-11 16:11:31.269126,55,0.07,Completed
9172,63.0,16,2026-07-11 17:38:56.273627,25,0.08,Completed
9173,62.0,16,2026-07-11 19:06:21.278127,93,0.06,Completed
9174,100.0,18,2026-07-11 20:33:46.282628,77,0.19,Completed
9175,19.0,8,2026-07-11 22:01:11.287128,96,0.2,Completed
9176,17.0,42,2026-07-11 23:28:36.291629,34,0.04,Completed
9177,325.0,16,2026-07-12 00:56:01.296129,12,0.22,Pending
9178,423.0,11,2026-07-12 02:23:26.300630,88,0.08,Completed
9179,466.0,6,2026-07-12 03:50:51.305130,21,0.08,Completed
9180,373.0,1,2026-07-12 05:18:16.309630,29,0.25,Completed
9181,246.0,12,2026-07-12 06:45:41.314131,51,0.27,Completed
9182,251.0,38,2026-07-12 08:13:06.318631,23,0.25,Completed
9183,455.0,28,2026-07-12 09:40:31.323132,33,0.04,Completed
9184,81.0,45,2026-07-12 11:07:56.327632,8,0.3,Cancelled
9185,39.0,17,2026-07-12 12:35:21.332133,42,0.2,Completed
9186,36.0,1,2026-07-12 14:02:46.336633,77,0.15,Completed
9187,424.0,32,2026-07-12 15:30:11.341134,69,0.29,Completed
9188,429.0,8,2026-07-12 16:57:36.345634,41,0.25,Pending
9189,388.0,40,2026-07-12 18:25:01.350135,74,0.21,Completed
9190,486.0,43,2026-07-12 19:52:26.354635,63,0.25,Completed
9191,409.0,46,2026-07-12 21:19:51.359135,14,0.12,Completed
9192,197.0,24,2026-07-12 22:47:16.363636,88,0.21,Completed
9193,158.0,10,2026-07-13 00:14:41.368136,62,0.06,Completed
9194,204.0,47,2026-07-13 01:42:06.372637,75,0.3,Completed
9195,196.0,39,2026-07-13 03:09:31.377137,46,0.18,Completed
9196,216.0,39,2026-07-13 04:36:56.381638,67,0.24,Completed
9197,285.0,10,2026-07-13 06:04:21.386138,93,0.12,Completed
9198,457.0,36,2026-07-13 07:31:46.390639,53,0.23,Cancelled
9199,196.0,25,2026-07-13 08:59:11.395139,52,0.12,Pending
9200,307.0,50,2026-07-13 10:26:36.399639,94,0.18,Completed
9201,152.0,10,2026-07-13 11:54:01.404140,7,0.23,Pending
9202,14.0,19,2026-07-13 13:21:26.408640,81,0.03,Completed
9203,325.0,46,2026-07-13 14:48:51.413141,84,0.11,Completed
9204,146.0,45,2026-07-13 16:16:16.417641,54,0.16,Completed
9205,426.0,15,2026-07-13 17:43:41.422142,11,0.1,Pending
9206,57.0,16,2026-07-13 19:11:06.426642,25,0.09,Completed
9207,211.0,2,2026-07-13 20:38:31.431143,59,0.08,Completed
9208,268.0,29,2026-07-13 22:05:56.435643,88,0.07,Pending
9209,210.0,4,2026-07-13 23:33:21.440144,66,0.25,Completed
9210,17.0,50,2026-07-14 01:00:46.444644,27,0.28,Completed
9211,286.0,29,2026-07-14 02:28:11.449144,83,0.21,Completed
9212,344.0,31,2026-07-14 03:55:36.453645,58,0.01,Completed
9213,203.0,17,2026-07-14 05:23:01.458145,93,0.24,Completed
9214,99.0,10,2026-07-14 06:50:26.462646,11,0.16,Completed
9215,279.0,27,2026-07-14 08:17:51.467146,55,0.23,Completed
9216,209.0,41,2026-07-14 09:45:16.471647,19,0.13,Completed
9217,129.0,15,2026-07-14 11:12:41.476147,92,0.01,Completed
9218,335.0,44,2026-07-14 12:40:06.480648,39,0.2,Completed
9219,288.0,31,2026-07-14 14:07:31.485148,85,0.13,Completed
9220,252.0,21,2026-07-14 15:34:56.489648,90,0.26,Completed
9221,265.0,41,2026-07-14 17:02:21.494149,86,0.22,Completed
9222,271.0,46,2026-07-14 18:29:46.498649,70,0.11,Completed
9223,412.0,45,2026-07-14 19:57:11.503150,11,0.22,Pending
9224,408.0,26,2026-07-14 21:24:36.507650,14,0.15,Pending
9225,188.0,38,2026-07-14 22:52:01.512151,60,0.06,Completed
9226,419.0,36,2026-07-15 00:19:26.516651,36,0.13,Pending
9227,214.0,17,2026-07-15 01:46:51.521152,41,0.07,Completed
9228,283.0,3,2026-07-15 03:14:16.525652,2,0.0,Completed
9229,211.0,14,2026-07-15 04:41:41.530153,57,0.07,Completed
9230,365.0,49,2026-07-15 06:09:06.534653,60,0.06,Completed
9231,76.0,13,2026-07-15 07:36:31.539153,20,0.0,Completed
9232,148.0,41,2026-07-15 09:03:56.543654,22,0.24,Completed
9233,321.0,27,2026-07-15 10:31:21.548154,4,0.02,Completed
9234,213.0,1,2026-07-15 11:58:46.552655,56,0.13,Completed
9235,433.0,17,2026-07-15 13:26:11.557155,93,0.13,Completed
9236,109.0,48,2026-07-15 14:53:36.561656,58,0.05,Completed
9237,129.0,50,2026-07-15 16:21:01.566156,88,0.29,Completed
9238,10.0,34,2026-07-15 17:48:26.570657,65,0.18,Completed
9239,47.0,14,2026-07-15 19:15:51.575157,88,0.24,Pending
9240,379.0,17,2026-07-15 20:43:16.579657,58,0.15,Completed
9241,315.0,3,2026-07-15 22:10:41.584158,30,0.22,Completed
9242,96.0,34,2026-07-15 23:38:06.588658,76,0.29,Completed
9243,446.0,40,2026-07-16 01:05:31.593159,19,0.1,Cancelled
9244,103.0,25,2026-07-16 02:32:56.597659,62,0.15,Completed
9245,380.0,2,2026-07-16 04:00:21.602160,68,0.15,Completed
9246,342.0,34,2026-07-16 05:27:46.606660,79,0.3,Completed
9247,146.0,26,2026-07-16 06:55:11.611161,84,0.07,Completed
9248,368.0,31,2026-07-16 08:22:36.615661,44,0.2,Cancelled
9249,430.0,9,2026-07-16 09:50:01.620162,84,0.04,Completed
9250,416.0,30,2026-07-16 11:17:26.624662,61,0.28,Cancelled
9251,27.0,20,2026-07-16 12:44:51.629162,21,0.18,Completed
9252,220.0,21,2026-07-16 14:12:16.633663,10,0.26,Completed
9253,18.0,29,2026-07-16 15:39:41.638163,30,0.27,Pending
9254,167.0,25,2026-07-16 17:07:06.642664,24,0.17,Completed
9255,433.0,38,2026-07-16 18:34:31.647164,48,0.2,Completed
9256,477.0,44,2026-07-16 20:01:56.651665,55,0.21,Completed
9257,82.0,25,2026-07-16 21:29:21.656165,52,0.14,Completed
9258,428.0,9,2026-07-16 22:56:46.660666,38,0.13,Completed
9259,72.0,39,2026-07-17 00:24:11.665166,67,0.06,Completed
9260,310.0,44,2026-07-17 01:51:36.669666,93,0.12,Completed
9261,479.0,26,2026-07-17 03:19:01.674167,8,0.3,Completed
9262,254.0,37,2026-07-17 04:46:26.678667,29,0.08,Completed
9263,162.0,16,2026-07-17 06:13:51.683168,10,0.23,Pending
9264,327.0,37,2026-07-17 07:41:16.687668,69,0.02,Completed
9265,420.0,12,2026-07-17 09:08:41.692169,75,0.14,Completed
9266,402.0,24,2026-07-17 10:36:06.696669,68,0.02,Completed
9267,38.0,26,2026-07-17 12:03:31.701170,49,0.14,Completed
9268,443.0,20,2026-07-17 13:30:56.705670,58,0.01,Completed
9269,393.0,9,2026-07-17 14:58:21.710171,35,0.18,Completed
9270,201.0,23,2026-07-17 16:25:46.714671,50,0.18,Completed
9271,494.0,39,2026-07-17 17:53:11.719171,40,0.24,Pending
9272,200.0,29,2026-07-17 19:20:36.723672,12,0.17,Completed
9273,255.0,31,2026-07-17 20:48:01.728172,85,0.28,Completed
9274,179.0,19,2026-07-17 22:15:26.732673,16,0.23,Cancelled
9275,35.0,20,2026-07-17 23:42:51.737173,78,0.04,Completed
9276,82.0,23,2026-07-18 01:10:16.741674,85,0.08,Completed
9277,389.0,43,2026-07-18 02:37:41.746174,48,0.01,Completed
9278,398.0,27,2026-07-18 04:05:06.750675,91,0.12,Pending
9279,220.0,30,2026-07-18 05:32:31.755175,100,0.15,Completed
9280,158.0,21,2026-07-18 06:59:56.759675,1,0.28,Completed
9281,4.0,44,2026-07-18 08:27:21.764176,65,0.16,Completed
9282,167.0,35,2026-07-18 09:54:46.768676,22,0.23,Completed
9283,468.0,49,2026-07-18 11:22:11.773177,15,0.08,Pending
9284,448.0,7,2026-07-18 12:49:36.777677,84,0.05,Pending
9285,409.0,22,2026-07-18 14:17:01.782178,67,0.24,Completed
9286,412.0,10,2026-07-18 15:44:26.786678,14,0.07,Completed
9287,204.0,23,2026-07-18 17:11:51.791179,73,0.26,Completed
9288,194.0,15,2026-07-18 18:39:16.795679,19,0.05,Completed
9289,235.0,30,2026-07-18 20:06:41.800180,40,0.26,Completed
9290,206.0,34,2026-07-18 21:34:06.804680,98,0.23,Completed
9291,150.0,13,2026-07-18 23:01:31.809180,4,0.18,Completed
9292,159.0,4,2026-07-19 00:28:56.813681,33,0.26,Completed
9293,279.0,18,2026-07-19 01:56:21.818181,43,0.1,Completed
9294,304.0,23,2026-07-19 03:23:46.822682,37,0.05,Pending
9295,404.0,33,2026-07-19 04:51:11.827182,66,0.05,Completed
9296,381.0,34,2026-07-19 06:18:36.831683,27,0.08,Completed
9297,166.0,34,2026-07-19 07:46:01.836183,45,0.13,Completed
9298,311.0,36,2026-07-19 09:13:26.840684,81,0.26,Completed
9299,68.0,35,2026-07-19 10:40:51.845184,50,0.03,Completed
9300,463.0,17,2026-07-19 12:08:16.849684,95,0.27,Completed
9301,88.0,28,2026-07-19 13:35:41.854185,63,0.28,Completed
9302,217.0,14,2026-07-19 15:03:06.858685,6,0.22,Completed
9303,1.0,34,2026-07-19 16:30:31.863186,95,0.27,Completed
9304,135.0,48,2026-07-19 17:57:56.867686,67,0.23,Completed
9305,185.0,11,2026-07-19 19:25:21.872187,67,0.16,Completed
9306,351.0,13,2026-07-19 20:52:46.876687,97,0.18,Pending
9307,140.0,33,2026-07-19 22:20:11.881188,59,0.19,Completed
9308,106.0,2,2026-07-19 23:47:36.885688,13,0.04,Completed
9309,133.0,34,2026-07-20 01:15:01.890189,21,0.06,Completed
9310,108.0,29,2026-07-20 02:42:26.894689,64,0.16,Completed
9311,178.0,37,2026-07-20 04:09:51.899189,37,0.03,Completed
9312,298.0,4,2026-07-20 05:37:16.903690,80,0.29,Completed
9313,358.0,12,2026-07-20 07:04:41.908190,85,0.15,Completed
9314,380.0,26,2026-07-20 08:32:06.912691,48,0.11,Completed
9315,396.0,28,2026-07-20 09:59:31.917191,56,0.05,Pending
9316,359.0,3,2026-07-20 11:26:56.921692,44,0.12,Completed
9317,146.0,20,2026-07-20 12:54:21.926192,13,0.09,Pending
9318,450.0,10,2026-07-20 14:21:46.930693,4,0.03,Completed
9319,74.0,18,2026-07-20 15:49:11.935193,95,0.29,Completed
9320,463.0,27,2026-07-20 17:16:36.939693,73,0.08,Completed
9321,478.0,31,2026-07-20 18:44:01.944194,33,0.21,Completed
9322,108.0,27,2026-07-20 20:11:26.948694,37,0.03,Cancelled
9323,122.0,42,2026-07-20 21:38:51.953195,53,0.27,Completed
9324,17.0,1,2026-07-20 23:06:16.957695,24,0.18,Pending
9325,196.0,6,2026-07-21 00:33:41.962196,89,0.2,Completed
9326,327.0,11,2026-07-21 02:01:06.966696,51,0.23,Pending
9327,318.0,34,2026-07-21 03:28:31.971197,41,0.18,Completed
9328,297.0,39,2026-07-21 04:55:56.975697,29,0.02,Completed
9329,479.0,20,2026-07-21 06:23:21.980198,59,0.13,Completed
9330,499.0,21,2026-07-21 07:50:46.984698,40,0.08,Completed
9331,252.0,21,2026-07-21 09:18:11.989198,51,0.15,Completed
9332,487.0,18,2026-07-21 10:45:36.993699,50,0.12,Completed
9333,119.0,21,2026-07-21 12:13:01.998199,36,0.25,Pending
9334,162.0,19,2026-07-21 13:40:27.002700,79,0.07,Completed
9335,198.0,4,2026-07-21 15:07:52.007200,60,0.06,Cancelled
9336,498.0,13,2026-07-21 16:35:17.011701,18,0.29,Pending
9337,486.0,18,2026-07-21 18:02:42.016201,20,0.28,Completed
9338,45.0,29,2026-07-21 19:30:07.020702,5,0.3,Completed
9339,314.0,25,2026-07-21 20:57:32.025202,18,0.17,Completed
9340,179.0,13,2026-07-21 22:24:57.029702,40,0.03,Completed
9341,382.0,27,2026-07-21 23:52:22.034203,1,0.26,Pending
9342,418.0,19,2026-07-22 01:19:47.038703,19,0.04,Completed
9343,44.0,49,2026-07-22 02:47:12.043204,87,0.05,Completed
9344,271.0,1,2026-07-22 04:14:37.047704,26,0.06,Completed
9345,78.0,38,2026-07-22 05:42:02.052205,29,0.2,Completed
9346,326.0,19,2026-07-22 07:09:27.056705,59,0.03,Completed
9347,178.0,1,2026-07-22 08:36:52.061206,63,0.23,Completed
9348,357.0,40,2026-07-22 10:04:17.065706,98,0.02,Cancelled
9349,498.0,17,2026-07-22 11:31:42.070207,83,0.03,Completed
9350,416.0,21,2026-07-22 12:59:07.074707,62,0.13,Completed
9351,451.0,22,2026-07-22 14:26:32.079207,48,0.11,Pending
9352,3.0,15,2026-07-22 15:53:57.083708,62,0.3,Completed
9353,214.0,50,2026-07-22 17:21:22.088208,18,0.29,Completed
9354,342.0,39,2026-07-22 18:48:47.092709,66,0.06,Completed
9355,74.0,48,2026-07-22 20:16:12.097209,27,0.28,Completed
9356,51.0,39,2026-07-22 21:43:37.101710,6,0.21,Completed
9357,67.0,32,2026-07-22 23:11:02.106210,70,0.12,Completed
9358,332.0,49,2026-07-23 00:38:27.110711,59,0.22,Completed
9359,93.0,4,2026-07-23 02:05:52.115211,6,0.27,Completed
9360,176.0,44,2026-07-23 03:33:17.119711,31,0.05,Completed
9361,145.0,45,2026-07-23 05:00:42.124212,94,0.06,Completed
9362,7.0,32,2026-07-23 06:28:07.128712,56,0.12,Cancelled
9363,269.0,4,2026-07-23 07:55:32.133213,54,0.05,Pending
9364,376.0,1,2026-07-23 09:22:57.137713,85,0.11,Completed
9365,322.0,33,2026-07-23 10:50:22.142214,41,0.19,Completed
9366,4.0,7,2026-07-23 12:17:47.146714,18,0.24,Completed
9367,138.0,9,2026-07-23 13:45:12.151215,87,0.09,Completed
9368,231.0,1,2026-07-23 15:12:37.155715,23,0.08,Completed
9369,88.0,16,2026-07-23 16:40:02.160216,92,0.23,Completed
9370,17.0,18,2026-07-23 18:07:27.164716,36,0.11,Completed
9371,52.0,47,2026-07-23 19:34:52.169216,25,0.25,Cancelled
9372,134.0,6,2026-07-23 21:02:17.173717,7,0.3,Completed
9373,211.0,2,2026-07-23 22:29:42.178217,82,0.29,Completed
9374,325.0,9,2026-07-23 23:57:07.182718,20,0.2,Completed
9375,480.0,4,2026-07-24 01:24:32.187218,5,0.11,Completed
9376,458.0,45,2026-07-24 02:51:57.191719,18,0.02,Completed
9377,393.0,23,2026-07-24 04:19:22.196219,33,0.22,Completed
9378,219.0,43,2026-07-24 05:46:47.200720,79,0.29,Completed
9379,205.0,45,2026-07-24 07:14:12.205220,35,0.02,Completed
9380,211.0,43,2026-07-24 08:41:37.209720,65,0.0,Pending
9381,277.0,8,2026-07-24 10:09:02.214221,63,0.25,Cancelled
9382,24.0,39,2026-07-24 11:36:27.218721,85,0.03,Pending
9383,486.0,25,2026-07-24 13:03:52.223222,72,0.02,Completed
9384,4.0,16,2026-07-24 14:31:17.227722,71,0.27,Completed
9385,152.0,35,2026-07-24 15:58:42.232223,41,0.02,Completed
9386,443.0,17,2026-07-24 17:26:07.236723,50,0.03,Completed
9387,483.0,18,2026-07-24 18:53:32.241224,30,0.17,Completed
9388,259.0,27,2026-07-24 20:20:57.245724,38,0.23,Completed
9389,324.0,15,2026-07-24 21:48:22.250225,35,0.12,Completed
9390,357.0,17,2026-07-24 23:15:47.254725,66,0.13,Completed
9391,168.0,43,2026-07-25 00:43:12.259225,46,0.19,Completed
9392,176.0,5,2026-07-25 02:10:37.263726,8,0.15,Completed
9393,310.0,16,2026-07-25 03:38:02.268226,68,0.01,Pending
9394,291.0,15,2026-07-25 05:05:27.272727,37,0.03,Cancelled
9395,479.0,42,2026-07-25 06:32:52.277227,85,0.17,Completed
9396,56.0,46,2026-07-25 08:00:17.281728,13,0.24,Pending
9397,108.0,34,2026-07-25 09:27:42.286228,73,0.23,Completed
9398,473.0,48,2026-07-25 10:55:07.290729,45,0.22,Completed
9399,296.0,19,2026-07-25 12:22:32.295229,29,0.23,Pending
9400,461.0,8,2026-07-25 13:49:57.299729,41,0.01,Completed
9401,324.0,47,2026-07-25 15:17:22.304230,56,0.27,Pending
9402,302.0,10,2026-07-25 16:44:47.308730,88,0.27,Completed
9403,334.0,5,2026-07-25 18:12:12.313231,16,0.16,Completed
9404,141.0,48,2026-07-25 19:39:37.317731,12,0.07,Completed
9405,155.0,26,2026-07-25 21:07:02.322232,66,0.18,Completed
9406,262.0,22,2026-07-25 22:34:27.326732,62,0.17,Completed
9407,273.0,44,2026-07-26 00:01:52.331233,19,0.07,Completed
9408,420.0,23,2026-07-26 01:29:17.335733,30,0.18,Completed
9409,232.0,13,2026-07-26 02:56:42.340234,16,0.24,Completed
9410,241.0,9,2026-07-26 04:24:07.344734,88,0.24,Completed
9411,355.0,49,2026-07-26 05:51:32.349234,13,0.02,Completed
9412,337.0,20,2026-07-26 07:18:57.353735,69,0.06,Completed
9413,489.0,28,2026-07-26 08:46:22.358235,23,0.2,Completed
9414,258.0,44,2026-07-26 10:13:47.362736,62,0.26,Completed
9415,249.0,37,2026-07-26 11:41:12.367236,31,0.16,Completed
9416,77.0,24,2026-07-26 13:08:37.371737,53,0.21,Completed
9417,180.0,44,2026-07-26 14:36:02.376237,17,0.01,Pending
9418,66.0,33,2026-07-26 16:03:27.380738,49,0.18,Completed
9419,308.0,20,2026-07-26 17:30:52.385238,49,0.29,Completed
9420,348.0,48,2026-07-26 18:58:17.389738,67,0.2,Completed
9421,171.0,30,2026-07-26 20:25:42.394239,26,0.28,Completed
9422,474.0,44,2026-07-26 21:53:07.398739,13,0.17,Completed
9423,22.0,9,2026-07-26 23:20:32.403240,38,0.25,Completed
9424,367.0,45,2026-07-27 00:47:57.407740,22,0.04,Completed
9425,107.0,49,2026-07-27 02:15:22.412241,85,0.04,Completed
9426,439.0,17,2026-07-27 03:42:47.416741,29,0.04,Completed
9427,323.0,36,2026-07-27 05:10:12.421242,45,0.15,Completed
9428,227.0,14,2026-07-27 06:37:37.425742,46,0.1,Completed
9429,444.0,19,2026-07-27 08:05:02.430243,39,0.22,Completed
9430,442.0,7,2026-07-27 09:32:27.434743,69,0.27,Completed
9431,396.0,3,2026-07-27 10:59:52.439243,78,0.19,Pending
9432,216.0,33,2026-07-27 12:27:17.443744,82,0.06,Completed
9433,69.0,44,2026-07-27 13:54:42.448244,68,0.28,Cancelled
9434,84.0,32,2026-07-27 15:22:07.452745,97,0.16,Completed
9435,103.0,47,2026-07-27 16:49:32.457245,39,0.22,Completed
9436,39.0,11,2026-07-27 18:16:57.461746,20,0.27,Pending
9437,13.0,42,2026-07-27 19:44:22.466246,77,0.3,Completed
9438,297.0,2,2026-07-27 21:11:47.470747,100,0.15,Completed
9439,313.0,26,2026-07-27 22:39:12.475247,68,0.24,Completed
9440,181.0,4,2026-07-28 00:06:37.479747,35,0.17,Completed
9441,493.0,17,2026-07-28 01:34:02.484248,8,0.15,Completed
9442,268.0,17,2026-07-28 03:01:27.488748,52,0.16,Pending
9443,13.0,28,2026-07-28 04:28:52.493249,40,0.15,Completed
9444,120.0,30,2026-07-28 05:56:17.497749,36,0.13,Completed
9445,458.0,40,2026-07-28 07:23:42.502250,6,0.22,Completed
9446,353.0,23,2026-07-28 08:51:07.506750,86,0.07,Completed
9447,57.0,46,2026-07-28 10:18:32.511251,70,0.18,Pending
9448,40.0,24,2026-07-28 11:45:57.515751,100,0.21,Completed
9449,374.0,29,2026-07-28 13:13:22.520252,73,0.27,Completed
9450,336.0,4,2026-07-28 14:40:47.524752,16,0.1,Completed
9451,128.0,38,2026-07-28 16:08:12.529252,46,0.26,Completed
9452,173.0,29,2026-07-28 17:35:37.533753,59,0.28,Pending
9453,35.0,19,2026-07-28 19:03:02.538253,38,0.19,Completed
9454,259.0,27,2026-07-28 20:30:27.542754,97,0.23,Completed
9455,376.0,29,2026-07-28 21:57:52.547254,18,0.12,Pending
9456,5.0,36,2026-07-28 23:25:17.551755,12,0.29,Completed
9457,218.0,35,2026-07-29 00:52:42.556255,54,0.2,Completed
9458,11.0,6,2026-07-29 02:20:07.560756,91,0.09,Completed
9459,382.0,23,2026-07-29 03:47:32.565256,47,0.12,Completed
9460,327.0,39,2026-07-29 05:14:57.569756,1,0.19,Completed
9461,117.0,46,2026-07-29 06:42:22.574257,15,0.07,Cancelled
9462,184.0,44,2026-07-29 08:09:47.578757,91,0.23,Completed
9463,394.0,48,2026-07-29 09:37:12.583258,80,0.07,Completed
9464,362.0,8,2026-07-29 11:04:37.587758,21,0.18,Completed
9465,116.0,2,2026-07-29 12:32:02.592259,1,0.21,Completed
9466,162.0,13,2026-07-29 13:59:27.596759,93,0.26,Completed
9467,67.0,40,2026-07-29 15:26:52.601260,67,0.22,Completed
9468,200.0,21,2026-07-29 16:54:17.605760,12,0.24,Completed
9469,31.0,31,2026-07-29 18:21:42.610261,28,0.27,Pending
9470,75.0,48,2026-07-29 19:49:07.614761,39,0.18,Completed
9471,237.0,36,2026-07-29 21:16:32.619261,37,0.25,Completed
9472,327.0,48,2026-07-29 22:43:57.623762,95,0.07,Completed
9473,493.0,38,2026-07-30 00:11:22.628262,60,0.24,Pending
9474,66.0,27,2026-07-30 01:38:47.632763,31,0.07,Completed
9475,70.0,36,2026-07-30 03:06:12.637263,58,0.28,Completed
9476,297.0,48,2026-07-30 04:33:37.641764,97,0.1,Completed
9477,447.0,23,2026-07-30 06:01:02.646264,97,0.05,Completed
9478,416.0,21,2026-07-30 07:28:27.650765,11,0.04,Pending
9479,20.0,13,2026-07-30 08:55:52.655265,29,0.06,Pending
9480,441.0,37,2026-07-30 10:23:17.659765,89,0.13,Completed
9481,226.0,47,2026-07-30 11:50:42.664266,13,0.16,Pending
9482,434.0,26,2026-07-30 13:18:07.668766,51,0.27,Completed
9483,464.0,40,2026-07-30 14:45:32.673267,54,0.11,Completed
9484,409.0,7,2026-07-30 16:12:57.677767,19,0.07,Completed
9485,396.0,46,2026-07-30 17:40:22.682268,58,0.22,Completed
9486,199.0,39,2026-07-30 19:07:47.686768,36,0.04,Pending
9487,39.0,22,2026-07-30 20:35:12.691269,28,0.27,Completed
9488,145.0,39,2026-07-30 22:02:37.695769,68,0.12,Completed
9489,45.0,23,2026-07-30 23:30:02.700270,3,0.18,Pending
9490,395.0,30,2026-07-31 00:57:27.704770,89,0.06,Completed
9491,326.0,18,2026-07-31 02:24:52.709270,41,0.04,Completed
9492,381.0,42,2026-07-31 03:52:17.713771,35,0.24,Completed
9493,407.0,18,2026-07-31 05:19:42.718271,93,0.13,Pending
9494,91.0,46,2026-07-31 06:47:07.722772,93,0.3,Completed
9495,238.0,10,2026-07-31 08:14:32.727272,76,0.16,Pending
9496,70.0,39,2026-07-31 09:41:57.731773,99,0.25,Completed
9497,166.0,30,2026-07-31 11:09:22.736273,84,0.29,Completed
9498,130.0,26,2026-07-31 12:36:47.740774,81,0.08,Cancelled
9499,214.0,7,2026-07-31 14:04:12.745274,76,0.24,Completed
9500,340.0,7,2026-07-31 15:31:37.749774,50,0.01,Completed
9501,89.0,5,2026-07-31 16:59:02.754275,100,0.2,Pending
9502,335.0,1,2026-07-31 18:26:27.758775,74,0.22,Completed
9503,252.0,46,2026-07-31 19:53:52.763276,82,0.14,Completed
9504,369.0,18,2026-07-31 21:21:17.767776,30,0.05,Completed
9505,349.0,13,2026-07-31 22:48:42.772277,72,0.19,Completed
9506,72.0,25,2026-08-01 00:16:07.776777,77,0.27,Completed
9507,165.0,40,2026-08-01 01:43:32.781278,95,0.28,Completed
9508,49.0,8,2026-08-01 03:10:57.785778,70,0.22,Pending
9509,52.0,10,2026-08-01 04:38:22.790279,54,0.08,Completed
9510,289.0,32,2026-08-01 06:05:47.794779,71,0.26,Completed
9511,278.0,17,2026-08-01 07:33:12.799279,85,0.27,Completed
9512,114.0,38,2026-08-01 09:00:37.803780,51,0.11,Completed
9513,239.0,15,2026-08-01 10:28:02.808280,28,0.05,Completed
9514,133.0,15,2026-08-01 11:55:27.812781,64,0.26,Completed
9515,487.0,48,2026-08-01 13:22:52.817281,85,0.27,Completed
9516,274.0,40,2026-08-01 14:50:17.821782,21,0.03,Pending
9517,166.0,20,2026-08-01 16:17:42.826282,88,0.29,Completed
9518,374.0,15,2026-08-01 17:45:07.830783,27,0.16,Completed
9519,373.0,35,2026-08-01 19:12:32.835283,27,0.3,Completed
9520,293.0,6,2026-08-01 20:39:57.839783,77,0.13,Pending
9521,478.0,30,2026-08-01 22:07:22.844284,50,0.16,Cancelled
9522,243.0,8,2026-08-01 23:34:47.848784,29,0.08,Completed
9523,479.0,31,2026-08-02 01:02:12.853285,39,0.27,Completed
9524,320.0,48,2026-08-02 02:29:37.857785,57,0.13,Completed
9525,138.0,47,2026-08-02 03:57:02.862286,92,0.24,Completed
9526,79.0,32,2026-08-02 05:24:27.866786,37,0.02,Completed
9527,170.0,45,2026-08-02 06:51:52.871287,93,0.24,Pending
9528,123.0,15,2026-08-02 08:19:17.875787,64,0.15,Completed
9529,176.0,18,2026-08-02 09:46:42.880288,48,0.0,Completed
9530,300.0,13,2026-08-02 11:14:07.884788,22,0.07,Completed
9531,82.0,24,2026-08-02 12:41:32.889288,100,0.06,Completed
9532,87.0,40,2026-08-02 14:08:57.893789,30,0.23,Completed
9533,225.0,14,2026-08-02 15:36:22.898289,28,0.14,Completed
9534,16.0,28,2026-08-02 17:03:47.902790,23,0.05,Completed
9535,310.0,11,2026-08-02 18:31:12.907290,97,0.08,Cancelled
9536,358.0,6,2026-08-02 19:58:37.911791,4,0.15,Completed
9537,163.0,25,2026-08-02 21:26:02.916291,3,0.01,Completed
9538,98.0,1,2026-08-02 22:53:27.920792,61,0.13,Pending
9539,156.0,25,2026-08-03 00:20:52.925292,96,0.2,Completed
9540,2.0,2,2026-08-03 01:48:17.929792,4,0.16,Pending
9541,350.0,32,2026-08-03 03:15:42.934293,65,0.18,Cancelled
9542,397.0,13,2026-08-03 04:43:07.938793,12,0.1,Completed
9543,169.0,33,2026-08-03 06:10:32.943294,13,0.05,Cancelled
9544,464.0,32,2026-08-03 07:37:57.947794,34,0.24,Completed
9545,315.0,24,2026-08-03 09:05:22.952295,59,0.27,Completed
9546,325.0,27,2026-08-03 10:32:47.956795,93,0.15,Completed
9547,375.0,4,2026-08-03 12:00:12.961296,73,0.09,Cancelled
9548,92.0,24,2026-08-03 13:27:37.965796,31,0.15,Completed
9549,181.0,23,2026-08-03 14:55:02.970297,71,0.26,Completed
9550,231.0,29,2026-08-03 16:22:27.974797,13,0.21,Completed
9551,301.0,34,2026-08-03 17:49:52.979297,54,0.26,Completed
9552,148.0,21,2026-08-03 19:17:17.983798,2,0.1,Pending
9553,280.0,30,2026-08-03 20:44:42.988298,33,0.21,Completed
9554,189.0,26,2026-08-03 22:12:07.992799,50,0.2,Completed
9555,347.0,20,2026-08-03 23:39:32.997299,7,0.17,Completed
9556,350.0,16,2026-08-04 01:06:58.001800,18,0.16,Completed
9557,314.0,3,2026-08-04 02:34:23.006300,51,0.17,Completed
9558,493.0,49,2026-08-04 04:01:48.010801,8,0.25,Completed
9559,411.0,37,2026-08-04 05:29:13.015301,55,0.27,Completed
9560,410.0,40,2026-08-04 06:56:38.019801,76,0.03,Completed
9561,128.0,44,2026-08-04 08:24:03.024302,43,0.17,Completed
9562,7.0,25,2026-08-04 09:51:28.028802,59,0.28,Completed
9563,426.0,23,2026-08-04 11:18:53.033303,30,0.04,Pending
9564,47.0,44,2026-08-04 12:46:18.037803,59,0.12,Completed
9565,53.0,1,2026-08-04 14:13:43.042304,9,0.03,Completed
9566,187.0,33,2026-08-04 15:41:08.046804,92,0.03,Completed
9567,38.0,15,2026-08-04 17:08:33.051305,68,0.27,Completed
9568,453.0,17,2026-08-04 18:35:58.055805,39,0.13,Completed
9569,471.0,34,2026-08-04 20:03:23.060306,81,0.21,Completed
9570,476.0,17,2026-08-04 21:30:48.064806,11,0.04,Completed
9571,226.0,41,2026-08-04 22:58:13.069306,2,0.01,Completed
9572,53.0,44,2026-08-05 00:25:38.073807,23,0.27,Completed
9573,399.0,4,2026-08-05 01:53:03.078307,63,0.17,Pending
9574,224.0,13,2026-08-05 03:20:28.082808,22,0.01,Completed
9575,154.0,4,2026-08-05 04:47:53.087308,61,0.3,Pending
9576,48.0,7,2026-08-05 06:15:18.091809,26,0.15,Completed
9577,351.0,46,2026-08-05 07:42:43.096309,12,0.14,Completed
9578,147.0,9,2026-08-05 09:10:08.100810,32,0.19,Completed
9579,393.0,23,2026-08-05 10:37:33.105310,9,0.0,Completed
9580,64.0,33,2026-08-05 12:04:58.109810,69,0.17,Pending
9581,349.0,33,2026-08-05 13:32:23.114311,90,0.19,Completed
9582,182.0,20,2026-08-05 14:59:48.118811,71,0.09,Completed
9583,125.0,4,2026-08-05 16:27:13.123312,93,0.22,Cancelled
9584,179.0,1,2026-08-05 17:54:38.127812,33,0.11,Completed
9585,39.0,42,2026-08-05 19:22:03.132313,24,0.22,Completed
9586,260.0,34,2026-08-05 20:49:28.136813,89,0.04,Completed
9587,382.0,27,2026-08-05 22:16:53.141314,95,0.27,Completed
9588,3.0,21,2026-08-05 23:44:18.145814,93,0.26,Pending
9589,64.0,24,2026-08-06 01:11:43.150315,69,0.05,Completed
9590,29.0,15,2026-08-06 02:39:08.154815,38,0.28,Completed
9591,372.0,35,2026-08-06 04:06:33.159315,11,0.17,Completed
9592,11.0,25,2026-08-06 05:33:58.163816,32,0.21,Completed
9593,97.0,9,2026-08-06 07:01:23.168316,64,0.25,Completed
9594,358.0,17,2026-08-06 08:28:48.172817,72,0.03,Completed
9595,442.0,21,2026-08-06 09:56:13.177317,20,0.05,Completed
9596,203.0,13,2026-08-06 11:23:38.181818,34,0.09,Completed
9597,411.0,3,2026-08-06 12:51:03.186318,42,0.14,Completed
9598,481.0,4,2026-08-06 14:18:28.190819,8,0.1,Completed
9599,21.0,4,2026-08-06 15:45:53.195319,66,0.15,Completed
9600,39.0,43,2026-08-06 17:13:18.199819,21,0.06,Completed
9601,223.0,28,2026-08-06 18:40:43.204320,79,0.2,Completed
9602,102.0,7,2026-08-06 20:08:08.208820,70,0.02,Completed
9603,46.0,26,2026-08-06 21:35:33.213321,5,0.11,Completed
9604,66.0,11,2026-08-06 23:02:58.217821,67,0.05,Completed
9605,91.0,24,2026-08-07 00:30:23.222322,43,0.22,Completed
9606,164.0,43,2026-08-07 01:57:48.226822,16,0.27,Completed
9607,459.0,10,2026-08-07 03:25:13.231323,99,0.02,Completed
9608,111.0,37,2026-08-07 04:52:38.235823,73,0.24,Completed
9609,338.0,13,2026-08-07 06:20:03.240324,35,0.27,Completed
9610,123.0,44,2026-08-07 07:47:28.244824,83,0.29,Completed
9611,193.0,42,2026-08-07 09:14:53.249324,43,0.17,Completed
9612,447.0,39,2026-08-07 10:42:18.253825,98,0.1,Completed
9613,99.0,19,2026-08-07 12:09:43.258325,39,0.1,Pending
9614,291.0,19,2026-08-07 13:37:08.262826,10,0.11,Completed
9615,159.0,12,2026-08-07 15:04:33.267326,74,0.18,Completed
9616,412.0,22,2026-08-07 16:31:58.271827,20,0.15,Completed
9617,103.0,47,2026-08-07 17:59:23.276327,1,0.2,Completed
9618,385.0,37,2026-08-07 19:26:48.280828,6,0.01,Completed
9619,281.0,30,2026-08-07 20:54:13.285328,53,0.03,Completed
9620,43.0,46,2026-08-07 22:21:38.289828,46,0.29,Completed
9621,486.0,12,2026-08-07 23:49:03.294329,66,0.3,Completed
9622,84.0,29,2026-08-08 01:16:28.298829,38,0.22,Completed
9623,451.0,21,2026-08-08 02:43:53.303330,33,0.08,Completed
9624,191.0,11,2026-08-08 04:11:18.307830,67,0.29,Completed
9625,51.0,37,2026-08-08 05:38:43.312331,100,0.06,Pending
9626,386.0,48,2026-08-08 07:06:08.316831,77,0.22,Completed
9627,210.0,18,2026-08-08 08:33:33.321332,35,0.03,Completed
9628,126.0,44,2026-08-08 10:00:58.325832,79,0.19,Completed
9629,492.0,27,2026-08-08 11:28:23.330333,45,0.23,Completed
9630,448.0,37,2026-08-08 12:55:48.334833,22,0.26,Completed
9631,458.0,48,2026-08-08 14:23:13.339333,68,0.22,Pending
9632,69.0,12,2026-08-08 15:50:38.343834,17,0.28,Completed
9633,265.0,23,2026-08-08 17:18:03.348334,5,0.16,Completed
9634,258.0,34,2026-08-08 18:45:28.352835,85,0.2,Pending
9635,418.0,38,2026-08-08 20:12:53.357335,57,0.11,Pending
9636,188.0,23,2026-08-08 21:40:18.361836,88,0.0,Cancelled
9637,230.0,25,2026-08-08 23:07:43.366336,95,0.23,Completed
9638,189.0,4,2026-08-09 00:35:08.370837,40,0.26,Completed
9639,415.0,30,2026-08-09 02:02:33.375337,30,0.05,Pending
9640,10.0,30,2026-08-09 03:29:58.379837,42,0.01,Pending
9641,114.0,13,2026-08-09 04:57:23.384338,7,0.05,Completed
9642,76.0,42,2026-08-09 06:24:48.388838,71,0.27,Completed
9643,164.0,49,2026-08-09 07:52:13.393339,91,0.09,Completed
9644,85.0,14,2026-08-09 09:19:38.397839,88,0.07,Completed
9645,49.0,47,2026-08-09 10:47:03.402340,19,0.0,Completed
9646,495.0,8,2026-08-09 12:14:28.406840,41,0.09,Completed
9647,326.0,24,2026-08-09 13:41:53.411341,34,0.21,Completed
9648,496.0,18,2026-08-09 15:09:18.415841,22,0.29,Completed
9649,177.0,35,2026-08-09 16:36:43.420342,52,0.09,Completed
9650,387.0,25,2026-08-09 18:04:08.424842,91,0.07,Completed
9651,458.0,17,2026-08-09 19:31:33.429342,6,0.27,Pending
9652,389.0,32,2026-08-09 20:58:58.433843,74,0.26,Completed
9653,494.0,24,2026-08-09 22:26:23.438343,95,0.1,Completed
9654,218.0,7,2026-08-09 23:53:48.442844,25,0.02,Completed
9655,189.0,13,2026-08-10 01:21:13.447344,66,0.3,Completed
9656,469.0,27,2026-08-10 02:48:38.451845,10,0.2,Pending
9657,493.0,48,2026-08-10 04:16:03.456345,74,0.28,Completed
9658,346.0,5,2026-08-10 05:43:28.460846,26,0.1,Completed
9659,230.0,36,2026-08-10 07:10:53.465346,5,0.19,Completed
9660,255.0,26,2026-08-10 08:38:18.469846,86,0.2,Completed
9661,236.0,42,2026-08-10 10:05:43.474347,68,0.26,Pending
9662,26.0,45,2026-08-10 11:33:08.478847,98,0.3,Completed
9663,72.0,31,2026-08-10 13:00:33.483348,71,0.03,Completed
9664,261.0,10,2026-08-10 14:27:58.487848,50,0.19,Completed
9665,254.0,46,2026-08-10 15:55:23.492349,17,0.1,Cancelled
9666,271.0,26,2026-08-10 17:22:48.496849,11,0.24,Completed
9667,123.0,22,2026-08-10 18:50:13.501350,53,0.23,Completed
9668,144.0,12,2026-08-10 20:17:38.505850,50,0.27,Completed
9669,257.0,32,2026-08-10 21:45:03.510351,8,0.1,Pending
9670,144.0,27,2026-08-10 23:12:28.514851,92,0.06,Completed
9671,421.0,33,2026-08-11 00:39:53.519351,97,0.01,Completed
9672,259.0,20,2026-08-11 02:07:18.523852,62,0.08,Completed
9673,436.0,39,2026-08-11 03:34:43.528352,89,0.11,Completed
9674,47.0,41,2026-08-11 05:02:08.532853,85,0.28,Completed
9675,351.0,40,2026-08-11 06:29:33.537353,76,0.15,Completed
9676,13.0,13,2026-08-11 07:56:58.541854,90,0.17,Completed
9677,376.0,14,2026-08-11 09:24:23.546354,29,0.26,Completed
9678,208.0,44,2026-08-11 10:51:48.550855,99,0.27,Pending
9679,311.0,40,2026-08-11 12:19:13.555355,44,0.16,Completed
9680,235.0,22,2026-08-11 13:46:38.559855,45,0.03,Completed
9681,149.0,18,2026-08-11 15:14:03.564356,29,0.08,Completed
9682,322.0,48,2026-08-11 16:41:28.568856,88,0.14,Completed
9683,438.0,29,2026-08-11 18:08:53.573357,59,0.23,Completed
9684,155.0,43,2026-08-11 19:36:18.577857,15,0.21,Completed
9685,166.0,16,2026-08-11 21:03:43.582358,70,0.19,Completed
9686,90.0,46,2026-08-11 22:31:08.586858,96,0.26,Completed
9687,186.0,35,2026-08-11 23:58:33.591359,44,0.24,Cancelled
9688,318.0,34,2026-08-12 01:25:58.595859,98,0.29,Completed
9689,358.0,3,2026-08-12 02:53:23.600360,36,0.27,Pending
9690,174.0,4,2026-08-12 04:20:48.604860,84,0.06,Pending
9691,217.0,5,2026-08-12 05:48:13.609360,57,0.02,Completed
9692,395.0,10,2026-08-12 07:15:38.613861,64,0.12,Completed
9693,456.0,29,2026-08-12 08:43:03.618361,76,0.19,Completed
9694,264.0,32,2026-08-12 10:10:28.622862,99,0.19,Pending
9695,97.0,31,2026-08-12 11:37:53.627362,38,0.08,Completed
9696,117.0,2,2026-08-12 13:05:18.631863,17,0.26,Completed
9697,199.0,12,2026-08-12 14:32:43.636363,27,0.1,Completed
9698,320.0,27,2026-08-12 16:00:08.640864,17,0.28,Completed
9699,486.0,5,2026-08-12 17:27:33.645364,63,0.14,Completed
9700,21.0,37,2026-08-12 18:54:58.649864,11,0.0,Completed
9701,200.0,27,2026-08-12 20:22:23.654365,64,0.05,Completed
9702,371.0,23,2026-08-12 21:49:48.658865,39,0.03,Pending
9703,447.0,33,2026-08-12 23:17:13.663366,2,0.01,Completed
9704,341.0,4,2026-08-13 00:44:38.667866,66,0.21,Completed
9705,448.0,21,2026-08-13 02:12:03.672367,54,0.06,Completed
9706,248.0,24,2026-08-13 03:39:28.676867,29,0.25,Pending
9707,276.0,44,2026-08-13 05:06:53.681368,45,0.08,Completed
9708,264.0,31,2026-08-13 06:34:18.685868,88,0.01,Completed
9709,58.0,44,2026-08-13 08:01:43.690369,88,0.25,Completed
9710,302.0,48,2026-08-13 09:29:08.694869,80,0.14,Completed
9711,31.0,24,2026-08-13 10:56:33.699369,31,0.18,Completed
9712,498.0,49,2026-08-13 12:23:58.703870,49,0.1,Completed
9713,249.0,10,2026-08-13 13:51:23.708370,9,0.01,Completed
9714,93.0,49,2026-08-13 15:18:48.712871,27,0.11,Completed
9715,496.0,49,2026-08-13 16:46:13.717371,56,0.16,Completed
9716,265.0,50,2026-08-13 18:13:38.721872,78,0.0,Completed
9717,271.0,2,2026-08-13 19:41:03.726372,45,0.17,Pending
9718,94.0,31,2026-08-13 21:08:28.730873,89,0.27,Completed
9719,154.0,25,2026-08-13 22:35:53.735373,43,0.07,Completed
9720,394.0,4,2026-08-14 00:03:18.739873,22,0.28,Completed
9721,285.0,11,2026-08-14 01:30:43.744374,99,0.03,Completed
9722,80.0,17,2026-08-14 02:58:08.748874,33,0.25,Completed
9723,292.0,44,2026-08-14 04:25:33.753375,27,0.25,Completed
9724,84.0,2,2026-08-14 05:52:58.757875,40,0.08,Completed
9725,365.0,6,2026-08-14 07:20:23.762376,26,0.29,Cancelled
9726,374.0,9,2026-08-14 08:47:48.766876,83,0.12,Pending
9727,37.0,5,2026-08-14 10:15:13.771377,45,0.04,Completed
9728,342.0,20,2026-08-14 11:42:38.775877,45,0.18,Completed
9729,327.0,29,2026-08-14 13:10:03.780378,26,0.3,Completed
9730,407.0,21,2026-08-14 14:37:28.784878,70,0.27,Completed
9731,425.0,9,2026-08-14 16:04:53.789378,67,0.08,Completed
9732,232.0,28,2026-08-14 17:32:18.793879,6,0.17,Completed
9733,93.0,8,2026-08-14 18:59:43.798379,28,0.03,Pending
9734,336.0,31,2026-08-14 20:27:08.802880,67,0.14,Completed
9735,102.0,20,2026-08-14 21:54:33.807380,13,0.16,Completed
9736,412.0,27,2026-08-14 23:21:58.811881,63,0.09,Completed
9737,432.0,8,2026-08-15 00:49:23.816381,13,0.15,Completed
9738,166.0,21,2026-08-15 02:16:48.820882,77,0.28,Completed
9739,159.0,28,2026-08-15 03:44:13.825382,1,0.15,Cancelled
9740,14.0,23,2026-08-15 05:11:38.829882,40,0.25,Completed
9741,373.0,6,2026-08-15 06:39:03.834383,37,0.1,Completed
9742,225.0,3,2026-08-15 08:06:28.838883,31,0.29,Completed
9743,73.0,5,2026-08-15 09:33:53.843384,17,0.03,Completed
9744,249.0,9,2026-08-15 11:01:18.847884,9,0.18,Completed
9745,91.0,7,2026-08-15 12:28:43.852385,64,0.24,Completed
9746,216.0,4,2026-08-15 13:56:08.856885,57,0.24,Completed
9747,461.0,39,2026-08-15 15:23:33.861386,13,0.06,Completed
9748,90.0,5,2026-08-15 16:50:58.865886,37,0.12,Completed
9749,29.0,11,2026-08-15 18:18:23.870387,14,0.19,Completed
9750,435.0,15,2026-08-15 19:45:48.874887,75,0.09,Completed
9751,305.0,34,2026-08-15 21:13:13.879387,25,0.2,Completed
9752,427.0,13,2026-08-15 22:40:38.883888,95,0.11,Completed
9753,476.0,48,2026-08-16 00:08:03.888388,78,0.11,Completed
9754,220.0,7,2026-08-16 01:35:28.892889,57,0.03,Completed
9755,328.0,40,2026-08-16 03:02:53.897389,71,0.01,Pending
9756,215.0,6,2026-08-16 04:30:18.901890,88,0.25,Completed
9757,221.0,39,2026-08-16 05:57:43.906390,100,0.15,Completed
9758,389.0,50,2026-08-16 07:25:08.910891,42,0.17,Completed
9759,42.0,30,2026-08-16 08:52:33.915391,42,0.11,Completed
9760,135.0,22,2026-08-16 10:19:58.919891,47,0.04,Completed
9761,42.0,25,2026-08-16 11:47:23.924392,44,0.13,Pending
9762,164.0,28,2026-08-16 13:14:48.928892,41,0.07,Completed
9763,361.0,20,2026-08-16 14:42:13.933393,3,0.25,Pending
9764,283.0,39,2026-08-16 16:09:38.937893,90,0.3,Pending
9765,58.0,3,2026-08-16 17:37:03.942394,90,0.27,Pending
9766,302.0,5,2026-08-16 19:04:28.946894,1,0.16,Completed
9767,322.0,1,2026-08-16 20:31:53.951395,79,0.19,Completed
9768,25.0,15,2026-08-16 21:59:18.955895,11,0.28,Completed
9769,73.0,26,2026-08-16 23:26:43.960396,7,0.16,Completed
9770,373.0,3,2026-08-17 00:54:08.964896,12,0.19,Completed
9771,411.0,40,2026-08-17 02:21:33.969396,38,0.19,Pending
9772,129.0,41,2026-08-17 03:48:58.973897,54,0.21,Pending
9773,87.0,47,2026-08-17 05:16:23.978397,67,0.19,Completed
9774,330.0,42,2026-08-17 06:43:48.982898,53,0.2,Completed
9775,426.0,34,2026-08-17 08:11:13.987398,90,0.22,Completed
9776,436.0,5,2026-08-17 09:38:38.991899,94,0.24,Completed
9777,153.0,31,2026-08-17 11:06:03.996399,32,0.12,Completed
9778,182.0,13,2026-08-17 12:33:29.000900,100,0.22,Completed
9779,125.0,43,2026-08-17 14:00:54.005400,45,0.03,Completed
9780,67.0,1,2026-08-17 15:28:19.009900,51,0.26,Pending
9781,6.0,22,2026-08-17 16:55:44.014401,37,0.09,Completed
9782,125.0,15,2026-08-17 18:23:09.018901,59,0.12,Completed
9783,314.0,26,2026-08-17 19:50:34.023402,54,0.24,Completed
9784,326.0,18,2026-08-17 21:17:59.027902,18,0.19,Pending
9785,53.0,48,2026-08-17 22:45:24.032403,1,0.09,Pending
9786,66.0,9,2026-08-18 00:12:49.036903,21,0.07,Completed
9787,314.0,1,2026-08-18 01:40:14.041404,28,0.29,Pending
9788,82.0,43,2026-08-18 03:07:39.045904,16,0.03,Completed
9789,87.0,9,2026-08-18 04:35:04.050405,48,0.0,Pending
9790,2.0,23,2026-08-18 06:02:29.054905,28,0.2,Completed
9791,204.0,43,2026-08-18 07:29:54.059405,22,0.18,Completed
9792,150.0,45,2026-08-18 08:57:19.063906,83,0.22,Pending
9793,293.0,2,2026-08-18 10:24:44.068406,1,0.22,Completed
9794,404.0,14,2026-08-18 11:52:09.072907,95,0.26,Pending
9795,103.0,38,2026-08-18 13:19:34.077407,42,0.28,Completed
9796,24.0,40,2026-08-18 14:46:59.081908,98,0.23,Completed
9797,368.0,18,2026-08-18 16:14:24.086408,70,0.07,Completed
9798,212.0,16,2026-08-18 17:41:49.090909,92,0.14,Completed
9799,65.0,29,2026-08-18 19:09:14.095409,3,0.19,Cancelled
9800,449.0,44,2026-08-18 20:36:39.099909,95,0.16,Completed
9801,209.0,11,2026-08-18 22:04:04.104410,80,0.05,Pending
9802,251.0,6,2026-08-18 23:31:29.108910,81,0.18,Completed
9803,385.0,3,2026-08-19 00:58:54.113411,44,0.27,Completed
9804,117.0,14,2026-08-19 02:26:19.117911,27,0.13,Completed
9805,116.0,2,2026-08-19 03:53:44.122412,51,0.2,Completed
9806,237.0,32,2026-08-19 05:21:09.126912,24,0.18,Completed
9807,478.0,31,2026-08-19 06:48:34.131413,20,0.11,Completed
9808,105.0,11,2026-08-19 08:15:59.135913,32,0.17,Pending
9809,495.0,22,2026-08-19 09:43:24.140414,99,0.06,Completed
9810,259.0,3,2026-08-19 11:10:49.144914,13,0.16,Completed
9811,46.0,50,2026-08-19 12:38:14.149414,43,0.24,Cancelled
9812,311.0,31,2026-08-19 14:05:39.153915,20,0.23,Completed
9813,331.0,33,2026-08-19 15:33:04.158415,2,0.11,Completed
9814,216.0,24,2026-08-19 17:00:29.162916,68,0.03,Completed
9815,470.0,1,2026-08-19 18:27:54.167416,91,0.24,Completed
9816,448.0,44,2026-08-19 19:55:19.171917,60,0.08,Completed
9817,492.0,15,2026-08-19 21:22:44.176417,89,0.02,Completed
9818,301.0,37,2026-08-19 22:50:09.180918,4,0.13,Completed
9819,410.0,27,2026-08-20 00:17:34.185418,96,0.22,Completed
9820,333.0,38,2026-08-20 01:44:59.189918,17,0.24,Completed
9821,449.0,48,2026-08-20 03:12:24.194419,1,0.29,Completed
9822,24.0,27,2026-08-20 04:39:49.198919,33,0.06,Completed
9823,458.0,44,2026-08-20 06:07:14.203420,30,0.09,Completed
9824,35.0,12,2026-08-20 07:34:39.207920,5,0.18,Pending
9825,24.0,3,2026-08-20 09:02:04.212421,12,0.24,Completed
9826,28.0,30,2026-08-20 10:29:29.216921,32,0.07,Completed
9827,484.0,32,2026-08-20 11:56:54.221422,38,0.12,Completed
9828,464.0,23,2026-08-20 13:24:19.225922,17,0.12,Completed
9829,488.0,2,2026-08-20 14:51:44.230423,58,0.23,Completed
9830,16.0,7,2026-08-20 16:19:09.234923,40,0.07,Pending
9831,59.0,34,2026-08-20 17:46:34.239423,96,0.29,Completed
9832,465.0,32,2026-08-20 19:13:59.243924,24,0.15,Completed
9833,243.0,39,2026-08-20 20:41:24.248424,12,0.08,Completed
9834,438.0,32,2026-08-20 22:08:49.252925,95,0.09,Completed
9835,207.0,43,2026-08-20 23:36:14.257425,19,0.01,Pending
9836,400.0,43,2026-08-21 01:03:39.261926,29,0.21,Completed
9837,271.0,14,2026-08-21 02:31:04.266426,85,0.23,Completed
9838,249.0,3,2026-08-21 03:58:29.270927,90,0.01,Completed
9839,482.0,46,2026-08-21 05:25:54.275427,52,0.18,Completed
9840,267.0,32,2026-08-21 06:53:19.279927,92,0.23,Completed
9841,193.0,43,2026-08-21 08:20:44.284428,17,0.11,Completed
9842,335.0,36,2026-08-21 09:48:09.288928,73,0.13,Completed
9843,218.0,17,2026-08-21 11:15:34.293429,21,0.11,Completed
9844,115.0,48,2026-08-21 12:42:59.297929,60,0.09,Completed
9845,68.0,3,2026-08-21 14:10:24.302430,98,0.15,Completed
9846,299.0,10,2026-08-21 15:37:49.306930,75,0.05,Completed
9847,325.0,47,2026-08-21 17:05:14.311431,20,0.13,Completed
9848,483.0,40,2026-08-21 18:32:39.315931,53,0.28,Completed
9849,397.0,18,2026-08-21 20:00:04.320432,80,0.01,Completed
9850,394.0,3,2026-08-21 21:27:29.324932,63,0.05,Pending
9851,75.0,39,2026-08-21 22:54:54.329432,57,0.23,Completed
9852,466.0,10,2026-08-22 00:22:19.333933,29,0.04,Cancelled
9853,482.0,9,2026-08-22 01:49:44.338433,1,0.08,Completed
9854,103.0,46,2026-08-22 03:17:09.342934,82,0.14,Completed
9855,297.0,46,2026-08-22 04:44:34.347434,59,0.28,Completed
9856,490.0,11,2026-08-22 06:11:59.351935,64,0.06,Pending
9857,178.0,33,2026-08-22 07:39:24.356435,86,0.28,Completed
9858,215.0,36,2026-08-22 09:06:49.360936,72,0.22,Completed
9859,455.0,26,2026-08-22 10:34:14.365436,71,0.2,Completed
9860,315.0,27,2026-08-22 12:01:39.369936,89,0.22,Completed
9861,39.0,38,2026-08-22 13:29:04.374437,94,0.01,Completed
9862,259.0,22,2026-08-22 14:56:29.378937,98,0.03,Completed
9863,204.0,26,2026-08-22 16:23:54.383438,44,0.1,Completed
9864,7.0,22,2026-08-22 17:51:19.387938,48,0.02,Completed
9865,49.0,5,2026-08-22 19:18:44.392439,75,0.3,Completed
9866,26.0,35,2026-08-22 20:46:09.396939,15,0.17,Completed
9867,161.0,2,2026-08-22 22:13:34.401440,35,0.15,Completed
9868,357.0,35,2026-08-22 23:40:59.405940,23,0.24,Completed
9869,176.0,9,2026-08-23 01:08:24.410441,53,0.29,Completed
9870,79.0,49,2026-08-23 02:35:49.414941,45,0.29,Completed
9871,2.0,18,2026-08-23 04:03:14.419441,85,0.24,Pending
9872,489.0,43,2026-08-23 05:30:39.423942,92,0.11,Completed
9873,383.0,12,2026-08-23 06:58:04.428442,13,0.02,Completed
9874,455.0,3,2026-08-23 08:25:29.432943,34,0.03,Completed
9875,416.0,18,2026-08-23 09:52:54.437443,38,0.0,Completed
9876,132.0,38,2026-08-23 11:20:19.441944,70,0.0,Completed
9877,276.0,7,2026-08-23 12:47:44.446444,68,0.28,Completed
9878,498.0,33,2026-08-23 14:15:09.450945,5,0.28,Completed
9879,117.0,6,2026-08-23 15:42:34.455445,40,0.2,Completed
9880,164.0,18,2026-08-23 17:09:59.459945,70,0.22,Completed
9881,288.0,45,2026-08-23 18:37:24.464446,21,0.15,Completed
9882,28.0,22,2026-08-23 20:04:49.468946,28,0.07,Pending
9883,333.0,39,2026-08-23 21:32:14.473447,3,0.27,Completed
9884,1.0,9,2026-08-23 22:59:39.477947,23,0.08,Completed
9885,188.0,35,2026-08-24 00:27:04.482448,72,0.22,Completed
9886,56.0,23,2026-08-24 01:54:29.486948,19,0.07,Completed
9887,35.0,12,2026-08-24 03:21:54.491449,75,0.26,Cancelled
9888,112.0,24,2026-08-24 04:49:19.495949,50,0.2,Completed
9889,286.0,50,2026-08-24 06:16:44.500450,74,0.19,Completed
9890,310.0,40,2026-08-24 07:44:09.504950,58,0.03,Completed
9891,36.0,9,2026-08-24 09:11:34.509450,92,0.13,Pending
9892,439.0,13,2026-08-24 10:38:59.513951,20,0.16,Pending
9893,217.0,40,2026-08-24 12:06:24.518451,92,0.09,Completed
9894,80.0,42,2026-08-24 13:33:49.522952,93,0.26,Completed
9895,314.0,17,2026-08-24 15:01:14.527452,72,0.25,Completed
9896,83.0,7,2026-08-24 16:28:39.531953,83,0.15,Cancelled
9897,65.0,17,2026-08-24 17:56:04.536453,53,0.1,Completed
9898,325.0,50,2026-08-24 19:23:29.540954,85,0.24,Completed
9899,128.0,24,2026-08-24 20:50:54.545454,82,0.06,Cancelled
9900,307.0,2,2026-08-24 22:18:19.549954,9,0.02,Completed
9901,22.0,35,2026-08-24 23:45:44.554455,4,0.01,Completed
9902,216.0,28,2026-08-25 01:13:09.558955,41,0.01,Completed
9903,107.0,19,2026-08-25 02:40:34.563456,25,0.15,Pending
9904,109.0,33,2026-08-25 04:07:59.567956,34,0.08,Completed
9905,372.0,21,2026-08-25 05:35:24.572457,73,0.21,Completed
9906,357.0,10,2026-08-25 07:02:49.576957,9,0.2,Completed
9907,181.0,46,2026-08-25 08:30:14.581458,82,0.16,Completed
9908,356.0,45,2026-08-25 09:57:39.585958,75,0.11,Pending
9909,164.0,9,2026-08-25 11:25:04.590459,13,0.26,Completed
9910,68.0,38,2026-08-25 12:52:29.594959,9,0.21,Completed
9911,292.0,6,2026-08-25 14:19:54.599459,80,0.08,Completed
9912,180.0,42,2026-08-25 15:47:19.603960,4,0.15,Completed
9913,181.0,35,2026-08-25 17:14:44.608460,34,0.05,Completed
9914,466.0,18,2026-08-25 18:42:09.612961,7,0.1,Completed
9915,434.0,19,2026-08-25 20:09:34.617461,15,0.3,Completed
9916,464.0,5,2026-08-25 21:36:59.621962,38,0.07,Completed
9917,169.0,25,2026-08-25 23:04:24.626462,75,0.21,Pending
9918,402.0,11,2026-08-26 00:31:49.630963,96,0.07,Completed
9919,22.0,10,2026-08-26 01:59:14.635463,91,0.28,Completed
9920,66.0,17,2026-08-26 03:26:39.639963,94,0.09,Completed
9921,21.0,36,2026-08-26 04:54:04.644464,52,0.1,Completed
9922,100.0,26,2026-08-26 06:21:29.648964,81,0.18,Pending
9923,384.0,31,2026-08-26 07:48:54.653465,100,0.18,Completed
9924,300.0,32,2026-08-26 09:16:19.657965,83,0.17,Completed
9925,103.0,21,2026-08-26 10:43:44.662466,7,0.17,Cancelled
9926,47.0,18,2026-08-26 12:11:09.666966,45,0.09,Completed
9927,39.0,18,2026-08-26 13:38:34.671467,59,0.13,Completed
9928,285.0,1,2026-08-26 15:05:59.675967,21,0.18,Completed
9929,310.0,14,2026-08-26 16:33:24.680468,28,0.2,Completed
9930,90.0,8,2026-08-26 18:00:49.684968,3,0.08,Completed
9931,85.0,2,2026-08-26 19:28:14.689468,14,0.21,Pending
9932,273.0,15,2026-08-26 20:55:39.693969,2,0.28,Completed
9933,336.0,34,2026-08-26 22:23:04.698469,29,0.23,Completed
9934,188.0,36,2026-08-26 23:50:29.702970,18,0.03,Cancelled
9935,159.0,1,2026-08-27 01:17:54.707470,37,0.14,Completed
9936,243.0,21,2026-08-27 02:45:19.711971,45,0.13,Completed
9937,73.0,42,2026-08-27 04:12:44.716471,45,0.1,Pending
9938,479.0,1,2026-08-27 05:40:09.720972,24,0.15,Completed
9939,462.0,32,2026-08-27 07:07:34.725472,46,0.13,Completed
9940,49.0,20,2026-08-27 08:34:59.729972,12,0.0,Pending
9941,101.0,47,2026-08-27 10:02:24.734473,53,0.07,Completed
9942,2.0,36,2026-08-27 11:29:49.738973,45,0.06,Completed
9943,244.0,39,2026-08-27 12:57:14.743474,32,0.1,Completed
9944,176.0,30,2026-08-27 14:24:39.747974,18,0.05,Completed
9945,238.0,7,2026-08-27 15:52:04.752475,13,0.02,Pending
9946,398.0,22,2026-08-27 17:19:29.756975,4,0.06,Completed
9947,59.0,50,2026-08-27 18:46:54.761476,23,0.26,Completed
9948,353.0,45,2026-08-27 20:14:19.765976,62,0.24,Completed
9949,99.0,10,2026-08-27 21:41:44.770477,54,0.13,Completed
9950,442.0,8,2026-08-27 23:09:09.774977,74,0.26,Completed
9951,359.0,27,2026-08-28 00:36:34.779477,55,0.07,Completed
9952,442.0,10,2026-08-28 02:03:59.783978,69,0.18,Completed
9953,495.0,14,2026-08-28 03:31:24.788478,40,0.04,Completed
9954,435.0,46,2026-08-28 04:58:49.792979,14,0.25,Completed
9955,468.0,11,2026-08-28 06:26:14.797479,98,0.04,Completed
9956,2.0,6,2026-08-28 07:53:39.801980,28,0.01,Completed
9957,243.0,21,2026-08-28 09:21:04.806480,72,0.08,Completed
9958,297.0,33,2026-08-28 10:48:29.810981,80,0.27,Completed
9959,211.0,19,2026-08-28 12:15:54.815481,95,0.04,Completed
9960,123.0,39,2026-08-28 13:43:19.819981,71,0.1,Completed
9961,229.0,24,2026-08-28 15:10:44.824482,67,0.09,Completed
9962,82.0,18,2026-08-28 16:38:09.828982,29,0.24,Completed
9963,144.0,35,2026-08-28 18:05:34.833483,100,0.13,Completed
9964,388.0,43,2026-08-28 19:32:59.837983,61,0.18,Completed
9965,140.0,37,2026-08-28 21:00:24.842484,68,0.12,Completed
9966,29.0,19,2026-08-28 22:27:49.846984,9,0.17,Completed
9967,391.0,24,2026-08-28 23:55:14.851485,17,0.02,Completed
9968,270.0,34,2026-08-29 01:22:39.855985,49,0.11,Completed
9969,247.0,22,2026-08-29 02:50:04.860486,63,0.26,Completed
9970,12.0,4,2026-08-29 04:17:29.864986,84,0.21,Completed
9971,355.0,10,2026-08-29 05:44:54.869486,78,0.29,Completed
9972,389.0,2,2026-08-29 07:12:19.873987,46,0.24,Pending
9973,337.0,8,2026-08-29 08:39:44.878487,93,0.14,Completed
9974,106.0,33,2026-08-29 10:07:09.882988,13,0.2,Completed
9975,32.0,38,2026-08-29 11:34:34.887488,100,0.23,Completed
9976,74.0,43,2026-08-29 13:01:59.891989,45,0.08,Completed
9977,171.0,28,2026-08-29 14:29:24.896489,53,0.02,Completed
9978,337.0,10,2026-08-29 15:56:49.900990,17,0.12,Cancelled
9979,69.0,45,2026-08-29 17:24:14.905490,47,0.04,Pending
9980,301.0,1,2026-08-29 18:51:39.909990,62,0.08,Completed
9981,362.0,34,2026-08-29 20:19:04.914491,50,0.28,Completed
9982,137.0,3,2026-08-29 21:46:29.918991,43,0.25,Completed
9983,433.0,9,2026-08-29 23:13:54.923492,68,0.18,Completed
9984,417.0,5,2026-08-30 00:41:19.927992,84,0.12,Cancelled
9985,484.0,42,2026-08-30 02:08:44.932493,75,0.08,Completed
9986,100.0,10,2026-08-30 03:36:09.936993,86,0.17,Completed
9987,146.0,12,2026-08-30 05:03:34.941494,72,0.16,Completed
9988,9.0,18,2026-08-30 06:30:59.945994,28,0.23,Completed
9989,62.0,21,2026-08-30 07:58:24.950495,45,0.28,Pending
9990,185.0,21,2026-08-30 09:25:49.954995,41,0.1,Pending
9991,29.0,1,2026-08-30 10:53:14.959495,94,0.06,Cancelled
9992,381.0,3,2026-08-30 12:20:39.963996,97,0.12,Completed
9993,114.0,5,2026-08-30 13:48:04.968496,97,0.13,Completed
9994,462.0,25,2026-08-30 15:15:29.972997,36,0.01,Completed
9995,409.0,49,2026-08-30 16:42:54.977497,91,0.26,Completed
9996,143.0,8,2026-08-30 18:10:19.981998,84,0.3,Cancelled
9997,390.0,17,2026-08-30 19:37:44.986498,33,0.28,Completed
9998,120.0,9,2026-08-30 21:05:09.990999,25,0.26,Cancelled
9999,170.0,32,2026-08-30 22:32:34.995499,19,0.3,Completed
10000,157.0,6,2026-08-31 00:00:00.000000,47,0.27,Completed
101,172.0,18,2025-01-07 01:41:40.450045,1,0.24,Cancelled
102,386.0,21,2025-01-07 03:09:05.454545,94,0.05,Completed
103,13.0,36,2025-01-07 04:36:30.459045,57,0.11,Completed
104,168.0,40,2025-01-07 06:03:55.463546,38,0.03,Completed
105,130.0,46,2025-01-07 07:31:20.468046,62,0.25,Completed
106,84.0,44,2025-01-07 08:58:45.472547,79,0.1,Completed
107,321.0,22,2025-01-07 10:26:10.477047,89,0.13,Pending
108,319.0,30,2025-01-07 11:53:35.481548,70,0.1,Pending
109,101.0,50,2025-01-07 13:21:00.486048,82,0.09,Completed
110,329.0,43,2025-01-07 14:48:25.490549,65,0.22,Completed
111,273.0,30,2025-01-07 16:15:50.495049,62,0.22,Completed
112,265.0,8,2025-01-07 17:43:15.499549,56,0.16,Pending
